Sample_ID,Sample_Field_ID,Date,Lat_Deg,Long_Deg,Well_Type,Well_Depth_m,Division,District,Thana,Union,Mouza,element_symbol,element_unit,measured_value
S98_01785,SAT-1,1998/07/23,26.479,88.514,HTW,9,Rajshahi,Panchagarh,Tetulia,Satmara,Satmara,As,ug/L,1
S98_01786,130DA-2,,25.7,88.5,HTW,15,Rajshahi,Panchagarh,Boda,Boda,Boda,As,ug/L,2.2
S98_01787,TA-2/B,1998/07/20,24.088,90.17,HTW,37,Dhaka,Tangail,Mirzapur,Gurai,Gurai,As,ug/L,1.1
S98_01788,BALI-3,1998/07/23,26.083,88.279,HTW,18,Rajshahi,Thakurgaon,Baliadangi,Baliadanga,Baliadanga,As,ug/L,1.1
S98_01789,SALN-4,1998/07/23,26.054,88.533,HTW,37,Rajshahi,Thakurgaon,Thakurgaon Sadar,Salander,Salander,As,ug/L,< 0.5
S98_01790,JA-4/B,1998/07/19,24.91,89.946,HTW,26,Dhaka,Jamalpur,Jamalpur Sadar,Jamalpur,Fulbaria,As,ug/L,1.7
S98_01791,KABIR-5,1998/07/24,25.903,88.6,HTW,30,Rajshahi,Dinajpur,Birganj,Birgong,Kbirashat,As,ug/L,< 0.5
S98_01792,RANI-6,1998/07/23,25.901,88.254,HTW,30,Rajshahi,Thakurgaon,Ranisankail,Ranisanwail,Ranisanwail,As,ug/L,0.8
S98_01793,SIBRM-7,1998/07/24,25.665,88.652,HTW,18,Rajshahi,Dinajpur,Dinajpur Sadar,Sibrampur,Sibrampur,As,ug/L,< 0.5
S98_01794,PARBT-8,1998/07/24,25.653,88.915,HTW,20,Rajshahi,Dinajpur,Parbatipur,Parbatipur,Parbatipur,As,ug/L,0.8
S98_01795,HAKM-9,1998/07/22,25.288,89.021,HTW,21,Rajshahi,Dinajpur,Hakimpur,Hakimpur,Hakimpur,As,ug/L,0.9
S98_01796,CHIL-10,1998/07/25,26.1,88.8,HTW,24,Rajshahi,Nilphamari,Domar,Chilahati,Chilahati,As,ug/L,< 0.5
S98_01797,NIL-11,1998/07/24,25.9,88.8,HTW,18,Rajshahi,Nilphamari,Nilphamari Sadar,Nilphamari,Nilphamari,As,ug/L,1.9
S98_01798,BRUT-12,1998/07/25,26.203,89.11,HTW,,Rajshahi,Lalmonirhat,Hatibandha,Barakhta,Barakhta,As,ug/L,< 0.5
S98_01799,JAL-13,1998/07/25,25.931,88.838,HTW,27,Rajshahi,Nilphamari,Jaldhaka,Jaldhaka,Jaldhaka,As,ug/L,< 0.5
S98_01800,RANG-14,1998/07/26,25.752,89.253,HTW,18,Rajshahi,Rangpur,Rangpur Sadar,Rangipur,Rangipur,As,ug/L,< 0.5
S98_01801,LALM-15,1998/07/25,25.913,89.436,HTW,14,Rajshahi,Lalmonirhat,Lalmonirhat Sadar,Lalmonihat,Lalmonihat,As,ug/L,4
S98_01802,NAGUR-16,1998/07/26,25.965,89.671,HTW,18,Rajshahi,Kurigram,Nageshwari,Nagieshwari,Nagieshwari,As,ug/L,< 0.5
S98_01803,ULI-17,1998/07/26,25.653,89.623,HTW,18,Rajshahi,Kurigram,Ulipur,Ulipur,Ulipur,As,ug/L,0.6
S98_01804,BAMAN,1998/07/26,25.532,89.446,,18,Rajshahi,Gaibandha,Sundarganj,Bamandaga,Bamandaga,As,ug/L,< 0.5
S98_01805,BOA-19,1998/07/27,25.318,89.55,HTW,18,Rajshahi,Gaibandha,Gaibandha Sadar,Boalia,Boalia,As,ug/L,< 0.5
S98_01806,GABIN-20,1998/07/27,25.134,89.387,,12,Rajshahi,Gaibandha,Gobindaganj,Gabindagons,Gabindagons,As,ug/L,< 0.5
S98_01807,MADR-21,1998/07/22,25.109,89.036,HTW,15,Rajshahi,Jaipurhat,Jaipurhat Sadar,Madergonj,Madergonj,As,ug/L,< 0.5
S98_01808,SANTA-22,1998/07/22,24.804,88.969,HTW,18,Rajshahi,Bogra,Adamdighi,Santahar,Santahar,As,ug/L,< 0.5
S98_01809,GIOKU-23,1998/07/27,24.933,89.348,HTW,18,Rajshahi,Bogra,Bogra Sadar,Giokul,Giokul,As,ug/L,< 0.5
S98_01810,PATNI-29,1998/07/22,25.05,88.75,HTW,15,Rajshahi,Naogaon,Patnitala,Patnitala,Patnitala,As,ug/L,0.5
S98_01811,MAND-25,1998/07/22,24.793,88.701,HTW,30,Rajshahi,Naogaon,Manda,Manda,Manda,As,ug/L,0.5
S98_01812,PIR-25,1998/07/27,22.365,89.933,,,Barisal,Pirojpur,Mathbaria,,Burirchar,As,ug/L,5.6
S98_01813,RAHAN-26,1998/07/21,24.8,88.2,HTW,30,Rajshahi,Nawabganj,Gomastapur,Rahandur,Rahandur,As,ug/L,1
S98_01814,PIR-26,1998/07/27,22.365,89.933,HTW,37,Barisal,Pirojpur,Mathbaria,,Burirchar,As,ug/L,1.4
S98_01815,SHIB-27,1998/07/21,24.684,88.157,Piez,61,Rajshahi,Nawabganj,Shibganj (N),Shibgong,Shibgong,As,ug/L,0.6
S98_01816,PIR-27,1998/07/27,22.365,89.933,HTW,27,Barisal,Pirojpur,Mathbaria,,Burirchar,As,ug/L,14.6
S98_01817,GIODA-28,1998/07/21,24.461,88.328,HTW,30,Rajshahi,Rajshahi,Godagari,Giodagari,Giodagari,As,ug/L,0.5
S98_01818,SAPU-29,1998/07/21,24.374,88.558,HTW,37,Rajshahi,Rajshahi,Rajpara,Sapura,Sapura,As,ug/L,1.7
S98_01819,CHAR-30,1998/07/20,24.304,88.738,HTW,18,Rajshahi,Rajshahi,Charghat,Charghat,Charghat,As,ug/L,< 0.5
S98_01820,NAT-31,1998/07/20,24.414,89.988,HTW,27,Rajshahi,Natore,Natore Sadar,Natore,Natore,As,ug/L,5.5
S98_01821,SING-32,1998/07/20,24.506,89.143,TARA,18,Rajshahi,Natore,Singra,Singra,Singra,As,ug/L,< 0.5
S98_01822,LAL-33,1998/07/20,24.179,88.966,HTW,27,Rajshahi,Natore,Lalpur,Lalpur,Lalpur,As,ug/L,0.9
S98_01823,ROYG-34,1998/07/27,24.507,89.526,HTW,15,Rajshahi,Sirajganj,Raiganj,Roygong,Roygong,As,ug/L,12.3
S98_01824,SIRA-35,1998/07/28,24.463,89.708,HTW,18,Rajshahi,Sirajganj,Sirajganj Sadar,Sirjgong,Sirjgong,As,ug/L,15.4
S98_01825,CHAT-36,1998/07/20,24.15,89.261,HTW,18,Rajshahi,Pabna,Chatmohar,Chatmohur,Chatmohur,As,ug/L,3.5
S98_01826,PAB-37,1998/07/19,24.006,89.235,HTW,30,Rajshahi,Pabna,Pabna Sadar,Pabna,Pabna,As,ug/L,1.9
S98_01827,SUJA-38,1998/07/19,23.94,89.408,HTW,18,Rajshahi,Pabna,Sujanagar,Sujanager,Sujanager,As,ug/L,1.1
S98_01828,NAGIR-39,1998/07/28,23.951,89.65,HTW,20,Rajshahi,Pabna,Bera,Nagierbari,Nagierbari,As,ug/L,28.7
S98_01829,JA-40,1998/07/19,25.156,89.751,HTW,27,Dhaka,Jamalpur,Dewanganj,Chukaibari,Batheshasaria,As,ug/L,82.5
S98_01830,PRAG-40,1998/07/19,24.005,88.765,TARA,113,Khulna,Kushtia,Daulatpur (Ku),Pragpur,Pragpur,As,ug/L,8.4
S98_01831,HYM-41,1998/07/18,25.117,90.335,,27,Dhaka,Mymensingh,Haluaghat, Haluagher,Haluaghatthana Compn,As,ug/L,34.9
S98_01832,VHAR-41,1998/07/19,24.019,88.992,HTW,,Khulna,Kushtia,Bheramara,Vharamara,Vharamara,As,ug/L,0.8
S98_01833,KUST-42,1998/07/19,23.909,89.128,HTW,49,Khulna,Kushtia,Kushtia Sadar,Kushtia,Kushtia,As,ug/L,< 0.5
S98_01834,SHER-42/A,1998/07/18,25.018,90.012,HTW,36,Rajshahi,Bogra,Sherpur,Sherpur,,As,ug/L,27.8
S98_01835,MEHER-43,1998/07/19,23.761,88.632,HTW,27,Khulna,Meherpur,Meherpur Sadar,Meherpur,Meherpur,As,ug/L,17.7
S98_01836,JAM-43,1998/07/20,24.758,89.835,HTW,20,Dhaka,Jamalpur,Sarishabari,Sharishabari,Sharishabari,As,ug/L,1.4
S98_01837,DAR-44,1998/07/19,23.529,88.81,HTW,18,Khulna,Chuadanga,Chuadanga Sadar,Darsana,Darsana,As,ug/L,5.7
S98_01838,MYM-44,1998/07/17,24.748,90.406,DTW,107,Dhaka,Mymensingh,Mymensingh Sadar,Sadar,Bagmera,As,ug/L,4.2
S98_01839,JHIN-45,1998/07/18,23.547,89.165,,122,Khulna,Jhenaidah,Jhenaidah Sadar,Jhinaidha,Jhinaidha,As,ug/L,35.6
S98_01840,NET-45,1998/07/17,24.866,90.722,HTW,65,Dhaka,Netrokona,Netrokona Sadar,Sadar,Netrokona,As,ug/L,1.8
S98_01841,MAGU-46,1998/07/15,23.488,89.429,HTW,21,Khulna,Magura,Magura Sadar,Magura,Magura,As,ug/L,17
S98_01842,KISH-46,1998/07/18,24.444,90.773,DTW,118,Dhaka,Kishoreganj,Kishoreganj Sadar,Goital,Kishorgorj,As,ug/L,13.6
S98_01843,JES-47,1998/07/18,23.167,89.219,DTW,133,Khulna,Jessore,Jessore Sadar,Jessore,Jessore,As,ug/L,40.8
S98_01844,MYM-47,1998/07/17,24.454,90.54,HTW,,Dhaka,Mymensingh,Gafargaon,Saltia,Sulhasia,As,ug/L,2.7
S98_01845,NAR-48,1998/07/18,23.173,89.513,HTW,24,Khulna,Narail,Narail Sadar,Narail,Narail,As,ug/L,3.4
S98_01846,KISH-48,1998/07/18,24.047,90.973,HTW,20,Dhaka,Kishoreganj,Bhairab,Bhairab,Bhairab Rly St,As,ug/L,120
S98_01847,GODKHA-49,1998/07/15,23.059,89.077,HTW,24,Khulna,Jessore,Jhikargachha,Godkhali,Godkhali,As,ug/L,32.5
S98_01848,TA-49,1998/07/20,24.605,90.024,HTW,34,Dhaka,Tangail,Madhupur,Madhupur,Madhupur,As,ug/L,7.5
S98_01849,KHUL-50,1998/07/15,22.812,89.561,DTW,274,Khulna,Khulna,Khulna Sadar,Khulna,Khulna,As,ug/L,< 0.5
S98_01850,TA-50,1998/07/20,24.24,89.909,HTW,27,Dhaka,Tangail,Tangail Sadar,Sadar,Bepari Para,As,ug/L,77.6
S98_01851,SATKHR-51,1998/07/17,22.718,89.07,DTW,183,Khulna,Satkhira,Satkhira Sadar,Satkhira,Satkhira,As,ug/L,11.8
S98_01852,TA-51,1998/07/20,24.108,90.076,HTW,27,Dhaka,Tangail,Mirzapur,Baithgram,Gurail,As,ug/L,16.8
S98_01853,CHAL-52,1998/07/18,22.586,89.504,HTW,18,Khulna,Bagerhat,Bagerhat Sadar,Chalna,Chalna,As,ug/L,1.4
S98_01854,GA-52,1998/07/17,24.197,90.474,HTW,29,Dhaka,Gazipur,Sripur,Sreepur,Sreepur,As,ug/L,7.7
S98_01855,BAGIER-53,1998/07/15,22.663,89.763,,38,Khulna,Bagerhat,Bagerhat Sadar,Bagierhat,Bagierhat,As,ug/L,8.1
S98_01856,NAR-53,1998/07/18,23.926,90.718,HTW,,Dhaka,Narsingdi,Narsingdi Sadar,Narshingdi,Norshindi Dak Hangloo,As,ug/L,70.6
S98_01857,KHALIS-54,1998/07/18,22.548,89.538,DTW,274,Khulna,Khulna,Khulna Sadar,Khalishpur,Khalishpur,As,ug/L,0.7
S98_01858,DA-54,1998/07/16,23.734,90.418,DTW,137,Dhaka,Dhaka,Motijheel,Motijheel,Pwd Colony,As,ug/L,7.5
S98_01859,RJB-69,1998/07/22,23.765,89.476,HTW,22,Dhaka,Rajbari,Pangsha,,Kalukhau,As,ug/L,29
S98_01860,RJB-70,1998/07/22,23.754,89.645,DTW,127,Dhaka,Rajbari,Rajbari Sadar,,Municipality,As,ug/L,61.8
S98_01861,FAR-71,1998/07/23,23.599,89.835,DTW,84,Dhaka,Faridpur,Faridpur Sadar,,Municipal,As,ug/L,215
S98_01862,GOP-72,1998/07/23,23.21,89.693,HTW,20,Dhaka,Gopalganj,Kashiani,,Bhatiapara,As,ug/L,200
S98_01863,GOP-73,1998/07/23,23.005,89.823,HTW,20,Dhaka,Gopalganj,Gopalganj Sadar,Municipality,Gopalganj,As,ug/L,144
S98_01864,MAD-74,1998/07/23,23.167,90.195,DTW,238,Dhaka,Madaripur,Madaripur Sadar,Municipality,Madaripur,As,ug/L,3.1
S98_01865,BAR-75,1998/07/25,22.7,90.369,DTW,610,Barisal,Barisal,Barisal Sadar,,Barisal,As,ug/L,3.4
S98_01866,PAT-77,1998/07/25,22.355,90.345,DTW,274,Barisal,Patuakhali,Patuakhali Sadar,Municipality,Patuakhali,As,ug/L,10
S98_01867,DA-101,1998/07/21,23.51,90.217,HTW,26,Dhaka,Munshiganj,Munshiganj Sadar,Bhaishakul,Bhaishakul T Inst,As,ug/L,401
S98_01868,DA-102,1998/07/16,23.769,90.364,DTW,53,Dhaka,Dhaka,Mohammadpur (D),Mohammedpur,Mohammedpur,As,ug/L,7.5
S98_04510,GOHI-44,1998/07/29,22.1467,91.8231,Piez,265,Chittagong,Chittagong,Anowara,Gohira,UC Office,As,ug/L,1.2
S98_04511,RUST-45,1998/07/29,22.1924,91.8562,HTW,146,Chittagong,Chittagong,Anowara,Battali,Battali,As,ug/L,4.2
S98_04512,GOHI-46,1998/07/29,22.1467,91.8231,Piez,68,Chittagong,Chittagong,Anowara,Gohira,UC Office,As,ug/L,0.7
S98_04513,COM-84,1998/07/28,23.4453,91.1722,HTW,32,Chittagong,Comilla,Comilla Sadar,Shaktala,Shaktala,As,ug/L,3.7
S98_04514,DAUD-85,1998/07/28,23.536,90.7104,HTW,32,Chittagong,Comilla,Daudkandi,Daudkandi,Daudkandi Bazar,As,ug/L,444
S98_04515,LAKS-86,1998/07/28,23.2499,91.115,HTW,23,Chittagong,Comilla,Laksam,Nabaratpur,Nabaratpur,As,ug/L,107
S98_04516,HAJ-87,1998/07/31,23.2484,90.8696,DTW,107,Chittagong,Chandpur,Hajiganj,Aligonj,Aligonj H complex,As,ug/L,2.5
S98_04517,CHAN-88,1998/07/31,23.2342,90.6673,HTW,168,Chittagong,Chandpur,Chandpur Sadar,Shologhar,Shologhar,As,ug/L,234
S98_04518,NOA-89,1998/07/28,22.8334,91.0955,HTW,11,Chittagong,Noakhali,Noakhali Sadar,Sonapur,Sonapur,As,ug/L,100
S98_04519,FENI-90,1998/07/28,23.0053,91.3866,HTW,13,Chittagong,Feni,Feni Sadar,Pachgadria,Feni Rest House,As,ug/L,111
S98_04520,MIR-91,1998/07/28,22.7761,91.5656,HTW,25,Chittagong,Chittagong,Mirsharai,PS,Miraswarai,As,ug/L,275
S98_04521,CTG-92,1998/07/29,22.4735,91.7891,DTW,110,Chittagong,Chittagong,Hathazari,Hathajani,University,As,ug/L,4.4
S98_04522,CTG-93,1998/07/29,22.3704,91.8442,DTW,146,Chittagong,Chittagong,Chandgaon,Chandgown,Chandgown,As,ug/L,3.4
S98_04523,ANWA-94,1998/07/29,22.2234,91.898,HTW,43,Chittagong,Chittagong,Anowara,Anwara,Thana Parishad Office,As,ug/L,2
S98_04524,SAT-95,1998/07/29,22.0721,92.0479,HTW,31,Chittagong,Chittagong,Satkania,Satkania,Satkania,As,ug/L,4.6
S98_04525,COX-99,1998/07/30,21.4349,91.9656,HTW,10,Chittagong,Cox's Bazar,Cox's Bazar Sadar,,BWDB rest house,As,ug/L,2
S98_04526,UKHI-100,1998/07/30,21.2432,92.1325,DTW,52,Chittagong,Cox's Bazar,Ukhia,Ukhia,Ukhia Bazar,As,ug/L,1.2
S99_00796,SAN-43(CS),1999/04/06,22.4815,91.4285,Piez,56.96,Chittagong,Chittagong,Sandwip,Rahamatpur,Rahamatpur,As,ug/L,0.9
S99_00797,SAN-42(CMD),1999/04/06,22.4815,91.4285,Piez,160.92,Chittagong,Chittagong,Sandwip,Rahamatpur,Rahamatpur,As,ug/L,0.6
S99_00798,SAN-41(CD),1999/04/06,22.4815,91.4285,Piez,261.94,Chittagong,Chittagong,Sandwip,Rahamatpur,Rahamatpur,As,ug/L,1.1
S99_00799,MOH-98,1999/05/28,21.517,91.9584,Piez,7.32,Chittagong,Cox's Bazar,Maheshkhali,Gorukghata,Gorukghata,As,ug/L,8.7
S99_00800,KUT-97,1999/05/30,21.8128,91.8449,Piez,542.68,Chittagong,Cox's Bazar,Kutubdia,Baraghope,Baraghope,As,ug/L,1.1
S99_00801,SAND-9,1999/03/06,22.4817,91.4332,Piez,329.26,Chittagong,Chittagong,Sandwip,BWDB Guest house,BWDB Guest house,As,ug/L,1.1
S99_00802,AKHA-82,1999/05/24,23.8659,91.201,HTW,18.3,Chittagong,Brahamanbaria,Akhaura,Railway station,Railway station,As,ug/L,11.3
S99_00803,MUR-83,1999/05/24,23.7627,90.9899,HTW,26.22,Chittagong,Comilla,Muradnagar,Kasimpur,Kasimpur,As,ug/L,261
S99_00804,CHU-81,1999/05/25,24.1945,91.5138,HTW,30.5,Sylhet,Habiganj,Chunarughat,Chunarughat Bazar,Chunarughat Bazar,As,ug/L,3.4
S99_00805,HABI-80,1999/05/25,24.3776,91.4083,HTW,36.59,Sylhet,Habiganj,Habiganj Sadar,Rajanagar,Rajanagar,As,ug/L,5.2
S99_00806,MVI-79,1999/05/25,24.4696,91.7603,HTW,30.5,Sylhet,Maulvibazar,Maulvi Bazar Sadar,Sultanpur,Sultanpur,As,ug/L,2.3
S99_00807,SYL-78,1998/05/25,24.8795,91.8605,HTW,30.5,Sylhet,Sylhet,Sylhet Sadar,Railway station,Railway station,As,ug/L,11.2
S98_01785,SAT-1,1998/07/23,26.479,88.514,HTW,9,Rajshahi,Panchagarh,Tetulia,Satmara,Satmara,Al,ug/L,7
S98_01786,130DA-2,,25.7,88.5,HTW,15,Rajshahi,Panchagarh,Boda,Boda,Boda,Al,ug/L,2
S98_01787,TA-2/B,1998/07/20,24.088,90.17,HTW,37,Dhaka,Tangail,Mirzapur,Gurai,Gurai,Al,ug/L,14
S98_01788,BALI-3,1998/07/23,26.083,88.279,HTW,18,Rajshahi,Thakurgaon,Baliadangi,Baliadanga,Baliadanga,Al,ug/L,4
S98_01789,SALN-4,1998/07/23,26.054,88.533,HTW,37,Rajshahi,Thakurgaon,Thakurgaon Sadar,Salander,Salander,Al,ug/L,4
S98_01790,JA-4/B,1998/07/19,24.91,89.946,HTW,26,Dhaka,Jamalpur,Jamalpur Sadar,Jamalpur,Fulbaria,Al,ug/L,7
S98_01791,KABIR-5,1998/07/24,25.903,88.6,HTW,30,Rajshahi,Dinajpur,Birganj,Birgong,Kbirashat,Al,ug/L,2
S98_01792,RANI-6,1998/07/23,25.901,88.254,HTW,30,Rajshahi,Thakurgaon,Ranisankail,Ranisanwail,Ranisanwail,Al,ug/L,4
S98_01793,SIBRM-7,1998/07/24,25.665,88.652,HTW,18,Rajshahi,Dinajpur,Dinajpur Sadar,Sibrampur,Sibrampur,Al,ug/L,8
S98_01794,PARBT-8,1998/07/24,25.653,88.915,HTW,20,Rajshahi,Dinajpur,Parbatipur,Parbatipur,Parbatipur,Al,ug/L,4
S98_01795,HAKM-9,1998/07/22,25.288,89.021,HTW,21,Rajshahi,Dinajpur,Hakimpur,Hakimpur,Hakimpur,Al,ug/L,3
S98_01796,CHIL-10,1998/07/25,26.1,88.8,HTW,24,Rajshahi,Nilphamari,Domar,Chilahati,Chilahati,Al,ug/L,4
S98_01797,NIL-11,1998/07/24,25.9,88.8,HTW,18,Rajshahi,Nilphamari,Nilphamari Sadar,Nilphamari,Nilphamari,Al,ug/L,3
S98_01798,BRUT-12,1998/07/25,26.203,89.11,HTW,,Rajshahi,Lalmonirhat,Hatibandha,Barakhta,Barakhta,Al,ug/L,16
S98_01799,JAL-13,1998/07/25,25.931,88.838,HTW,27,Rajshahi,Nilphamari,Jaldhaka,Jaldhaka,Jaldhaka,Al,ug/L,3
S98_01800,RANG-14,1998/07/26,25.752,89.253,HTW,18,Rajshahi,Rangpur,Rangpur Sadar,Rangipur,Rangipur,Al,ug/L,4
S98_01801,LALM-15,1998/07/25,25.913,89.436,HTW,14,Rajshahi,Lalmonirhat,Lalmonirhat Sadar,Lalmonihat,Lalmonihat,Al,ug/L,4
S98_01802,NAGUR-16,1998/07/26,25.965,89.671,HTW,18,Rajshahi,Kurigram,Nageshwari,Nagieshwari,Nagieshwari,Al,ug/L,4
S98_01803,ULI-17,1998/07/26,25.653,89.623,HTW,18,Rajshahi,Kurigram,Ulipur,Ulipur,Ulipur,Al,ug/L,5
S98_01804,BAMAN,1998/07/26,25.532,89.446,,18,Rajshahi,Gaibandha,Sundarganj,Bamandaga,Bamandaga,Al,ug/L,6
S98_01805,BOA-19,1998/07/27,25.318,89.55,HTW,18,Rajshahi,Gaibandha,Gaibandha Sadar,Boalia,Boalia,Al,ug/L,3
S98_01806,GABIN-20,1998/07/27,25.134,89.387,,12,Rajshahi,Gaibandha,Gobindaganj,Gabindagons,Gabindagons,Al,ug/L,4
S98_01807,MADR-21,1998/07/22,25.109,89.036,HTW,15,Rajshahi,Jaipurhat,Jaipurhat Sadar,Madergonj,Madergonj,Al,ug/L,2
S98_01808,SANTA-22,1998/07/22,24.804,88.969,HTW,18,Rajshahi,Bogra,Adamdighi,Santahar,Santahar,Al,ug/L,3
S98_01809,GIOKU-23,1998/07/27,24.933,89.348,HTW,18,Rajshahi,Bogra,Bogra Sadar,Giokul,Giokul,Al,ug/L,15
S98_01810,PATNI-29,1998/07/22,25.05,88.75,HTW,15,Rajshahi,Naogaon,Patnitala,Patnitala,Patnitala,Al,ug/L,3
S98_01811,MAND-25,1998/07/22,24.793,88.701,HTW,30,Rajshahi,Naogaon,Manda,Manda,Manda,Al,ug/L,4
S98_01812,PIR-25,1998/07/27,22.365,89.933,,,Barisal,Pirojpur,Mathbaria,,Burirchar,Al,ug/L,
S98_01813,RAHAN-26,1998/07/21,24.8,88.2,HTW,30,Rajshahi,Nawabganj,Gomastapur,Rahandur,Rahandur,Al,ug/L,3
S98_01814,PIR-26,1998/07/27,22.365,89.933,HTW,37,Barisal,Pirojpur,Mathbaria,,Burirchar,Al,ug/L,13
S98_01815,SHIB-27,1998/07/21,24.684,88.157,Piez,61,Rajshahi,Nawabganj,Shibganj (N),Shibgong,Shibgong,Al,ug/L,4
S98_01816,PIR-27,1998/07/27,22.365,89.933,HTW,27,Barisal,Pirojpur,Mathbaria,,Burirchar,Al,ug/L,
S98_01817,GIODA-28,1998/07/21,24.461,88.328,HTW,30,Rajshahi,Rajshahi,Godagari,Giodagari,Giodagari,Al,ug/L,3
S98_01818,SAPU-29,1998/07/21,24.374,88.558,HTW,37,Rajshahi,Rajshahi,Rajpara,Sapura,Sapura,Al,ug/L,4
S98_01819,CHAR-30,1998/07/20,24.304,88.738,HTW,18,Rajshahi,Rajshahi,Charghat,Charghat,Charghat,Al,ug/L,4
S98_01820,NAT-31,1998/07/20,24.414,89.988,HTW,27,Rajshahi,Natore,Natore Sadar,Natore,Natore,Al,ug/L,4
S98_01821,SING-32,1998/07/20,24.506,89.143,TARA,18,Rajshahi,Natore,Singra,Singra,Singra,Al,ug/L,3
S98_01822,LAL-33,1998/07/20,24.179,88.966,HTW,27,Rajshahi,Natore,Lalpur,Lalpur,Lalpur,Al,ug/L,5
S98_01823,ROYG-34,1998/07/27,24.507,89.526,HTW,15,Rajshahi,Sirajganj,Raiganj,Roygong,Roygong,Al,ug/L,4
S98_01824,SIRA-35,1998/07/28,24.463,89.708,HTW,18,Rajshahi,Sirajganj,Sirajganj Sadar,Sirjgong,Sirjgong,Al,ug/L,4
S98_01825,CHAT-36,1998/07/20,24.15,89.261,HTW,18,Rajshahi,Pabna,Chatmohar,Chatmohur,Chatmohur,Al,ug/L,3
S98_01826,PAB-37,1998/07/19,24.006,89.235,HTW,30,Rajshahi,Pabna,Pabna Sadar,Pabna,Pabna,Al,ug/L,4
S98_01827,SUJA-38,1998/07/19,23.94,89.408,HTW,18,Rajshahi,Pabna,Sujanagar,Sujanager,Sujanager,Al,ug/L,5
S98_01828,NAGIR-39,1998/07/28,23.951,89.65,HTW,20,Rajshahi,Pabna,Bera,Nagierbari,Nagierbari,Al,ug/L,4
S98_01829,JA-40,1998/07/19,25.156,89.751,HTW,27,Dhaka,Jamalpur,Dewanganj,Chukaibari,Batheshasaria,Al,ug/L,12
S98_01830,PRAG-40,1998/07/19,24.005,88.765,TARA,113,Khulna,Kushtia,Daulatpur (Ku),Pragpur,Pragpur,Al,ug/L,3
S98_01831,HYM-41,1998/07/18,25.117,90.335,,27,Dhaka,Mymensingh,Haluaghat, Haluagher,Haluaghatthana Compn,Al,ug/L,4
S98_01832,VHAR-41,1998/07/19,24.019,88.992,HTW,,Khulna,Kushtia,Bheramara,Vharamara,Vharamara,Al,ug/L,4
S98_01833,KUST-42,1998/07/19,23.909,89.128,HTW,49,Khulna,Kushtia,Kushtia Sadar,Kushtia,Kushtia,Al,ug/L,4
S98_01834,SHER-42/A,1998/07/18,25.018,90.012,HTW,36,Rajshahi,Bogra,Sherpur,Sherpur,,Al,ug/L,4
S98_01835,MEHER-43,1998/07/19,23.761,88.632,HTW,27,Khulna,Meherpur,Meherpur Sadar,Meherpur,Meherpur,Al,ug/L,3
S98_01836,JAM-43,1998/07/20,24.758,89.835,HTW,20,Dhaka,Jamalpur,Sarishabari,Sharishabari,Sharishabari,Al,ug/L,6
S98_01837,DAR-44,1998/07/19,23.529,88.81,HTW,18,Khulna,Chuadanga,Chuadanga Sadar,Darsana,Darsana,Al,ug/L,7
S98_01838,MYM-44,1998/07/17,24.748,90.406,DTW,107,Dhaka,Mymensingh,Mymensingh Sadar,Sadar,Bagmera,Al,ug/L,3
S98_01839,JHIN-45,1998/07/18,23.547,89.165,,122,Khulna,Jhenaidah,Jhenaidah Sadar,Jhinaidha,Jhinaidha,Al,ug/L,29
S98_01840,NET-45,1998/07/17,24.866,90.722,HTW,65,Dhaka,Netrokona,Netrokona Sadar,Sadar,Netrokona,Al,ug/L,3
S98_01841,MAGU-46,1998/07/15,23.488,89.429,HTW,21,Khulna,Magura,Magura Sadar,Magura,Magura,Al,ug/L,4
S98_01842,KISH-46,1998/07/18,24.444,90.773,DTW,118,Dhaka,Kishoreganj,Kishoreganj Sadar,Goital,Kishorgorj,Al,ug/L,5
S98_01843,JES-47,1998/07/18,23.167,89.219,DTW,133,Khulna,Jessore,Jessore Sadar,Jessore,Jessore,Al,ug/L,4
S98_01844,MYM-47,1998/07/17,24.454,90.54,HTW,,Dhaka,Mymensingh,Gafargaon,Saltia,Sulhasia,Al,ug/L,3
S98_01845,NAR-48,1998/07/18,23.173,89.513,HTW,24,Khulna,Narail,Narail Sadar,Narail,Narail,Al,ug/L,5
S98_01846,KISH-48,1998/07/18,24.047,90.973,HTW,20,Dhaka,Kishoreganj,Bhairab,Bhairab,Bhairab Rly St,Al,ug/L,5
S98_01847,GODKHA-49,1998/07/15,23.059,89.077,HTW,24,Khulna,Jessore,Jhikargachha,Godkhali,Godkhali,Al,ug/L,3
S98_01848,TA-49,1998/07/20,24.605,90.024,HTW,34,Dhaka,Tangail,Madhupur,Madhupur,Madhupur,Al,ug/L,11
S98_01849,KHUL-50,1998/07/15,22.812,89.561,DTW,274,Khulna,Khulna,Khulna Sadar,Khulna,Khulna,Al,ug/L,6
S98_01850,TA-50,1998/07/20,24.24,89.909,HTW,27,Dhaka,Tangail,Tangail Sadar,Sadar,Bepari Para,Al,ug/L,11
S98_01851,SATKHR-51,1998/07/17,22.718,89.07,DTW,183,Khulna,Satkhira,Satkhira Sadar,Satkhira,Satkhira,Al,ug/L,2
S98_01852,TA-51,1998/07/20,24.108,90.076,HTW,27,Dhaka,Tangail,Mirzapur,Baithgram,Gurail,Al,ug/L,15
S98_01853,CHAL-52,1998/07/18,22.586,89.504,HTW,18,Khulna,Bagerhat,Bagerhat Sadar,Chalna,Chalna,Al,ug/L,5
S98_01854,GA-52,1998/07/17,24.197,90.474,HTW,29,Dhaka,Gazipur,Sripur,Sreepur,Sreepur,Al,ug/L,13
S98_01855,BAGIER-53,1998/07/15,22.663,89.763,,38,Khulna,Bagerhat,Bagerhat Sadar,Bagierhat,Bagierhat,Al,ug/L,14
S98_01856,NAR-53,1998/07/18,23.926,90.718,HTW,,Dhaka,Narsingdi,Narsingdi Sadar,Narshingdi,Norshindi Dak Hangloo,Al,ug/L,23
S98_01857,KHALIS-54,1998/07/18,22.548,89.538,DTW,274,Khulna,Khulna,Khulna Sadar,Khalishpur,Khalishpur,Al,ug/L,5
S98_01858,DA-54,1998/07/16,23.734,90.418,DTW,137,Dhaka,Dhaka,Motijheel,Motijheel,Pwd Colony,Al,ug/L,10
S98_01859,RJB-69,1998/07/22,23.765,89.476,HTW,22,Dhaka,Rajbari,Pangsha,,Kalukhau,Al,ug/L,11
S98_01860,RJB-70,1998/07/22,23.754,89.645,DTW,127,Dhaka,Rajbari,Rajbari Sadar,,Municipality,Al,ug/L,9
S98_01861,FAR-71,1998/07/23,23.599,89.835,DTW,84,Dhaka,Faridpur,Faridpur Sadar,,Municipal,Al,ug/L,8
S98_01862,GOP-72,1998/07/23,23.21,89.693,HTW,20,Dhaka,Gopalganj,Kashiani,,Bhatiapara,Al,ug/L,8
S98_01863,GOP-73,1998/07/23,23.005,89.823,HTW,20,Dhaka,Gopalganj,Gopalganj Sadar,Municipality,Gopalganj,Al,ug/L,8
S98_01864,MAD-74,1998/07/23,23.167,90.195,DTW,238,Dhaka,Madaripur,Madaripur Sadar,Municipality,Madaripur,Al,ug/L,16
S98_01865,BAR-75,1998/07/25,22.7,90.369,DTW,610,Barisal,Barisal,Barisal Sadar,,Barisal,Al,ug/L,15
S98_01866,PAT-77,1998/07/25,22.355,90.345,DTW,274,Barisal,Patuakhali,Patuakhali Sadar,Municipality,Patuakhali,Al,ug/L,28
S98_01867,DA-101,1998/07/21,23.51,90.217,HTW,26,Dhaka,Munshiganj,Munshiganj Sadar,Bhaishakul,Bhaishakul T Inst,Al,ug/L,12
S98_01868,DA-102,1998/07/16,23.769,90.364,DTW,53,Dhaka,Dhaka,Mohammadpur (D),Mohammedpur,Mohammedpur,Al,ug/L,6
S98_04510,GOHI-44,1998/07/29,22.1467,91.8231,Piez,265,Chittagong,Chittagong,Anowara,Gohira,UC Office,Al,ug/L,21
S98_04511,RUST-45,1998/07/29,22.1924,91.8562,HTW,146,Chittagong,Chittagong,Anowara,Battali,Battali,Al,ug/L,15
S98_04512,GOHI-46,1998/07/29,22.1467,91.8231,Piez,68,Chittagong,Chittagong,Anowara,Gohira,UC Office,Al,ug/L,15
S98_04513,COM-84,1998/07/28,23.4453,91.1722,HTW,32,Chittagong,Comilla,Comilla Sadar,Shaktala,Shaktala,Al,ug/L,12
S98_04514,DAUD-85,1998/07/28,23.536,90.7104,HTW,32,Chittagong,Comilla,Daudkandi,Daudkandi,Daudkandi Bazar,Al,ug/L,14
S98_04515,LAKS-86,1998/07/28,23.2499,91.115,HTW,23,Chittagong,Comilla,Laksam,Nabaratpur,Nabaratpur,Al,ug/L,12
S98_04516,HAJ-87,1998/07/31,23.2484,90.8696,DTW,107,Chittagong,Chandpur,Hajiganj,Aligonj,Aligonj H complex,Al,ug/L,24
S98_04517,CHAN-88,1998/07/31,23.2342,90.6673,HTW,168,Chittagong,Chandpur,Chandpur Sadar,Shologhar,Shologhar,Al,ug/L,16
S98_04518,NOA-89,1998/07/28,22.8334,91.0955,HTW,11,Chittagong,Noakhali,Noakhali Sadar,Sonapur,Sonapur,Al,ug/L,12
S98_04519,FENI-90,1998/07/28,23.0053,91.3866,HTW,13,Chittagong,Feni,Feni Sadar,Pachgadria,Feni Rest House,Al,ug/L,18
S98_04520,MIR-91,1998/07/28,22.7761,91.5656,HTW,25,Chittagong,Chittagong,Mirsharai,PS,Miraswarai,Al,ug/L,39
S98_04521,CTG-92,1998/07/29,22.4735,91.7891,DTW,110,Chittagong,Chittagong,Hathazari,Hathajani,University,Al,ug/L,12
S98_04522,CTG-93,1998/07/29,22.3704,91.8442,DTW,146,Chittagong,Chittagong,Chandgaon,Chandgown,Chandgown,Al,ug/L,24
S98_04523,ANWA-94,1998/07/29,22.2234,91.898,HTW,43,Chittagong,Chittagong,Anowara,Anwara,Thana Parishad Office,Al,ug/L,11
S98_04524,SAT-95,1998/07/29,22.0721,92.0479,HTW,31,Chittagong,Chittagong,Satkania,Satkania,Satkania,Al,ug/L,15
S98_04525,COX-99,1998/07/30,21.4349,91.9656,HTW,10,Chittagong,Cox's Bazar,Cox's Bazar Sadar,,BWDB rest house,Al,ug/L,13
S98_04526,UKHI-100,1998/07/30,21.2432,92.1325,DTW,52,Chittagong,Cox's Bazar,Ukhia,Ukhia,Ukhia Bazar,Al,ug/L,13
S99_00796,SAN-43(CS),1999/04/06,22.4815,91.4285,Piez,56.96,Chittagong,Chittagong,Sandwip,Rahamatpur,Rahamatpur,Al,ug/L,
S99_00797,SAN-42(CMD),1999/04/06,22.4815,91.4285,Piez,160.92,Chittagong,Chittagong,Sandwip,Rahamatpur,Rahamatpur,Al,ug/L,
S99_00798,SAN-41(CD),1999/04/06,22.4815,91.4285,Piez,261.94,Chittagong,Chittagong,Sandwip,Rahamatpur,Rahamatpur,Al,ug/L,
S99_00799,MOH-98,1999/05/28,21.517,91.9584,Piez,7.32,Chittagong,Cox's Bazar,Maheshkhali,Gorukghata,Gorukghata,Al,ug/L,
S99_00800,KUT-97,1999/05/30,21.8128,91.8449,Piez,542.68,Chittagong,Cox's Bazar,Kutubdia,Baraghope,Baraghope,Al,ug/L,
S99_00801,SAND-9,1999/03/06,22.4817,91.4332,Piez,329.26,Chittagong,Chittagong,Sandwip,BWDB Guest house,BWDB Guest house,Al,ug/L,
S99_00802,AKHA-82,1999/05/24,23.8659,91.201,HTW,18.3,Chittagong,Brahamanbaria,Akhaura,Railway station,Railway station,Al,ug/L,
S99_00803,MUR-83,1999/05/24,23.7627,90.9899,HTW,26.22,Chittagong,Comilla,Muradnagar,Kasimpur,Kasimpur,Al,ug/L,
S99_00804,CHU-81,1999/05/25,24.1945,91.5138,HTW,30.5,Sylhet,Habiganj,Chunarughat,Chunarughat Bazar,Chunarughat Bazar,Al,ug/L,
S99_00805,HABI-80,1999/05/25,24.3776,91.4083,HTW,36.59,Sylhet,Habiganj,Habiganj Sadar,Rajanagar,Rajanagar,Al,ug/L,
S99_00806,MVI-79,1999/05/25,24.4696,91.7603,HTW,30.5,Sylhet,Maulvibazar,Maulvi Bazar Sadar,Sultanpur,Sultanpur,Al,ug/L,
S99_00807,SYL-78,1998/05/25,24.8795,91.8605,HTW,30.5,Sylhet,Sylhet,Sylhet Sadar,Railway station,Railway station,Al,ug/L,
S98_01785,SAT-1,1998/07/23,26.479,88.514,HTW,9,Rajshahi,Panchagarh,Tetulia,Satmara,Satmara,B,mg/L,< 0.01
S98_01786,130DA-2,,25.7,88.5,HTW,15,Rajshahi,Panchagarh,Boda,Boda,Boda,B,mg/L,< 0.01
S98_01787,TA-2/B,1998/07/20,24.088,90.17,HTW,37,Dhaka,Tangail,Mirzapur,Gurai,Gurai,B,mg/L,< 0.01
S98_01788,BALI-3,1998/07/23,26.083,88.279,HTW,18,Rajshahi,Thakurgaon,Baliadangi,Baliadanga,Baliadanga,B,mg/L,< 0.01
S98_01789,SALN-4,1998/07/23,26.054,88.533,HTW,37,Rajshahi,Thakurgaon,Thakurgaon Sadar,Salander,Salander,B,mg/L,< 0.01
S98_01790,JA-4/B,1998/07/19,24.91,89.946,HTW,26,Dhaka,Jamalpur,Jamalpur Sadar,Jamalpur,Fulbaria,B,mg/L,< 0.01
S98_01791,KABIR-5,1998/07/24,25.903,88.6,HTW,30,Rajshahi,Dinajpur,Birganj,Birgong,Kbirashat,B,mg/L,< 0.01
S98_01792,RANI-6,1998/07/23,25.901,88.254,HTW,30,Rajshahi,Thakurgaon,Ranisankail,Ranisanwail,Ranisanwail,B,mg/L,< 0.01
S98_01793,SIBRM-7,1998/07/24,25.665,88.652,HTW,18,Rajshahi,Dinajpur,Dinajpur Sadar,Sibrampur,Sibrampur,B,mg/L,< 0.01
S98_01794,PARBT-8,1998/07/24,25.653,88.915,HTW,20,Rajshahi,Dinajpur,Parbatipur,Parbatipur,Parbatipur,B,mg/L,< 0.01
S98_01795,HAKM-9,1998/07/22,25.288,89.021,HTW,21,Rajshahi,Dinajpur,Hakimpur,Hakimpur,Hakimpur,B,mg/L,0.02
S98_01796,CHIL-10,1998/07/25,26.1,88.8,HTW,24,Rajshahi,Nilphamari,Domar,Chilahati,Chilahati,B,mg/L,< 0.01
S98_01797,NIL-11,1998/07/24,25.9,88.8,HTW,18,Rajshahi,Nilphamari,Nilphamari Sadar,Nilphamari,Nilphamari,B,mg/L,< 0.01
S98_01798,BRUT-12,1998/07/25,26.203,89.11,HTW,,Rajshahi,Lalmonirhat,Hatibandha,Barakhta,Barakhta,B,mg/L,0.02
S98_01799,JAL-13,1998/07/25,25.931,88.838,HTW,27,Rajshahi,Nilphamari,Jaldhaka,Jaldhaka,Jaldhaka,B,mg/L,< 0.01
S98_01800,RANG-14,1998/07/26,25.752,89.253,HTW,18,Rajshahi,Rangpur,Rangpur Sadar,Rangipur,Rangipur,B,mg/L,0.01
S98_01801,LALM-15,1998/07/25,25.913,89.436,HTW,14,Rajshahi,Lalmonirhat,Lalmonirhat Sadar,Lalmonihat,Lalmonihat,B,mg/L,< 0.01
S98_01802,NAGUR-16,1998/07/26,25.965,89.671,HTW,18,Rajshahi,Kurigram,Nageshwari,Nagieshwari,Nagieshwari,B,mg/L,0.03
S98_01803,ULI-17,1998/07/26,25.653,89.623,HTW,18,Rajshahi,Kurigram,Ulipur,Ulipur,Ulipur,B,mg/L,< 0.01
S98_01804,BAMAN,1998/07/26,25.532,89.446,,18,Rajshahi,Gaibandha,Sundarganj,Bamandaga,Bamandaga,B,mg/L,< 0.01
S98_01805,BOA-19,1998/07/27,25.318,89.55,HTW,18,Rajshahi,Gaibandha,Gaibandha Sadar,Boalia,Boalia,B,mg/L,< 0.01
S98_01806,GABIN-20,1998/07/27,25.134,89.387,,12,Rajshahi,Gaibandha,Gobindaganj,Gabindagons,Gabindagons,B,mg/L,0.03
S98_01807,MADR-21,1998/07/22,25.109,89.036,HTW,15,Rajshahi,Jaipurhat,Jaipurhat Sadar,Madergonj,Madergonj,B,mg/L,< 0.01
S98_01808,SANTA-22,1998/07/22,24.804,88.969,HTW,18,Rajshahi,Bogra,Adamdighi,Santahar,Santahar,B,mg/L,0.02
S98_01809,GIOKU-23,1998/07/27,24.933,89.348,HTW,18,Rajshahi,Bogra,Bogra Sadar,Giokul,Giokul,B,mg/L,0.01
S98_01810,PATNI-29,1998/07/22,25.05,88.75,HTW,15,Rajshahi,Naogaon,Patnitala,Patnitala,Patnitala,B,mg/L,< 0.01
S98_01811,MAND-25,1998/07/22,24.793,88.701,HTW,30,Rajshahi,Naogaon,Manda,Manda,Manda,B,mg/L,< 0.01
S98_01812,PIR-25,1998/07/27,22.365,89.933,,,Barisal,Pirojpur,Mathbaria,,Burirchar,B,mg/L,1.95
S98_01813,RAHAN-26,1998/07/21,24.8,88.2,HTW,30,Rajshahi,Nawabganj,Gomastapur,Rahandur,Rahandur,B,mg/L,0.04
S98_01814,PIR-26,1998/07/27,22.365,89.933,HTW,37,Barisal,Pirojpur,Mathbaria,,Burirchar,B,mg/L,0.83
S98_01815,SHIB-27,1998/07/21,24.684,88.157,Piez,61,Rajshahi,Nawabganj,Shibganj (N),Shibgong,Shibgong,B,mg/L,0.03
S98_01816,PIR-27,1998/07/27,22.365,89.933,HTW,27,Barisal,Pirojpur,Mathbaria,,Burirchar,B,mg/L,0.35
S98_01817,GIODA-28,1998/07/21,24.461,88.328,HTW,30,Rajshahi,Rajshahi,Godagari,Giodagari,Giodagari,B,mg/L,0.01
S98_01818,SAPU-29,1998/07/21,24.374,88.558,HTW,37,Rajshahi,Rajshahi,Rajpara,Sapura,Sapura,B,mg/L,0.02
S98_01819,CHAR-30,1998/07/20,24.304,88.738,HTW,18,Rajshahi,Rajshahi,Charghat,Charghat,Charghat,B,mg/L,0.02
S98_01820,NAT-31,1998/07/20,24.414,89.988,HTW,27,Rajshahi,Natore,Natore Sadar,Natore,Natore,B,mg/L,0.02
S98_01821,SING-32,1998/07/20,24.506,89.143,TARA,18,Rajshahi,Natore,Singra,Singra,Singra,B,mg/L,0.02
S98_01822,LAL-33,1998/07/20,24.179,88.966,HTW,27,Rajshahi,Natore,Lalpur,Lalpur,Lalpur,B,mg/L,0.02
S98_01823,ROYG-34,1998/07/27,24.507,89.526,HTW,15,Rajshahi,Sirajganj,Raiganj,Roygong,Roygong,B,mg/L,0.01
S98_01824,SIRA-35,1998/07/28,24.463,89.708,HTW,18,Rajshahi,Sirajganj,Sirajganj Sadar,Sirjgong,Sirjgong,B,mg/L,0.01
S98_01825,CHAT-36,1998/07/20,24.15,89.261,HTW,18,Rajshahi,Pabna,Chatmohar,Chatmohur,Chatmohur,B,mg/L,0.03
S98_01826,PAB-37,1998/07/19,24.006,89.235,HTW,30,Rajshahi,Pabna,Pabna Sadar,Pabna,Pabna,B,mg/L,0.03
S98_01827,SUJA-38,1998/07/19,23.94,89.408,HTW,18,Rajshahi,Pabna,Sujanagar,Sujanager,Sujanager,B,mg/L,0.03
S98_01828,NAGIR-39,1998/07/28,23.951,89.65,HTW,20,Rajshahi,Pabna,Bera,Nagierbari,Nagierbari,B,mg/L,0.02
S98_01829,JA-40,1998/07/19,25.156,89.751,HTW,27,Dhaka,Jamalpur,Dewanganj,Chukaibari,Batheshasaria,B,mg/L,0.02
S98_01830,PRAG-40,1998/07/19,24.005,88.765,TARA,113,Khulna,Kushtia,Daulatpur (Ku),Pragpur,Pragpur,B,mg/L,0.04
S98_01831,HYM-41,1998/07/18,25.117,90.335,,27,Dhaka,Mymensingh,Haluaghat, Haluagher,Haluaghatthana Compn,B,mg/L,< 0.01
S98_01832,VHAR-41,1998/07/19,24.019,88.992,HTW,,Khulna,Kushtia,Bheramara,Vharamara,Vharamara,B,mg/L,0.02
S98_01833,KUST-42,1998/07/19,23.909,89.128,HTW,49,Khulna,Kushtia,Kushtia Sadar,Kushtia,Kushtia,B,mg/L,0.02
S98_01834,SHER-42/A,1998/07/18,25.018,90.012,HTW,36,Rajshahi,Bogra,Sherpur,Sherpur,,B,mg/L,0.02
S98_01835,MEHER-43,1998/07/19,23.761,88.632,HTW,27,Khulna,Meherpur,Meherpur Sadar,Meherpur,Meherpur,B,mg/L,0.04
S98_01836,JAM-43,1998/07/20,24.758,89.835,HTW,20,Dhaka,Jamalpur,Sarishabari,Sharishabari,Sharishabari,B,mg/L,0.02
S98_01837,DAR-44,1998/07/19,23.529,88.81,HTW,18,Khulna,Chuadanga,Chuadanga Sadar,Darsana,Darsana,B,mg/L,0.1
S98_01838,MYM-44,1998/07/17,24.748,90.406,DTW,107,Dhaka,Mymensingh,Mymensingh Sadar,Sadar,Bagmera,B,mg/L,< 0.01
S98_01839,JHIN-45,1998/07/18,23.547,89.165,,122,Khulna,Jhenaidah,Jhenaidah Sadar,Jhinaidha,Jhinaidha,B,mg/L,0.02
S98_01840,NET-45,1998/07/17,24.866,90.722,HTW,65,Dhaka,Netrokona,Netrokona Sadar,Sadar,Netrokona,B,mg/L,< 0.01
S98_01841,MAGU-46,1998/07/15,23.488,89.429,HTW,21,Khulna,Magura,Magura Sadar,Magura,Magura,B,mg/L,0.03
S98_01842,KISH-46,1998/07/18,24.444,90.773,DTW,118,Dhaka,Kishoreganj,Kishoreganj Sadar,Goital,Kishorgorj,B,mg/L,0.02
S98_01843,JES-47,1998/07/18,23.167,89.219,DTW,133,Khulna,Jessore,Jessore Sadar,Jessore,Jessore,B,mg/L,0.03
S98_01844,MYM-47,1998/07/17,24.454,90.54,HTW,,Dhaka,Mymensingh,Gafargaon,Saltia,Sulhasia,B,mg/L,< 0.01
S98_01845,NAR-48,1998/07/18,23.173,89.513,HTW,24,Khulna,Narail,Narail Sadar,Narail,Narail,B,mg/L,0.12
S98_01846,KISH-48,1998/07/18,24.047,90.973,HTW,20,Dhaka,Kishoreganj,Bhairab,Bhairab,Bhairab Rly St,B,mg/L,0.02
S98_01847,GODKHA-49,1998/07/15,23.059,89.077,HTW,24,Khulna,Jessore,Jhikargachha,Godkhali,Godkhali,B,mg/L,0.01
S98_01848,TA-49,1998/07/20,24.605,90.024,HTW,34,Dhaka,Tangail,Madhupur,Madhupur,Madhupur,B,mg/L,< 0.01
S98_01849,KHUL-50,1998/07/15,22.812,89.561,DTW,274,Khulna,Khulna,Khulna Sadar,Khulna,Khulna,B,mg/L,0.16
S98_01850,TA-50,1998/07/20,24.24,89.909,HTW,27,Dhaka,Tangail,Tangail Sadar,Sadar,Bepari Para,B,mg/L,0.02
S98_01851,SATKHR-51,1998/07/17,22.718,89.07,DTW,183,Khulna,Satkhira,Satkhira Sadar,Satkhira,Satkhira,B,mg/L,0.05
S98_01852,TA-51,1998/07/20,24.108,90.076,HTW,27,Dhaka,Tangail,Mirzapur,Baithgram,Gurail,B,mg/L,0.03
S98_01853,CHAL-52,1998/07/18,22.586,89.504,HTW,18,Khulna,Bagerhat,Bagerhat Sadar,Chalna,Chalna,B,mg/L,0.72
S98_01854,GA-52,1998/07/17,24.197,90.474,HTW,29,Dhaka,Gazipur,Sripur,Sreepur,Sreepur,B,mg/L,0.02
S98_01855,BAGIER-53,1998/07/15,22.663,89.763,,38,Khulna,Bagerhat,Bagerhat Sadar,Bagierhat,Bagierhat,B,mg/L,0.09
S98_01856,NAR-53,1998/07/18,23.926,90.718,HTW,,Dhaka,Narsingdi,Narsingdi Sadar,Narshingdi,Norshindi Dak Hangloo,B,mg/L,0.03
S98_01857,KHALIS-54,1998/07/18,22.548,89.538,DTW,274,Khulna,Khulna,Khulna Sadar,Khalishpur,Khalishpur,B,mg/L,0.24
S98_01858,DA-54,1998/07/16,23.734,90.418,DTW,137,Dhaka,Dhaka,Motijheel,Motijheel,Pwd Colony,B,mg/L,< 0.01
S98_01859,RJB-69,1998/07/22,23.765,89.476,HTW,22,Dhaka,Rajbari,Pangsha,,Kalukhau,B,mg/L,0.01
S98_01860,RJB-70,1998/07/22,23.754,89.645,DTW,127,Dhaka,Rajbari,Rajbari Sadar,,Municipality,B,mg/L,0.03
S98_01861,FAR-71,1998/07/23,23.599,89.835,DTW,84,Dhaka,Faridpur,Faridpur Sadar,,Municipal,B,mg/L,0.04
S98_01862,GOP-72,1998/07/23,23.21,89.693,HTW,20,Dhaka,Gopalganj,Kashiani,,Bhatiapara,B,mg/L,0.04
S98_01863,GOP-73,1998/07/23,23.005,89.823,HTW,20,Dhaka,Gopalganj,Gopalganj Sadar,Municipality,Gopalganj,B,mg/L,0.06
S98_01864,MAD-74,1998/07/23,23.167,90.195,DTW,238,Dhaka,Madaripur,Madaripur Sadar,Municipality,Madaripur,B,mg/L,0.25
S98_01865,BAR-75,1998/07/25,22.7,90.369,DTW,610,Barisal,Barisal,Barisal Sadar,,Barisal,B,mg/L,0.22
S98_01866,PAT-77,1998/07/25,22.355,90.345,DTW,274,Barisal,Patuakhali,Patuakhali Sadar,Municipality,Patuakhali,B,mg/L,0.35
S98_01867,DA-101,1998/07/21,23.51,90.217,HTW,26,Dhaka,Munshiganj,Munshiganj Sadar,Bhaishakul,Bhaishakul T Inst,B,mg/L,0.16
S98_01868,DA-102,1998/07/16,23.769,90.364,DTW,53,Dhaka,Dhaka,Mohammadpur (D),Mohammedpur,Mohammedpur,B,mg/L,< 0.01
S98_04510,GOHI-44,1998/07/29,22.1467,91.8231,Piez,265,Chittagong,Chittagong,Anowara,Gohira,UC Office,B,mg/L,0.19
S98_04511,RUST-45,1998/07/29,22.1924,91.8562,HTW,146,Chittagong,Chittagong,Anowara,Battali,Battali,B,mg/L,0.02
S98_04512,GOHI-46,1998/07/29,22.1467,91.8231,Piez,68,Chittagong,Chittagong,Anowara,Gohira,UC Office,B,mg/L,0.03
S98_04513,COM-84,1998/07/28,23.4453,91.1722,HTW,32,Chittagong,Comilla,Comilla Sadar,Shaktala,Shaktala,B,mg/L,0.04
S98_04514,DAUD-85,1998/07/28,23.536,90.7104,HTW,32,Chittagong,Comilla,Daudkandi,Daudkandi,Daudkandi Bazar,B,mg/L,0.07
S98_04515,LAKS-86,1998/07/28,23.2499,91.115,HTW,23,Chittagong,Comilla,Laksam,Nabaratpur,Nabaratpur,B,mg/L,0.04
S98_04516,HAJ-87,1998/07/31,23.2484,90.8696,DTW,107,Chittagong,Chandpur,Hajiganj,Aligonj,Aligonj H complex,B,mg/L,0.03
S98_04517,CHAN-88,1998/07/31,23.2342,90.6673,HTW,168,Chittagong,Chandpur,Chandpur Sadar,Shologhar,Shologhar,B,mg/L,< 0.01
S98_04518,NOA-89,1998/07/28,22.8334,91.0955,HTW,11,Chittagong,Noakhali,Noakhali Sadar,Sonapur,Sonapur,B,mg/L,0.32
S98_04519,FENI-90,1998/07/28,23.0053,91.3866,HTW,13,Chittagong,Feni,Feni Sadar,Pachgadria,Feni Rest House,B,mg/L,0.02
S98_04520,MIR-91,1998/07/28,22.7761,91.5656,HTW,25,Chittagong,Chittagong,Mirsharai,PS,Miraswarai,B,mg/L,0.2
S98_04521,CTG-92,1998/07/29,22.4735,91.7891,DTW,110,Chittagong,Chittagong,Hathazari,Hathajani,University,B,mg/L,< 0.01
S98_04522,CTG-93,1998/07/29,22.3704,91.8442,DTW,146,Chittagong,Chittagong,Chandgaon,Chandgown,Chandgown,B,mg/L,< 0.01
S98_04523,ANWA-94,1998/07/29,22.2234,91.898,HTW,43,Chittagong,Chittagong,Anowara,Anwara,Thana Parishad Office,B,mg/L,1.28
S98_04524,SAT-95,1998/07/29,22.0721,92.0479,HTW,31,Chittagong,Chittagong,Satkania,Satkania,Satkania,B,mg/L,0.53
S98_04525,COX-99,1998/07/30,21.4349,91.9656,HTW,10,Chittagong,Cox's Bazar,Cox's Bazar Sadar,,BWDB rest house,B,mg/L,0.02
S98_04526,UKHI-100,1998/07/30,21.2432,92.1325,DTW,52,Chittagong,Cox's Bazar,Ukhia,Ukhia,Ukhia Bazar,B,mg/L,< 0.01
S99_00796,SAN-43(CS),1999/04/06,22.4815,91.4285,Piez,56.96,Chittagong,Chittagong,Sandwip,Rahamatpur,Rahamatpur,B,mg/L,0.1
S99_00797,SAN-42(CMD),1999/04/06,22.4815,91.4285,Piez,160.92,Chittagong,Chittagong,Sandwip,Rahamatpur,Rahamatpur,B,mg/L,0.1
S99_00798,SAN-41(CD),1999/04/06,22.4815,91.4285,Piez,261.94,Chittagong,Chittagong,Sandwip,Rahamatpur,Rahamatpur,B,mg/L,0.1
S99_00799,MOH-98,1999/05/28,21.517,91.9584,Piez,7.32,Chittagong,Cox's Bazar,Maheshkhali,Gorukghata,Gorukghata,B,mg/L,0.4
S99_00800,KUT-97,1999/05/30,21.8128,91.8449,Piez,542.68,Chittagong,Cox's Bazar,Kutubdia,Baraghope,Baraghope,B,mg/L,< 0.1
S99_00801,SAND-9,1999/03/06,22.4817,91.4332,Piez,329.26,Chittagong,Chittagong,Sandwip,BWDB Guest house,BWDB Guest house,B,mg/L,0.1
S99_00802,AKHA-82,1999/05/24,23.8659,91.201,HTW,18.3,Chittagong,Brahamanbaria,Akhaura,Railway station,Railway station,B,mg/L,< 0.1
S99_00803,MUR-83,1999/05/24,23.7627,90.9899,HTW,26.22,Chittagong,Comilla,Muradnagar,Kasimpur,Kasimpur,B,mg/L,0.2
S99_00804,CHU-81,1999/05/25,24.1945,91.5138,HTW,30.5,Sylhet,Habiganj,Chunarughat,Chunarughat Bazar,Chunarughat Bazar,B,mg/L,< 0.1
S99_00805,HABI-80,1999/05/25,24.3776,91.4083,HTW,36.59,Sylhet,Habiganj,Habiganj Sadar,Rajanagar,Rajanagar,B,mg/L,< 0.1
S99_00806,MVI-79,1999/05/25,24.4696,91.7603,HTW,30.5,Sylhet,Maulvibazar,Maulvi Bazar Sadar,Sultanpur,Sultanpur,B,mg/L,< 0.1
S99_00807,SYL-78,1998/05/25,24.8795,91.8605,HTW,30.5,Sylhet,Sylhet,Sylhet Sadar,Railway station,Railway station,B,mg/L,< 0.1
S98_01785,SAT-1,1998/07/23,26.479,88.514,HTW,9,Rajshahi,Panchagarh,Tetulia,Satmara,Satmara,Ba,mg/L,0.031
S98_01786,130DA-2,,25.7,88.5,HTW,15,Rajshahi,Panchagarh,Boda,Boda,Boda,Ba,mg/L,0.017
S98_01787,TA-2/B,1998/07/20,24.088,90.17,HTW,37,Dhaka,Tangail,Mirzapur,Gurai,Gurai,Ba,mg/L,0.031
S98_01788,BALI-3,1998/07/23,26.083,88.279,HTW,18,Rajshahi,Thakurgaon,Baliadangi,Baliadanga,Baliadanga,Ba,mg/L,0.018
S98_01789,SALN-4,1998/07/23,26.054,88.533,HTW,37,Rajshahi,Thakurgaon,Thakurgaon Sadar,Salander,Salander,Ba,mg/L,0.016
S98_01790,JA-4/B,1998/07/19,24.91,89.946,HTW,26,Dhaka,Jamalpur,Jamalpur Sadar,Jamalpur,Fulbaria,Ba,mg/L,0.046
S98_01791,KABIR-5,1998/07/24,25.903,88.6,HTW,30,Rajshahi,Dinajpur,Birganj,Birgong,Kbirashat,Ba,mg/L,0.015
S98_01792,RANI-6,1998/07/23,25.901,88.254,HTW,30,Rajshahi,Thakurgaon,Ranisankail,Ranisanwail,Ranisanwail,Ba,mg/L,0.017
S98_01793,SIBRM-7,1998/07/24,25.665,88.652,HTW,18,Rajshahi,Dinajpur,Dinajpur Sadar,Sibrampur,Sibrampur,Ba,mg/L,0.007
S98_01794,PARBT-8,1998/07/24,25.653,88.915,HTW,20,Rajshahi,Dinajpur,Parbatipur,Parbatipur,Parbatipur,Ba,mg/L,0.048
S98_01795,HAKM-9,1998/07/22,25.288,89.021,HTW,21,Rajshahi,Dinajpur,Hakimpur,Hakimpur,Hakimpur,Ba,mg/L,0.016
S98_01796,CHIL-10,1998/07/25,26.1,88.8,HTW,24,Rajshahi,Nilphamari,Domar,Chilahati,Chilahati,Ba,mg/L,0.015
S98_01797,NIL-11,1998/07/24,25.9,88.8,HTW,18,Rajshahi,Nilphamari,Nilphamari Sadar,Nilphamari,Nilphamari,Ba,mg/L,0.022
S98_01798,BRUT-12,1998/07/25,26.203,89.11,HTW,,Rajshahi,Lalmonirhat,Hatibandha,Barakhta,Barakhta,Ba,mg/L,0.062
S98_01799,JAL-13,1998/07/25,25.931,88.838,HTW,27,Rajshahi,Nilphamari,Jaldhaka,Jaldhaka,Jaldhaka,Ba,mg/L,0.006
S98_01800,RANG-14,1998/07/26,25.752,89.253,HTW,18,Rajshahi,Rangpur,Rangpur Sadar,Rangipur,Rangipur,Ba,mg/L,0.024
S98_01801,LALM-15,1998/07/25,25.913,89.436,HTW,14,Rajshahi,Lalmonirhat,Lalmonirhat Sadar,Lalmonihat,Lalmonihat,Ba,mg/L,0.034
S98_01802,NAGUR-16,1998/07/26,25.965,89.671,HTW,18,Rajshahi,Kurigram,Nageshwari,Nagieshwari,Nagieshwari,Ba,mg/L,0.073
S98_01803,ULI-17,1998/07/26,25.653,89.623,HTW,18,Rajshahi,Kurigram,Ulipur,Ulipur,Ulipur,Ba,mg/L,0.024
S98_01804,BAMAN,1998/07/26,25.532,89.446,,18,Rajshahi,Gaibandha,Sundarganj,Bamandaga,Bamandaga,Ba,mg/L,0.058
S98_01805,BOA-19,1998/07/27,25.318,89.55,HTW,18,Rajshahi,Gaibandha,Gaibandha Sadar,Boalia,Boalia,Ba,mg/L,0.044
S98_01806,GABIN-20,1998/07/27,25.134,89.387,,12,Rajshahi,Gaibandha,Gobindaganj,Gabindagons,Gabindagons,Ba,mg/L,0.05
S98_01807,MADR-21,1998/07/22,25.109,89.036,HTW,15,Rajshahi,Jaipurhat,Jaipurhat Sadar,Madergonj,Madergonj,Ba,mg/L,0.023
S98_01808,SANTA-22,1998/07/22,24.804,88.969,HTW,18,Rajshahi,Bogra,Adamdighi,Santahar,Santahar,Ba,mg/L,0.038
S98_01809,GIOKU-23,1998/07/27,24.933,89.348,HTW,18,Rajshahi,Bogra,Bogra Sadar,Giokul,Giokul,Ba,mg/L,0.006
S98_01810,PATNI-29,1998/07/22,25.05,88.75,HTW,15,Rajshahi,Naogaon,Patnitala,Patnitala,Patnitala,Ba,mg/L,0.002
S98_01811,MAND-25,1998/07/22,24.793,88.701,HTW,30,Rajshahi,Naogaon,Manda,Manda,Manda,Ba,mg/L,0.008
S98_01812,PIR-25,1998/07/27,22.365,89.933,,,Barisal,Pirojpur,Mathbaria,,Burirchar,Ba,mg/L,1.03
S98_01813,RAHAN-26,1998/07/21,24.8,88.2,HTW,30,Rajshahi,Nawabganj,Gomastapur,Rahandur,Rahandur,Ba,mg/L,0.04
S98_01814,PIR-26,1998/07/27,22.365,89.933,HTW,37,Barisal,Pirojpur,Mathbaria,,Burirchar,Ba,mg/L,0.625
S98_01815,SHIB-27,1998/07/21,24.684,88.157,Piez,61,Rajshahi,Nawabganj,Shibganj (N),Shibgong,Shibgong,Ba,mg/L,0.115
S98_01816,PIR-27,1998/07/27,22.365,89.933,HTW,27,Barisal,Pirojpur,Mathbaria,,Burirchar,Ba,mg/L,0.025
S98_01817,GIODA-28,1998/07/21,24.461,88.328,HTW,30,Rajshahi,Rajshahi,Godagari,Giodagari,Giodagari,Ba,mg/L,0.027
S98_01818,SAPU-29,1998/07/21,24.374,88.558,HTW,37,Rajshahi,Rajshahi,Rajpara,Sapura,Sapura,Ba,mg/L,0.063
S98_01819,CHAR-30,1998/07/20,24.304,88.738,HTW,18,Rajshahi,Rajshahi,Charghat,Charghat,Charghat,Ba,mg/L,0.098
S98_01820,NAT-31,1998/07/20,24.414,89.988,HTW,27,Rajshahi,Natore,Natore Sadar,Natore,Natore,Ba,mg/L,0.142
S98_01821,SING-32,1998/07/20,24.506,89.143,TARA,18,Rajshahi,Natore,Singra,Singra,Singra,Ba,mg/L,0.09
S98_01822,LAL-33,1998/07/20,24.179,88.966,HTW,27,Rajshahi,Natore,Lalpur,Lalpur,Lalpur,Ba,mg/L,0.039
S98_01823,ROYG-34,1998/07/27,24.507,89.526,HTW,15,Rajshahi,Sirajganj,Raiganj,Roygong,Roygong,Ba,mg/L,0.026
S98_01824,SIRA-35,1998/07/28,24.463,89.708,HTW,18,Rajshahi,Sirajganj,Sirajganj Sadar,Sirjgong,Sirjgong,Ba,mg/L,0.031
S98_01825,CHAT-36,1998/07/20,24.15,89.261,HTW,18,Rajshahi,Pabna,Chatmohar,Chatmohur,Chatmohur,Ba,mg/L,0.061
S98_01826,PAB-37,1998/07/19,24.006,89.235,HTW,30,Rajshahi,Pabna,Pabna Sadar,Pabna,Pabna,Ba,mg/L,0.079
S98_01827,SUJA-38,1998/07/19,23.94,89.408,HTW,18,Rajshahi,Pabna,Sujanagar,Sujanager,Sujanager,Ba,mg/L,0.056
S98_01828,NAGIR-39,1998/07/28,23.951,89.65,HTW,20,Rajshahi,Pabna,Bera,Nagierbari,Nagierbari,Ba,mg/L,0.123
S98_01829,JA-40,1998/07/19,25.156,89.751,HTW,27,Dhaka,Jamalpur,Dewanganj,Chukaibari,Batheshasaria,Ba,mg/L,0.14
S98_01830,PRAG-40,1998/07/19,24.005,88.765,TARA,113,Khulna,Kushtia,Daulatpur (Ku),Pragpur,Pragpur,Ba,mg/L,0.211
S98_01831,HYM-41,1998/07/18,25.117,90.335,,27,Dhaka,Mymensingh,Haluaghat, Haluagher,Haluaghatthana Compn,Ba,mg/L,0.059
S98_01832,VHAR-41,1998/07/19,24.019,88.992,HTW,,Khulna,Kushtia,Bheramara,Vharamara,Vharamara,Ba,mg/L,0.13
S98_01833,KUST-42,1998/07/19,23.909,89.128,HTW,49,Khulna,Kushtia,Kushtia Sadar,Kushtia,Kushtia,Ba,mg/L,0.046
S98_01834,SHER-42/A,1998/07/18,25.018,90.012,HTW,36,Rajshahi,Bogra,Sherpur,Sherpur,,Ba,mg/L,0.127
S98_01835,MEHER-43,1998/07/19,23.761,88.632,HTW,27,Khulna,Meherpur,Meherpur Sadar,Meherpur,Meherpur,Ba,mg/L,0.126
S98_01836,JAM-43,1998/07/20,24.758,89.835,HTW,20,Dhaka,Jamalpur,Sarishabari,Sharishabari,Sharishabari,Ba,mg/L,0.051
S98_01837,DAR-44,1998/07/19,23.529,88.81,HTW,18,Khulna,Chuadanga,Chuadanga Sadar,Darsana,Darsana,Ba,mg/L,0.363
S98_01838,MYM-44,1998/07/17,24.748,90.406,DTW,107,Dhaka,Mymensingh,Mymensingh Sadar,Sadar,Bagmera,Ba,mg/L,0.063
S98_01839,JHIN-45,1998/07/18,23.547,89.165,,122,Khulna,Jhenaidah,Jhenaidah Sadar,Jhinaidha,Jhinaidha,Ba,mg/L,0.106
S98_01840,NET-45,1998/07/17,24.866,90.722,HTW,65,Dhaka,Netrokona,Netrokona Sadar,Sadar,Netrokona,Ba,mg/L,0.012
S98_01841,MAGU-46,1998/07/15,23.488,89.429,HTW,21,Khulna,Magura,Magura Sadar,Magura,Magura,Ba,mg/L,0.192
S98_01842,KISH-46,1998/07/18,24.444,90.773,DTW,118,Dhaka,Kishoreganj,Kishoreganj Sadar,Goital,Kishorgorj,Ba,mg/L,0.056
S98_01843,JES-47,1998/07/18,23.167,89.219,DTW,133,Khulna,Jessore,Jessore Sadar,Jessore,Jessore,Ba,mg/L,0.128
S98_01844,MYM-47,1998/07/17,24.454,90.54,HTW,,Dhaka,Mymensingh,Gafargaon,Saltia,Sulhasia,Ba,mg/L,0.025
S98_01845,NAR-48,1998/07/18,23.173,89.513,HTW,24,Khulna,Narail,Narail Sadar,Narail,Narail,Ba,mg/L,0.056
S98_01846,KISH-48,1998/07/18,24.047,90.973,HTW,20,Dhaka,Kishoreganj,Bhairab,Bhairab,Bhairab Rly St,Ba,mg/L,0.075
S98_01847,GODKHA-49,1998/07/15,23.059,89.077,HTW,24,Khulna,Jessore,Jhikargachha,Godkhali,Godkhali,Ba,mg/L,0.143
S98_01848,TA-49,1998/07/20,24.605,90.024,HTW,34,Dhaka,Tangail,Madhupur,Madhupur,Madhupur,Ba,mg/L,0.011
S98_01849,KHUL-50,1998/07/15,22.812,89.561,DTW,274,Khulna,Khulna,Khulna Sadar,Khulna,Khulna,Ba,mg/L,0.137
S98_01850,TA-50,1998/07/20,24.24,89.909,HTW,27,Dhaka,Tangail,Tangail Sadar,Sadar,Bepari Para,Ba,mg/L,0.102
S98_01851,SATKHR-51,1998/07/17,22.718,89.07,DTW,183,Khulna,Satkhira,Satkhira Sadar,Satkhira,Satkhira,Ba,mg/L,0.597
S98_01852,TA-51,1998/07/20,24.108,90.076,HTW,27,Dhaka,Tangail,Mirzapur,Baithgram,Gurail,Ba,mg/L,0.09
S98_01853,CHAL-52,1998/07/18,22.586,89.504,HTW,18,Khulna,Bagerhat,Bagerhat Sadar,Chalna,Chalna,Ba,mg/L,0.061
S98_01854,GA-52,1998/07/17,24.197,90.474,HTW,29,Dhaka,Gazipur,Sripur,Sreepur,Sreepur,Ba,mg/L,0.032
S98_01855,BAGIER-53,1998/07/15,22.663,89.763,,38,Khulna,Bagerhat,Bagerhat Sadar,Bagierhat,Bagierhat,Ba,mg/L,0.145
S98_01856,NAR-53,1998/07/18,23.926,90.718,HTW,,Dhaka,Narsingdi,Narsingdi Sadar,Narshingdi,Norshindi Dak Hangloo,Ba,mg/L,0.238
S98_01857,KHALIS-54,1998/07/18,22.548,89.538,DTW,274,Khulna,Khulna,Khulna Sadar,Khalishpur,Khalishpur,Ba,mg/L,0.128
S98_01858,DA-54,1998/07/16,23.734,90.418,DTW,137,Dhaka,Dhaka,Motijheel,Motijheel,Pwd Colony,Ba,mg/L,0.026
S98_01859,RJB-69,1998/07/22,23.765,89.476,HTW,22,Dhaka,Rajbari,Pangsha,,Kalukhau,Ba,mg/L,0.127
S98_01860,RJB-70,1998/07/22,23.754,89.645,DTW,127,Dhaka,Rajbari,Rajbari Sadar,,Municipality,Ba,mg/L,0.146
S98_01861,FAR-71,1998/07/23,23.599,89.835,DTW,84,Dhaka,Faridpur,Faridpur Sadar,,Municipal,Ba,mg/L,0.172
S98_01862,GOP-72,1998/07/23,23.21,89.693,HTW,20,Dhaka,Gopalganj,Kashiani,,Bhatiapara,Ba,mg/L,0.294
S98_01863,GOP-73,1998/07/23,23.005,89.823,HTW,20,Dhaka,Gopalganj,Gopalganj Sadar,Municipality,Gopalganj,Ba,mg/L,0.223
S98_01864,MAD-74,1998/07/23,23.167,90.195,DTW,238,Dhaka,Madaripur,Madaripur Sadar,Municipality,Madaripur,Ba,mg/L,0.241
S98_01865,BAR-75,1998/07/25,22.7,90.369,DTW,610,Barisal,Barisal,Barisal Sadar,,Barisal,Ba,mg/L,0.019
S98_01866,PAT-77,1998/07/25,22.355,90.345,DTW,274,Barisal,Patuakhali,Patuakhali Sadar,Municipality,Patuakhali,Ba,mg/L,0.025
S98_01867,DA-101,1998/07/21,23.51,90.217,HTW,26,Dhaka,Munshiganj,Munshiganj Sadar,Bhaishakul,Bhaishakul T Inst,Ba,mg/L,0.271
S98_01868,DA-102,1998/07/16,23.769,90.364,DTW,53,Dhaka,Dhaka,Mohammadpur (D),Mohammedpur,Mohammedpur,Ba,mg/L,0.022
S98_04510,GOHI-44,1998/07/29,22.1467,91.8231,Piez,265,Chittagong,Chittagong,Anowara,Gohira,UC Office,Ba,mg/L,0.078
S98_04511,RUST-45,1998/07/29,22.1924,91.8562,HTW,146,Chittagong,Chittagong,Anowara,Battali,Battali,Ba,mg/L,0.039
S98_04512,GOHI-46,1998/07/29,22.1467,91.8231,Piez,68,Chittagong,Chittagong,Anowara,Gohira,UC Office,Ba,mg/L,0.072
S98_04513,COM-84,1998/07/28,23.4453,91.1722,HTW,32,Chittagong,Comilla,Comilla Sadar,Shaktala,Shaktala,Ba,mg/L,0.064
S98_04514,DAUD-85,1998/07/28,23.536,90.7104,HTW,32,Chittagong,Comilla,Daudkandi,Daudkandi,Daudkandi Bazar,Ba,mg/L,0.129
S98_04515,LAKS-86,1998/07/28,23.2499,91.115,HTW,23,Chittagong,Comilla,Laksam,Nabaratpur,Nabaratpur,Ba,mg/L,0.03
S98_04516,HAJ-87,1998/07/31,23.2484,90.8696,DTW,107,Chittagong,Chandpur,Hajiganj,Aligonj,Aligonj H complex,Ba,mg/L,0.099
S98_04517,CHAN-88,1998/07/31,23.2342,90.6673,HTW,168,Chittagong,Chandpur,Chandpur Sadar,Shologhar,Shologhar,Ba,mg/L,0.112
S98_04518,NOA-89,1998/07/28,22.8334,91.0955,HTW,11,Chittagong,Noakhali,Noakhali Sadar,Sonapur,Sonapur,Ba,mg/L,0.032
S98_04519,FENI-90,1998/07/28,23.0053,91.3866,HTW,13,Chittagong,Feni,Feni Sadar,Pachgadria,Feni Rest House,Ba,mg/L,0.019
S98_04520,MIR-91,1998/07/28,22.7761,91.5656,HTW,25,Chittagong,Chittagong,Mirsharai,PS,Miraswarai,Ba,mg/L,0.02
S98_04521,CTG-92,1998/07/29,22.4735,91.7891,DTW,110,Chittagong,Chittagong,Hathazari,Hathajani,University,Ba,mg/L,0.042
S98_04522,CTG-93,1998/07/29,22.3704,91.8442,DTW,146,Chittagong,Chittagong,Chandgaon,Chandgown,Chandgown,Ba,mg/L,0.055
S98_04523,ANWA-94,1998/07/29,22.2234,91.898,HTW,43,Chittagong,Chittagong,Anowara,Anwara,Thana Parishad Office,Ba,mg/L,0.033
S98_04524,SAT-95,1998/07/29,22.0721,92.0479,HTW,31,Chittagong,Chittagong,Satkania,Satkania,Satkania,Ba,mg/L,0.023
S98_04525,COX-99,1998/07/30,21.4349,91.9656,HTW,10,Chittagong,Cox's Bazar,Cox's Bazar Sadar,,BWDB rest house,Ba,mg/L,0.024
S98_04526,UKHI-100,1998/07/30,21.2432,92.1325,DTW,52,Chittagong,Cox's Bazar,Ukhia,Ukhia,Ukhia Bazar,Ba,mg/L,0.022
S99_00796,SAN-43(CS),1999/04/06,22.4815,91.4285,Piez,56.96,Chittagong,Chittagong,Sandwip,Rahamatpur,Rahamatpur,Ba,mg/L,0.082
S99_00797,SAN-42(CMD),1999/04/06,22.4815,91.4285,Piez,160.92,Chittagong,Chittagong,Sandwip,Rahamatpur,Rahamatpur,Ba,mg/L,0.087
S99_00798,SAN-41(CD),1999/04/06,22.4815,91.4285,Piez,261.94,Chittagong,Chittagong,Sandwip,Rahamatpur,Rahamatpur,Ba,mg/L,0.154
S99_00799,MOH-98,1999/05/28,21.517,91.9584,Piez,7.32,Chittagong,Cox's Bazar,Maheshkhali,Gorukghata,Gorukghata,Ba,mg/L,0.034
S99_00800,KUT-97,1999/05/30,21.8128,91.8449,Piez,542.68,Chittagong,Cox's Bazar,Kutubdia,Baraghope,Baraghope,Ba,mg/L,0.081
S99_00801,SAND-9,1999/03/06,22.4817,91.4332,Piez,329.26,Chittagong,Chittagong,Sandwip,BWDB Guest house,BWDB Guest house,Ba,mg/L,0.133
S99_00802,AKHA-82,1999/05/24,23.8659,91.201,HTW,18.3,Chittagong,Brahamanbaria,Akhaura,Railway station,Railway station,Ba,mg/L,0.012
S99_00803,MUR-83,1999/05/24,23.7627,90.9899,HTW,26.22,Chittagong,Comilla,Muradnagar,Kasimpur,Kasimpur,Ba,mg/L,0.017
S99_00804,CHU-81,1999/05/25,24.1945,91.5138,HTW,30.5,Sylhet,Habiganj,Chunarughat,Chunarughat Bazar,Chunarughat Bazar,Ba,mg/L,0.026
S99_00805,HABI-80,1999/05/25,24.3776,91.4083,HTW,36.59,Sylhet,Habiganj,Habiganj Sadar,Rajanagar,Rajanagar,Ba,mg/L,0.036
S99_00806,MVI-79,1999/05/25,24.4696,91.7603,HTW,30.5,Sylhet,Maulvibazar,Maulvi Bazar Sadar,Sultanpur,Sultanpur,Ba,mg/L,0.033
S99_00807,SYL-78,1998/05/25,24.8795,91.8605,HTW,30.5,Sylhet,Sylhet,Sylhet Sadar,Railway station,Railway station,Ba,mg/L,0.027
S98_01785,SAT-1,1998/07/23,26.479,88.514,HTW,9,Rajshahi,Panchagarh,Tetulia,Satmara,Satmara,Be,ug/L,0.05
S98_01786,130DA-2,,25.7,88.5,HTW,15,Rajshahi,Panchagarh,Boda,Boda,Boda,Be,ug/L,< 0.05
S98_01787,TA-2/B,1998/07/20,24.088,90.17,HTW,37,Dhaka,Tangail,Mirzapur,Gurai,Gurai,Be,ug/L,< 0.05
S98_01788,BALI-3,1998/07/23,26.083,88.279,HTW,18,Rajshahi,Thakurgaon,Baliadangi,Baliadanga,Baliadanga,Be,ug/L,< 0.05
S98_01789,SALN-4,1998/07/23,26.054,88.533,HTW,37,Rajshahi,Thakurgaon,Thakurgaon Sadar,Salander,Salander,Be,ug/L,< 0.05
S98_01790,JA-4/B,1998/07/19,24.91,89.946,HTW,26,Dhaka,Jamalpur,Jamalpur Sadar,Jamalpur,Fulbaria,Be,ug/L,< 0.05
S98_01791,KABIR-5,1998/07/24,25.903,88.6,HTW,30,Rajshahi,Dinajpur,Birganj,Birgong,Kbirashat,Be,ug/L,< 0.05
S98_01792,RANI-6,1998/07/23,25.901,88.254,HTW,30,Rajshahi,Thakurgaon,Ranisankail,Ranisanwail,Ranisanwail,Be,ug/L,< 0.05
S98_01793,SIBRM-7,1998/07/24,25.665,88.652,HTW,18,Rajshahi,Dinajpur,Dinajpur Sadar,Sibrampur,Sibrampur,Be,ug/L,< 0.05
S98_01794,PARBT-8,1998/07/24,25.653,88.915,HTW,20,Rajshahi,Dinajpur,Parbatipur,Parbatipur,Parbatipur,Be,ug/L,< 0.05
S98_01795,HAKM-9,1998/07/22,25.288,89.021,HTW,21,Rajshahi,Dinajpur,Hakimpur,Hakimpur,Hakimpur,Be,ug/L,< 0.05
S98_01796,CHIL-10,1998/07/25,26.1,88.8,HTW,24,Rajshahi,Nilphamari,Domar,Chilahati,Chilahati,Be,ug/L,< 0.05
S98_01797,NIL-11,1998/07/24,25.9,88.8,HTW,18,Rajshahi,Nilphamari,Nilphamari Sadar,Nilphamari,Nilphamari,Be,ug/L,< 0.05
S98_01798,BRUT-12,1998/07/25,26.203,89.11,HTW,,Rajshahi,Lalmonirhat,Hatibandha,Barakhta,Barakhta,Be,ug/L,< 0.05
S98_01799,JAL-13,1998/07/25,25.931,88.838,HTW,27,Rajshahi,Nilphamari,Jaldhaka,Jaldhaka,Jaldhaka,Be,ug/L,< 0.05
S98_01800,RANG-14,1998/07/26,25.752,89.253,HTW,18,Rajshahi,Rangpur,Rangpur Sadar,Rangipur,Rangipur,Be,ug/L,< 0.05
S98_01801,LALM-15,1998/07/25,25.913,89.436,HTW,14,Rajshahi,Lalmonirhat,Lalmonirhat Sadar,Lalmonihat,Lalmonihat,Be,ug/L,< 0.05
S98_01802,NAGUR-16,1998/07/26,25.965,89.671,HTW,18,Rajshahi,Kurigram,Nageshwari,Nagieshwari,Nagieshwari,Be,ug/L,< 0.05
S98_01803,ULI-17,1998/07/26,25.653,89.623,HTW,18,Rajshahi,Kurigram,Ulipur,Ulipur,Ulipur,Be,ug/L,< 0.05
S98_01804,BAMAN,1998/07/26,25.532,89.446,,18,Rajshahi,Gaibandha,Sundarganj,Bamandaga,Bamandaga,Be,ug/L,< 0.05
S98_01805,BOA-19,1998/07/27,25.318,89.55,HTW,18,Rajshahi,Gaibandha,Gaibandha Sadar,Boalia,Boalia,Be,ug/L,< 0.05
S98_01806,GABIN-20,1998/07/27,25.134,89.387,,12,Rajshahi,Gaibandha,Gobindaganj,Gabindagons,Gabindagons,Be,ug/L,< 0.05
S98_01807,MADR-21,1998/07/22,25.109,89.036,HTW,15,Rajshahi,Jaipurhat,Jaipurhat Sadar,Madergonj,Madergonj,Be,ug/L,< 0.05
S98_01808,SANTA-22,1998/07/22,24.804,88.969,HTW,18,Rajshahi,Bogra,Adamdighi,Santahar,Santahar,Be,ug/L,< 0.05
S98_01809,GIOKU-23,1998/07/27,24.933,89.348,HTW,18,Rajshahi,Bogra,Bogra Sadar,Giokul,Giokul,Be,ug/L,< 0.05
S98_01810,PATNI-29,1998/07/22,25.05,88.75,HTW,15,Rajshahi,Naogaon,Patnitala,Patnitala,Patnitala,Be,ug/L,< 0.05
S98_01811,MAND-25,1998/07/22,24.793,88.701,HTW,30,Rajshahi,Naogaon,Manda,Manda,Manda,Be,ug/L,< 0.05
S98_01812,PIR-25,1998/07/27,22.365,89.933,,,Barisal,Pirojpur,Mathbaria,,Burirchar,Be,ug/L,< 0.05
S98_01813,RAHAN-26,1998/07/21,24.8,88.2,HTW,30,Rajshahi,Nawabganj,Gomastapur,Rahandur,Rahandur,Be,ug/L,< 0.05
S98_01814,PIR-26,1998/07/27,22.365,89.933,HTW,37,Barisal,Pirojpur,Mathbaria,,Burirchar,Be,ug/L,< 0.05
S98_01815,SHIB-27,1998/07/21,24.684,88.157,Piez,61,Rajshahi,Nawabganj,Shibganj (N),Shibgong,Shibgong,Be,ug/L,< 0.05
S98_01816,PIR-27,1998/07/27,22.365,89.933,HTW,27,Barisal,Pirojpur,Mathbaria,,Burirchar,Be,ug/L,< 0.05
S98_01817,GIODA-28,1998/07/21,24.461,88.328,HTW,30,Rajshahi,Rajshahi,Godagari,Giodagari,Giodagari,Be,ug/L,< 0.05
S98_01818,SAPU-29,1998/07/21,24.374,88.558,HTW,37,Rajshahi,Rajshahi,Rajpara,Sapura,Sapura,Be,ug/L,< 0.05
S98_01819,CHAR-30,1998/07/20,24.304,88.738,HTW,18,Rajshahi,Rajshahi,Charghat,Charghat,Charghat,Be,ug/L,< 0.05
S98_01820,NAT-31,1998/07/20,24.414,89.988,HTW,27,Rajshahi,Natore,Natore Sadar,Natore,Natore,Be,ug/L,< 0.05
S98_01821,SING-32,1998/07/20,24.506,89.143,TARA,18,Rajshahi,Natore,Singra,Singra,Singra,Be,ug/L,< 0.05
S98_01822,LAL-33,1998/07/20,24.179,88.966,HTW,27,Rajshahi,Natore,Lalpur,Lalpur,Lalpur,Be,ug/L,< 0.05
S98_01823,ROYG-34,1998/07/27,24.507,89.526,HTW,15,Rajshahi,Sirajganj,Raiganj,Roygong,Roygong,Be,ug/L,< 0.05
S98_01824,SIRA-35,1998/07/28,24.463,89.708,HTW,18,Rajshahi,Sirajganj,Sirajganj Sadar,Sirjgong,Sirjgong,Be,ug/L,< 0.05
S98_01825,CHAT-36,1998/07/20,24.15,89.261,HTW,18,Rajshahi,Pabna,Chatmohar,Chatmohur,Chatmohur,Be,ug/L,< 0.05
S98_01826,PAB-37,1998/07/19,24.006,89.235,HTW,30,Rajshahi,Pabna,Pabna Sadar,Pabna,Pabna,Be,ug/L,< 0.05
S98_01827,SUJA-38,1998/07/19,23.94,89.408,HTW,18,Rajshahi,Pabna,Sujanagar,Sujanager,Sujanager,Be,ug/L,< 0.05
S98_01828,NAGIR-39,1998/07/28,23.951,89.65,HTW,20,Rajshahi,Pabna,Bera,Nagierbari,Nagierbari,Be,ug/L,< 0.05
S98_01829,JA-40,1998/07/19,25.156,89.751,HTW,27,Dhaka,Jamalpur,Dewanganj,Chukaibari,Batheshasaria,Be,ug/L,< 0.05
S98_01830,PRAG-40,1998/07/19,24.005,88.765,TARA,113,Khulna,Kushtia,Daulatpur (Ku),Pragpur,Pragpur,Be,ug/L,< 0.05
S98_01831,HYM-41,1998/07/18,25.117,90.335,,27,Dhaka,Mymensingh,Haluaghat, Haluagher,Haluaghatthana Compn,Be,ug/L,< 0.05
S98_01832,VHAR-41,1998/07/19,24.019,88.992,HTW,,Khulna,Kushtia,Bheramara,Vharamara,Vharamara,Be,ug/L,< 0.05
S98_01833,KUST-42,1998/07/19,23.909,89.128,HTW,49,Khulna,Kushtia,Kushtia Sadar,Kushtia,Kushtia,Be,ug/L,< 0.05
S98_01834,SHER-42/A,1998/07/18,25.018,90.012,HTW,36,Rajshahi,Bogra,Sherpur,Sherpur,,Be,ug/L,< 0.05
S98_01835,MEHER-43,1998/07/19,23.761,88.632,HTW,27,Khulna,Meherpur,Meherpur Sadar,Meherpur,Meherpur,Be,ug/L,< 0.05
S98_01836,JAM-43,1998/07/20,24.758,89.835,HTW,20,Dhaka,Jamalpur,Sarishabari,Sharishabari,Sharishabari,Be,ug/L,< 0.05
S98_01837,DAR-44,1998/07/19,23.529,88.81,HTW,18,Khulna,Chuadanga,Chuadanga Sadar,Darsana,Darsana,Be,ug/L,< 0.05
S98_01838,MYM-44,1998/07/17,24.748,90.406,DTW,107,Dhaka,Mymensingh,Mymensingh Sadar,Sadar,Bagmera,Be,ug/L,< 0.05
S98_01839,JHIN-45,1998/07/18,23.547,89.165,,122,Khulna,Jhenaidah,Jhenaidah Sadar,Jhinaidha,Jhinaidha,Be,ug/L,< 0.05
S98_01840,NET-45,1998/07/17,24.866,90.722,HTW,65,Dhaka,Netrokona,Netrokona Sadar,Sadar,Netrokona,Be,ug/L,< 0.05
S98_01841,MAGU-46,1998/07/15,23.488,89.429,HTW,21,Khulna,Magura,Magura Sadar,Magura,Magura,Be,ug/L,< 0.05
S98_01842,KISH-46,1998/07/18,24.444,90.773,DTW,118,Dhaka,Kishoreganj,Kishoreganj Sadar,Goital,Kishorgorj,Be,ug/L,< 0.05
S98_01843,JES-47,1998/07/18,23.167,89.219,DTW,133,Khulna,Jessore,Jessore Sadar,Jessore,Jessore,Be,ug/L,< 0.05
S98_01844,MYM-47,1998/07/17,24.454,90.54,HTW,,Dhaka,Mymensingh,Gafargaon,Saltia,Sulhasia,Be,ug/L,< 0.05
S98_01845,NAR-48,1998/07/18,23.173,89.513,HTW,24,Khulna,Narail,Narail Sadar,Narail,Narail,Be,ug/L,< 0.05
S98_01846,KISH-48,1998/07/18,24.047,90.973,HTW,20,Dhaka,Kishoreganj,Bhairab,Bhairab,Bhairab Rly St,Be,ug/L,< 0.05
S98_01847,GODKHA-49,1998/07/15,23.059,89.077,HTW,24,Khulna,Jessore,Jhikargachha,Godkhali,Godkhali,Be,ug/L,< 0.05
S98_01848,TA-49,1998/07/20,24.605,90.024,HTW,34,Dhaka,Tangail,Madhupur,Madhupur,Madhupur,Be,ug/L,< 0.05
S98_01849,KHUL-50,1998/07/15,22.812,89.561,DTW,274,Khulna,Khulna,Khulna Sadar,Khulna,Khulna,Be,ug/L,< 0.05
S98_01850,TA-50,1998/07/20,24.24,89.909,HTW,27,Dhaka,Tangail,Tangail Sadar,Sadar,Bepari Para,Be,ug/L,< 0.05
S98_01851,SATKHR-51,1998/07/17,22.718,89.07,DTW,183,Khulna,Satkhira,Satkhira Sadar,Satkhira,Satkhira,Be,ug/L,< 0.05
S98_01852,TA-51,1998/07/20,24.108,90.076,HTW,27,Dhaka,Tangail,Mirzapur,Baithgram,Gurail,Be,ug/L,< 0.05
S98_01853,CHAL-52,1998/07/18,22.586,89.504,HTW,18,Khulna,Bagerhat,Bagerhat Sadar,Chalna,Chalna,Be,ug/L,< 0.05
S98_01854,GA-52,1998/07/17,24.197,90.474,HTW,29,Dhaka,Gazipur,Sripur,Sreepur,Sreepur,Be,ug/L,< 0.05
S98_01855,BAGIER-53,1998/07/15,22.663,89.763,,38,Khulna,Bagerhat,Bagerhat Sadar,Bagierhat,Bagierhat,Be,ug/L,< 0.05
S98_01856,NAR-53,1998/07/18,23.926,90.718,HTW,,Dhaka,Narsingdi,Narsingdi Sadar,Narshingdi,Norshindi Dak Hangloo,Be,ug/L,< 0.05
S98_01857,KHALIS-54,1998/07/18,22.548,89.538,DTW,274,Khulna,Khulna,Khulna Sadar,Khalishpur,Khalishpur,Be,ug/L,< 0.05
S98_01858,DA-54,1998/07/16,23.734,90.418,DTW,137,Dhaka,Dhaka,Motijheel,Motijheel,Pwd Colony,Be,ug/L,< 0.05
S98_01859,RJB-69,1998/07/22,23.765,89.476,HTW,22,Dhaka,Rajbari,Pangsha,,Kalukhau,Be,ug/L,< 0.05
S98_01860,RJB-70,1998/07/22,23.754,89.645,DTW,127,Dhaka,Rajbari,Rajbari Sadar,,Municipality,Be,ug/L,< 0.05
S98_01861,FAR-71,1998/07/23,23.599,89.835,DTW,84,Dhaka,Faridpur,Faridpur Sadar,,Municipal,Be,ug/L,< 0.05
S98_01862,GOP-72,1998/07/23,23.21,89.693,HTW,20,Dhaka,Gopalganj,Kashiani,,Bhatiapara,Be,ug/L,< 0.05
S98_01863,GOP-73,1998/07/23,23.005,89.823,HTW,20,Dhaka,Gopalganj,Gopalganj Sadar,Municipality,Gopalganj,Be,ug/L,< 0.05
S98_01864,MAD-74,1998/07/23,23.167,90.195,DTW,238,Dhaka,Madaripur,Madaripur Sadar,Municipality,Madaripur,Be,ug/L,< 0.05
S98_01865,BAR-75,1998/07/25,22.7,90.369,DTW,610,Barisal,Barisal,Barisal Sadar,,Barisal,Be,ug/L,< 0.05
S98_01866,PAT-77,1998/07/25,22.355,90.345,DTW,274,Barisal,Patuakhali,Patuakhali Sadar,Municipality,Patuakhali,Be,ug/L,< 0.05
S98_01867,DA-101,1998/07/21,23.51,90.217,HTW,26,Dhaka,Munshiganj,Munshiganj Sadar,Bhaishakul,Bhaishakul T Inst,Be,ug/L,< 0.05
S98_01868,DA-102,1998/07/16,23.769,90.364,DTW,53,Dhaka,Dhaka,Mohammadpur (D),Mohammedpur,Mohammedpur,Be,ug/L,< 0.05
S98_04510,GOHI-44,1998/07/29,22.1467,91.8231,Piez,265,Chittagong,Chittagong,Anowara,Gohira,UC Office,Be,ug/L,< 0.05
S98_04511,RUST-45,1998/07/29,22.1924,91.8562,HTW,146,Chittagong,Chittagong,Anowara,Battali,Battali,Be,ug/L,< 0.05
S98_04512,GOHI-46,1998/07/29,22.1467,91.8231,Piez,68,Chittagong,Chittagong,Anowara,Gohira,UC Office,Be,ug/L,< 0.05
S98_04513,COM-84,1998/07/28,23.4453,91.1722,HTW,32,Chittagong,Comilla,Comilla Sadar,Shaktala,Shaktala,Be,ug/L,< 0.05
S98_04514,DAUD-85,1998/07/28,23.536,90.7104,HTW,32,Chittagong,Comilla,Daudkandi,Daudkandi,Daudkandi Bazar,Be,ug/L,< 0.05
S98_04515,LAKS-86,1998/07/28,23.2499,91.115,HTW,23,Chittagong,Comilla,Laksam,Nabaratpur,Nabaratpur,Be,ug/L,< 0.05
S98_04516,HAJ-87,1998/07/31,23.2484,90.8696,DTW,107,Chittagong,Chandpur,Hajiganj,Aligonj,Aligonj H complex,Be,ug/L,< 0.05
S98_04517,CHAN-88,1998/07/31,23.2342,90.6673,HTW,168,Chittagong,Chandpur,Chandpur Sadar,Shologhar,Shologhar,Be,ug/L,< 0.05
S98_04518,NOA-89,1998/07/28,22.8334,91.0955,HTW,11,Chittagong,Noakhali,Noakhali Sadar,Sonapur,Sonapur,Be,ug/L,< 0.05
S98_04519,FENI-90,1998/07/28,23.0053,91.3866,HTW,13,Chittagong,Feni,Feni Sadar,Pachgadria,Feni Rest House,Be,ug/L,< 0.05
S98_04520,MIR-91,1998/07/28,22.7761,91.5656,HTW,25,Chittagong,Chittagong,Mirsharai,PS,Miraswarai,Be,ug/L,< 0.05
S98_04521,CTG-92,1998/07/29,22.4735,91.7891,DTW,110,Chittagong,Chittagong,Hathazari,Hathajani,University,Be,ug/L,0.12
S98_04522,CTG-93,1998/07/29,22.3704,91.8442,DTW,146,Chittagong,Chittagong,Chandgaon,Chandgown,Chandgown,Be,ug/L,< 0.05
S98_04523,ANWA-94,1998/07/29,22.2234,91.898,HTW,43,Chittagong,Chittagong,Anowara,Anwara,Thana Parishad Office,Be,ug/L,< 0.05
S98_04524,SAT-95,1998/07/29,22.0721,92.0479,HTW,31,Chittagong,Chittagong,Satkania,Satkania,Satkania,Be,ug/L,< 0.05
S98_04525,COX-99,1998/07/30,21.4349,91.9656,HTW,10,Chittagong,Cox's Bazar,Cox's Bazar Sadar,,BWDB rest house,Be,ug/L,< 0.05
S98_04526,UKHI-100,1998/07/30,21.2432,92.1325,DTW,52,Chittagong,Cox's Bazar,Ukhia,Ukhia,Ukhia Bazar,Be,ug/L,< 0.05
S99_00796,SAN-43(CS),1999/04/06,22.4815,91.4285,Piez,56.96,Chittagong,Chittagong,Sandwip,Rahamatpur,Rahamatpur,Be,ug/L,
S99_00797,SAN-42(CMD),1999/04/06,22.4815,91.4285,Piez,160.92,Chittagong,Chittagong,Sandwip,Rahamatpur,Rahamatpur,Be,ug/L,
S99_00798,SAN-41(CD),1999/04/06,22.4815,91.4285,Piez,261.94,Chittagong,Chittagong,Sandwip,Rahamatpur,Rahamatpur,Be,ug/L,
S99_00799,MOH-98,1999/05/28,21.517,91.9584,Piez,7.32,Chittagong,Cox's Bazar,Maheshkhali,Gorukghata,Gorukghata,Be,ug/L,
S99_00800,KUT-97,1999/05/30,21.8128,91.8449,Piez,542.68,Chittagong,Cox's Bazar,Kutubdia,Baraghope,Baraghope,Be,ug/L,
S99_00801,SAND-9,1999/03/06,22.4817,91.4332,Piez,329.26,Chittagong,Chittagong,Sandwip,BWDB Guest house,BWDB Guest house,Be,ug/L,
S99_00802,AKHA-82,1999/05/24,23.8659,91.201,HTW,18.3,Chittagong,Brahamanbaria,Akhaura,Railway station,Railway station,Be,ug/L,
S99_00803,MUR-83,1999/05/24,23.7627,90.9899,HTW,26.22,Chittagong,Comilla,Muradnagar,Kasimpur,Kasimpur,Be,ug/L,
S99_00804,CHU-81,1999/05/25,24.1945,91.5138,HTW,30.5,Sylhet,Habiganj,Chunarughat,Chunarughat Bazar,Chunarughat Bazar,Be,ug/L,
S99_00805,HABI-80,1999/05/25,24.3776,91.4083,HTW,36.59,Sylhet,Habiganj,Habiganj Sadar,Rajanagar,Rajanagar,Be,ug/L,
S99_00806,MVI-79,1999/05/25,24.4696,91.7603,HTW,30.5,Sylhet,Maulvibazar,Maulvi Bazar Sadar,Sultanpur,Sultanpur,Be,ug/L,
S99_00807,SYL-78,1998/05/25,24.8795,91.8605,HTW,30.5,Sylhet,Sylhet,Sylhet Sadar,Railway station,Railway station,Be,ug/L,
S98_01785,SAT-1,1998/07/23,26.479,88.514,HTW,9,Rajshahi,Panchagarh,Tetulia,Satmara,Satmara,Ca,mg/L,13.6
S98_01786,130DA-2,,25.7,88.5,HTW,15,Rajshahi,Panchagarh,Boda,Boda,Boda,Ca,mg/L,12.8
S98_01787,TA-2/B,1998/07/20,24.088,90.17,HTW,37,Dhaka,Tangail,Mirzapur,Gurai,Gurai,Ca,mg/L,28.8
S98_01788,BALI-3,1998/07/23,26.083,88.279,HTW,18,Rajshahi,Thakurgaon,Baliadangi,Baliadanga,Baliadanga,Ca,mg/L,15.8
S98_01789,SALN-4,1998/07/23,26.054,88.533,HTW,37,Rajshahi,Thakurgaon,Thakurgaon Sadar,Salander,Salander,Ca,mg/L,9.24
S98_01790,JA-4/B,1998/07/19,24.91,89.946,HTW,26,Dhaka,Jamalpur,Jamalpur Sadar,Jamalpur,Fulbaria,Ca,mg/L,20.6
S98_01791,KABIR-5,1998/07/24,25.903,88.6,HTW,30,Rajshahi,Dinajpur,Birganj,Birgong,Kbirashat,Ca,mg/L,13.7
S98_01792,RANI-6,1998/07/23,25.901,88.254,HTW,30,Rajshahi,Thakurgaon,Ranisankail,Ranisanwail,Ranisanwail,Ca,mg/L,22.3
S98_01793,SIBRM-7,1998/07/24,25.665,88.652,HTW,18,Rajshahi,Dinajpur,Dinajpur Sadar,Sibrampur,Sibrampur,Ca,mg/L,4.55
S98_01794,PARBT-8,1998/07/24,25.653,88.915,HTW,20,Rajshahi,Dinajpur,Parbatipur,Parbatipur,Parbatipur,Ca,mg/L,23.8
S98_01795,HAKM-9,1998/07/22,25.288,89.021,HTW,21,Rajshahi,Dinajpur,Hakimpur,Hakimpur,Hakimpur,Ca,mg/L,21.9
S98_01796,CHIL-10,1998/07/25,26.1,88.8,HTW,24,Rajshahi,Nilphamari,Domar,Chilahati,Chilahati,Ca,mg/L,15.5
S98_01797,NIL-11,1998/07/24,25.9,88.8,HTW,18,Rajshahi,Nilphamari,Nilphamari Sadar,Nilphamari,Nilphamari,Ca,mg/L,13.8
S98_01798,BRUT-12,1998/07/25,26.203,89.11,HTW,,Rajshahi,Lalmonirhat,Hatibandha,Barakhta,Barakhta,Ca,mg/L,16.4
S98_01799,JAL-13,1998/07/25,25.931,88.838,HTW,27,Rajshahi,Nilphamari,Jaldhaka,Jaldhaka,Jaldhaka,Ca,mg/L,8.09
S98_01800,RANG-14,1998/07/26,25.752,89.253,HTW,18,Rajshahi,Rangpur,Rangpur Sadar,Rangipur,Rangipur,Ca,mg/L,13.3
S98_01801,LALM-15,1998/07/25,25.913,89.436,HTW,14,Rajshahi,Lalmonirhat,Lalmonirhat Sadar,Lalmonihat,Lalmonihat,Ca,mg/L,9.19
S98_01802,NAGUR-16,1998/07/26,25.965,89.671,HTW,18,Rajshahi,Kurigram,Nageshwari,Nagieshwari,Nagieshwari,Ca,mg/L,41.6
S98_01803,ULI-17,1998/07/26,25.653,89.623,HTW,18,Rajshahi,Kurigram,Ulipur,Ulipur,Ulipur,Ca,mg/L,19.7
S98_01804,BAMAN,1998/07/26,25.532,89.446,,18,Rajshahi,Gaibandha,Sundarganj,Bamandaga,Bamandaga,Ca,mg/L,36.2
S98_01805,BOA-19,1998/07/27,25.318,89.55,HTW,18,Rajshahi,Gaibandha,Gaibandha Sadar,Boalia,Boalia,Ca,mg/L,28.9
S98_01806,GABIN-20,1998/07/27,25.134,89.387,,12,Rajshahi,Gaibandha,Gobindaganj,Gabindagons,Gabindagons,Ca,mg/L,25.9
S98_01807,MADR-21,1998/07/22,25.109,89.036,HTW,15,Rajshahi,Jaipurhat,Jaipurhat Sadar,Madergonj,Madergonj,Ca,mg/L,21.8
S98_01808,SANTA-22,1998/07/22,24.804,88.969,HTW,18,Rajshahi,Bogra,Adamdighi,Santahar,Santahar,Ca,mg/L,62.6
S98_01809,GIOKU-23,1998/07/27,24.933,89.348,HTW,18,Rajshahi,Bogra,Bogra Sadar,Giokul,Giokul,Ca,mg/L,11
S98_01810,PATNI-29,1998/07/22,25.05,88.75,HTW,15,Rajshahi,Naogaon,Patnitala,Patnitala,Patnitala,Ca,mg/L,6.42
S98_01811,MAND-25,1998/07/22,24.793,88.701,HTW,30,Rajshahi,Naogaon,Manda,Manda,Manda,Ca,mg/L,10.7
S98_01812,PIR-25,1998/07/27,22.365,89.933,,,Barisal,Pirojpur,Mathbaria,,Burirchar,Ca,mg/L,35
S98_01813,RAHAN-26,1998/07/21,24.8,88.2,HTW,30,Rajshahi,Nawabganj,Gomastapur,Rahandur,Rahandur,Ca,mg/L,56.4
S98_01814,PIR-26,1998/07/27,22.365,89.933,HTW,37,Barisal,Pirojpur,Mathbaria,,Burirchar,Ca,mg/L,105
S98_01815,SHIB-27,1998/07/21,24.684,88.157,Piez,61,Rajshahi,Nawabganj,Shibganj (N),Shibgong,Shibgong,Ca,mg/L,137
S98_01816,PIR-27,1998/07/27,22.365,89.933,HTW,27,Barisal,Pirojpur,Mathbaria,,Burirchar,Ca,mg/L,17.3
S98_01817,GIODA-28,1998/07/21,24.461,88.328,HTW,30,Rajshahi,Rajshahi,Godagari,Giodagari,Giodagari,Ca,mg/L,37.3
S98_01818,SAPU-29,1998/07/21,24.374,88.558,HTW,37,Rajshahi,Rajshahi,Rajpara,Sapura,Sapura,Ca,mg/L,148
S98_01819,CHAR-30,1998/07/20,24.304,88.738,HTW,18,Rajshahi,Rajshahi,Charghat,Charghat,Charghat,Ca,mg/L,138
S98_01820,NAT-31,1998/07/20,24.414,89.988,HTW,27,Rajshahi,Natore,Natore Sadar,Natore,Natore,Ca,mg/L,177
S98_01821,SING-32,1998/07/20,24.506,89.143,TARA,18,Rajshahi,Natore,Singra,Singra,Singra,Ca,mg/L,159
S98_01822,LAL-33,1998/07/20,24.179,88.966,HTW,27,Rajshahi,Natore,Lalpur,Lalpur,Lalpur,Ca,mg/L,109
S98_01823,ROYG-34,1998/07/27,24.507,89.526,HTW,15,Rajshahi,Sirajganj,Raiganj,Roygong,Roygong,Ca,mg/L,22.6
S98_01824,SIRA-35,1998/07/28,24.463,89.708,HTW,18,Rajshahi,Sirajganj,Sirajganj Sadar,Sirjgong,Sirjgong,Ca,mg/L,21.6
S98_01825,CHAT-36,1998/07/20,24.15,89.261,HTW,18,Rajshahi,Pabna,Chatmohar,Chatmohur,Chatmohur,Ca,mg/L,108
S98_01826,PAB-37,1998/07/19,24.006,89.235,HTW,30,Rajshahi,Pabna,Pabna Sadar,Pabna,Pabna,Ca,mg/L,114
S98_01827,SUJA-38,1998/07/19,23.94,89.408,HTW,18,Rajshahi,Pabna,Sujanagar,Sujanager,Sujanager,Ca,mg/L,91.5
S98_01828,NAGIR-39,1998/07/28,23.951,89.65,HTW,20,Rajshahi,Pabna,Bera,Nagierbari,Nagierbari,Ca,mg/L,127
S98_01829,JA-40,1998/07/19,25.156,89.751,HTW,27,Dhaka,Jamalpur,Dewanganj,Chukaibari,Batheshasaria,Ca,mg/L,37
S98_01830,PRAG-40,1998/07/19,24.005,88.765,TARA,113,Khulna,Kushtia,Daulatpur (Ku),Pragpur,Pragpur,Ca,mg/L,118
S98_01831,HYM-41,1998/07/18,25.117,90.335,,27,Dhaka,Mymensingh,Haluaghat, Haluagher,Haluaghatthana Compn,Ca,mg/L,19
S98_01832,VHAR-41,1998/07/19,24.019,88.992,HTW,,Khulna,Kushtia,Bheramara,Vharamara,Vharamara,Ca,mg/L,125
S98_01833,KUST-42,1998/07/19,23.909,89.128,HTW,49,Khulna,Kushtia,Kushtia Sadar,Kushtia,Kushtia,Ca,mg/L,102
S98_01834,SHER-42/A,1998/07/18,25.018,90.012,HTW,36,Rajshahi,Bogra,Sherpur,Sherpur,,Ca,mg/L,41
S98_01835,MEHER-43,1998/07/19,23.761,88.632,HTW,27,Khulna,Meherpur,Meherpur Sadar,Meherpur,Meherpur,Ca,mg/L,106
S98_01836,JAM-43,1998/07/20,24.758,89.835,HTW,20,Dhaka,Jamalpur,Sarishabari,Sharishabari,Sharishabari,Ca,mg/L,36.1
S98_01837,DAR-44,1998/07/19,23.529,88.81,HTW,18,Khulna,Chuadanga,Chuadanga Sadar,Darsana,Darsana,Ca,mg/L,183
S98_01838,MYM-44,1998/07/17,24.748,90.406,DTW,107,Dhaka,Mymensingh,Mymensingh Sadar,Sadar,Bagmera,Ca,mg/L,28.4
S98_01839,JHIN-45,1998/07/18,23.547,89.165,,122,Khulna,Jhenaidah,Jhenaidah Sadar,Jhinaidha,Jhinaidha,Ca,mg/L,69.5
S98_01840,NET-45,1998/07/17,24.866,90.722,HTW,65,Dhaka,Netrokona,Netrokona Sadar,Sadar,Netrokona,Ca,mg/L,37.8
S98_01841,MAGU-46,1998/07/15,23.488,89.429,HTW,21,Khulna,Magura,Magura Sadar,Magura,Magura,Ca,mg/L,132
S98_01842,KISH-46,1998/07/18,24.444,90.773,DTW,118,Dhaka,Kishoreganj,Kishoreganj Sadar,Goital,Kishorgorj,Ca,mg/L,22.9
S98_01843,JES-47,1998/07/18,23.167,89.219,DTW,133,Khulna,Jessore,Jessore Sadar,Jessore,Jessore,Ca,mg/L,113
S98_01844,MYM-47,1998/07/17,24.454,90.54,HTW,,Dhaka,Mymensingh,Gafargaon,Saltia,Sulhasia,Ca,mg/L,33.4
S98_01845,NAR-48,1998/07/18,23.173,89.513,HTW,24,Khulna,Narail,Narail Sadar,Narail,Narail,Ca,mg/L,63.6
S98_01846,KISH-48,1998/07/18,24.047,90.973,HTW,20,Dhaka,Kishoreganj,Bhairab,Bhairab,Bhairab Rly St,Ca,mg/L,69.8
S98_01847,GODKHA-49,1998/07/15,23.059,89.077,HTW,24,Khulna,Jessore,Jhikargachha,Godkhali,Godkhali,Ca,mg/L,95.2
S98_01848,TA-49,1998/07/20,24.605,90.024,HTW,34,Dhaka,Tangail,Madhupur,Madhupur,Madhupur,Ca,mg/L,16.6
S98_01849,KHUL-50,1998/07/15,22.812,89.561,DTW,274,Khulna,Khulna,Khulna Sadar,Khulna,Khulna,Ca,mg/L,44.6
S98_01850,TA-50,1998/07/20,24.24,89.909,HTW,27,Dhaka,Tangail,Tangail Sadar,Sadar,Bepari Para,Ca,mg/L,48.1
S98_01851,SATKHR-51,1998/07/17,22.718,89.07,DTW,183,Khulna,Satkhira,Satkhira Sadar,Satkhira,Satkhira,Ca,mg/L,166
S98_01852,TA-51,1998/07/20,24.108,90.076,HTW,27,Dhaka,Tangail,Mirzapur,Baithgram,Gurail,Ca,mg/L,32.3
S98_01853,CHAL-52,1998/07/18,22.586,89.504,HTW,18,Khulna,Bagerhat,Bagerhat Sadar,Chalna,Chalna,Ca,mg/L,31.1
S98_01854,GA-52,1998/07/17,24.197,90.474,HTW,29,Dhaka,Gazipur,Sripur,Sreepur,Sreepur,Ca,mg/L,19.8
S98_01855,BAGIER-53,1998/07/15,22.663,89.763,,38,Khulna,Bagerhat,Bagerhat Sadar,Bagierhat,Bagierhat,Ca,mg/L,128
S98_01856,NAR-53,1998/07/18,23.926,90.718,HTW,,Dhaka,Narsingdi,Narsingdi Sadar,Narshingdi,Norshindi Dak Hangloo,Ca,mg/L,57.1
S98_01857,KHALIS-54,1998/07/18,22.548,89.538,DTW,274,Khulna,Khulna,Khulna Sadar,Khalishpur,Khalishpur,Ca,mg/L,45.2
S98_01858,DA-54,1998/07/16,23.734,90.418,DTW,137,Dhaka,Dhaka,Motijheel,Motijheel,Pwd Colony,Ca,mg/L,26.2
S98_01859,RJB-69,1998/07/22,23.765,89.476,HTW,22,Dhaka,Rajbari,Pangsha,,Kalukhau,Ca,mg/L,79.2
S98_01860,RJB-70,1998/07/22,23.754,89.645,DTW,127,Dhaka,Rajbari,Rajbari Sadar,,Municipality,Ca,mg/L,97.7
S98_01861,FAR-71,1998/07/23,23.599,89.835,DTW,84,Dhaka,Faridpur,Faridpur Sadar,,Municipal,Ca,mg/L,106
S98_01862,GOP-72,1998/07/23,23.21,89.693,HTW,20,Dhaka,Gopalganj,Kashiani,,Bhatiapara,Ca,mg/L,150
S98_01863,GOP-73,1998/07/23,23.005,89.823,HTW,20,Dhaka,Gopalganj,Gopalganj Sadar,Municipality,Gopalganj,Ca,mg/L,108
S98_01864,MAD-74,1998/07/23,23.167,90.195,DTW,238,Dhaka,Madaripur,Madaripur Sadar,Municipality,Madaripur,Ca,mg/L,80.4
S98_01865,BAR-75,1998/07/25,22.7,90.369,DTW,610,Barisal,Barisal,Barisal Sadar,,Barisal,Ca,mg/L,7.59
S98_01866,PAT-77,1998/07/25,22.355,90.345,DTW,274,Barisal,Patuakhali,Patuakhali Sadar,Municipality,Patuakhali,Ca,mg/L,6.11
S98_01867,DA-101,1998/07/21,23.51,90.217,HTW,26,Dhaka,Munshiganj,Munshiganj Sadar,Bhaishakul,Bhaishakul T Inst,Ca,mg/L,65
S98_01868,DA-102,1998/07/16,23.769,90.364,DTW,53,Dhaka,Dhaka,Mohammadpur (D),Mohammedpur,Mohammedpur,Ca,mg/L,29
S98_04510,GOHI-44,1998/07/29,22.1467,91.8231,Piez,265,Chittagong,Chittagong,Anowara,Gohira,UC Office,Ca,mg/L,46.8
S98_04511,RUST-45,1998/07/29,22.1924,91.8562,HTW,146,Chittagong,Chittagong,Anowara,Battali,Battali,Ca,mg/L,19.3
S98_04512,GOHI-46,1998/07/29,22.1467,91.8231,Piez,68,Chittagong,Chittagong,Anowara,Gohira,UC Office,Ca,mg/L,25.8
S98_04513,COM-84,1998/07/28,23.4453,91.1722,HTW,32,Chittagong,Comilla,Comilla Sadar,Shaktala,Shaktala,Ca,mg/L,22.3
S98_04514,DAUD-85,1998/07/28,23.536,90.7104,HTW,32,Chittagong,Comilla,Daudkandi,Daudkandi,Daudkandi Bazar,Ca,mg/L,84.6
S98_04515,LAKS-86,1998/07/28,23.2499,91.115,HTW,23,Chittagong,Comilla,Laksam,Nabaratpur,Nabaratpur,Ca,mg/L,33.6
S98_04516,HAJ-87,1998/07/31,23.2484,90.8696,DTW,107,Chittagong,Chandpur,Hajiganj,Aligonj,Aligonj H complex,Ca,mg/L,41.8
S98_04517,CHAN-88,1998/07/31,23.2342,90.6673,HTW,168,Chittagong,Chandpur,Chandpur Sadar,Shologhar,Shologhar,Ca,mg/L,57.3
S98_04518,NOA-89,1998/07/28,22.8334,91.0955,HTW,11,Chittagong,Noakhali,Noakhali Sadar,Sonapur,Sonapur,Ca,mg/L,33.4
S98_04519,FENI-90,1998/07/28,23.0053,91.3866,HTW,13,Chittagong,Feni,Feni Sadar,Pachgadria,Feni Rest House,Ca,mg/L,26
S98_04520,MIR-91,1998/07/28,22.7761,91.5656,HTW,25,Chittagong,Chittagong,Mirsharai,PS,Miraswarai,Ca,mg/L,20
S98_04521,CTG-92,1998/07/29,22.4735,91.7891,DTW,110,Chittagong,Chittagong,Hathazari,Hathajani,University,Ca,mg/L,2.93
S98_04522,CTG-93,1998/07/29,22.3704,91.8442,DTW,146,Chittagong,Chittagong,Chandgaon,Chandgown,Chandgown,Ca,mg/L,6.28
S98_04523,ANWA-94,1998/07/29,22.2234,91.898,HTW,43,Chittagong,Chittagong,Anowara,Anwara,Thana Parishad Office,Ca,mg/L,26.7
S98_04524,SAT-95,1998/07/29,22.0721,92.0479,HTW,31,Chittagong,Chittagong,Satkania,Satkania,Satkania,Ca,mg/L,3.74
S98_04525,COX-99,1998/07/30,21.4349,91.9656,HTW,10,Chittagong,Cox's Bazar,Cox's Bazar Sadar,,BWDB rest house,Ca,mg/L,79.1
S98_04526,UKHI-100,1998/07/30,21.2432,92.1325,DTW,52,Chittagong,Cox's Bazar,Ukhia,Ukhia,Ukhia Bazar,Ca,mg/L,4.44
S99_00796,SAN-43(CS),1999/04/06,22.4815,91.4285,Piez,56.96,Chittagong,Chittagong,Sandwip,Rahamatpur,Rahamatpur,Ca,mg/L,37.7
S99_00797,SAN-42(CMD),1999/04/06,22.4815,91.4285,Piez,160.92,Chittagong,Chittagong,Sandwip,Rahamatpur,Rahamatpur,Ca,mg/L,35.5
S99_00798,SAN-41(CD),1999/04/06,22.4815,91.4285,Piez,261.94,Chittagong,Chittagong,Sandwip,Rahamatpur,Rahamatpur,Ca,mg/L,106
S99_00799,MOH-98,1999/05/28,21.517,91.9584,Piez,7.32,Chittagong,Cox's Bazar,Maheshkhali,Gorukghata,Gorukghata,Ca,mg/L,29.1
S99_00800,KUT-97,1999/05/30,21.8128,91.8449,Piez,542.68,Chittagong,Cox's Bazar,Kutubdia,Baraghope,Baraghope,Ca,mg/L,22.8
S99_00801,SAND-9,1999/03/06,22.4817,91.4332,Piez,329.26,Chittagong,Chittagong,Sandwip,BWDB Guest house,BWDB Guest house,Ca,mg/L,125
S99_00802,AKHA-82,1999/05/24,23.8659,91.201,HTW,18.3,Chittagong,Brahamanbaria,Akhaura,Railway station,Railway station,Ca,mg/L,17.7
S99_00803,MUR-83,1999/05/24,23.7627,90.9899,HTW,26.22,Chittagong,Comilla,Muradnagar,Kasimpur,Kasimpur,Ca,mg/L,41.1
S99_00804,CHU-81,1999/05/25,24.1945,91.5138,HTW,30.5,Sylhet,Habiganj,Chunarughat,Chunarughat Bazar,Chunarughat Bazar,Ca,mg/L,9.5
S99_00805,HABI-80,1999/05/25,24.3776,91.4083,HTW,36.59,Sylhet,Habiganj,Habiganj Sadar,Rajanagar,Rajanagar,Ca,mg/L,16.7
S99_00806,MVI-79,1999/05/25,24.4696,91.7603,HTW,30.5,Sylhet,Maulvibazar,Maulvi Bazar Sadar,Sultanpur,Sultanpur,Ca,mg/L,9.3
S99_00807,SYL-78,1998/05/25,24.8795,91.8605,HTW,30.5,Sylhet,Sylhet,Sylhet Sadar,Railway station,Railway station,Ca,mg/L,3.5
S98_01785,SAT-1,1998/07/23,26.479,88.514,HTW,9,Rajshahi,Panchagarh,Tetulia,Satmara,Satmara,Cd,ug/L,0.28
S98_01786,130DA-2,,25.7,88.5,HTW,15,Rajshahi,Panchagarh,Boda,Boda,Boda,Cd,ug/L,0.19
S98_01787,TA-2/B,1998/07/20,24.088,90.17,HTW,37,Dhaka,Tangail,Mirzapur,Gurai,Gurai,Cd,ug/L,< 0.02
S98_01788,BALI-3,1998/07/23,26.083,88.279,HTW,18,Rajshahi,Thakurgaon,Baliadangi,Baliadanga,Baliadanga,Cd,ug/L,0.27
S98_01789,SALN-4,1998/07/23,26.054,88.533,HTW,37,Rajshahi,Thakurgaon,Thakurgaon Sadar,Salander,Salander,Cd,ug/L,0.12
S98_01790,JA-4/B,1998/07/19,24.91,89.946,HTW,26,Dhaka,Jamalpur,Jamalpur Sadar,Jamalpur,Fulbaria,Cd,ug/L,< 0.02
S98_01791,KABIR-5,1998/07/24,25.903,88.6,HTW,30,Rajshahi,Dinajpur,Birganj,Birgong,Kbirashat,Cd,ug/L,0.12
S98_01792,RANI-6,1998/07/23,25.901,88.254,HTW,30,Rajshahi,Thakurgaon,Ranisankail,Ranisanwail,Ranisanwail,Cd,ug/L,0.66
S98_01793,SIBRM-7,1998/07/24,25.665,88.652,HTW,18,Rajshahi,Dinajpur,Dinajpur Sadar,Sibrampur,Sibrampur,Cd,ug/L,0.16
S98_01794,PARBT-8,1998/07/24,25.653,88.915,HTW,20,Rajshahi,Dinajpur,Parbatipur,Parbatipur,Parbatipur,Cd,ug/L,0.14
S98_01795,HAKM-9,1998/07/22,25.288,89.021,HTW,21,Rajshahi,Dinajpur,Hakimpur,Hakimpur,Hakimpur,Cd,ug/L,0.08
S98_01796,CHIL-10,1998/07/25,26.1,88.8,HTW,24,Rajshahi,Nilphamari,Domar,Chilahati,Chilahati,Cd,ug/L,0.06
S98_01797,NIL-11,1998/07/24,25.9,88.8,HTW,18,Rajshahi,Nilphamari,Nilphamari Sadar,Nilphamari,Nilphamari,Cd,ug/L,0.02
S98_01798,BRUT-12,1998/07/25,26.203,89.11,HTW,,Rajshahi,Lalmonirhat,Hatibandha,Barakhta,Barakhta,Cd,ug/L,0.39
S98_01799,JAL-13,1998/07/25,25.931,88.838,HTW,27,Rajshahi,Nilphamari,Jaldhaka,Jaldhaka,Jaldhaka,Cd,ug/L,0.06
S98_01800,RANG-14,1998/07/26,25.752,89.253,HTW,18,Rajshahi,Rangpur,Rangpur Sadar,Rangipur,Rangipur,Cd,ug/L,0.15
S98_01801,LALM-15,1998/07/25,25.913,89.436,HTW,14,Rajshahi,Lalmonirhat,Lalmonirhat Sadar,Lalmonihat,Lalmonihat,Cd,ug/L,0.09
S98_01802,NAGUR-16,1998/07/26,25.965,89.671,HTW,18,Rajshahi,Kurigram,Nageshwari,Nagieshwari,Nagieshwari,Cd,ug/L,0.2
S98_01803,ULI-17,1998/07/26,25.653,89.623,HTW,18,Rajshahi,Kurigram,Ulipur,Ulipur,Ulipur,Cd,ug/L,0.08
S98_01804,BAMAN,1998/07/26,25.532,89.446,,18,Rajshahi,Gaibandha,Sundarganj,Bamandaga,Bamandaga,Cd,ug/L,0.07
S98_01805,BOA-19,1998/07/27,25.318,89.55,HTW,18,Rajshahi,Gaibandha,Gaibandha Sadar,Boalia,Boalia,Cd,ug/L,< 0.02
S98_01806,GABIN-20,1998/07/27,25.134,89.387,,12,Rajshahi,Gaibandha,Gobindaganj,Gabindagons,Gabindagons,Cd,ug/L,0.05
S98_01807,MADR-21,1998/07/22,25.109,89.036,HTW,15,Rajshahi,Jaipurhat,Jaipurhat Sadar,Madergonj,Madergonj,Cd,ug/L,0.16
S98_01808,SANTA-22,1998/07/22,24.804,88.969,HTW,18,Rajshahi,Bogra,Adamdighi,Santahar,Santahar,Cd,ug/L,0.11
S98_01809,GIOKU-23,1998/07/27,24.933,89.348,HTW,18,Rajshahi,Bogra,Bogra Sadar,Giokul,Giokul,Cd,ug/L,0.08
S98_01810,PATNI-29,1998/07/22,25.05,88.75,HTW,15,Rajshahi,Naogaon,Patnitala,Patnitala,Patnitala,Cd,ug/L,< 0.02
S98_01811,MAND-25,1998/07/22,24.793,88.701,HTW,30,Rajshahi,Naogaon,Manda,Manda,Manda,Cd,ug/L,0.05
S98_01812,PIR-25,1998/07/27,22.365,89.933,,,Barisal,Pirojpur,Mathbaria,,Burirchar,Cd,ug/L,< 0.02
S98_01813,RAHAN-26,1998/07/21,24.8,88.2,HTW,30,Rajshahi,Nawabganj,Gomastapur,Rahandur,Rahandur,Cd,ug/L,< 0.02
S98_01814,PIR-26,1998/07/27,22.365,89.933,HTW,37,Barisal,Pirojpur,Mathbaria,,Burirchar,Cd,ug/L,0.09
S98_01815,SHIB-27,1998/07/21,24.684,88.157,Piez,61,Rajshahi,Nawabganj,Shibganj (N),Shibgong,Shibgong,Cd,ug/L,0.03
S98_01816,PIR-27,1998/07/27,22.365,89.933,HTW,27,Barisal,Pirojpur,Mathbaria,,Burirchar,Cd,ug/L,0.05
S98_01817,GIODA-28,1998/07/21,24.461,88.328,HTW,30,Rajshahi,Rajshahi,Godagari,Giodagari,Giodagari,Cd,ug/L,< 0.02
S98_01818,SAPU-29,1998/07/21,24.374,88.558,HTW,37,Rajshahi,Rajshahi,Rajpara,Sapura,Sapura,Cd,ug/L,< 0.02
S98_01819,CHAR-30,1998/07/20,24.304,88.738,HTW,18,Rajshahi,Rajshahi,Charghat,Charghat,Charghat,Cd,ug/L,0.02
S98_01820,NAT-31,1998/07/20,24.414,89.988,HTW,27,Rajshahi,Natore,Natore Sadar,Natore,Natore,Cd,ug/L,0.03
S98_01821,SING-32,1998/07/20,24.506,89.143,TARA,18,Rajshahi,Natore,Singra,Singra,Singra,Cd,ug/L,0.03
S98_01822,LAL-33,1998/07/20,24.179,88.966,HTW,27,Rajshahi,Natore,Lalpur,Lalpur,Lalpur,Cd,ug/L,0.11
S98_01823,ROYG-34,1998/07/27,24.507,89.526,HTW,15,Rajshahi,Sirajganj,Raiganj,Roygong,Roygong,Cd,ug/L,0.06
S98_01824,SIRA-35,1998/07/28,24.463,89.708,HTW,18,Rajshahi,Sirajganj,Sirajganj Sadar,Sirjgong,Sirjgong,Cd,ug/L,0.06
S98_01825,CHAT-36,1998/07/20,24.15,89.261,HTW,18,Rajshahi,Pabna,Chatmohar,Chatmohur,Chatmohur,Cd,ug/L,0.03
S98_01826,PAB-37,1998/07/19,24.006,89.235,HTW,30,Rajshahi,Pabna,Pabna Sadar,Pabna,Pabna,Cd,ug/L,0.02
S98_01827,SUJA-38,1998/07/19,23.94,89.408,HTW,18,Rajshahi,Pabna,Sujanagar,Sujanager,Sujanager,Cd,ug/L,0.07
S98_01828,NAGIR-39,1998/07/28,23.951,89.65,HTW,20,Rajshahi,Pabna,Bera,Nagierbari,Nagierbari,Cd,ug/L,0.09
S98_01829,JA-40,1998/07/19,25.156,89.751,HTW,27,Dhaka,Jamalpur,Dewanganj,Chukaibari,Batheshasaria,Cd,ug/L,< 0.02
S98_01830,PRAG-40,1998/07/19,24.005,88.765,TARA,113,Khulna,Kushtia,Daulatpur (Ku),Pragpur,Pragpur,Cd,ug/L,< 0.02
S98_01831,HYM-41,1998/07/18,25.117,90.335,,27,Dhaka,Mymensingh,Haluaghat, Haluagher,Haluaghatthana Compn,Cd,ug/L,< 0.02
S98_01832,VHAR-41,1998/07/19,24.019,88.992,HTW,,Khulna,Kushtia,Bheramara,Vharamara,Vharamara,Cd,ug/L,0.04
S98_01833,KUST-42,1998/07/19,23.909,89.128,HTW,49,Khulna,Kushtia,Kushtia Sadar,Kushtia,Kushtia,Cd,ug/L,0.07
S98_01834,SHER-42/A,1998/07/18,25.018,90.012,HTW,36,Rajshahi,Bogra,Sherpur,Sherpur,,Cd,ug/L,< 0.02
S98_01835,MEHER-43,1998/07/19,23.761,88.632,HTW,27,Khulna,Meherpur,Meherpur Sadar,Meherpur,Meherpur,Cd,ug/L,< 0.02
S98_01836,JAM-43,1998/07/20,24.758,89.835,HTW,20,Dhaka,Jamalpur,Sarishabari,Sharishabari,Sharishabari,Cd,ug/L,0.03
S98_01837,DAR-44,1998/07/19,23.529,88.81,HTW,18,Khulna,Chuadanga,Chuadanga Sadar,Darsana,Darsana,Cd,ug/L,0.04
S98_01838,MYM-44,1998/07/17,24.748,90.406,DTW,107,Dhaka,Mymensingh,Mymensingh Sadar,Sadar,Bagmera,Cd,ug/L,< 0.02
S98_01839,JHIN-45,1998/07/18,23.547,89.165,,122,Khulna,Jhenaidah,Jhenaidah Sadar,Jhinaidha,Jhinaidha,Cd,ug/L,0.04
S98_01840,NET-45,1998/07/17,24.866,90.722,HTW,65,Dhaka,Netrokona,Netrokona Sadar,Sadar,Netrokona,Cd,ug/L,< 0.02
S98_01841,MAGU-46,1998/07/15,23.488,89.429,HTW,21,Khulna,Magura,Magura Sadar,Magura,Magura,Cd,ug/L,0.02
S98_01842,KISH-46,1998/07/18,24.444,90.773,DTW,118,Dhaka,Kishoreganj,Kishoreganj Sadar,Goital,Kishorgorj,Cd,ug/L,< 0.02
S98_01843,JES-47,1998/07/18,23.167,89.219,DTW,133,Khulna,Jessore,Jessore Sadar,Jessore,Jessore,Cd,ug/L,< 0.02
S98_01844,MYM-47,1998/07/17,24.454,90.54,HTW,,Dhaka,Mymensingh,Gafargaon,Saltia,Sulhasia,Cd,ug/L,< 0.02
S98_01845,NAR-48,1998/07/18,23.173,89.513,HTW,24,Khulna,Narail,Narail Sadar,Narail,Narail,Cd,ug/L,< 0.02
S98_01846,KISH-48,1998/07/18,24.047,90.973,HTW,20,Dhaka,Kishoreganj,Bhairab,Bhairab,Bhairab Rly St,Cd,ug/L,< 0.02
S98_01847,GODKHA-49,1998/07/15,23.059,89.077,HTW,24,Khulna,Jessore,Jhikargachha,Godkhali,Godkhali,Cd,ug/L,0.04
S98_01848,TA-49,1998/07/20,24.605,90.024,HTW,34,Dhaka,Tangail,Madhupur,Madhupur,Madhupur,Cd,ug/L,< 0.02
S98_01849,KHUL-50,1998/07/15,22.812,89.561,DTW,274,Khulna,Khulna,Khulna Sadar,Khulna,Khulna,Cd,ug/L,< 0.02
S98_01850,TA-50,1998/07/20,24.24,89.909,HTW,27,Dhaka,Tangail,Tangail Sadar,Sadar,Bepari Para,Cd,ug/L,< 0.02
S98_01851,SATKHR-51,1998/07/17,22.718,89.07,DTW,183,Khulna,Satkhira,Satkhira Sadar,Satkhira,Satkhira,Cd,ug/L,< 0.02
S98_01852,TA-51,1998/07/20,24.108,90.076,HTW,27,Dhaka,Tangail,Mirzapur,Baithgram,Gurail,Cd,ug/L,< 0.02
S98_01853,CHAL-52,1998/07/18,22.586,89.504,HTW,18,Khulna,Bagerhat,Bagerhat Sadar,Chalna,Chalna,Cd,ug/L,< 0.02
S98_01854,GA-52,1998/07/17,24.197,90.474,HTW,29,Dhaka,Gazipur,Sripur,Sreepur,Sreepur,Cd,ug/L,0.03
S98_01855,BAGIER-53,1998/07/15,22.663,89.763,,38,Khulna,Bagerhat,Bagerhat Sadar,Bagierhat,Bagierhat,Cd,ug/L,< 0.02
S98_01856,NAR-53,1998/07/18,23.926,90.718,HTW,,Dhaka,Narsingdi,Narsingdi Sadar,Narshingdi,Norshindi Dak Hangloo,Cd,ug/L,< 0.02
S98_01857,KHALIS-54,1998/07/18,22.548,89.538,DTW,274,Khulna,Khulna,Khulna Sadar,Khalishpur,Khalishpur,Cd,ug/L,< 0.02
S98_01858,DA-54,1998/07/16,23.734,90.418,DTW,137,Dhaka,Dhaka,Motijheel,Motijheel,Pwd Colony,Cd,ug/L,0.03
S98_01859,RJB-69,1998/07/22,23.765,89.476,HTW,22,Dhaka,Rajbari,Pangsha,,Kalukhau,Cd,ug/L,< 0.02
S98_01860,RJB-70,1998/07/22,23.754,89.645,DTW,127,Dhaka,Rajbari,Rajbari Sadar,,Municipality,Cd,ug/L,< 0.02
S98_01861,FAR-71,1998/07/23,23.599,89.835,DTW,84,Dhaka,Faridpur,Faridpur Sadar,,Municipal,Cd,ug/L,< 0.02
S98_01862,GOP-72,1998/07/23,23.21,89.693,HTW,20,Dhaka,Gopalganj,Kashiani,,Bhatiapara,Cd,ug/L,< 0.02
S98_01863,GOP-73,1998/07/23,23.005,89.823,HTW,20,Dhaka,Gopalganj,Gopalganj Sadar,Municipality,Gopalganj,Cd,ug/L,< 0.02
S98_01864,MAD-74,1998/07/23,23.167,90.195,DTW,238,Dhaka,Madaripur,Madaripur Sadar,Municipality,Madaripur,Cd,ug/L,< 0.02
S98_01865,BAR-75,1998/07/25,22.7,90.369,DTW,610,Barisal,Barisal,Barisal Sadar,,Barisal,Cd,ug/L,< 0.02
S98_01866,PAT-77,1998/07/25,22.355,90.345,DTW,274,Barisal,Patuakhali,Patuakhali Sadar,Municipality,Patuakhali,Cd,ug/L,< 0.02
S98_01867,DA-101,1998/07/21,23.51,90.217,HTW,26,Dhaka,Munshiganj,Munshiganj Sadar,Bhaishakul,Bhaishakul T Inst,Cd,ug/L,0.03
S98_01868,DA-102,1998/07/16,23.769,90.364,DTW,53,Dhaka,Dhaka,Mohammadpur (D),Mohammedpur,Mohammedpur,Cd,ug/L,< 0.02
S98_04510,GOHI-44,1998/07/29,22.1467,91.8231,Piez,265,Chittagong,Chittagong,Anowara,Gohira,UC Office,Cd,ug/L,0.03
S98_04511,RUST-45,1998/07/29,22.1924,91.8562,HTW,146,Chittagong,Chittagong,Anowara,Battali,Battali,Cd,ug/L,< 0.02
S98_04512,GOHI-46,1998/07/29,22.1467,91.8231,Piez,68,Chittagong,Chittagong,Anowara,Gohira,UC Office,Cd,ug/L,< 0.02
S98_04513,COM-84,1998/07/28,23.4453,91.1722,HTW,32,Chittagong,Comilla,Comilla Sadar,Shaktala,Shaktala,Cd,ug/L,< 0.02
S98_04514,DAUD-85,1998/07/28,23.536,90.7104,HTW,32,Chittagong,Comilla,Daudkandi,Daudkandi,Daudkandi Bazar,Cd,ug/L,< 0.02
S98_04515,LAKS-86,1998/07/28,23.2499,91.115,HTW,23,Chittagong,Comilla,Laksam,Nabaratpur,Nabaratpur,Cd,ug/L,< 0.02
S98_04516,HAJ-87,1998/07/31,23.2484,90.8696,DTW,107,Chittagong,Chandpur,Hajiganj,Aligonj,Aligonj H complex,Cd,ug/L,0.03
S98_04517,CHAN-88,1998/07/31,23.2342,90.6673,HTW,168,Chittagong,Chandpur,Chandpur Sadar,Shologhar,Shologhar,Cd,ug/L,0.03
S98_04518,NOA-89,1998/07/28,22.8334,91.0955,HTW,11,Chittagong,Noakhali,Noakhali Sadar,Sonapur,Sonapur,Cd,ug/L,< 0.02
S98_04519,FENI-90,1998/07/28,23.0053,91.3866,HTW,13,Chittagong,Feni,Feni Sadar,Pachgadria,Feni Rest House,Cd,ug/L,< 0.02
S98_04520,MIR-91,1998/07/28,22.7761,91.5656,HTW,25,Chittagong,Chittagong,Mirsharai,PS,Miraswarai,Cd,ug/L,< 0.02
S98_04521,CTG-92,1998/07/29,22.4735,91.7891,DTW,110,Chittagong,Chittagong,Hathazari,Hathajani,University,Cd,ug/L,< 0.02
S98_04522,CTG-93,1998/07/29,22.3704,91.8442,DTW,146,Chittagong,Chittagong,Chandgaon,Chandgown,Chandgown,Cd,ug/L,< 0.02
S98_04523,ANWA-94,1998/07/29,22.2234,91.898,HTW,43,Chittagong,Chittagong,Anowara,Anwara,Thana Parishad Office,Cd,ug/L,< 0.02
S98_04524,SAT-95,1998/07/29,22.0721,92.0479,HTW,31,Chittagong,Chittagong,Satkania,Satkania,Satkania,Cd,ug/L,< 0.02
S98_04525,COX-99,1998/07/30,21.4349,91.9656,HTW,10,Chittagong,Cox's Bazar,Cox's Bazar Sadar,,BWDB rest house,Cd,ug/L,< 0.02
S98_04526,UKHI-100,1998/07/30,21.2432,92.1325,DTW,52,Chittagong,Cox's Bazar,Ukhia,Ukhia,Ukhia Bazar,Cd,ug/L,< 0.02
S99_00796,SAN-43(CS),1999/04/06,22.4815,91.4285,Piez,56.96,Chittagong,Chittagong,Sandwip,Rahamatpur,Rahamatpur,Cd,ug/L,
S99_00797,SAN-42(CMD),1999/04/06,22.4815,91.4285,Piez,160.92,Chittagong,Chittagong,Sandwip,Rahamatpur,Rahamatpur,Cd,ug/L,
S99_00798,SAN-41(CD),1999/04/06,22.4815,91.4285,Piez,261.94,Chittagong,Chittagong,Sandwip,Rahamatpur,Rahamatpur,Cd,ug/L,
S99_00799,MOH-98,1999/05/28,21.517,91.9584,Piez,7.32,Chittagong,Cox's Bazar,Maheshkhali,Gorukghata,Gorukghata,Cd,ug/L,
S99_00800,KUT-97,1999/05/30,21.8128,91.8449,Piez,542.68,Chittagong,Cox's Bazar,Kutubdia,Baraghope,Baraghope,Cd,ug/L,
S99_00801,SAND-9,1999/03/06,22.4817,91.4332,Piez,329.26,Chittagong,Chittagong,Sandwip,BWDB Guest house,BWDB Guest house,Cd,ug/L,
S99_00802,AKHA-82,1999/05/24,23.8659,91.201,HTW,18.3,Chittagong,Brahamanbaria,Akhaura,Railway station,Railway station,Cd,ug/L,
S99_00803,MUR-83,1999/05/24,23.7627,90.9899,HTW,26.22,Chittagong,Comilla,Muradnagar,Kasimpur,Kasimpur,Cd,ug/L,
S99_00804,CHU-81,1999/05/25,24.1945,91.5138,HTW,30.5,Sylhet,Habiganj,Chunarughat,Chunarughat Bazar,Chunarughat Bazar,Cd,ug/L,
S99_00805,HABI-80,1999/05/25,24.3776,91.4083,HTW,36.59,Sylhet,Habiganj,Habiganj Sadar,Rajanagar,Rajanagar,Cd,ug/L,
S99_00806,MVI-79,1999/05/25,24.4696,91.7603,HTW,30.5,Sylhet,Maulvibazar,Maulvi Bazar Sadar,Sultanpur,Sultanpur,Cd,ug/L,
S99_00807,SYL-78,1998/05/25,24.8795,91.8605,HTW,30.5,Sylhet,Sylhet,Sylhet Sadar,Railway station,Railway station,Cd,ug/L,
S98_01785,SAT-1,1998/07/23,26.479,88.514,HTW,9,Rajshahi,Panchagarh,Tetulia,Satmara,Satmara,Ce,ug/L,0.013
S98_01786,130DA-2,,25.7,88.5,HTW,15,Rajshahi,Panchagarh,Boda,Boda,Boda,Ce,ug/L,0.006
S98_01787,TA-2/B,1998/07/20,24.088,90.17,HTW,37,Dhaka,Tangail,Mirzapur,Gurai,Gurai,Ce,ug/L,0.031
S98_01788,BALI-3,1998/07/23,26.083,88.279,HTW,18,Rajshahi,Thakurgaon,Baliadangi,Baliadanga,Baliadanga,Ce,ug/L,0.009
S98_01789,SALN-4,1998/07/23,26.054,88.533,HTW,37,Rajshahi,Thakurgaon,Thakurgaon Sadar,Salander,Salander,Ce,ug/L,0.007
S98_01790,JA-4/B,1998/07/19,24.91,89.946,HTW,26,Dhaka,Jamalpur,Jamalpur Sadar,Jamalpur,Fulbaria,Ce,ug/L,0.016
S98_01791,KABIR-5,1998/07/24,25.903,88.6,HTW,30,Rajshahi,Dinajpur,Birganj,Birgong,Kbirashat,Ce,ug/L,0.007
S98_01792,RANI-6,1998/07/23,25.901,88.254,HTW,30,Rajshahi,Thakurgaon,Ranisankail,Ranisanwail,Ranisanwail,Ce,ug/L,0.007
S98_01793,SIBRM-7,1998/07/24,25.665,88.652,HTW,18,Rajshahi,Dinajpur,Dinajpur Sadar,Sibrampur,Sibrampur,Ce,ug/L,0.01
S98_01794,PARBT-8,1998/07/24,25.653,88.915,HTW,20,Rajshahi,Dinajpur,Parbatipur,Parbatipur,Parbatipur,Ce,ug/L,0.009
S98_01795,HAKM-9,1998/07/22,25.288,89.021,HTW,21,Rajshahi,Dinajpur,Hakimpur,Hakimpur,Hakimpur,Ce,ug/L,0.007
S98_01796,CHIL-10,1998/07/25,26.1,88.8,HTW,24,Rajshahi,Nilphamari,Domar,Chilahati,Chilahati,Ce,ug/L,0.02
S98_01797,NIL-11,1998/07/24,25.9,88.8,HTW,18,Rajshahi,Nilphamari,Nilphamari Sadar,Nilphamari,Nilphamari,Ce,ug/L,0.005
S98_01798,BRUT-12,1998/07/25,26.203,89.11,HTW,,Rajshahi,Lalmonirhat,Hatibandha,Barakhta,Barakhta,Ce,ug/L,0.017
S98_01799,JAL-13,1998/07/25,25.931,88.838,HTW,27,Rajshahi,Nilphamari,Jaldhaka,Jaldhaka,Jaldhaka,Ce,ug/L,0.005
S98_01800,RANG-14,1998/07/26,25.752,89.253,HTW,18,Rajshahi,Rangpur,Rangpur Sadar,Rangipur,Rangipur,Ce,ug/L,0.011
S98_01801,LALM-15,1998/07/25,25.913,89.436,HTW,14,Rajshahi,Lalmonirhat,Lalmonirhat Sadar,Lalmonihat,Lalmonihat,Ce,ug/L,0.038
S98_01802,NAGUR-16,1998/07/26,25.965,89.671,HTW,18,Rajshahi,Kurigram,Nageshwari,Nagieshwari,Nagieshwari,Ce,ug/L,0.053
S98_01803,ULI-17,1998/07/26,25.653,89.623,HTW,18,Rajshahi,Kurigram,Ulipur,Ulipur,Ulipur,Ce,ug/L,0.011
S98_01804,BAMAN,1998/07/26,25.532,89.446,,18,Rajshahi,Gaibandha,Sundarganj,Bamandaga,Bamandaga,Ce,ug/L,0.013
S98_01805,BOA-19,1998/07/27,25.318,89.55,HTW,18,Rajshahi,Gaibandha,Gaibandha Sadar,Boalia,Boalia,Ce,ug/L,0.005
S98_01806,GABIN-20,1998/07/27,25.134,89.387,,12,Rajshahi,Gaibandha,Gobindaganj,Gabindagons,Gabindagons,Ce,ug/L,< 0.005
S98_01807,MADR-21,1998/07/22,25.109,89.036,HTW,15,Rajshahi,Jaipurhat,Jaipurhat Sadar,Madergonj,Madergonj,Ce,ug/L,0.005
S98_01808,SANTA-22,1998/07/22,24.804,88.969,HTW,18,Rajshahi,Bogra,Adamdighi,Santahar,Santahar,Ce,ug/L,0.01
S98_01809,GIOKU-23,1998/07/27,24.933,89.348,HTW,18,Rajshahi,Bogra,Bogra Sadar,Giokul,Giokul,Ce,ug/L,0.014
S98_01810,PATNI-29,1998/07/22,25.05,88.75,HTW,15,Rajshahi,Naogaon,Patnitala,Patnitala,Patnitala,Ce,ug/L,< 0.005
S98_01811,MAND-25,1998/07/22,24.793,88.701,HTW,30,Rajshahi,Naogaon,Manda,Manda,Manda,Ce,ug/L,0.006
S98_01812,PIR-25,1998/07/27,22.365,89.933,,,Barisal,Pirojpur,Mathbaria,,Burirchar,Ce,ug/L,0.049
S98_01813,RAHAN-26,1998/07/21,24.8,88.2,HTW,30,Rajshahi,Nawabganj,Gomastapur,Rahandur,Rahandur,Ce,ug/L,< 0.005
S98_01814,PIR-26,1998/07/27,22.365,89.933,HTW,37,Barisal,Pirojpur,Mathbaria,,Burirchar,Ce,ug/L,0.037
S98_01815,SHIB-27,1998/07/21,24.684,88.157,Piez,61,Rajshahi,Nawabganj,Shibganj (N),Shibgong,Shibgong,Ce,ug/L,0.01
S98_01816,PIR-27,1998/07/27,22.365,89.933,HTW,27,Barisal,Pirojpur,Mathbaria,,Burirchar,Ce,ug/L,0.457
S98_01817,GIODA-28,1998/07/21,24.461,88.328,HTW,30,Rajshahi,Rajshahi,Godagari,Giodagari,Giodagari,Ce,ug/L,0.006
S98_01818,SAPU-29,1998/07/21,24.374,88.558,HTW,37,Rajshahi,Rajshahi,Rajpara,Sapura,Sapura,Ce,ug/L,0.008
S98_01819,CHAR-30,1998/07/20,24.304,88.738,HTW,18,Rajshahi,Rajshahi,Charghat,Charghat,Charghat,Ce,ug/L,0.01
S98_01820,NAT-31,1998/07/20,24.414,89.988,HTW,27,Rajshahi,Natore,Natore Sadar,Natore,Natore,Ce,ug/L,< 0.005
S98_01821,SING-32,1998/07/20,24.506,89.143,TARA,18,Rajshahi,Natore,Singra,Singra,Singra,Ce,ug/L,0.008
S98_01822,LAL-33,1998/07/20,24.179,88.966,HTW,27,Rajshahi,Natore,Lalpur,Lalpur,Lalpur,Ce,ug/L,0.014
S98_01823,ROYG-34,1998/07/27,24.507,89.526,HTW,15,Rajshahi,Sirajganj,Raiganj,Roygong,Roygong,Ce,ug/L,0.009
S98_01824,SIRA-35,1998/07/28,24.463,89.708,HTW,18,Rajshahi,Sirajganj,Sirajganj Sadar,Sirjgong,Sirjgong,Ce,ug/L,0.006
S98_01825,CHAT-36,1998/07/20,24.15,89.261,HTW,18,Rajshahi,Pabna,Chatmohar,Chatmohur,Chatmohur,Ce,ug/L,0.01
S98_01826,PAB-37,1998/07/19,24.006,89.235,HTW,30,Rajshahi,Pabna,Pabna Sadar,Pabna,Pabna,Ce,ug/L,0.005
S98_01827,SUJA-38,1998/07/19,23.94,89.408,HTW,18,Rajshahi,Pabna,Sujanagar,Sujanager,Sujanager,Ce,ug/L,0.014
S98_01828,NAGIR-39,1998/07/28,23.951,89.65,HTW,20,Rajshahi,Pabna,Bera,Nagierbari,Nagierbari,Ce,ug/L,0.009
S98_01829,JA-40,1998/07/19,25.156,89.751,HTW,27,Dhaka,Jamalpur,Dewanganj,Chukaibari,Batheshasaria,Ce,ug/L,0.017
S98_01830,PRAG-40,1998/07/19,24.005,88.765,TARA,113,Khulna,Kushtia,Daulatpur (Ku),Pragpur,Pragpur,Ce,ug/L,0.006
S98_01831,HYM-41,1998/07/18,25.117,90.335,,27,Dhaka,Mymensingh,Haluaghat, Haluagher,Haluaghatthana Compn,Ce,ug/L,0.008
S98_01832,VHAR-41,1998/07/19,24.019,88.992,HTW,,Khulna,Kushtia,Bheramara,Vharamara,Vharamara,Ce,ug/L,0.006
S98_01833,KUST-42,1998/07/19,23.909,89.128,HTW,49,Khulna,Kushtia,Kushtia Sadar,Kushtia,Kushtia,Ce,ug/L,0.008
S98_01834,SHER-42/A,1998/07/18,25.018,90.012,HTW,36,Rajshahi,Bogra,Sherpur,Sherpur,,Ce,ug/L,0.014
S98_01835,MEHER-43,1998/07/19,23.761,88.632,HTW,27,Khulna,Meherpur,Meherpur Sadar,Meherpur,Meherpur,Ce,ug/L,< 0.005
S98_01836,JAM-43,1998/07/20,24.758,89.835,HTW,20,Dhaka,Jamalpur,Sarishabari,Sharishabari,Sharishabari,Ce,ug/L,0.024
S98_01837,DAR-44,1998/07/19,23.529,88.81,HTW,18,Khulna,Chuadanga,Chuadanga Sadar,Darsana,Darsana,Ce,ug/L,0.029
S98_01838,MYM-44,1998/07/17,24.748,90.406,DTW,107,Dhaka,Mymensingh,Mymensingh Sadar,Sadar,Bagmera,Ce,ug/L,0.007
S98_01839,JHIN-45,1998/07/18,23.547,89.165,,122,Khulna,Jhenaidah,Jhenaidah Sadar,Jhinaidha,Jhinaidha,Ce,ug/L,0.017
S98_01840,NET-45,1998/07/17,24.866,90.722,HTW,65,Dhaka,Netrokona,Netrokona Sadar,Sadar,Netrokona,Ce,ug/L,0.009
S98_01841,MAGU-46,1998/07/15,23.488,89.429,HTW,21,Khulna,Magura,Magura Sadar,Magura,Magura,Ce,ug/L,0.01
S98_01842,KISH-46,1998/07/18,24.444,90.773,DTW,118,Dhaka,Kishoreganj,Kishoreganj Sadar,Goital,Kishorgorj,Ce,ug/L,0.009
S98_01843,JES-47,1998/07/18,23.167,89.219,DTW,133,Khulna,Jessore,Jessore Sadar,Jessore,Jessore,Ce,ug/L,0.013
S98_01844,MYM-47,1998/07/17,24.454,90.54,HTW,,Dhaka,Mymensingh,Gafargaon,Saltia,Sulhasia,Ce,ug/L,0.012
S98_01845,NAR-48,1998/07/18,23.173,89.513,HTW,24,Khulna,Narail,Narail Sadar,Narail,Narail,Ce,ug/L,0.007
S98_01846,KISH-48,1998/07/18,24.047,90.973,HTW,20,Dhaka,Kishoreganj,Bhairab,Bhairab,Bhairab Rly St,Ce,ug/L,0.009
S98_01847,GODKHA-49,1998/07/15,23.059,89.077,HTW,24,Khulna,Jessore,Jhikargachha,Godkhali,Godkhali,Ce,ug/L,< 0.005
S98_01848,TA-49,1998/07/20,24.605,90.024,HTW,34,Dhaka,Tangail,Madhupur,Madhupur,Madhupur,Ce,ug/L,0.031
S98_01849,KHUL-50,1998/07/15,22.812,89.561,DTW,274,Khulna,Khulna,Khulna Sadar,Khulna,Khulna,Ce,ug/L,0.02
S98_01850,TA-50,1998/07/20,24.24,89.909,HTW,27,Dhaka,Tangail,Tangail Sadar,Sadar,Bepari Para,Ce,ug/L,0.027
S98_01851,SATKHR-51,1998/07/17,22.718,89.07,DTW,183,Khulna,Satkhira,Satkhira Sadar,Satkhira,Satkhira,Ce,ug/L,< 0.005
S98_01852,TA-51,1998/07/20,24.108,90.076,HTW,27,Dhaka,Tangail,Mirzapur,Baithgram,Gurail,Ce,ug/L,0.025
S98_01853,CHAL-52,1998/07/18,22.586,89.504,HTW,18,Khulna,Bagerhat,Bagerhat Sadar,Chalna,Chalna,Ce,ug/L,0.008
S98_01854,GA-52,1998/07/17,24.197,90.474,HTW,29,Dhaka,Gazipur,Sripur,Sreepur,Sreepur,Ce,ug/L,0.079
S98_01855,BAGIER-53,1998/07/15,22.663,89.763,,38,Khulna,Bagerhat,Bagerhat Sadar,Bagierhat,Bagierhat,Ce,ug/L,0.019
S98_01856,NAR-53,1998/07/18,23.926,90.718,HTW,,Dhaka,Narsingdi,Narsingdi Sadar,Narshingdi,Norshindi Dak Hangloo,Ce,ug/L,0.018
S98_01857,KHALIS-54,1998/07/18,22.548,89.538,DTW,274,Khulna,Khulna,Khulna Sadar,Khalishpur,Khalishpur,Ce,ug/L,0.008
S98_01858,DA-54,1998/07/16,23.734,90.418,DTW,137,Dhaka,Dhaka,Motijheel,Motijheel,Pwd Colony,Ce,ug/L,0.016
S98_01859,RJB-69,1998/07/22,23.765,89.476,HTW,22,Dhaka,Rajbari,Pangsha,,Kalukhau,Ce,ug/L,0.02
S98_01860,RJB-70,1998/07/22,23.754,89.645,DTW,127,Dhaka,Rajbari,Rajbari Sadar,,Municipality,Ce,ug/L,0.019
S98_01861,FAR-71,1998/07/23,23.599,89.835,DTW,84,Dhaka,Faridpur,Faridpur Sadar,,Municipal,Ce,ug/L,0.018
S98_01862,GOP-72,1998/07/23,23.21,89.693,HTW,20,Dhaka,Gopalganj,Kashiani,,Bhatiapara,Ce,ug/L,0.021
S98_01863,GOP-73,1998/07/23,23.005,89.823,HTW,20,Dhaka,Gopalganj,Gopalganj Sadar,Municipality,Gopalganj,Ce,ug/L,0.015
S98_01864,MAD-74,1998/07/23,23.167,90.195,DTW,238,Dhaka,Madaripur,Madaripur Sadar,Municipality,Madaripur,Ce,ug/L,0.03
S98_01865,BAR-75,1998/07/25,22.7,90.369,DTW,610,Barisal,Barisal,Barisal Sadar,,Barisal,Ce,ug/L,0.017
S98_01866,PAT-77,1998/07/25,22.355,90.345,DTW,274,Barisal,Patuakhali,Patuakhali Sadar,Municipality,Patuakhali,Ce,ug/L,0.096
S98_01867,DA-101,1998/07/21,23.51,90.217,HTW,26,Dhaka,Munshiganj,Munshiganj Sadar,Bhaishakul,Bhaishakul T Inst,Ce,ug/L,0.028
S98_01868,DA-102,1998/07/16,23.769,90.364,DTW,53,Dhaka,Dhaka,Mohammadpur (D),Mohammedpur,Mohammedpur,Ce,ug/L,0.014
S98_04510,GOHI-44,1998/07/29,22.1467,91.8231,Piez,265,Chittagong,Chittagong,Anowara,Gohira,UC Office,Ce,ug/L,0.055
S98_04511,RUST-45,1998/07/29,22.1924,91.8562,HTW,146,Chittagong,Chittagong,Anowara,Battali,Battali,Ce,ug/L,0.092
S98_04512,GOHI-46,1998/07/29,22.1467,91.8231,Piez,68,Chittagong,Chittagong,Anowara,Gohira,UC Office,Ce,ug/L,0.027
S98_04513,COM-84,1998/07/28,23.4453,91.1722,HTW,32,Chittagong,Comilla,Comilla Sadar,Shaktala,Shaktala,Ce,ug/L,0.021
S98_04514,DAUD-85,1998/07/28,23.536,90.7104,HTW,32,Chittagong,Comilla,Daudkandi,Daudkandi,Daudkandi Bazar,Ce,ug/L,0.02
S98_04515,LAKS-86,1998/07/28,23.2499,91.115,HTW,23,Chittagong,Comilla,Laksam,Nabaratpur,Nabaratpur,Ce,ug/L,0.022
S98_04516,HAJ-87,1998/07/31,23.2484,90.8696,DTW,107,Chittagong,Chandpur,Hajiganj,Aligonj,Aligonj H complex,Ce,ug/L,0.045
S98_04517,CHAN-88,1998/07/31,23.2342,90.6673,HTW,168,Chittagong,Chandpur,Chandpur Sadar,Shologhar,Shologhar,Ce,ug/L,0.043
S98_04518,NOA-89,1998/07/28,22.8334,91.0955,HTW,11,Chittagong,Noakhali,Noakhali Sadar,Sonapur,Sonapur,Ce,ug/L,0.028
S98_04519,FENI-90,1998/07/28,23.0053,91.3866,HTW,13,Chittagong,Feni,Feni Sadar,Pachgadria,Feni Rest House,Ce,ug/L,0.034
S98_04520,MIR-91,1998/07/28,22.7761,91.5656,HTW,25,Chittagong,Chittagong,Mirsharai,PS,Miraswarai,Ce,ug/L,0.063
S98_04521,CTG-92,1998/07/29,22.4735,91.7891,DTW,110,Chittagong,Chittagong,Hathazari,Hathajani,University,Ce,ug/L,0.034
S98_04522,CTG-93,1998/07/29,22.3704,91.8442,DTW,146,Chittagong,Chittagong,Chandgaon,Chandgown,Chandgown,Ce,ug/L,0.067
S98_04523,ANWA-94,1998/07/29,22.2234,91.898,HTW,43,Chittagong,Chittagong,Anowara,Anwara,Thana Parishad Office,Ce,ug/L,0.03
S98_04524,SAT-95,1998/07/29,22.0721,92.0479,HTW,31,Chittagong,Chittagong,Satkania,Satkania,Satkania,Ce,ug/L,0.031
S98_04525,COX-99,1998/07/30,21.4349,91.9656,HTW,10,Chittagong,Cox's Bazar,Cox's Bazar Sadar,,BWDB rest house,Ce,ug/L,0.035
S98_04526,UKHI-100,1998/07/30,21.2432,92.1325,DTW,52,Chittagong,Cox's Bazar,Ukhia,Ukhia,Ukhia Bazar,Ce,ug/L,0.03
S99_00796,SAN-43(CS),1999/04/06,22.4815,91.4285,Piez,56.96,Chittagong,Chittagong,Sandwip,Rahamatpur,Rahamatpur,Ce,ug/L,
S99_00797,SAN-42(CMD),1999/04/06,22.4815,91.4285,Piez,160.92,Chittagong,Chittagong,Sandwip,Rahamatpur,Rahamatpur,Ce,ug/L,
S99_00798,SAN-41(CD),1999/04/06,22.4815,91.4285,Piez,261.94,Chittagong,Chittagong,Sandwip,Rahamatpur,Rahamatpur,Ce,ug/L,
S99_00799,MOH-98,1999/05/28,21.517,91.9584,Piez,7.32,Chittagong,Cox's Bazar,Maheshkhali,Gorukghata,Gorukghata,Ce,ug/L,
S99_00800,KUT-97,1999/05/30,21.8128,91.8449,Piez,542.68,Chittagong,Cox's Bazar,Kutubdia,Baraghope,Baraghope,Ce,ug/L,
S99_00801,SAND-9,1999/03/06,22.4817,91.4332,Piez,329.26,Chittagong,Chittagong,Sandwip,BWDB Guest house,BWDB Guest house,Ce,ug/L,
S99_00802,AKHA-82,1999/05/24,23.8659,91.201,HTW,18.3,Chittagong,Brahamanbaria,Akhaura,Railway station,Railway station,Ce,ug/L,
S99_00803,MUR-83,1999/05/24,23.7627,90.9899,HTW,26.22,Chittagong,Comilla,Muradnagar,Kasimpur,Kasimpur,Ce,ug/L,
S99_00804,CHU-81,1999/05/25,24.1945,91.5138,HTW,30.5,Sylhet,Habiganj,Chunarughat,Chunarughat Bazar,Chunarughat Bazar,Ce,ug/L,
S99_00805,HABI-80,1999/05/25,24.3776,91.4083,HTW,36.59,Sylhet,Habiganj,Habiganj Sadar,Rajanagar,Rajanagar,Ce,ug/L,
S99_00806,MVI-79,1999/05/25,24.4696,91.7603,HTW,30.5,Sylhet,Maulvibazar,Maulvi Bazar Sadar,Sultanpur,Sultanpur,Ce,ug/L,
S99_00807,SYL-78,1998/05/25,24.8795,91.8605,HTW,30.5,Sylhet,Sylhet,Sylhet Sadar,Railway station,Railway station,Ce,ug/L,
S98_01785,SAT-1,1998/07/23,26.479,88.514,HTW,9,Rajshahi,Panchagarh,Tetulia,Satmara,Satmara,Cl,mg/L,30.6
S98_01786,130DA-2,,25.7,88.5,HTW,15,Rajshahi,Panchagarh,Boda,Boda,Boda,Cl,mg/L,10
S98_01787,TA-2/B,1998/07/20,24.088,90.17,HTW,37,Dhaka,Tangail,Mirzapur,Gurai,Gurai,Cl,mg/L,2.5
S98_01788,BALI-3,1998/07/23,26.083,88.279,HTW,18,Rajshahi,Thakurgaon,Baliadangi,Baliadanga,Baliadanga,Cl,mg/L,14.5
S98_01789,SALN-4,1998/07/23,26.054,88.533,HTW,37,Rajshahi,Thakurgaon,Thakurgaon Sadar,Salander,Salander,Cl,mg/L,14.2
S98_01790,JA-4/B,1998/07/19,24.91,89.946,HTW,26,Dhaka,Jamalpur,Jamalpur Sadar,Jamalpur,Fulbaria,Cl,mg/L,14.5
S98_01791,KABIR-5,1998/07/24,25.903,88.6,HTW,30,Rajshahi,Dinajpur,Birganj,Birgong,Kbirashat,Cl,mg/L,16.7
S98_01792,RANI-6,1998/07/23,25.901,88.254,HTW,30,Rajshahi,Thakurgaon,Ranisankail,Ranisanwail,Ranisanwail,Cl,mg/L,20.9
S98_01793,SIBRM-7,1998/07/24,25.665,88.652,HTW,18,Rajshahi,Dinajpur,Dinajpur Sadar,Sibrampur,Sibrampur,Cl,mg/L,6.6
S98_01794,PARBT-8,1998/07/24,25.653,88.915,HTW,20,Rajshahi,Dinajpur,Parbatipur,Parbatipur,Parbatipur,Cl,mg/L,32.3
S98_01795,HAKM-9,1998/07/22,25.288,89.021,HTW,21,Rajshahi,Dinajpur,Hakimpur,Hakimpur,Hakimpur,Cl,mg/L,21.2
S98_01796,CHIL-10,1998/07/25,26.1,88.8,HTW,24,Rajshahi,Nilphamari,Domar,Chilahati,Chilahati,Cl,mg/L,13.4
S98_01797,NIL-11,1998/07/24,25.9,88.8,HTW,18,Rajshahi,Nilphamari,Nilphamari Sadar,Nilphamari,Nilphamari,Cl,mg/L,32.9
S98_01798,BRUT-12,1998/07/25,26.203,89.11,HTW,,Rajshahi,Lalmonirhat,Hatibandha,Barakhta,Barakhta,Cl,mg/L,33.4
S98_01799,JAL-13,1998/07/25,25.931,88.838,HTW,27,Rajshahi,Nilphamari,Jaldhaka,Jaldhaka,Jaldhaka,Cl,mg/L,3.1
S98_01800,RANG-14,1998/07/26,25.752,89.253,HTW,18,Rajshahi,Rangpur,Rangpur Sadar,Rangipur,Rangipur,Cl,mg/L,3.5
S98_01801,LALM-15,1998/07/25,25.913,89.436,HTW,14,Rajshahi,Lalmonirhat,Lalmonirhat Sadar,Lalmonihat,Lalmonihat,Cl,mg/L,8.1
S98_01802,NAGUR-16,1998/07/26,25.965,89.671,HTW,18,Rajshahi,Kurigram,Nageshwari,Nagieshwari,Nagieshwari,Cl,mg/L,52.4
S98_01803,ULI-17,1998/07/26,25.653,89.623,HTW,18,Rajshahi,Kurigram,Ulipur,Ulipur,Ulipur,Cl,mg/L,7.7
S98_01804,BAMAN,1998/07/26,25.532,89.446,,18,Rajshahi,Gaibandha,Sundarganj,Bamandaga,Bamandaga,Cl,mg/L,97
S98_01805,BOA-19,1998/07/27,25.318,89.55,HTW,18,Rajshahi,Gaibandha,Gaibandha Sadar,Boalia,Boalia,Cl,mg/L,26.5
S98_01806,GABIN-20,1998/07/27,25.134,89.387,,12,Rajshahi,Gaibandha,Gobindaganj,Gabindagons,Gabindagons,Cl,mg/L,36.8
S98_01807,MADR-21,1998/07/22,25.109,89.036,HTW,15,Rajshahi,Jaipurhat,Jaipurhat Sadar,Madergonj,Madergonj,Cl,mg/L,8.5
S98_01808,SANTA-22,1998/07/22,24.804,88.969,HTW,18,Rajshahi,Bogra,Adamdighi,Santahar,Santahar,Cl,mg/L,97.2
S98_01809,GIOKU-23,1998/07/27,24.933,89.348,HTW,18,Rajshahi,Bogra,Bogra Sadar,Giokul,Giokul,Cl,mg/L,4.9
S98_01810,PATNI-29,1998/07/22,25.05,88.75,HTW,15,Rajshahi,Naogaon,Patnitala,Patnitala,Patnitala,Cl,mg/L,2.8
S98_01811,MAND-25,1998/07/22,24.793,88.701,HTW,30,Rajshahi,Naogaon,Manda,Manda,Manda,Cl,mg/L,3.4
S98_01812,PIR-25,1998/07/27,22.365,89.933,,,Barisal,Pirojpur,Mathbaria,,Burirchar,Cl,mg/L,7140
S98_01813,RAHAN-26,1998/07/21,24.8,88.2,HTW,30,Rajshahi,Nawabganj,Gomastapur,Rahandur,Rahandur,Cl,mg/L,3.9
S98_01814,PIR-26,1998/07/27,22.365,89.933,HTW,37,Barisal,Pirojpur,Mathbaria,,Burirchar,Cl,mg/L,9140
S98_01815,SHIB-27,1998/07/21,24.684,88.157,Piez,61,Rajshahi,Nawabganj,Shibganj (N),Shibgong,Shibgong,Cl,mg/L,9.1
S98_01816,PIR-27,1998/07/27,22.365,89.933,HTW,27,Barisal,Pirojpur,Mathbaria,,Burirchar,Cl,mg/L,242
S98_01817,GIODA-28,1998/07/21,24.461,88.328,HTW,30,Rajshahi,Rajshahi,Godagari,Giodagari,Giodagari,Cl,mg/L,6.9
S98_01818,SAPU-29,1998/07/21,24.374,88.558,HTW,37,Rajshahi,Rajshahi,Rajpara,Sapura,Sapura,Cl,mg/L,78
S98_01819,CHAR-30,1998/07/20,24.304,88.738,HTW,18,Rajshahi,Rajshahi,Charghat,Charghat,Charghat,Cl,mg/L,2.9
S98_01820,NAT-31,1998/07/20,24.414,89.988,HTW,27,Rajshahi,Natore,Natore Sadar,Natore,Natore,Cl,mg/L,120
S98_01821,SING-32,1998/07/20,24.506,89.143,TARA,18,Rajshahi,Natore,Singra,Singra,Singra,Cl,mg/L,126
S98_01822,LAL-33,1998/07/20,24.179,88.966,HTW,27,Rajshahi,Natore,Lalpur,Lalpur,Lalpur,Cl,mg/L,22.2
S98_01823,ROYG-34,1998/07/27,24.507,89.526,HTW,15,Rajshahi,Sirajganj,Raiganj,Roygong,Roygong,Cl,mg/L,4
S98_01824,SIRA-35,1998/07/28,24.463,89.708,HTW,18,Rajshahi,Sirajganj,Sirajganj Sadar,Sirjgong,Sirjgong,Cl,mg/L,3.1
S98_01825,CHAT-36,1998/07/20,24.15,89.261,HTW,18,Rajshahi,Pabna,Chatmohar,Chatmohur,Chatmohur,Cl,mg/L,7.5
S98_01826,PAB-37,1998/07/19,24.006,89.235,HTW,30,Rajshahi,Pabna,Pabna Sadar,Pabna,Pabna,Cl,mg/L,5
S98_01827,SUJA-38,1998/07/19,23.94,89.408,HTW,18,Rajshahi,Pabna,Sujanagar,Sujanager,Sujanager,Cl,mg/L,7.9
S98_01828,NAGIR-39,1998/07/28,23.951,89.65,HTW,20,Rajshahi,Pabna,Bera,Nagierbari,Nagierbari,Cl,mg/L,56.9
S98_01829,JA-40,1998/07/19,25.156,89.751,HTW,27,Dhaka,Jamalpur,Dewanganj,Chukaibari,Batheshasaria,Cl,mg/L,26.6
S98_01830,PRAG-40,1998/07/19,24.005,88.765,TARA,113,Khulna,Kushtia,Daulatpur (Ku),Pragpur,Pragpur,Cl,mg/L,27.1
S98_01831,HYM-41,1998/07/18,25.117,90.335,,27,Dhaka,Mymensingh,Haluaghat, Haluagher,Haluaghatthana Compn,Cl,mg/L,2.3
S98_01832,VHAR-41,1998/07/19,24.019,88.992,HTW,,Khulna,Kushtia,Bheramara,Vharamara,Vharamara,Cl,mg/L,9.8
S98_01833,KUST-42,1998/07/19,23.909,89.128,HTW,49,Khulna,Kushtia,Kushtia Sadar,Kushtia,Kushtia,Cl,mg/L,2.6
S98_01834,SHER-42/A,1998/07/18,25.018,90.012,HTW,36,Rajshahi,Bogra,Sherpur,Sherpur,,Cl,mg/L,45.9
S98_01835,MEHER-43,1998/07/19,23.761,88.632,HTW,27,Khulna,Meherpur,Meherpur Sadar,Meherpur,Meherpur,Cl,mg/L,22.6
S98_01836,JAM-43,1998/07/20,24.758,89.835,HTW,20,Dhaka,Jamalpur,Sarishabari,Sharishabari,Sharishabari,Cl,mg/L,41.3
S98_01837,DAR-44,1998/07/19,23.529,88.81,HTW,18,Khulna,Chuadanga,Chuadanga Sadar,Darsana,Darsana,Cl,mg/L,202
S98_01838,MYM-44,1998/07/17,24.748,90.406,DTW,107,Dhaka,Mymensingh,Mymensingh Sadar,Sadar,Bagmera,Cl,mg/L,1.5
S98_01839,JHIN-45,1998/07/18,23.547,89.165,,122,Khulna,Jhenaidah,Jhenaidah Sadar,Jhinaidha,Jhinaidha,Cl,mg/L,4
S98_01840,NET-45,1998/07/17,24.866,90.722,HTW,65,Dhaka,Netrokona,Netrokona Sadar,Sadar,Netrokona,Cl,mg/L,39.8
S98_01841,MAGU-46,1998/07/15,23.488,89.429,HTW,21,Khulna,Magura,Magura Sadar,Magura,Magura,Cl,mg/L,27.3
S98_01842,KISH-46,1998/07/18,24.444,90.773,DTW,118,Dhaka,Kishoreganj,Kishoreganj Sadar,Goital,Kishorgorj,Cl,mg/L,2.4
S98_01843,JES-47,1998/07/18,23.167,89.219,DTW,133,Khulna,Jessore,Jessore Sadar,Jessore,Jessore,Cl,mg/L,77.3
S98_01844,MYM-47,1998/07/17,24.454,90.54,HTW,,Dhaka,Mymensingh,Gafargaon,Saltia,Sulhasia,Cl,mg/L,2.7
S98_01845,NAR-48,1998/07/18,23.173,89.513,HTW,24,Khulna,Narail,Narail Sadar,Narail,Narail,Cl,mg/L,260
S98_01846,KISH-48,1998/07/18,24.047,90.973,HTW,20,Dhaka,Kishoreganj,Bhairab,Bhairab,Bhairab Rly St,Cl,mg/L,2.7
S98_01847,GODKHA-49,1998/07/15,23.059,89.077,HTW,24,Khulna,Jessore,Jhikargachha,Godkhali,Godkhali,Cl,mg/L,16.1
S98_01848,TA-49,1998/07/20,24.605,90.024,HTW,34,Dhaka,Tangail,Madhupur,Madhupur,Madhupur,Cl,mg/L,1.3
S98_01849,KHUL-50,1998/07/15,22.812,89.561,DTW,274,Khulna,Khulna,Khulna Sadar,Khulna,Khulna,Cl,mg/L,168
S98_01850,TA-50,1998/07/20,24.24,89.909,HTW,27,Dhaka,Tangail,Tangail Sadar,Sadar,Bepari Para,Cl,mg/L,20
S98_01851,SATKHR-51,1998/07/17,22.718,89.07,DTW,183,Khulna,Satkhira,Satkhira Sadar,Satkhira,Satkhira,Cl,mg/L,311
S98_01852,TA-51,1998/07/20,24.108,90.076,HTW,27,Dhaka,Tangail,Mirzapur,Baithgram,Gurail,Cl,mg/L,5.8
S98_01853,CHAL-52,1998/07/18,22.586,89.504,HTW,18,Khulna,Bagerhat,Bagerhat Sadar,Chalna,Chalna,Cl,mg/L,1160
S98_01854,GA-52,1998/07/17,24.197,90.474,HTW,29,Dhaka,Gazipur,Sripur,Sreepur,Sreepur,Cl,mg/L,3.8
S98_01855,BAGIER-53,1998/07/15,22.663,89.763,,38,Khulna,Bagerhat,Bagerhat Sadar,Bagierhat,Bagierhat,Cl,mg/L,134
S98_01856,NAR-53,1998/07/18,23.926,90.718,HTW,,Dhaka,Narsingdi,Narsingdi Sadar,Narshingdi,Norshindi Dak Hangloo,Cl,mg/L,64.2
S98_01857,KHALIS-54,1998/07/18,22.548,89.538,DTW,274,Khulna,Khulna,Khulna Sadar,Khalishpur,Khalishpur,Cl,mg/L,206
S98_01858,DA-54,1998/07/16,23.734,90.418,DTW,137,Dhaka,Dhaka,Motijheel,Motijheel,Pwd Colony,Cl,mg/L,30
S98_01859,RJB-69,1998/07/22,23.765,89.476,HTW,22,Dhaka,Rajbari,Pangsha,,Kalukhau,Cl,mg/L,6
S98_01860,RJB-70,1998/07/22,23.754,89.645,DTW,127,Dhaka,Rajbari,Rajbari Sadar,,Municipality,Cl,mg/L,10.6
S98_01861,FAR-71,1998/07/23,23.599,89.835,DTW,84,Dhaka,Faridpur,Faridpur Sadar,,Municipal,Cl,mg/L,14
S98_01862,GOP-72,1998/07/23,23.21,89.693,HTW,20,Dhaka,Gopalganj,Kashiani,,Bhatiapara,Cl,mg/L,27.3
S98_01863,GOP-73,1998/07/23,23.005,89.823,HTW,20,Dhaka,Gopalganj,Gopalganj Sadar,Municipality,Gopalganj,Cl,mg/L,28.4
S98_01864,MAD-74,1998/07/23,23.167,90.195,DTW,238,Dhaka,Madaripur,Madaripur Sadar,Municipality,Madaripur,Cl,mg/L,411
S98_01865,BAR-75,1998/07/25,22.7,90.369,DTW,610,Barisal,Barisal,Barisal Sadar,,Barisal,Cl,mg/L,58.2
S98_01866,PAT-77,1998/07/25,22.355,90.345,DTW,274,Barisal,Patuakhali,Patuakhali Sadar,Municipality,Patuakhali,Cl,mg/L,297
S98_01867,DA-101,1998/07/21,23.51,90.217,HTW,26,Dhaka,Munshiganj,Munshiganj Sadar,Bhaishakul,Bhaishakul T Inst,Cl,mg/L,93.8
S98_01868,DA-102,1998/07/16,23.769,90.364,DTW,53,Dhaka,Dhaka,Mohammadpur (D),Mohammedpur,Mohammedpur,Cl,mg/L,15.9
S98_04510,GOHI-44,1998/07/29,22.1467,91.8231,Piez,265,Chittagong,Chittagong,Anowara,Gohira,UC Office,Cl,mg/L,812
S98_04511,RUST-45,1998/07/29,22.1924,91.8562,HTW,146,Chittagong,Chittagong,Anowara,Battali,Battali,Cl,mg/L,7.5
S98_04512,GOHI-46,1998/07/29,22.1467,91.8231,Piez,68,Chittagong,Chittagong,Anowara,Gohira,UC Office,Cl,mg/L,143
S98_04513,COM-84,1998/07/28,23.4453,91.1722,HTW,32,Chittagong,Comilla,Comilla Sadar,Shaktala,Shaktala,Cl,mg/L,2.4
S98_04514,DAUD-85,1998/07/28,23.536,90.7104,HTW,32,Chittagong,Comilla,Daudkandi,Daudkandi,Daudkandi Bazar,Cl,mg/L,77
S98_04515,LAKS-86,1998/07/28,23.2499,91.115,HTW,23,Chittagong,Comilla,Laksam,Nabaratpur,Nabaratpur,Cl,mg/L,81
S98_04516,HAJ-87,1998/07/31,23.2484,90.8696,DTW,107,Chittagong,Chandpur,Hajiganj,Aligonj,Aligonj H complex,Cl,mg/L,150
S98_04517,CHAN-88,1998/07/31,23.2342,90.6673,HTW,168,Chittagong,Chandpur,Chandpur Sadar,Shologhar,Shologhar,Cl,mg/L,33.4
S98_04518,NOA-89,1998/07/28,22.8334,91.0955,HTW,11,Chittagong,Noakhali,Noakhali Sadar,Sonapur,Sonapur,Cl,mg/L,196
S98_04519,FENI-90,1998/07/28,23.0053,91.3866,HTW,13,Chittagong,Feni,Feni Sadar,Pachgadria,Feni Rest House,Cl,mg/L,21.7
S98_04520,MIR-91,1998/07/28,22.7761,91.5656,HTW,25,Chittagong,Chittagong,Mirsharai,PS,Miraswarai,Cl,mg/L,35.1
S98_04521,CTG-92,1998/07/29,22.4735,91.7891,DTW,110,Chittagong,Chittagong,Hathazari,Hathajani,University,Cl,mg/L,2.8
S98_04522,CTG-93,1998/07/29,22.3704,91.8442,DTW,146,Chittagong,Chittagong,Chandgaon,Chandgown,Chandgown,Cl,mg/L,7
S98_04523,ANWA-94,1998/07/29,22.2234,91.898,HTW,43,Chittagong,Chittagong,Anowara,Anwara,Thana Parishad Office,Cl,mg/L,334
S98_04524,SAT-95,1998/07/29,22.0721,92.0479,HTW,31,Chittagong,Chittagong,Satkania,Satkania,Satkania,Cl,mg/L,217
S98_04525,COX-99,1998/07/30,21.4349,91.9656,HTW,10,Chittagong,Cox's Bazar,Cox's Bazar Sadar,,BWDB rest house,Cl,mg/L,91
S98_04526,UKHI-100,1998/07/30,21.2432,92.1325,DTW,52,Chittagong,Cox's Bazar,Ukhia,Ukhia,Ukhia Bazar,Cl,mg/L,2.7
S99_00796,SAN-43(CS),1999/04/06,22.4815,91.4285,Piez,56.96,Chittagong,Chittagong,Sandwip,Rahamatpur,Rahamatpur,Cl,mg/L,187
S99_00797,SAN-42(CMD),1999/04/06,22.4815,91.4285,Piez,160.92,Chittagong,Chittagong,Sandwip,Rahamatpur,Rahamatpur,Cl,mg/L,158
S99_00798,SAN-41(CD),1999/04/06,22.4815,91.4285,Piez,261.94,Chittagong,Chittagong,Sandwip,Rahamatpur,Rahamatpur,Cl,mg/L,980
S99_00799,MOH-98,1999/05/28,21.517,91.9584,Piez,7.32,Chittagong,Cox's Bazar,Maheshkhali,Gorukghata,Gorukghata,Cl,mg/L,770
S99_00800,KUT-97,1999/05/30,21.8128,91.8449,Piez,542.68,Chittagong,Cox's Bazar,Kutubdia,Baraghope,Baraghope,Cl,mg/L,1.9
S99_00801,SAND-9,1999/03/06,22.4817,91.4332,Piez,329.26,Chittagong,Chittagong,Sandwip,BWDB Guest house,BWDB Guest house,Cl,mg/L,940
S99_00802,AKHA-82,1999/05/24,23.8659,91.201,HTW,18.3,Chittagong,Brahamanbaria,Akhaura,Railway station,Railway station,Cl,mg/L,10.1
S99_00803,MUR-83,1999/05/24,23.7627,90.9899,HTW,26.22,Chittagong,Comilla,Muradnagar,Kasimpur,Kasimpur,Cl,mg/L,85
S99_00804,CHU-81,1999/05/25,24.1945,91.5138,HTW,30.5,Sylhet,Habiganj,Chunarughat,Chunarughat Bazar,Chunarughat Bazar,Cl,mg/L,7.5
S99_00805,HABI-80,1999/05/25,24.3776,91.4083,HTW,36.59,Sylhet,Habiganj,Habiganj Sadar,Rajanagar,Rajanagar,Cl,mg/L,8.2
S99_00806,MVI-79,1999/05/25,24.4696,91.7603,HTW,30.5,Sylhet,Maulvibazar,Maulvi Bazar Sadar,Sultanpur,Sultanpur,Cl,mg/L,2.1
S99_00807,SYL-78,1998/05/25,24.8795,91.8605,HTW,30.5,Sylhet,Sylhet,Sylhet Sadar,Railway station,Railway station,Cl,mg/L,2.2
S98_01785,SAT-1,1998/07/23,26.479,88.514,HTW,9,Rajshahi,Panchagarh,Tetulia,Satmara,Satmara,Co,ug/L,0.18
S98_01786,130DA-2,,25.7,88.5,HTW,15,Rajshahi,Panchagarh,Boda,Boda,Boda,Co,ug/L,0.32
S98_01787,TA-2/B,1998/07/20,24.088,90.17,HTW,37,Dhaka,Tangail,Mirzapur,Gurai,Gurai,Co,ug/L,0.56
S98_01788,BALI-3,1998/07/23,26.083,88.279,HTW,18,Rajshahi,Thakurgaon,Baliadangi,Baliadanga,Baliadanga,Co,ug/L,0.1
S98_01789,SALN-4,1998/07/23,26.054,88.533,HTW,37,Rajshahi,Thakurgaon,Thakurgaon Sadar,Salander,Salander,Co,ug/L,0.18
S98_01790,JA-4/B,1998/07/19,24.91,89.946,HTW,26,Dhaka,Jamalpur,Jamalpur Sadar,Jamalpur,Fulbaria,Co,ug/L,0.14
S98_01791,KABIR-5,1998/07/24,25.903,88.6,HTW,30,Rajshahi,Dinajpur,Birganj,Birgong,Kbirashat,Co,ug/L,0.28
S98_01792,RANI-6,1998/07/23,25.901,88.254,HTW,30,Rajshahi,Thakurgaon,Ranisankail,Ranisanwail,Ranisanwail,Co,ug/L,0.15
S98_01793,SIBRM-7,1998/07/24,25.665,88.652,HTW,18,Rajshahi,Dinajpur,Dinajpur Sadar,Sibrampur,Sibrampur,Co,ug/L,< 0.05
S98_01794,PARBT-8,1998/07/24,25.653,88.915,HTW,20,Rajshahi,Dinajpur,Parbatipur,Parbatipur,Parbatipur,Co,ug/L,0.62
S98_01795,HAKM-9,1998/07/22,25.288,89.021,HTW,21,Rajshahi,Dinajpur,Hakimpur,Hakimpur,Hakimpur,Co,ug/L,0.58
S98_01796,CHIL-10,1998/07/25,26.1,88.8,HTW,24,Rajshahi,Nilphamari,Domar,Chilahati,Chilahati,Co,ug/L,0.56
S98_01797,NIL-11,1998/07/24,25.9,88.8,HTW,18,Rajshahi,Nilphamari,Nilphamari Sadar,Nilphamari,Nilphamari,Co,ug/L,0.53
S98_01798,BRUT-12,1998/07/25,26.203,89.11,HTW,,Rajshahi,Lalmonirhat,Hatibandha,Barakhta,Barakhta,Co,ug/L,0.19
S98_01799,JAL-13,1998/07/25,25.931,88.838,HTW,27,Rajshahi,Nilphamari,Jaldhaka,Jaldhaka,Jaldhaka,Co,ug/L,0.09
S98_01800,RANG-14,1998/07/26,25.752,89.253,HTW,18,Rajshahi,Rangpur,Rangpur Sadar,Rangipur,Rangipur,Co,ug/L,0.32
S98_01801,LALM-15,1998/07/25,25.913,89.436,HTW,14,Rajshahi,Lalmonirhat,Lalmonirhat Sadar,Lalmonihat,Lalmonihat,Co,ug/L,0.13
S98_01802,NAGUR-16,1998/07/26,25.965,89.671,HTW,18,Rajshahi,Kurigram,Nageshwari,Nagieshwari,Nagieshwari,Co,ug/L,1.19
S98_01803,ULI-17,1998/07/26,25.653,89.623,HTW,18,Rajshahi,Kurigram,Ulipur,Ulipur,Ulipur,Co,ug/L,0.52
S98_01804,BAMAN,1998/07/26,25.532,89.446,,18,Rajshahi,Gaibandha,Sundarganj,Bamandaga,Bamandaga,Co,ug/L,0.36
S98_01805,BOA-19,1998/07/27,25.318,89.55,HTW,18,Rajshahi,Gaibandha,Gaibandha Sadar,Boalia,Boalia,Co,ug/L,0.13
S98_01806,GABIN-20,1998/07/27,25.134,89.387,,12,Rajshahi,Gaibandha,Gobindaganj,Gabindagons,Gabindagons,Co,ug/L,0.21
S98_01807,MADR-21,1998/07/22,25.109,89.036,HTW,15,Rajshahi,Jaipurhat,Jaipurhat Sadar,Madergonj,Madergonj,Co,ug/L,0.33
S98_01808,SANTA-22,1998/07/22,24.804,88.969,HTW,18,Rajshahi,Bogra,Adamdighi,Santahar,Santahar,Co,ug/L,1.2
S98_01809,GIOKU-23,1998/07/27,24.933,89.348,HTW,18,Rajshahi,Bogra,Bogra Sadar,Giokul,Giokul,Co,ug/L,0.42
S98_01810,PATNI-29,1998/07/22,25.05,88.75,HTW,15,Rajshahi,Naogaon,Patnitala,Patnitala,Patnitala,Co,ug/L,0.09
S98_01811,MAND-25,1998/07/22,24.793,88.701,HTW,30,Rajshahi,Naogaon,Manda,Manda,Manda,Co,ug/L,0.38
S98_01812,PIR-25,1998/07/27,22.365,89.933,,,Barisal,Pirojpur,Mathbaria,,Burirchar,Co,ug/L,0.21
S98_01813,RAHAN-26,1998/07/21,24.8,88.2,HTW,30,Rajshahi,Nawabganj,Gomastapur,Rahandur,Rahandur,Co,ug/L,0.29
S98_01814,PIR-26,1998/07/27,22.365,89.933,HTW,37,Barisal,Pirojpur,Mathbaria,,Burirchar,Co,ug/L,0.48
S98_01815,SHIB-27,1998/07/21,24.684,88.157,Piez,61,Rajshahi,Nawabganj,Shibganj (N),Shibgong,Shibgong,Co,ug/L,1.18
S98_01816,PIR-27,1998/07/27,22.365,89.933,HTW,27,Barisal,Pirojpur,Mathbaria,,Burirchar,Co,ug/L,0.44
S98_01817,GIODA-28,1998/07/21,24.461,88.328,HTW,30,Rajshahi,Rajshahi,Godagari,Giodagari,Giodagari,Co,ug/L,0.15
S98_01818,SAPU-29,1998/07/21,24.374,88.558,HTW,37,Rajshahi,Rajshahi,Rajpara,Sapura,Sapura,Co,ug/L,1.28
S98_01819,CHAR-30,1998/07/20,24.304,88.738,HTW,18,Rajshahi,Rajshahi,Charghat,Charghat,Charghat,Co,ug/L,0.51
S98_01820,NAT-31,1998/07/20,24.414,89.988,HTW,27,Rajshahi,Natore,Natore Sadar,Natore,Natore,Co,ug/L,0.6
S98_01821,SING-32,1998/07/20,24.506,89.143,TARA,18,Rajshahi,Natore,Singra,Singra,Singra,Co,ug/L,0.89
S98_01822,LAL-33,1998/07/20,24.179,88.966,HTW,27,Rajshahi,Natore,Lalpur,Lalpur,Lalpur,Co,ug/L,0.78
S98_01823,ROYG-34,1998/07/27,24.507,89.526,HTW,15,Rajshahi,Sirajganj,Raiganj,Roygong,Roygong,Co,ug/L,0.13
S98_01824,SIRA-35,1998/07/28,24.463,89.708,HTW,18,Rajshahi,Sirajganj,Sirajganj Sadar,Sirjgong,Sirjgong,Co,ug/L,0.19
S98_01825,CHAT-36,1998/07/20,24.15,89.261,HTW,18,Rajshahi,Pabna,Chatmohar,Chatmohur,Chatmohur,Co,ug/L,0.59
S98_01826,PAB-37,1998/07/19,24.006,89.235,HTW,30,Rajshahi,Pabna,Pabna Sadar,Pabna,Pabna,Co,ug/L,1.56
S98_01827,SUJA-38,1998/07/19,23.94,89.408,HTW,18,Rajshahi,Pabna,Sujanagar,Sujanager,Sujanager,Co,ug/L,1.45
S98_01828,NAGIR-39,1998/07/28,23.951,89.65,HTW,20,Rajshahi,Pabna,Bera,Nagierbari,Nagierbari,Co,ug/L,0.39
S98_01829,JA-40,1998/07/19,25.156,89.751,HTW,27,Dhaka,Jamalpur,Dewanganj,Chukaibari,Batheshasaria,Co,ug/L,0.21
S98_01830,PRAG-40,1998/07/19,24.005,88.765,TARA,113,Khulna,Kushtia,Daulatpur (Ku),Pragpur,Pragpur,Co,ug/L,0.33
S98_01831,HYM-41,1998/07/18,25.117,90.335,,27,Dhaka,Mymensingh,Haluaghat, Haluagher,Haluaghatthana Compn,Co,ug/L,0.12
S98_01832,VHAR-41,1998/07/19,24.019,88.992,HTW,,Khulna,Kushtia,Bheramara,Vharamara,Vharamara,Co,ug/L,0.59
S98_01833,KUST-42,1998/07/19,23.909,89.128,HTW,49,Khulna,Kushtia,Kushtia Sadar,Kushtia,Kushtia,Co,ug/L,0.64
S98_01834,SHER-42/A,1998/07/18,25.018,90.012,HTW,36,Rajshahi,Bogra,Sherpur,Sherpur,,Co,ug/L,0.38
S98_01835,MEHER-43,1998/07/19,23.761,88.632,HTW,27,Khulna,Meherpur,Meherpur Sadar,Meherpur,Meherpur,Co,ug/L,0.31
S98_01836,JAM-43,1998/07/20,24.758,89.835,HTW,20,Dhaka,Jamalpur,Sarishabari,Sharishabari,Sharishabari,Co,ug/L,0.61
S98_01837,DAR-44,1998/07/19,23.529,88.81,HTW,18,Khulna,Chuadanga,Chuadanga Sadar,Darsana,Darsana,Co,ug/L,0.53
S98_01838,MYM-44,1998/07/17,24.748,90.406,DTW,107,Dhaka,Mymensingh,Mymensingh Sadar,Sadar,Bagmera,Co,ug/L,0.16
S98_01839,JHIN-45,1998/07/18,23.547,89.165,,122,Khulna,Jhenaidah,Jhenaidah Sadar,Jhinaidha,Jhinaidha,Co,ug/L,0.29
S98_01840,NET-45,1998/07/17,24.866,90.722,HTW,65,Dhaka,Netrokona,Netrokona Sadar,Sadar,Netrokona,Co,ug/L,0.15
S98_01841,MAGU-46,1998/07/15,23.488,89.429,HTW,21,Khulna,Magura,Magura Sadar,Magura,Magura,Co,ug/L,0.59
S98_01842,KISH-46,1998/07/18,24.444,90.773,DTW,118,Dhaka,Kishoreganj,Kishoreganj Sadar,Goital,Kishorgorj,Co,ug/L,0.28
S98_01843,JES-47,1998/07/18,23.167,89.219,DTW,133,Khulna,Jessore,Jessore Sadar,Jessore,Jessore,Co,ug/L,0.38
S98_01844,MYM-47,1998/07/17,24.454,90.54,HTW,,Dhaka,Mymensingh,Gafargaon,Saltia,Sulhasia,Co,ug/L,0.11
S98_01845,NAR-48,1998/07/18,23.173,89.513,HTW,24,Khulna,Narail,Narail Sadar,Narail,Narail,Co,ug/L,0.55
S98_01846,KISH-48,1998/07/18,24.047,90.973,HTW,20,Dhaka,Kishoreganj,Bhairab,Bhairab,Bhairab Rly St,Co,ug/L,0.4
S98_01847,GODKHA-49,1998/07/15,23.059,89.077,HTW,24,Khulna,Jessore,Jhikargachha,Godkhali,Godkhali,Co,ug/L,0.31
S98_01848,TA-49,1998/07/20,24.605,90.024,HTW,34,Dhaka,Tangail,Madhupur,Madhupur,Madhupur,Co,ug/L,0.43
S98_01849,KHUL-50,1998/07/15,22.812,89.561,DTW,274,Khulna,Khulna,Khulna Sadar,Khulna,Khulna,Co,ug/L,0.13
S98_01850,TA-50,1998/07/20,24.24,89.909,HTW,27,Dhaka,Tangail,Tangail Sadar,Sadar,Bepari Para,Co,ug/L,0.25
S98_01851,SATKHR-51,1998/07/17,22.718,89.07,DTW,183,Khulna,Satkhira,Satkhira Sadar,Satkhira,Satkhira,Co,ug/L,0.55
S98_01852,TA-51,1998/07/20,24.108,90.076,HTW,27,Dhaka,Tangail,Mirzapur,Baithgram,Gurail,Co,ug/L,0.14
S98_01853,CHAL-52,1998/07/18,22.586,89.504,HTW,18,Khulna,Bagerhat,Bagerhat Sadar,Chalna,Chalna,Co,ug/L,0.25
S98_01854,GA-52,1998/07/17,24.197,90.474,HTW,29,Dhaka,Gazipur,Sripur,Sreepur,Sreepur,Co,ug/L,0.14
S98_01855,BAGIER-53,1998/07/15,22.663,89.763,,38,Khulna,Bagerhat,Bagerhat Sadar,Bagierhat,Bagierhat,Co,ug/L,0.33
S98_01856,NAR-53,1998/07/18,23.926,90.718,HTW,,Dhaka,Narsingdi,Narsingdi Sadar,Narshingdi,Norshindi Dak Hangloo,Co,ug/L,0.3
S98_01857,KHALIS-54,1998/07/18,22.548,89.538,DTW,274,Khulna,Khulna,Khulna Sadar,Khalishpur,Khalishpur,Co,ug/L,0.17
S98_01858,DA-54,1998/07/16,23.734,90.418,DTW,137,Dhaka,Dhaka,Motijheel,Motijheel,Pwd Colony,Co,ug/L,0.17
S98_01859,RJB-69,1998/07/22,23.765,89.476,HTW,22,Dhaka,Rajbari,Pangsha,,Kalukhau,Co,ug/L,0.23
S98_01860,RJB-70,1998/07/22,23.754,89.645,DTW,127,Dhaka,Rajbari,Rajbari Sadar,,Municipality,Co,ug/L,0.43
S98_01861,FAR-71,1998/07/23,23.599,89.835,DTW,84,Dhaka,Faridpur,Faridpur Sadar,,Municipal,Co,ug/L,0.42
S98_01862,GOP-72,1998/07/23,23.21,89.693,HTW,20,Dhaka,Gopalganj,Kashiani,,Bhatiapara,Co,ug/L,0.72
S98_01863,GOP-73,1998/07/23,23.005,89.823,HTW,20,Dhaka,Gopalganj,Gopalganj Sadar,Municipality,Gopalganj,Co,ug/L,0.42
S98_01864,MAD-74,1998/07/23,23.167,90.195,DTW,238,Dhaka,Madaripur,Madaripur Sadar,Municipality,Madaripur,Co,ug/L,0.23
S98_01865,BAR-75,1998/07/25,22.7,90.369,DTW,610,Barisal,Barisal,Barisal Sadar,,Barisal,Co,ug/L,0.06
S98_01866,PAT-77,1998/07/25,22.355,90.345,DTW,274,Barisal,Patuakhali,Patuakhali Sadar,Municipality,Patuakhali,Co,ug/L,0.21
S98_01867,DA-101,1998/07/21,23.51,90.217,HTW,26,Dhaka,Munshiganj,Munshiganj Sadar,Bhaishakul,Bhaishakul T Inst,Co,ug/L,1.07
S98_01868,DA-102,1998/07/16,23.769,90.364,DTW,53,Dhaka,Dhaka,Mohammadpur (D),Mohammedpur,Mohammedpur,Co,ug/L,0.14
S98_04510,GOHI-44,1998/07/29,22.1467,91.8231,Piez,265,Chittagong,Chittagong,Anowara,Gohira,UC Office,Co,ug/L,0.53
S98_04511,RUST-45,1998/07/29,22.1924,91.8562,HTW,146,Chittagong,Chittagong,Anowara,Battali,Battali,Co,ug/L,0.97
S98_04512,GOHI-46,1998/07/29,22.1467,91.8231,Piez,68,Chittagong,Chittagong,Anowara,Gohira,UC Office,Co,ug/L,0.25
S98_04513,COM-84,1998/07/28,23.4453,91.1722,HTW,32,Chittagong,Comilla,Comilla Sadar,Shaktala,Shaktala,Co,ug/L,1.13
S98_04514,DAUD-85,1998/07/28,23.536,90.7104,HTW,32,Chittagong,Comilla,Daudkandi,Daudkandi,Daudkandi Bazar,Co,ug/L,0.77
S98_04515,LAKS-86,1998/07/28,23.2499,91.115,HTW,23,Chittagong,Comilla,Laksam,Nabaratpur,Nabaratpur,Co,ug/L,0.18
S98_04516,HAJ-87,1998/07/31,23.2484,90.8696,DTW,107,Chittagong,Chandpur,Hajiganj,Aligonj,Aligonj H complex,Co,ug/L,0.31
S98_04517,CHAN-88,1998/07/31,23.2342,90.6673,HTW,168,Chittagong,Chandpur,Chandpur Sadar,Shologhar,Shologhar,Co,ug/L,0.32
S98_04518,NOA-89,1998/07/28,22.8334,91.0955,HTW,11,Chittagong,Noakhali,Noakhali Sadar,Sonapur,Sonapur,Co,ug/L,0.35
S98_04519,FENI-90,1998/07/28,23.0053,91.3866,HTW,13,Chittagong,Feni,Feni Sadar,Pachgadria,Feni Rest House,Co,ug/L,0.17
S98_04520,MIR-91,1998/07/28,22.7761,91.5656,HTW,25,Chittagong,Chittagong,Mirsharai,PS,Miraswarai,Co,ug/L,0.25
S98_04521,CTG-92,1998/07/29,22.4735,91.7891,DTW,110,Chittagong,Chittagong,Hathazari,Hathajani,University,Co,ug/L,0.31
S98_04522,CTG-93,1998/07/29,22.3704,91.8442,DTW,146,Chittagong,Chittagong,Chandgaon,Chandgown,Chandgown,Co,ug/L,1.7
S98_04523,ANWA-94,1998/07/29,22.2234,91.898,HTW,43,Chittagong,Chittagong,Anowara,Anwara,Thana Parishad Office,Co,ug/L,0.5
S98_04524,SAT-95,1998/07/29,22.0721,92.0479,HTW,31,Chittagong,Chittagong,Satkania,Satkania,Satkania,Co,ug/L,0.21
S98_04525,COX-99,1998/07/30,21.4349,91.9656,HTW,10,Chittagong,Cox's Bazar,Cox's Bazar Sadar,,BWDB rest house,Co,ug/L,0.47
S98_04526,UKHI-100,1998/07/30,21.2432,92.1325,DTW,52,Chittagong,Cox's Bazar,Ukhia,Ukhia,Ukhia Bazar,Co,ug/L,0.11
S99_00796,SAN-43(CS),1999/04/06,22.4815,91.4285,Piez,56.96,Chittagong,Chittagong,Sandwip,Rahamatpur,Rahamatpur,Co,ug/L,
S99_00797,SAN-42(CMD),1999/04/06,22.4815,91.4285,Piez,160.92,Chittagong,Chittagong,Sandwip,Rahamatpur,Rahamatpur,Co,ug/L,
S99_00798,SAN-41(CD),1999/04/06,22.4815,91.4285,Piez,261.94,Chittagong,Chittagong,Sandwip,Rahamatpur,Rahamatpur,Co,ug/L,
S99_00799,MOH-98,1999/05/28,21.517,91.9584,Piez,7.32,Chittagong,Cox's Bazar,Maheshkhali,Gorukghata,Gorukghata,Co,ug/L,
S99_00800,KUT-97,1999/05/30,21.8128,91.8449,Piez,542.68,Chittagong,Cox's Bazar,Kutubdia,Baraghope,Baraghope,Co,ug/L,
S99_00801,SAND-9,1999/03/06,22.4817,91.4332,Piez,329.26,Chittagong,Chittagong,Sandwip,BWDB Guest house,BWDB Guest house,Co,ug/L,
S99_00802,AKHA-82,1999/05/24,23.8659,91.201,HTW,18.3,Chittagong,Brahamanbaria,Akhaura,Railway station,Railway station,Co,ug/L,
S99_00803,MUR-83,1999/05/24,23.7627,90.9899,HTW,26.22,Chittagong,Comilla,Muradnagar,Kasimpur,Kasimpur,Co,ug/L,
S99_00804,CHU-81,1999/05/25,24.1945,91.5138,HTW,30.5,Sylhet,Habiganj,Chunarughat,Chunarughat Bazar,Chunarughat Bazar,Co,ug/L,
S99_00805,HABI-80,1999/05/25,24.3776,91.4083,HTW,36.59,Sylhet,Habiganj,Habiganj Sadar,Rajanagar,Rajanagar,Co,ug/L,
S99_00806,MVI-79,1999/05/25,24.4696,91.7603,HTW,30.5,Sylhet,Maulvibazar,Maulvi Bazar Sadar,Sultanpur,Sultanpur,Co,ug/L,
S99_00807,SYL-78,1998/05/25,24.8795,91.8605,HTW,30.5,Sylhet,Sylhet,Sylhet Sadar,Railway station,Railway station,Co,ug/L,
S98_01785,SAT-1,1998/07/23,26.479,88.514,HTW,9,Rajshahi,Panchagarh,Tetulia,Satmara,Satmara,Cr,ug/L,< 0.5
S98_01786,130DA-2,,25.7,88.5,HTW,15,Rajshahi,Panchagarh,Boda,Boda,Boda,Cr,ug/L,< 0.5
S98_01787,TA-2/B,1998/07/20,24.088,90.17,HTW,37,Dhaka,Tangail,Mirzapur,Gurai,Gurai,Cr,ug/L,< 0.5
S98_01788,BALI-3,1998/07/23,26.083,88.279,HTW,18,Rajshahi,Thakurgaon,Baliadangi,Baliadanga,Baliadanga,Cr,ug/L,< 0.5
S98_01789,SALN-4,1998/07/23,26.054,88.533,HTW,37,Rajshahi,Thakurgaon,Thakurgaon Sadar,Salander,Salander,Cr,ug/L,< 0.5
S98_01790,JA-4/B,1998/07/19,24.91,89.946,HTW,26,Dhaka,Jamalpur,Jamalpur Sadar,Jamalpur,Fulbaria,Cr,ug/L,< 0.5
S98_01791,KABIR-5,1998/07/24,25.903,88.6,HTW,30,Rajshahi,Dinajpur,Birganj,Birgong,Kbirashat,Cr,ug/L,< 0.5
S98_01792,RANI-6,1998/07/23,25.901,88.254,HTW,30,Rajshahi,Thakurgaon,Ranisankail,Ranisanwail,Ranisanwail,Cr,ug/L,< 0.5
S98_01793,SIBRM-7,1998/07/24,25.665,88.652,HTW,18,Rajshahi,Dinajpur,Dinajpur Sadar,Sibrampur,Sibrampur,Cr,ug/L,0.7
S98_01794,PARBT-8,1998/07/24,25.653,88.915,HTW,20,Rajshahi,Dinajpur,Parbatipur,Parbatipur,Parbatipur,Cr,ug/L,< 0.5
S98_01795,HAKM-9,1998/07/22,25.288,89.021,HTW,21,Rajshahi,Dinajpur,Hakimpur,Hakimpur,Hakimpur,Cr,ug/L,< 0.5
S98_01796,CHIL-10,1998/07/25,26.1,88.8,HTW,24,Rajshahi,Nilphamari,Domar,Chilahati,Chilahati,Cr,ug/L,< 0.5
S98_01797,NIL-11,1998/07/24,25.9,88.8,HTW,18,Rajshahi,Nilphamari,Nilphamari Sadar,Nilphamari,Nilphamari,Cr,ug/L,< 0.5
S98_01798,BRUT-12,1998/07/25,26.203,89.11,HTW,,Rajshahi,Lalmonirhat,Hatibandha,Barakhta,Barakhta,Cr,ug/L,2.6
S98_01799,JAL-13,1998/07/25,25.931,88.838,HTW,27,Rajshahi,Nilphamari,Jaldhaka,Jaldhaka,Jaldhaka,Cr,ug/L,< 0.5
S98_01800,RANG-14,1998/07/26,25.752,89.253,HTW,18,Rajshahi,Rangpur,Rangpur Sadar,Rangipur,Rangipur,Cr,ug/L,< 0.5
S98_01801,LALM-15,1998/07/25,25.913,89.436,HTW,14,Rajshahi,Lalmonirhat,Lalmonirhat Sadar,Lalmonihat,Lalmonihat,Cr,ug/L,0.6
S98_01802,NAGUR-16,1998/07/26,25.965,89.671,HTW,18,Rajshahi,Kurigram,Nageshwari,Nagieshwari,Nagieshwari,Cr,ug/L,< 0.5
S98_01803,ULI-17,1998/07/26,25.653,89.623,HTW,18,Rajshahi,Kurigram,Ulipur,Ulipur,Ulipur,Cr,ug/L,< 0.5
S98_01804,BAMAN,1998/07/26,25.532,89.446,,18,Rajshahi,Gaibandha,Sundarganj,Bamandaga,Bamandaga,Cr,ug/L,< 0.5
S98_01805,BOA-19,1998/07/27,25.318,89.55,HTW,18,Rajshahi,Gaibandha,Gaibandha Sadar,Boalia,Boalia,Cr,ug/L,< 0.5
S98_01806,GABIN-20,1998/07/27,25.134,89.387,,12,Rajshahi,Gaibandha,Gobindaganj,Gabindagons,Gabindagons,Cr,ug/L,< 0.5
S98_01807,MADR-21,1998/07/22,25.109,89.036,HTW,15,Rajshahi,Jaipurhat,Jaipurhat Sadar,Madergonj,Madergonj,Cr,ug/L,< 0.5
S98_01808,SANTA-22,1998/07/22,24.804,88.969,HTW,18,Rajshahi,Bogra,Adamdighi,Santahar,Santahar,Cr,ug/L,< 0.5
S98_01809,GIOKU-23,1998/07/27,24.933,89.348,HTW,18,Rajshahi,Bogra,Bogra Sadar,Giokul,Giokul,Cr,ug/L,< 0.5
S98_01810,PATNI-29,1998/07/22,25.05,88.75,HTW,15,Rajshahi,Naogaon,Patnitala,Patnitala,Patnitala,Cr,ug/L,< 0.5
S98_01811,MAND-25,1998/07/22,24.793,88.701,HTW,30,Rajshahi,Naogaon,Manda,Manda,Manda,Cr,ug/L,< 0.5
S98_01812,PIR-25,1998/07/27,22.365,89.933,,,Barisal,Pirojpur,Mathbaria,,Burirchar,Cr,ug/L,1.2
S98_01813,RAHAN-26,1998/07/21,24.8,88.2,HTW,30,Rajshahi,Nawabganj,Gomastapur,Rahandur,Rahandur,Cr,ug/L,< 0.5
S98_01814,PIR-26,1998/07/27,22.365,89.933,HTW,37,Barisal,Pirojpur,Mathbaria,,Burirchar,Cr,ug/L,1.2
S98_01815,SHIB-27,1998/07/21,24.684,88.157,Piez,61,Rajshahi,Nawabganj,Shibganj (N),Shibgong,Shibgong,Cr,ug/L,< 0.5
S98_01816,PIR-27,1998/07/27,22.365,89.933,HTW,27,Barisal,Pirojpur,Mathbaria,,Burirchar,Cr,ug/L,1.6
S98_01817,GIODA-28,1998/07/21,24.461,88.328,HTW,30,Rajshahi,Rajshahi,Godagari,Giodagari,Giodagari,Cr,ug/L,< 0.5
S98_01818,SAPU-29,1998/07/21,24.374,88.558,HTW,37,Rajshahi,Rajshahi,Rajpara,Sapura,Sapura,Cr,ug/L,< 0.5
S98_01819,CHAR-30,1998/07/20,24.304,88.738,HTW,18,Rajshahi,Rajshahi,Charghat,Charghat,Charghat,Cr,ug/L,< 0.5
S98_01820,NAT-31,1998/07/20,24.414,89.988,HTW,27,Rajshahi,Natore,Natore Sadar,Natore,Natore,Cr,ug/L,< 0.5
S98_01821,SING-32,1998/07/20,24.506,89.143,TARA,18,Rajshahi,Natore,Singra,Singra,Singra,Cr,ug/L,< 0.5
S98_01822,LAL-33,1998/07/20,24.179,88.966,HTW,27,Rajshahi,Natore,Lalpur,Lalpur,Lalpur,Cr,ug/L,< 0.5
S98_01823,ROYG-34,1998/07/27,24.507,89.526,HTW,15,Rajshahi,Sirajganj,Raiganj,Roygong,Roygong,Cr,ug/L,< 0.5
S98_01824,SIRA-35,1998/07/28,24.463,89.708,HTW,18,Rajshahi,Sirajganj,Sirajganj Sadar,Sirjgong,Sirjgong,Cr,ug/L,< 0.5
S98_01825,CHAT-36,1998/07/20,24.15,89.261,HTW,18,Rajshahi,Pabna,Chatmohar,Chatmohur,Chatmohur,Cr,ug/L,< 0.5
S98_01826,PAB-37,1998/07/19,24.006,89.235,HTW,30,Rajshahi,Pabna,Pabna Sadar,Pabna,Pabna,Cr,ug/L,< 0.5
S98_01827,SUJA-38,1998/07/19,23.94,89.408,HTW,18,Rajshahi,Pabna,Sujanagar,Sujanager,Sujanager,Cr,ug/L,< 0.5
S98_01828,NAGIR-39,1998/07/28,23.951,89.65,HTW,20,Rajshahi,Pabna,Bera,Nagierbari,Nagierbari,Cr,ug/L,< 0.5
S98_01829,JA-40,1998/07/19,25.156,89.751,HTW,27,Dhaka,Jamalpur,Dewanganj,Chukaibari,Batheshasaria,Cr,ug/L,< 0.5
S98_01830,PRAG-40,1998/07/19,24.005,88.765,TARA,113,Khulna,Kushtia,Daulatpur (Ku),Pragpur,Pragpur,Cr,ug/L,< 0.5
S98_01831,HYM-41,1998/07/18,25.117,90.335,,27,Dhaka,Mymensingh,Haluaghat, Haluagher,Haluaghatthana Compn,Cr,ug/L,< 0.5
S98_01832,VHAR-41,1998/07/19,24.019,88.992,HTW,,Khulna,Kushtia,Bheramara,Vharamara,Vharamara,Cr,ug/L,< 0.5
S98_01833,KUST-42,1998/07/19,23.909,89.128,HTW,49,Khulna,Kushtia,Kushtia Sadar,Kushtia,Kushtia,Cr,ug/L,< 0.5
S98_01834,SHER-42/A,1998/07/18,25.018,90.012,HTW,36,Rajshahi,Bogra,Sherpur,Sherpur,,Cr,ug/L,< 0.5
S98_01835,MEHER-43,1998/07/19,23.761,88.632,HTW,27,Khulna,Meherpur,Meherpur Sadar,Meherpur,Meherpur,Cr,ug/L,< 0.5
S98_01836,JAM-43,1998/07/20,24.758,89.835,HTW,20,Dhaka,Jamalpur,Sarishabari,Sharishabari,Sharishabari,Cr,ug/L,< 0.5
S98_01837,DAR-44,1998/07/19,23.529,88.81,HTW,18,Khulna,Chuadanga,Chuadanga Sadar,Darsana,Darsana,Cr,ug/L,< 0.5
S98_01838,MYM-44,1998/07/17,24.748,90.406,DTW,107,Dhaka,Mymensingh,Mymensingh Sadar,Sadar,Bagmera,Cr,ug/L,< 0.5
S98_01839,JHIN-45,1998/07/18,23.547,89.165,,122,Khulna,Jhenaidah,Jhenaidah Sadar,Jhinaidha,Jhinaidha,Cr,ug/L,0.5
S98_01840,NET-45,1998/07/17,24.866,90.722,HTW,65,Dhaka,Netrokona,Netrokona Sadar,Sadar,Netrokona,Cr,ug/L,< 0.5
S98_01841,MAGU-46,1998/07/15,23.488,89.429,HTW,21,Khulna,Magura,Magura Sadar,Magura,Magura,Cr,ug/L,< 0.5
S98_01842,KISH-46,1998/07/18,24.444,90.773,DTW,118,Dhaka,Kishoreganj,Kishoreganj Sadar,Goital,Kishorgorj,Cr,ug/L,< 0.5
S98_01843,JES-47,1998/07/18,23.167,89.219,DTW,133,Khulna,Jessore,Jessore Sadar,Jessore,Jessore,Cr,ug/L,< 0.5
S98_01844,MYM-47,1998/07/17,24.454,90.54,HTW,,Dhaka,Mymensingh,Gafargaon,Saltia,Sulhasia,Cr,ug/L,< 0.5
S98_01845,NAR-48,1998/07/18,23.173,89.513,HTW,24,Khulna,Narail,Narail Sadar,Narail,Narail,Cr,ug/L,< 0.5
S98_01846,KISH-48,1998/07/18,24.047,90.973,HTW,20,Dhaka,Kishoreganj,Bhairab,Bhairab,Bhairab Rly St,Cr,ug/L,< 0.5
S98_01847,GODKHA-49,1998/07/15,23.059,89.077,HTW,24,Khulna,Jessore,Jhikargachha,Godkhali,Godkhali,Cr,ug/L,< 0.5
S98_01848,TA-49,1998/07/20,24.605,90.024,HTW,34,Dhaka,Tangail,Madhupur,Madhupur,Madhupur,Cr,ug/L,< 0.5
S98_01849,KHUL-50,1998/07/15,22.812,89.561,DTW,274,Khulna,Khulna,Khulna Sadar,Khulna,Khulna,Cr,ug/L,< 0.5
S98_01850,TA-50,1998/07/20,24.24,89.909,HTW,27,Dhaka,Tangail,Tangail Sadar,Sadar,Bepari Para,Cr,ug/L,< 0.5
S98_01851,SATKHR-51,1998/07/17,22.718,89.07,DTW,183,Khulna,Satkhira,Satkhira Sadar,Satkhira,Satkhira,Cr,ug/L,< 0.5
S98_01852,TA-51,1998/07/20,24.108,90.076,HTW,27,Dhaka,Tangail,Mirzapur,Baithgram,Gurail,Cr,ug/L,< 0.5
S98_01853,CHAL-52,1998/07/18,22.586,89.504,HTW,18,Khulna,Bagerhat,Bagerhat Sadar,Chalna,Chalna,Cr,ug/L,< 0.5
S98_01854,GA-52,1998/07/17,24.197,90.474,HTW,29,Dhaka,Gazipur,Sripur,Sreepur,Sreepur,Cr,ug/L,0.5
S98_01855,BAGIER-53,1998/07/15,22.663,89.763,,38,Khulna,Bagerhat,Bagerhat Sadar,Bagierhat,Bagierhat,Cr,ug/L,< 0.5
S98_01856,NAR-53,1998/07/18,23.926,90.718,HTW,,Dhaka,Narsingdi,Narsingdi Sadar,Narshingdi,Norshindi Dak Hangloo,Cr,ug/L,< 0.5
S98_01857,KHALIS-54,1998/07/18,22.548,89.538,DTW,274,Khulna,Khulna,Khulna Sadar,Khalishpur,Khalishpur,Cr,ug/L,0.5
S98_01858,DA-54,1998/07/16,23.734,90.418,DTW,137,Dhaka,Dhaka,Motijheel,Motijheel,Pwd Colony,Cr,ug/L,< 0.5
S98_01859,RJB-69,1998/07/22,23.765,89.476,HTW,22,Dhaka,Rajbari,Pangsha,,Kalukhau,Cr,ug/L,< 0.5
S98_01860,RJB-70,1998/07/22,23.754,89.645,DTW,127,Dhaka,Rajbari,Rajbari Sadar,,Municipality,Cr,ug/L,< 0.5
S98_01861,FAR-71,1998/07/23,23.599,89.835,DTW,84,Dhaka,Faridpur,Faridpur Sadar,,Municipal,Cr,ug/L,< 0.5
S98_01862,GOP-72,1998/07/23,23.21,89.693,HTW,20,Dhaka,Gopalganj,Kashiani,,Bhatiapara,Cr,ug/L,< 0.5
S98_01863,GOP-73,1998/07/23,23.005,89.823,HTW,20,Dhaka,Gopalganj,Gopalganj Sadar,Municipality,Gopalganj,Cr,ug/L,< 0.5
S98_01864,MAD-74,1998/07/23,23.167,90.195,DTW,238,Dhaka,Madaripur,Madaripur Sadar,Municipality,Madaripur,Cr,ug/L,< 0.5
S98_01865,BAR-75,1998/07/25,22.7,90.369,DTW,610,Barisal,Barisal,Barisal Sadar,,Barisal,Cr,ug/L,< 0.5
S98_01866,PAT-77,1998/07/25,22.355,90.345,DTW,274,Barisal,Patuakhali,Patuakhali Sadar,Municipality,Patuakhali,Cr,ug/L,< 0.5
S98_01867,DA-101,1998/07/21,23.51,90.217,HTW,26,Dhaka,Munshiganj,Munshiganj Sadar,Bhaishakul,Bhaishakul T Inst,Cr,ug/L,< 0.5
S98_01868,DA-102,1998/07/16,23.769,90.364,DTW,53,Dhaka,Dhaka,Mohammadpur (D),Mohammedpur,Mohammedpur,Cr,ug/L,1.6
S98_04510,GOHI-44,1998/07/29,22.1467,91.8231,Piez,265,Chittagong,Chittagong,Anowara,Gohira,UC Office,Cr,ug/L,0.6
S98_04511,RUST-45,1998/07/29,22.1924,91.8562,HTW,146,Chittagong,Chittagong,Anowara,Battali,Battali,Cr,ug/L,0.5
S98_04512,GOHI-46,1998/07/29,22.1467,91.8231,Piez,68,Chittagong,Chittagong,Anowara,Gohira,UC Office,Cr,ug/L,0.6
S98_04513,COM-84,1998/07/28,23.4453,91.1722,HTW,32,Chittagong,Comilla,Comilla Sadar,Shaktala,Shaktala,Cr,ug/L,< 0.5
S98_04514,DAUD-85,1998/07/28,23.536,90.7104,HTW,32,Chittagong,Comilla,Daudkandi,Daudkandi,Daudkandi Bazar,Cr,ug/L,< 0.5
S98_04515,LAKS-86,1998/07/28,23.2499,91.115,HTW,23,Chittagong,Comilla,Laksam,Nabaratpur,Nabaratpur,Cr,ug/L,0.7
S98_04516,HAJ-87,1998/07/31,23.2484,90.8696,DTW,107,Chittagong,Chandpur,Hajiganj,Aligonj,Aligonj H complex,Cr,ug/L,0.6
S98_04517,CHAN-88,1998/07/31,23.2342,90.6673,HTW,168,Chittagong,Chandpur,Chandpur Sadar,Shologhar,Shologhar,Cr,ug/L,0.5
S98_04518,NOA-89,1998/07/28,22.8334,91.0955,HTW,11,Chittagong,Noakhali,Noakhali Sadar,Sonapur,Sonapur,Cr,ug/L,< 0.5
S98_04519,FENI-90,1998/07/28,23.0053,91.3866,HTW,13,Chittagong,Feni,Feni Sadar,Pachgadria,Feni Rest House,Cr,ug/L,0.5
S98_04520,MIR-91,1998/07/28,22.7761,91.5656,HTW,25,Chittagong,Chittagong,Mirsharai,PS,Miraswarai,Cr,ug/L,1.1
S98_04521,CTG-92,1998/07/29,22.4735,91.7891,DTW,110,Chittagong,Chittagong,Hathazari,Hathajani,University,Cr,ug/L,3.9
S98_04522,CTG-93,1998/07/29,22.3704,91.8442,DTW,146,Chittagong,Chittagong,Chandgaon,Chandgown,Chandgown,Cr,ug/L,0.7
S98_04523,ANWA-94,1998/07/29,22.2234,91.898,HTW,43,Chittagong,Chittagong,Anowara,Anwara,Thana Parishad Office,Cr,ug/L,< 0.5
S98_04524,SAT-95,1998/07/29,22.0721,92.0479,HTW,31,Chittagong,Chittagong,Satkania,Satkania,Satkania,Cr,ug/L,0.8
S98_04525,COX-99,1998/07/30,21.4349,91.9656,HTW,10,Chittagong,Cox's Bazar,Cox's Bazar Sadar,,BWDB rest house,Cr,ug/L,< 0.5
S98_04526,UKHI-100,1998/07/30,21.2432,92.1325,DTW,52,Chittagong,Cox's Bazar,Ukhia,Ukhia,Ukhia Bazar,Cr,ug/L,2.1
S99_00796,SAN-43(CS),1999/04/06,22.4815,91.4285,Piez,56.96,Chittagong,Chittagong,Sandwip,Rahamatpur,Rahamatpur,Cr,ug/L,
S99_00797,SAN-42(CMD),1999/04/06,22.4815,91.4285,Piez,160.92,Chittagong,Chittagong,Sandwip,Rahamatpur,Rahamatpur,Cr,ug/L,
S99_00798,SAN-41(CD),1999/04/06,22.4815,91.4285,Piez,261.94,Chittagong,Chittagong,Sandwip,Rahamatpur,Rahamatpur,Cr,ug/L,
S99_00799,MOH-98,1999/05/28,21.517,91.9584,Piez,7.32,Chittagong,Cox's Bazar,Maheshkhali,Gorukghata,Gorukghata,Cr,ug/L,
S99_00800,KUT-97,1999/05/30,21.8128,91.8449,Piez,542.68,Chittagong,Cox's Bazar,Kutubdia,Baraghope,Baraghope,Cr,ug/L,
S99_00801,SAND-9,1999/03/06,22.4817,91.4332,Piez,329.26,Chittagong,Chittagong,Sandwip,BWDB Guest house,BWDB Guest house,Cr,ug/L,
S99_00802,AKHA-82,1999/05/24,23.8659,91.201,HTW,18.3,Chittagong,Brahamanbaria,Akhaura,Railway station,Railway station,Cr,ug/L,
S99_00803,MUR-83,1999/05/24,23.7627,90.9899,HTW,26.22,Chittagong,Comilla,Muradnagar,Kasimpur,Kasimpur,Cr,ug/L,
S99_00804,CHU-81,1999/05/25,24.1945,91.5138,HTW,30.5,Sylhet,Habiganj,Chunarughat,Chunarughat Bazar,Chunarughat Bazar,Cr,ug/L,
S99_00805,HABI-80,1999/05/25,24.3776,91.4083,HTW,36.59,Sylhet,Habiganj,Habiganj Sadar,Rajanagar,Rajanagar,Cr,ug/L,
S99_00806,MVI-79,1999/05/25,24.4696,91.7603,HTW,30.5,Sylhet,Maulvibazar,Maulvi Bazar Sadar,Sultanpur,Sultanpur,Cr,ug/L,
S99_00807,SYL-78,1998/05/25,24.8795,91.8605,HTW,30.5,Sylhet,Sylhet,Sylhet Sadar,Railway station,Railway station,Cr,ug/L,
S98_01785,SAT-1,1998/07/23,26.479,88.514,HTW,9,Rajshahi,Panchagarh,Tetulia,Satmara,Satmara,Cs,ug/L,0.6
S98_01786,130DA-2,,25.7,88.5,HTW,15,Rajshahi,Panchagarh,Boda,Boda,Boda,Cs,ug/L,< 0.05
S98_01787,TA-2/B,1998/07/20,24.088,90.17,HTW,37,Dhaka,Tangail,Mirzapur,Gurai,Gurai,Cs,ug/L,< 0.05
S98_01788,BALI-3,1998/07/23,26.083,88.279,HTW,18,Rajshahi,Thakurgaon,Baliadangi,Baliadanga,Baliadanga,Cs,ug/L,< 0.05
S98_01789,SALN-4,1998/07/23,26.054,88.533,HTW,37,Rajshahi,Thakurgaon,Thakurgaon Sadar,Salander,Salander,Cs,ug/L,< 0.05
S98_01790,JA-4/B,1998/07/19,24.91,89.946,HTW,26,Dhaka,Jamalpur,Jamalpur Sadar,Jamalpur,Fulbaria,Cs,ug/L,< 0.05
S98_01791,KABIR-5,1998/07/24,25.903,88.6,HTW,30,Rajshahi,Dinajpur,Birganj,Birgong,Kbirashat,Cs,ug/L,< 0.05
S98_01792,RANI-6,1998/07/23,25.901,88.254,HTW,30,Rajshahi,Thakurgaon,Ranisankail,Ranisanwail,Ranisanwail,Cs,ug/L,< 0.05
S98_01793,SIBRM-7,1998/07/24,25.665,88.652,HTW,18,Rajshahi,Dinajpur,Dinajpur Sadar,Sibrampur,Sibrampur,Cs,ug/L,< 0.05
S98_01794,PARBT-8,1998/07/24,25.653,88.915,HTW,20,Rajshahi,Dinajpur,Parbatipur,Parbatipur,Parbatipur,Cs,ug/L,< 0.05
S98_01795,HAKM-9,1998/07/22,25.288,89.021,HTW,21,Rajshahi,Dinajpur,Hakimpur,Hakimpur,Hakimpur,Cs,ug/L,< 0.05
S98_01796,CHIL-10,1998/07/25,26.1,88.8,HTW,24,Rajshahi,Nilphamari,Domar,Chilahati,Chilahati,Cs,ug/L,< 0.05
S98_01797,NIL-11,1998/07/24,25.9,88.8,HTW,18,Rajshahi,Nilphamari,Nilphamari Sadar,Nilphamari,Nilphamari,Cs,ug/L,< 0.05
S98_01798,BRUT-12,1998/07/25,26.203,89.11,HTW,,Rajshahi,Lalmonirhat,Hatibandha,Barakhta,Barakhta,Cs,ug/L,0.51
S98_01799,JAL-13,1998/07/25,25.931,88.838,HTW,27,Rajshahi,Nilphamari,Jaldhaka,Jaldhaka,Jaldhaka,Cs,ug/L,< 0.05
S98_01800,RANG-14,1998/07/26,25.752,89.253,HTW,18,Rajshahi,Rangpur,Rangpur Sadar,Rangipur,Rangipur,Cs,ug/L,< 0.05
S98_01801,LALM-15,1998/07/25,25.913,89.436,HTW,14,Rajshahi,Lalmonirhat,Lalmonirhat Sadar,Lalmonihat,Lalmonihat,Cs,ug/L,0.08
S98_01802,NAGUR-16,1998/07/26,25.965,89.671,HTW,18,Rajshahi,Kurigram,Nageshwari,Nagieshwari,Nagieshwari,Cs,ug/L,< 0.05
S98_01803,ULI-17,1998/07/26,25.653,89.623,HTW,18,Rajshahi,Kurigram,Ulipur,Ulipur,Ulipur,Cs,ug/L,< 0.05
S98_01804,BAMAN,1998/07/26,25.532,89.446,,18,Rajshahi,Gaibandha,Sundarganj,Bamandaga,Bamandaga,Cs,ug/L,< 0.05
S98_01805,BOA-19,1998/07/27,25.318,89.55,HTW,18,Rajshahi,Gaibandha,Gaibandha Sadar,Boalia,Boalia,Cs,ug/L,< 0.05
S98_01806,GABIN-20,1998/07/27,25.134,89.387,,12,Rajshahi,Gaibandha,Gobindaganj,Gabindagons,Gabindagons,Cs,ug/L,< 0.05
S98_01807,MADR-21,1998/07/22,25.109,89.036,HTW,15,Rajshahi,Jaipurhat,Jaipurhat Sadar,Madergonj,Madergonj,Cs,ug/L,< 0.05
S98_01808,SANTA-22,1998/07/22,24.804,88.969,HTW,18,Rajshahi,Bogra,Adamdighi,Santahar,Santahar,Cs,ug/L,< 0.05
S98_01809,GIOKU-23,1998/07/27,24.933,89.348,HTW,18,Rajshahi,Bogra,Bogra Sadar,Giokul,Giokul,Cs,ug/L,< 0.05
S98_01810,PATNI-29,1998/07/22,25.05,88.75,HTW,15,Rajshahi,Naogaon,Patnitala,Patnitala,Patnitala,Cs,ug/L,< 0.05
S98_01811,MAND-25,1998/07/22,24.793,88.701,HTW,30,Rajshahi,Naogaon,Manda,Manda,Manda,Cs,ug/L,< 0.05
S98_01812,PIR-25,1998/07/27,22.365,89.933,,,Barisal,Pirojpur,Mathbaria,,Burirchar,Cs,ug/L,0.15
S98_01813,RAHAN-26,1998/07/21,24.8,88.2,HTW,30,Rajshahi,Nawabganj,Gomastapur,Rahandur,Rahandur,Cs,ug/L,< 0.05
S98_01814,PIR-26,1998/07/27,22.365,89.933,HTW,37,Barisal,Pirojpur,Mathbaria,,Burirchar,Cs,ug/L,0.27
S98_01815,SHIB-27,1998/07/21,24.684,88.157,Piez,61,Rajshahi,Nawabganj,Shibganj (N),Shibgong,Shibgong,Cs,ug/L,< 0.05
S98_01816,PIR-27,1998/07/27,22.365,89.933,HTW,27,Barisal,Pirojpur,Mathbaria,,Burirchar,Cs,ug/L,0.06
S98_01817,GIODA-28,1998/07/21,24.461,88.328,HTW,30,Rajshahi,Rajshahi,Godagari,Giodagari,Giodagari,Cs,ug/L,< 0.05
S98_01818,SAPU-29,1998/07/21,24.374,88.558,HTW,37,Rajshahi,Rajshahi,Rajpara,Sapura,Sapura,Cs,ug/L,< 0.05
S98_01819,CHAR-30,1998/07/20,24.304,88.738,HTW,18,Rajshahi,Rajshahi,Charghat,Charghat,Charghat,Cs,ug/L,< 0.05
S98_01820,NAT-31,1998/07/20,24.414,89.988,HTW,27,Rajshahi,Natore,Natore Sadar,Natore,Natore,Cs,ug/L,< 0.05
S98_01821,SING-32,1998/07/20,24.506,89.143,TARA,18,Rajshahi,Natore,Singra,Singra,Singra,Cs,ug/L,< 0.05
S98_01822,LAL-33,1998/07/20,24.179,88.966,HTW,27,Rajshahi,Natore,Lalpur,Lalpur,Lalpur,Cs,ug/L,< 0.05
S98_01823,ROYG-34,1998/07/27,24.507,89.526,HTW,15,Rajshahi,Sirajganj,Raiganj,Roygong,Roygong,Cs,ug/L,< 0.05
S98_01824,SIRA-35,1998/07/28,24.463,89.708,HTW,18,Rajshahi,Sirajganj,Sirajganj Sadar,Sirjgong,Sirjgong,Cs,ug/L,< 0.05
S98_01825,CHAT-36,1998/07/20,24.15,89.261,HTW,18,Rajshahi,Pabna,Chatmohar,Chatmohur,Chatmohur,Cs,ug/L,< 0.05
S98_01826,PAB-37,1998/07/19,24.006,89.235,HTW,30,Rajshahi,Pabna,Pabna Sadar,Pabna,Pabna,Cs,ug/L,< 0.05
S98_01827,SUJA-38,1998/07/19,23.94,89.408,HTW,18,Rajshahi,Pabna,Sujanagar,Sujanager,Sujanager,Cs,ug/L,< 0.05
S98_01828,NAGIR-39,1998/07/28,23.951,89.65,HTW,20,Rajshahi,Pabna,Bera,Nagierbari,Nagierbari,Cs,ug/L,< 0.05
S98_01829,JA-40,1998/07/19,25.156,89.751,HTW,27,Dhaka,Jamalpur,Dewanganj,Chukaibari,Batheshasaria,Cs,ug/L,0.16
S98_01830,PRAG-40,1998/07/19,24.005,88.765,TARA,113,Khulna,Kushtia,Daulatpur (Ku),Pragpur,Pragpur,Cs,ug/L,< 0.05
S98_01831,HYM-41,1998/07/18,25.117,90.335,,27,Dhaka,Mymensingh,Haluaghat, Haluagher,Haluaghatthana Compn,Cs,ug/L,< 0.05
S98_01832,VHAR-41,1998/07/19,24.019,88.992,HTW,,Khulna,Kushtia,Bheramara,Vharamara,Vharamara,Cs,ug/L,< 0.05
S98_01833,KUST-42,1998/07/19,23.909,89.128,HTW,49,Khulna,Kushtia,Kushtia Sadar,Kushtia,Kushtia,Cs,ug/L,< 0.05
S98_01834,SHER-42/A,1998/07/18,25.018,90.012,HTW,36,Rajshahi,Bogra,Sherpur,Sherpur,,Cs,ug/L,< 0.05
S98_01835,MEHER-43,1998/07/19,23.761,88.632,HTW,27,Khulna,Meherpur,Meherpur Sadar,Meherpur,Meherpur,Cs,ug/L,< 0.05
S98_01836,JAM-43,1998/07/20,24.758,89.835,HTW,20,Dhaka,Jamalpur,Sarishabari,Sharishabari,Sharishabari,Cs,ug/L,< 0.05
S98_01837,DAR-44,1998/07/19,23.529,88.81,HTW,18,Khulna,Chuadanga,Chuadanga Sadar,Darsana,Darsana,Cs,ug/L,< 0.05
S98_01838,MYM-44,1998/07/17,24.748,90.406,DTW,107,Dhaka,Mymensingh,Mymensingh Sadar,Sadar,Bagmera,Cs,ug/L,< 0.05
S98_01839,JHIN-45,1998/07/18,23.547,89.165,,122,Khulna,Jhenaidah,Jhenaidah Sadar,Jhinaidha,Jhinaidha,Cs,ug/L,< 0.05
S98_01840,NET-45,1998/07/17,24.866,90.722,HTW,65,Dhaka,Netrokona,Netrokona Sadar,Sadar,Netrokona,Cs,ug/L,< 0.05
S98_01841,MAGU-46,1998/07/15,23.488,89.429,HTW,21,Khulna,Magura,Magura Sadar,Magura,Magura,Cs,ug/L,< 0.05
S98_01842,KISH-46,1998/07/18,24.444,90.773,DTW,118,Dhaka,Kishoreganj,Kishoreganj Sadar,Goital,Kishorgorj,Cs,ug/L,< 0.05
S98_01843,JES-47,1998/07/18,23.167,89.219,DTW,133,Khulna,Jessore,Jessore Sadar,Jessore,Jessore,Cs,ug/L,< 0.05
S98_01844,MYM-47,1998/07/17,24.454,90.54,HTW,,Dhaka,Mymensingh,Gafargaon,Saltia,Sulhasia,Cs,ug/L,< 0.05
S98_01845,NAR-48,1998/07/18,23.173,89.513,HTW,24,Khulna,Narail,Narail Sadar,Narail,Narail,Cs,ug/L,< 0.05
S98_01846,KISH-48,1998/07/18,24.047,90.973,HTW,20,Dhaka,Kishoreganj,Bhairab,Bhairab,Bhairab Rly St,Cs,ug/L,< 0.05
S98_01847,GODKHA-49,1998/07/15,23.059,89.077,HTW,24,Khulna,Jessore,Jhikargachha,Godkhali,Godkhali,Cs,ug/L,< 0.05
S98_01848,TA-49,1998/07/20,24.605,90.024,HTW,34,Dhaka,Tangail,Madhupur,Madhupur,Madhupur,Cs,ug/L,< 0.05
S98_01849,KHUL-50,1998/07/15,22.812,89.561,DTW,274,Khulna,Khulna,Khulna Sadar,Khulna,Khulna,Cs,ug/L,0.1
S98_01850,TA-50,1998/07/20,24.24,89.909,HTW,27,Dhaka,Tangail,Tangail Sadar,Sadar,Bepari Para,Cs,ug/L,< 0.05
S98_01851,SATKHR-51,1998/07/17,22.718,89.07,DTW,183,Khulna,Satkhira,Satkhira Sadar,Satkhira,Satkhira,Cs,ug/L,0.07
S98_01852,TA-51,1998/07/20,24.108,90.076,HTW,27,Dhaka,Tangail,Mirzapur,Baithgram,Gurail,Cs,ug/L,0.06
S98_01853,CHAL-52,1998/07/18,22.586,89.504,HTW,18,Khulna,Bagerhat,Bagerhat Sadar,Chalna,Chalna,Cs,ug/L,0.14
S98_01854,GA-52,1998/07/17,24.197,90.474,HTW,29,Dhaka,Gazipur,Sripur,Sreepur,Sreepur,Cs,ug/L,< 0.05
S98_01855,BAGIER-53,1998/07/15,22.663,89.763,,38,Khulna,Bagerhat,Bagerhat Sadar,Bagierhat,Bagierhat,Cs,ug/L,< 0.05
S98_01856,NAR-53,1998/07/18,23.926,90.718,HTW,,Dhaka,Narsingdi,Narsingdi Sadar,Narshingdi,Norshindi Dak Hangloo,Cs,ug/L,< 0.05
S98_01857,KHALIS-54,1998/07/18,22.548,89.538,DTW,274,Khulna,Khulna,Khulna Sadar,Khalishpur,Khalishpur,Cs,ug/L,< 0.05
S98_01858,DA-54,1998/07/16,23.734,90.418,DTW,137,Dhaka,Dhaka,Motijheel,Motijheel,Pwd Colony,Cs,ug/L,< 0.05
S98_01859,RJB-69,1998/07/22,23.765,89.476,HTW,22,Dhaka,Rajbari,Pangsha,,Kalukhau,Cs,ug/L,< 0.05
S98_01860,RJB-70,1998/07/22,23.754,89.645,DTW,127,Dhaka,Rajbari,Rajbari Sadar,,Municipality,Cs,ug/L,< 0.05
S98_01861,FAR-71,1998/07/23,23.599,89.835,DTW,84,Dhaka,Faridpur,Faridpur Sadar,,Municipal,Cs,ug/L,0.13
S98_01862,GOP-72,1998/07/23,23.21,89.693,HTW,20,Dhaka,Gopalganj,Kashiani,,Bhatiapara,Cs,ug/L,< 0.05
S98_01863,GOP-73,1998/07/23,23.005,89.823,HTW,20,Dhaka,Gopalganj,Gopalganj Sadar,Municipality,Gopalganj,Cs,ug/L,< 0.05
S98_01864,MAD-74,1998/07/23,23.167,90.195,DTW,238,Dhaka,Madaripur,Madaripur Sadar,Municipality,Madaripur,Cs,ug/L,< 0.05
S98_01865,BAR-75,1998/07/25,22.7,90.369,DTW,610,Barisal,Barisal,Barisal Sadar,,Barisal,Cs,ug/L,< 0.05
S98_01866,PAT-77,1998/07/25,22.355,90.345,DTW,274,Barisal,Patuakhali,Patuakhali Sadar,Municipality,Patuakhali,Cs,ug/L,< 0.05
S98_01867,DA-101,1998/07/21,23.51,90.217,HTW,26,Dhaka,Munshiganj,Munshiganj Sadar,Bhaishakul,Bhaishakul T Inst,Cs,ug/L,< 0.05
S98_01868,DA-102,1998/07/16,23.769,90.364,DTW,53,Dhaka,Dhaka,Mohammadpur (D),Mohammedpur,Mohammedpur,Cs,ug/L,< 0.05
S98_04510,GOHI-44,1998/07/29,22.1467,91.8231,Piez,265,Chittagong,Chittagong,Anowara,Gohira,UC Office,Cs,ug/L,< 0.05
S98_04511,RUST-45,1998/07/29,22.1924,91.8562,HTW,146,Chittagong,Chittagong,Anowara,Battali,Battali,Cs,ug/L,< 0.05
S98_04512,GOHI-46,1998/07/29,22.1467,91.8231,Piez,68,Chittagong,Chittagong,Anowara,Gohira,UC Office,Cs,ug/L,< 0.05
S98_04513,COM-84,1998/07/28,23.4453,91.1722,HTW,32,Chittagong,Comilla,Comilla Sadar,Shaktala,Shaktala,Cs,ug/L,< 0.05
S98_04514,DAUD-85,1998/07/28,23.536,90.7104,HTW,32,Chittagong,Comilla,Daudkandi,Daudkandi,Daudkandi Bazar,Cs,ug/L,< 0.05
S98_04515,LAKS-86,1998/07/28,23.2499,91.115,HTW,23,Chittagong,Comilla,Laksam,Nabaratpur,Nabaratpur,Cs,ug/L,< 0.05
S98_04516,HAJ-87,1998/07/31,23.2484,90.8696,DTW,107,Chittagong,Chandpur,Hajiganj,Aligonj,Aligonj H complex,Cs,ug/L,< 0.05
S98_04517,CHAN-88,1998/07/31,23.2342,90.6673,HTW,168,Chittagong,Chandpur,Chandpur Sadar,Shologhar,Shologhar,Cs,ug/L,0.05
S98_04518,NOA-89,1998/07/28,22.8334,91.0955,HTW,11,Chittagong,Noakhali,Noakhali Sadar,Sonapur,Sonapur,Cs,ug/L,< 0.05
S98_04519,FENI-90,1998/07/28,23.0053,91.3866,HTW,13,Chittagong,Feni,Feni Sadar,Pachgadria,Feni Rest House,Cs,ug/L,< 0.05
S98_04520,MIR-91,1998/07/28,22.7761,91.5656,HTW,25,Chittagong,Chittagong,Mirsharai,PS,Miraswarai,Cs,ug/L,< 0.05
S98_04521,CTG-92,1998/07/29,22.4735,91.7891,DTW,110,Chittagong,Chittagong,Hathazari,Hathajani,University,Cs,ug/L,< 0.05
S98_04522,CTG-93,1998/07/29,22.3704,91.8442,DTW,146,Chittagong,Chittagong,Chandgaon,Chandgown,Chandgown,Cs,ug/L,< 0.05
S98_04523,ANWA-94,1998/07/29,22.2234,91.898,HTW,43,Chittagong,Chittagong,Anowara,Anwara,Thana Parishad Office,Cs,ug/L,0.07
S98_04524,SAT-95,1998/07/29,22.0721,92.0479,HTW,31,Chittagong,Chittagong,Satkania,Satkania,Satkania,Cs,ug/L,< 0.05
S98_04525,COX-99,1998/07/30,21.4349,91.9656,HTW,10,Chittagong,Cox's Bazar,Cox's Bazar Sadar,,BWDB rest house,Cs,ug/L,< 0.05
S98_04526,UKHI-100,1998/07/30,21.2432,92.1325,DTW,52,Chittagong,Cox's Bazar,Ukhia,Ukhia,Ukhia Bazar,Cs,ug/L,0.06
S99_00796,SAN-43(CS),1999/04/06,22.4815,91.4285,Piez,56.96,Chittagong,Chittagong,Sandwip,Rahamatpur,Rahamatpur,Cs,ug/L,
S99_00797,SAN-42(CMD),1999/04/06,22.4815,91.4285,Piez,160.92,Chittagong,Chittagong,Sandwip,Rahamatpur,Rahamatpur,Cs,ug/L,
S99_00798,SAN-41(CD),1999/04/06,22.4815,91.4285,Piez,261.94,Chittagong,Chittagong,Sandwip,Rahamatpur,Rahamatpur,Cs,ug/L,
S99_00799,MOH-98,1999/05/28,21.517,91.9584,Piez,7.32,Chittagong,Cox's Bazar,Maheshkhali,Gorukghata,Gorukghata,Cs,ug/L,
S99_00800,KUT-97,1999/05/30,21.8128,91.8449,Piez,542.68,Chittagong,Cox's Bazar,Kutubdia,Baraghope,Baraghope,Cs,ug/L,
S99_00801,SAND-9,1999/03/06,22.4817,91.4332,Piez,329.26,Chittagong,Chittagong,Sandwip,BWDB Guest house,BWDB Guest house,Cs,ug/L,
S99_00802,AKHA-82,1999/05/24,23.8659,91.201,HTW,18.3,Chittagong,Brahamanbaria,Akhaura,Railway station,Railway station,Cs,ug/L,
S99_00803,MUR-83,1999/05/24,23.7627,90.9899,HTW,26.22,Chittagong,Comilla,Muradnagar,Kasimpur,Kasimpur,Cs,ug/L,
S99_00804,CHU-81,1999/05/25,24.1945,91.5138,HTW,30.5,Sylhet,Habiganj,Chunarughat,Chunarughat Bazar,Chunarughat Bazar,Cs,ug/L,
S99_00805,HABI-80,1999/05/25,24.3776,91.4083,HTW,36.59,Sylhet,Habiganj,Habiganj Sadar,Rajanagar,Rajanagar,Cs,ug/L,
S99_00806,MVI-79,1999/05/25,24.4696,91.7603,HTW,30.5,Sylhet,Maulvibazar,Maulvi Bazar Sadar,Sultanpur,Sultanpur,Cs,ug/L,
S99_00807,SYL-78,1998/05/25,24.8795,91.8605,HTW,30.5,Sylhet,Sylhet,Sylhet Sadar,Railway station,Railway station,Cs,ug/L,
S98_01785,SAT-1,1998/07/23,26.479,88.514,HTW,9,Rajshahi,Panchagarh,Tetulia,Satmara,Satmara,Cu,ug/L,1
S98_01786,130DA-2,,25.7,88.5,HTW,15,Rajshahi,Panchagarh,Boda,Boda,Boda,Cu,ug/L,< 1
S98_01787,TA-2/B,1998/07/20,24.088,90.17,HTW,37,Dhaka,Tangail,Mirzapur,Gurai,Gurai,Cu,ug/L,3
S98_01788,BALI-3,1998/07/23,26.083,88.279,HTW,18,Rajshahi,Thakurgaon,Baliadangi,Baliadanga,Baliadanga,Cu,ug/L,< 1
S98_01789,SALN-4,1998/07/23,26.054,88.533,HTW,37,Rajshahi,Thakurgaon,Thakurgaon Sadar,Salander,Salander,Cu,ug/L,< 1
S98_01790,JA-4/B,1998/07/19,24.91,89.946,HTW,26,Dhaka,Jamalpur,Jamalpur Sadar,Jamalpur,Fulbaria,Cu,ug/L,< 1
S98_01791,KABIR-5,1998/07/24,25.903,88.6,HTW,30,Rajshahi,Dinajpur,Birganj,Birgong,Kbirashat,Cu,ug/L,< 1
S98_01792,RANI-6,1998/07/23,25.901,88.254,HTW,30,Rajshahi,Thakurgaon,Ranisankail,Ranisanwail,Ranisanwail,Cu,ug/L,< 1
S98_01793,SIBRM-7,1998/07/24,25.665,88.652,HTW,18,Rajshahi,Dinajpur,Dinajpur Sadar,Sibrampur,Sibrampur,Cu,ug/L,4
S98_01794,PARBT-8,1998/07/24,25.653,88.915,HTW,20,Rajshahi,Dinajpur,Parbatipur,Parbatipur,Parbatipur,Cu,ug/L,< 1
S98_01795,HAKM-9,1998/07/22,25.288,89.021,HTW,21,Rajshahi,Dinajpur,Hakimpur,Hakimpur,Hakimpur,Cu,ug/L,< 1
S98_01796,CHIL-10,1998/07/25,26.1,88.8,HTW,24,Rajshahi,Nilphamari,Domar,Chilahati,Chilahati,Cu,ug/L,< 1
S98_01797,NIL-11,1998/07/24,25.9,88.8,HTW,18,Rajshahi,Nilphamari,Nilphamari Sadar,Nilphamari,Nilphamari,Cu,ug/L,< 1
S98_01798,BRUT-12,1998/07/25,26.203,89.11,HTW,,Rajshahi,Lalmonirhat,Hatibandha,Barakhta,Barakhta,Cu,ug/L,1
S98_01799,JAL-13,1998/07/25,25.931,88.838,HTW,27,Rajshahi,Nilphamari,Jaldhaka,Jaldhaka,Jaldhaka,Cu,ug/L,< 1
S98_01800,RANG-14,1998/07/26,25.752,89.253,HTW,18,Rajshahi,Rangpur,Rangpur Sadar,Rangipur,Rangipur,Cu,ug/L,1
S98_01801,LALM-15,1998/07/25,25.913,89.436,HTW,14,Rajshahi,Lalmonirhat,Lalmonirhat Sadar,Lalmonihat,Lalmonihat,Cu,ug/L,1
S98_01802,NAGUR-16,1998/07/26,25.965,89.671,HTW,18,Rajshahi,Kurigram,Nageshwari,Nagieshwari,Nagieshwari,Cu,ug/L,1
S98_01803,ULI-17,1998/07/26,25.653,89.623,HTW,18,Rajshahi,Kurigram,Ulipur,Ulipur,Ulipur,Cu,ug/L,< 1
S98_01804,BAMAN,1998/07/26,25.532,89.446,,18,Rajshahi,Gaibandha,Sundarganj,Bamandaga,Bamandaga,Cu,ug/L,< 1
S98_01805,BOA-19,1998/07/27,25.318,89.55,HTW,18,Rajshahi,Gaibandha,Gaibandha Sadar,Boalia,Boalia,Cu,ug/L,< 1
S98_01806,GABIN-20,1998/07/27,25.134,89.387,,12,Rajshahi,Gaibandha,Gobindaganj,Gabindagons,Gabindagons,Cu,ug/L,2
S98_01807,MADR-21,1998/07/22,25.109,89.036,HTW,15,Rajshahi,Jaipurhat,Jaipurhat Sadar,Madergonj,Madergonj,Cu,ug/L,< 1
S98_01808,SANTA-22,1998/07/22,24.804,88.969,HTW,18,Rajshahi,Bogra,Adamdighi,Santahar,Santahar,Cu,ug/L,1
S98_01809,GIOKU-23,1998/07/27,24.933,89.348,HTW,18,Rajshahi,Bogra,Bogra Sadar,Giokul,Giokul,Cu,ug/L,< 1
S98_01810,PATNI-29,1998/07/22,25.05,88.75,HTW,15,Rajshahi,Naogaon,Patnitala,Patnitala,Patnitala,Cu,ug/L,< 1
S98_01811,MAND-25,1998/07/22,24.793,88.701,HTW,30,Rajshahi,Naogaon,Manda,Manda,Manda,Cu,ug/L,< 1
S98_01812,PIR-25,1998/07/27,22.365,89.933,,,Barisal,Pirojpur,Mathbaria,,Burirchar,Cu,ug/L,3
S98_01813,RAHAN-26,1998/07/21,24.8,88.2,HTW,30,Rajshahi,Nawabganj,Gomastapur,Rahandur,Rahandur,Cu,ug/L,< 1
S98_01814,PIR-26,1998/07/27,22.365,89.933,HTW,37,Barisal,Pirojpur,Mathbaria,,Burirchar,Cu,ug/L,4
S98_01815,SHIB-27,1998/07/21,24.684,88.157,Piez,61,Rajshahi,Nawabganj,Shibganj (N),Shibgong,Shibgong,Cu,ug/L,< 1
S98_01816,PIR-27,1998/07/27,22.365,89.933,HTW,27,Barisal,Pirojpur,Mathbaria,,Burirchar,Cu,ug/L,5
S98_01817,GIODA-28,1998/07/21,24.461,88.328,HTW,30,Rajshahi,Rajshahi,Godagari,Giodagari,Giodagari,Cu,ug/L,< 1
S98_01818,SAPU-29,1998/07/21,24.374,88.558,HTW,37,Rajshahi,Rajshahi,Rajpara,Sapura,Sapura,Cu,ug/L,1
S98_01819,CHAR-30,1998/07/20,24.304,88.738,HTW,18,Rajshahi,Rajshahi,Charghat,Charghat,Charghat,Cu,ug/L,< 1
S98_01820,NAT-31,1998/07/20,24.414,89.988,HTW,27,Rajshahi,Natore,Natore Sadar,Natore,Natore,Cu,ug/L,1
S98_01821,SING-32,1998/07/20,24.506,89.143,TARA,18,Rajshahi,Natore,Singra,Singra,Singra,Cu,ug/L,1
S98_01822,LAL-33,1998/07/20,24.179,88.966,HTW,27,Rajshahi,Natore,Lalpur,Lalpur,Lalpur,Cu,ug/L,< 1
S98_01823,ROYG-34,1998/07/27,24.507,89.526,HTW,15,Rajshahi,Sirajganj,Raiganj,Roygong,Roygong,Cu,ug/L,< 1
S98_01824,SIRA-35,1998/07/28,24.463,89.708,HTW,18,Rajshahi,Sirajganj,Sirajganj Sadar,Sirjgong,Sirjgong,Cu,ug/L,< 1
S98_01825,CHAT-36,1998/07/20,24.15,89.261,HTW,18,Rajshahi,Pabna,Chatmohar,Chatmohur,Chatmohur,Cu,ug/L,< 1
S98_01826,PAB-37,1998/07/19,24.006,89.235,HTW,30,Rajshahi,Pabna,Pabna Sadar,Pabna,Pabna,Cu,ug/L,< 1
S98_01827,SUJA-38,1998/07/19,23.94,89.408,HTW,18,Rajshahi,Pabna,Sujanagar,Sujanager,Sujanager,Cu,ug/L,< 1
S98_01828,NAGIR-39,1998/07/28,23.951,89.65,HTW,20,Rajshahi,Pabna,Bera,Nagierbari,Nagierbari,Cu,ug/L,< 1
S98_01829,JA-40,1998/07/19,25.156,89.751,HTW,27,Dhaka,Jamalpur,Dewanganj,Chukaibari,Batheshasaria,Cu,ug/L,< 1
S98_01830,PRAG-40,1998/07/19,24.005,88.765,TARA,113,Khulna,Kushtia,Daulatpur (Ku),Pragpur,Pragpur,Cu,ug/L,< 1
S98_01831,HYM-41,1998/07/18,25.117,90.335,,27,Dhaka,Mymensingh,Haluaghat, Haluagher,Haluaghatthana Compn,Cu,ug/L,< 1
S98_01832,VHAR-41,1998/07/19,24.019,88.992,HTW,,Khulna,Kushtia,Bheramara,Vharamara,Vharamara,Cu,ug/L,< 1
S98_01833,KUST-42,1998/07/19,23.909,89.128,HTW,49,Khulna,Kushtia,Kushtia Sadar,Kushtia,Kushtia,Cu,ug/L,< 1
S98_01834,SHER-42/A,1998/07/18,25.018,90.012,HTW,36,Rajshahi,Bogra,Sherpur,Sherpur,,Cu,ug/L,< 1
S98_01835,MEHER-43,1998/07/19,23.761,88.632,HTW,27,Khulna,Meherpur,Meherpur Sadar,Meherpur,Meherpur,Cu,ug/L,< 1
S98_01836,JAM-43,1998/07/20,24.758,89.835,HTW,20,Dhaka,Jamalpur,Sarishabari,Sharishabari,Sharishabari,Cu,ug/L,< 1
S98_01837,DAR-44,1998/07/19,23.529,88.81,HTW,18,Khulna,Chuadanga,Chuadanga Sadar,Darsana,Darsana,Cu,ug/L,2
S98_01838,MYM-44,1998/07/17,24.748,90.406,DTW,107,Dhaka,Mymensingh,Mymensingh Sadar,Sadar,Bagmera,Cu,ug/L,1
S98_01839,JHIN-45,1998/07/18,23.547,89.165,,122,Khulna,Jhenaidah,Jhenaidah Sadar,Jhinaidha,Jhinaidha,Cu,ug/L,2
S98_01840,NET-45,1998/07/17,24.866,90.722,HTW,65,Dhaka,Netrokona,Netrokona Sadar,Sadar,Netrokona,Cu,ug/L,< 1
S98_01841,MAGU-46,1998/07/15,23.488,89.429,HTW,21,Khulna,Magura,Magura Sadar,Magura,Magura,Cu,ug/L,< 1
S98_01842,KISH-46,1998/07/18,24.444,90.773,DTW,118,Dhaka,Kishoreganj,Kishoreganj Sadar,Goital,Kishorgorj,Cu,ug/L,< 1
S98_01843,JES-47,1998/07/18,23.167,89.219,DTW,133,Khulna,Jessore,Jessore Sadar,Jessore,Jessore,Cu,ug/L,< 1
S98_01844,MYM-47,1998/07/17,24.454,90.54,HTW,,Dhaka,Mymensingh,Gafargaon,Saltia,Sulhasia,Cu,ug/L,< 1
S98_01845,NAR-48,1998/07/18,23.173,89.513,HTW,24,Khulna,Narail,Narail Sadar,Narail,Narail,Cu,ug/L,< 1
S98_01846,KISH-48,1998/07/18,24.047,90.973,HTW,20,Dhaka,Kishoreganj,Bhairab,Bhairab,Bhairab Rly St,Cu,ug/L,< 1
S98_01847,GODKHA-49,1998/07/15,23.059,89.077,HTW,24,Khulna,Jessore,Jhikargachha,Godkhali,Godkhali,Cu,ug/L,1
S98_01848,TA-49,1998/07/20,24.605,90.024,HTW,34,Dhaka,Tangail,Madhupur,Madhupur,Madhupur,Cu,ug/L,2
S98_01849,KHUL-50,1998/07/15,22.812,89.561,DTW,274,Khulna,Khulna,Khulna Sadar,Khulna,Khulna,Cu,ug/L,1
S98_01850,TA-50,1998/07/20,24.24,89.909,HTW,27,Dhaka,Tangail,Tangail Sadar,Sadar,Bepari Para,Cu,ug/L,1
S98_01851,SATKHR-51,1998/07/17,22.718,89.07,DTW,183,Khulna,Satkhira,Satkhira Sadar,Satkhira,Satkhira,Cu,ug/L,1
S98_01852,TA-51,1998/07/20,24.108,90.076,HTW,27,Dhaka,Tangail,Mirzapur,Baithgram,Gurail,Cu,ug/L,2
S98_01853,CHAL-52,1998/07/18,22.586,89.504,HTW,18,Khulna,Bagerhat,Bagerhat Sadar,Chalna,Chalna,Cu,ug/L,< 1
S98_01854,GA-52,1998/07/17,24.197,90.474,HTW,29,Dhaka,Gazipur,Sripur,Sreepur,Sreepur,Cu,ug/L,2
S98_01855,BAGIER-53,1998/07/15,22.663,89.763,,38,Khulna,Bagerhat,Bagerhat Sadar,Bagierhat,Bagierhat,Cu,ug/L,2
S98_01856,NAR-53,1998/07/18,23.926,90.718,HTW,,Dhaka,Narsingdi,Narsingdi Sadar,Narshingdi,Norshindi Dak Hangloo,Cu,ug/L,< 1
S98_01857,KHALIS-54,1998/07/18,22.548,89.538,DTW,274,Khulna,Khulna,Khulna Sadar,Khalishpur,Khalishpur,Cu,ug/L,1
S98_01858,DA-54,1998/07/16,23.734,90.418,DTW,137,Dhaka,Dhaka,Motijheel,Motijheel,Pwd Colony,Cu,ug/L,5
S98_01859,RJB-69,1998/07/22,23.765,89.476,HTW,22,Dhaka,Rajbari,Pangsha,,Kalukhau,Cu,ug/L,1
S98_01860,RJB-70,1998/07/22,23.754,89.645,DTW,127,Dhaka,Rajbari,Rajbari Sadar,,Municipality,Cu,ug/L,2
S98_01861,FAR-71,1998/07/23,23.599,89.835,DTW,84,Dhaka,Faridpur,Faridpur Sadar,,Municipal,Cu,ug/L,1
S98_01862,GOP-72,1998/07/23,23.21,89.693,HTW,20,Dhaka,Gopalganj,Kashiani,,Bhatiapara,Cu,ug/L,2
S98_01863,GOP-73,1998/07/23,23.005,89.823,HTW,20,Dhaka,Gopalganj,Gopalganj Sadar,Municipality,Gopalganj,Cu,ug/L,2
S98_01864,MAD-74,1998/07/23,23.167,90.195,DTW,238,Dhaka,Madaripur,Madaripur Sadar,Municipality,Madaripur,Cu,ug/L,4
S98_01865,BAR-75,1998/07/25,22.7,90.369,DTW,610,Barisal,Barisal,Barisal Sadar,,Barisal,Cu,ug/L,4
S98_01866,PAT-77,1998/07/25,22.355,90.345,DTW,274,Barisal,Patuakhali,Patuakhali Sadar,Municipality,Patuakhali,Cu,ug/L,3
S98_01867,DA-101,1998/07/21,23.51,90.217,HTW,26,Dhaka,Munshiganj,Munshiganj Sadar,Bhaishakul,Bhaishakul T Inst,Cu,ug/L,2
S98_01868,DA-102,1998/07/16,23.769,90.364,DTW,53,Dhaka,Dhaka,Mohammadpur (D),Mohammedpur,Mohammedpur,Cu,ug/L,9
S98_04510,GOHI-44,1998/07/29,22.1467,91.8231,Piez,265,Chittagong,Chittagong,Anowara,Gohira,UC Office,Cu,ug/L,2
S98_04511,RUST-45,1998/07/29,22.1924,91.8562,HTW,146,Chittagong,Chittagong,Anowara,Battali,Battali,Cu,ug/L,5
S98_04512,GOHI-46,1998/07/29,22.1467,91.8231,Piez,68,Chittagong,Chittagong,Anowara,Gohira,UC Office,Cu,ug/L,2
S98_04513,COM-84,1998/07/28,23.4453,91.1722,HTW,32,Chittagong,Comilla,Comilla Sadar,Shaktala,Shaktala,Cu,ug/L,17
S98_04514,DAUD-85,1998/07/28,23.536,90.7104,HTW,32,Chittagong,Comilla,Daudkandi,Daudkandi,Daudkandi Bazar,Cu,ug/L,2
S98_04515,LAKS-86,1998/07/28,23.2499,91.115,HTW,23,Chittagong,Comilla,Laksam,Nabaratpur,Nabaratpur,Cu,ug/L,1
S98_04516,HAJ-87,1998/07/31,23.2484,90.8696,DTW,107,Chittagong,Chandpur,Hajiganj,Aligonj,Aligonj H complex,Cu,ug/L,19
S98_04517,CHAN-88,1998/07/31,23.2342,90.6673,HTW,168,Chittagong,Chandpur,Chandpur Sadar,Shologhar,Shologhar,Cu,ug/L,4
S98_04518,NOA-89,1998/07/28,22.8334,91.0955,HTW,11,Chittagong,Noakhali,Noakhali Sadar,Sonapur,Sonapur,Cu,ug/L,1
S98_04519,FENI-90,1998/07/28,23.0053,91.3866,HTW,13,Chittagong,Feni,Feni Sadar,Pachgadria,Feni Rest House,Cu,ug/L,2
S98_04520,MIR-91,1998/07/28,22.7761,91.5656,HTW,25,Chittagong,Chittagong,Mirsharai,PS,Miraswarai,Cu,ug/L,3
S98_04521,CTG-92,1998/07/29,22.4735,91.7891,DTW,110,Chittagong,Chittagong,Hathazari,Hathajani,University,Cu,ug/L,8
S98_04522,CTG-93,1998/07/29,22.3704,91.8442,DTW,146,Chittagong,Chittagong,Chandgaon,Chandgown,Chandgown,Cu,ug/L,3
S98_04523,ANWA-94,1998/07/29,22.2234,91.898,HTW,43,Chittagong,Chittagong,Anowara,Anwara,Thana Parishad Office,Cu,ug/L,1
S98_04524,SAT-95,1998/07/29,22.0721,92.0479,HTW,31,Chittagong,Chittagong,Satkania,Satkania,Satkania,Cu,ug/L,2
S98_04525,COX-99,1998/07/30,21.4349,91.9656,HTW,10,Chittagong,Cox's Bazar,Cox's Bazar Sadar,,BWDB rest house,Cu,ug/L,3
S98_04526,UKHI-100,1998/07/30,21.2432,92.1325,DTW,52,Chittagong,Cox's Bazar,Ukhia,Ukhia,Ukhia Bazar,Cu,ug/L,2
S99_00796,SAN-43(CS),1999/04/06,22.4815,91.4285,Piez,56.96,Chittagong,Chittagong,Sandwip,Rahamatpur,Rahamatpur,Cu,ug/L,
S99_00797,SAN-42(CMD),1999/04/06,22.4815,91.4285,Piez,160.92,Chittagong,Chittagong,Sandwip,Rahamatpur,Rahamatpur,Cu,ug/L,
S99_00798,SAN-41(CD),1999/04/06,22.4815,91.4285,Piez,261.94,Chittagong,Chittagong,Sandwip,Rahamatpur,Rahamatpur,Cu,ug/L,
S99_00799,MOH-98,1999/05/28,21.517,91.9584,Piez,7.32,Chittagong,Cox's Bazar,Maheshkhali,Gorukghata,Gorukghata,Cu,ug/L,
S99_00800,KUT-97,1999/05/30,21.8128,91.8449,Piez,542.68,Chittagong,Cox's Bazar,Kutubdia,Baraghope,Baraghope,Cu,ug/L,
S99_00801,SAND-9,1999/03/06,22.4817,91.4332,Piez,329.26,Chittagong,Chittagong,Sandwip,BWDB Guest house,BWDB Guest house,Cu,ug/L,
S99_00802,AKHA-82,1999/05/24,23.8659,91.201,HTW,18.3,Chittagong,Brahamanbaria,Akhaura,Railway station,Railway station,Cu,ug/L,
S99_00803,MUR-83,1999/05/24,23.7627,90.9899,HTW,26.22,Chittagong,Comilla,Muradnagar,Kasimpur,Kasimpur,Cu,ug/L,
S99_00804,CHU-81,1999/05/25,24.1945,91.5138,HTW,30.5,Sylhet,Habiganj,Chunarughat,Chunarughat Bazar,Chunarughat Bazar,Cu,ug/L,
S99_00805,HABI-80,1999/05/25,24.3776,91.4083,HTW,36.59,Sylhet,Habiganj,Habiganj Sadar,Rajanagar,Rajanagar,Cu,ug/L,
S99_00806,MVI-79,1999/05/25,24.4696,91.7603,HTW,30.5,Sylhet,Maulvibazar,Maulvi Bazar Sadar,Sultanpur,Sultanpur,Cu,ug/L,
S99_00807,SYL-78,1998/05/25,24.8795,91.8605,HTW,30.5,Sylhet,Sylhet,Sylhet Sadar,Railway station,Railway station,Cu,ug/L,
S98_01785,SAT-1,1998/07/23,26.479,88.514,HTW,9,Rajshahi,Panchagarh,Tetulia,Satmara,Satmara,Dy,ug/L,0.01
S98_01786,130DA-2,,25.7,88.5,HTW,15,Rajshahi,Panchagarh,Boda,Boda,Boda,Dy,ug/L,< 0.01
S98_01787,TA-2/B,1998/07/20,24.088,90.17,HTW,37,Dhaka,Tangail,Mirzapur,Gurai,Gurai,Dy,ug/L,< 0.01
S98_01788,BALI-3,1998/07/23,26.083,88.279,HTW,18,Rajshahi,Thakurgaon,Baliadangi,Baliadanga,Baliadanga,Dy,ug/L,< 0.01
S98_01789,SALN-4,1998/07/23,26.054,88.533,HTW,37,Rajshahi,Thakurgaon,Thakurgaon Sadar,Salander,Salander,Dy,ug/L,< 0.01
S98_01790,JA-4/B,1998/07/19,24.91,89.946,HTW,26,Dhaka,Jamalpur,Jamalpur Sadar,Jamalpur,Fulbaria,Dy,ug/L,< 0.01
S98_01791,KABIR-5,1998/07/24,25.903,88.6,HTW,30,Rajshahi,Dinajpur,Birganj,Birgong,Kbirashat,Dy,ug/L,< 0.01
S98_01792,RANI-6,1998/07/23,25.901,88.254,HTW,30,Rajshahi,Thakurgaon,Ranisankail,Ranisanwail,Ranisanwail,Dy,ug/L,< 0.01
S98_01793,SIBRM-7,1998/07/24,25.665,88.652,HTW,18,Rajshahi,Dinajpur,Dinajpur Sadar,Sibrampur,Sibrampur,Dy,ug/L,< 0.01
S98_01794,PARBT-8,1998/07/24,25.653,88.915,HTW,20,Rajshahi,Dinajpur,Parbatipur,Parbatipur,Parbatipur,Dy,ug/L,< 0.01
S98_01795,HAKM-9,1998/07/22,25.288,89.021,HTW,21,Rajshahi,Dinajpur,Hakimpur,Hakimpur,Hakimpur,Dy,ug/L,< 0.01
S98_01796,CHIL-10,1998/07/25,26.1,88.8,HTW,24,Rajshahi,Nilphamari,Domar,Chilahati,Chilahati,Dy,ug/L,< 0.01
S98_01797,NIL-11,1998/07/24,25.9,88.8,HTW,18,Rajshahi,Nilphamari,Nilphamari Sadar,Nilphamari,Nilphamari,Dy,ug/L,< 0.01
S98_01798,BRUT-12,1998/07/25,26.203,89.11,HTW,,Rajshahi,Lalmonirhat,Hatibandha,Barakhta,Barakhta,Dy,ug/L,< 0.01
S98_01799,JAL-13,1998/07/25,25.931,88.838,HTW,27,Rajshahi,Nilphamari,Jaldhaka,Jaldhaka,Jaldhaka,Dy,ug/L,< 0.01
S98_01800,RANG-14,1998/07/26,25.752,89.253,HTW,18,Rajshahi,Rangpur,Rangpur Sadar,Rangipur,Rangipur,Dy,ug/L,< 0.01
S98_01801,LALM-15,1998/07/25,25.913,89.436,HTW,14,Rajshahi,Lalmonirhat,Lalmonirhat Sadar,Lalmonihat,Lalmonihat,Dy,ug/L,0.02
S98_01802,NAGUR-16,1998/07/26,25.965,89.671,HTW,18,Rajshahi,Kurigram,Nageshwari,Nagieshwari,Nagieshwari,Dy,ug/L,0.03
S98_01803,ULI-17,1998/07/26,25.653,89.623,HTW,18,Rajshahi,Kurigram,Ulipur,Ulipur,Ulipur,Dy,ug/L,< 0.01
S98_01804,BAMAN,1998/07/26,25.532,89.446,,18,Rajshahi,Gaibandha,Sundarganj,Bamandaga,Bamandaga,Dy,ug/L,< 0.01
S98_01805,BOA-19,1998/07/27,25.318,89.55,HTW,18,Rajshahi,Gaibandha,Gaibandha Sadar,Boalia,Boalia,Dy,ug/L,< 0.01
S98_01806,GABIN-20,1998/07/27,25.134,89.387,,12,Rajshahi,Gaibandha,Gobindaganj,Gabindagons,Gabindagons,Dy,ug/L,< 0.01
S98_01807,MADR-21,1998/07/22,25.109,89.036,HTW,15,Rajshahi,Jaipurhat,Jaipurhat Sadar,Madergonj,Madergonj,Dy,ug/L,< 0.01
S98_01808,SANTA-22,1998/07/22,24.804,88.969,HTW,18,Rajshahi,Bogra,Adamdighi,Santahar,Santahar,Dy,ug/L,< 0.01
S98_01809,GIOKU-23,1998/07/27,24.933,89.348,HTW,18,Rajshahi,Bogra,Bogra Sadar,Giokul,Giokul,Dy,ug/L,< 0.01
S98_01810,PATNI-29,1998/07/22,25.05,88.75,HTW,15,Rajshahi,Naogaon,Patnitala,Patnitala,Patnitala,Dy,ug/L,< 0.01
S98_01811,MAND-25,1998/07/22,24.793,88.701,HTW,30,Rajshahi,Naogaon,Manda,Manda,Manda,Dy,ug/L,< 0.01
S98_01812,PIR-25,1998/07/27,22.365,89.933,,,Barisal,Pirojpur,Mathbaria,,Burirchar,Dy,ug/L,0.02
S98_01813,RAHAN-26,1998/07/21,24.8,88.2,HTW,30,Rajshahi,Nawabganj,Gomastapur,Rahandur,Rahandur,Dy,ug/L,< 0.01
S98_01814,PIR-26,1998/07/27,22.365,89.933,HTW,37,Barisal,Pirojpur,Mathbaria,,Burirchar,Dy,ug/L,0.03
S98_01815,SHIB-27,1998/07/21,24.684,88.157,Piez,61,Rajshahi,Nawabganj,Shibganj (N),Shibgong,Shibgong,Dy,ug/L,< 0.01
S98_01816,PIR-27,1998/07/27,22.365,89.933,HTW,27,Barisal,Pirojpur,Mathbaria,,Burirchar,Dy,ug/L,0.05
S98_01817,GIODA-28,1998/07/21,24.461,88.328,HTW,30,Rajshahi,Rajshahi,Godagari,Giodagari,Giodagari,Dy,ug/L,< 0.01
S98_01818,SAPU-29,1998/07/21,24.374,88.558,HTW,37,Rajshahi,Rajshahi,Rajpara,Sapura,Sapura,Dy,ug/L,< 0.01
S98_01819,CHAR-30,1998/07/20,24.304,88.738,HTW,18,Rajshahi,Rajshahi,Charghat,Charghat,Charghat,Dy,ug/L,< 0.01
S98_01820,NAT-31,1998/07/20,24.414,89.988,HTW,27,Rajshahi,Natore,Natore Sadar,Natore,Natore,Dy,ug/L,< 0.01
S98_01821,SING-32,1998/07/20,24.506,89.143,TARA,18,Rajshahi,Natore,Singra,Singra,Singra,Dy,ug/L,< 0.01
S98_01822,LAL-33,1998/07/20,24.179,88.966,HTW,27,Rajshahi,Natore,Lalpur,Lalpur,Lalpur,Dy,ug/L,< 0.01
S98_01823,ROYG-34,1998/07/27,24.507,89.526,HTW,15,Rajshahi,Sirajganj,Raiganj,Roygong,Roygong,Dy,ug/L,< 0.01
S98_01824,SIRA-35,1998/07/28,24.463,89.708,HTW,18,Rajshahi,Sirajganj,Sirajganj Sadar,Sirjgong,Sirjgong,Dy,ug/L,< 0.01
S98_01825,CHAT-36,1998/07/20,24.15,89.261,HTW,18,Rajshahi,Pabna,Chatmohar,Chatmohur,Chatmohur,Dy,ug/L,< 0.01
S98_01826,PAB-37,1998/07/19,24.006,89.235,HTW,30,Rajshahi,Pabna,Pabna Sadar,Pabna,Pabna,Dy,ug/L,< 0.01
S98_01827,SUJA-38,1998/07/19,23.94,89.408,HTW,18,Rajshahi,Pabna,Sujanagar,Sujanager,Sujanager,Dy,ug/L,0.01
S98_01828,NAGIR-39,1998/07/28,23.951,89.65,HTW,20,Rajshahi,Pabna,Bera,Nagierbari,Nagierbari,Dy,ug/L,< 0.01
S98_01829,JA-40,1998/07/19,25.156,89.751,HTW,27,Dhaka,Jamalpur,Dewanganj,Chukaibari,Batheshasaria,Dy,ug/L,< 0.01
S98_01830,PRAG-40,1998/07/19,24.005,88.765,TARA,113,Khulna,Kushtia,Daulatpur (Ku),Pragpur,Pragpur,Dy,ug/L,< 0.01
S98_01831,HYM-41,1998/07/18,25.117,90.335,,27,Dhaka,Mymensingh,Haluaghat, Haluagher,Haluaghatthana Compn,Dy,ug/L,< 0.01
S98_01832,VHAR-41,1998/07/19,24.019,88.992,HTW,,Khulna,Kushtia,Bheramara,Vharamara,Vharamara,Dy,ug/L,< 0.01
S98_01833,KUST-42,1998/07/19,23.909,89.128,HTW,49,Khulna,Kushtia,Kushtia Sadar,Kushtia,Kushtia,Dy,ug/L,< 0.01
S98_01834,SHER-42/A,1998/07/18,25.018,90.012,HTW,36,Rajshahi,Bogra,Sherpur,Sherpur,,Dy,ug/L,< 0.01
S98_01835,MEHER-43,1998/07/19,23.761,88.632,HTW,27,Khulna,Meherpur,Meherpur Sadar,Meherpur,Meherpur,Dy,ug/L,< 0.01
S98_01836,JAM-43,1998/07/20,24.758,89.835,HTW,20,Dhaka,Jamalpur,Sarishabari,Sharishabari,Sharishabari,Dy,ug/L,< 0.01
S98_01837,DAR-44,1998/07/19,23.529,88.81,HTW,18,Khulna,Chuadanga,Chuadanga Sadar,Darsana,Darsana,Dy,ug/L,< 0.01
S98_01838,MYM-44,1998/07/17,24.748,90.406,DTW,107,Dhaka,Mymensingh,Mymensingh Sadar,Sadar,Bagmera,Dy,ug/L,< 0.01
S98_01839,JHIN-45,1998/07/18,23.547,89.165,,122,Khulna,Jhenaidah,Jhenaidah Sadar,Jhinaidha,Jhinaidha,Dy,ug/L,< 0.01
S98_01840,NET-45,1998/07/17,24.866,90.722,HTW,65,Dhaka,Netrokona,Netrokona Sadar,Sadar,Netrokona,Dy,ug/L,< 0.01
S98_01841,MAGU-46,1998/07/15,23.488,89.429,HTW,21,Khulna,Magura,Magura Sadar,Magura,Magura,Dy,ug/L,< 0.01
S98_01842,KISH-46,1998/07/18,24.444,90.773,DTW,118,Dhaka,Kishoreganj,Kishoreganj Sadar,Goital,Kishorgorj,Dy,ug/L,< 0.01
S98_01843,JES-47,1998/07/18,23.167,89.219,DTW,133,Khulna,Jessore,Jessore Sadar,Jessore,Jessore,Dy,ug/L,< 0.01
S98_01844,MYM-47,1998/07/17,24.454,90.54,HTW,,Dhaka,Mymensingh,Gafargaon,Saltia,Sulhasia,Dy,ug/L,< 0.01
S98_01845,NAR-48,1998/07/18,23.173,89.513,HTW,24,Khulna,Narail,Narail Sadar,Narail,Narail,Dy,ug/L,< 0.01
S98_01846,KISH-48,1998/07/18,24.047,90.973,HTW,20,Dhaka,Kishoreganj,Bhairab,Bhairab,Bhairab Rly St,Dy,ug/L,< 0.01
S98_01847,GODKHA-49,1998/07/15,23.059,89.077,HTW,24,Khulna,Jessore,Jhikargachha,Godkhali,Godkhali,Dy,ug/L,< 0.01
S98_01848,TA-49,1998/07/20,24.605,90.024,HTW,34,Dhaka,Tangail,Madhupur,Madhupur,Madhupur,Dy,ug/L,< 0.01
S98_01849,KHUL-50,1998/07/15,22.812,89.561,DTW,274,Khulna,Khulna,Khulna Sadar,Khulna,Khulna,Dy,ug/L,< 0.01
S98_01850,TA-50,1998/07/20,24.24,89.909,HTW,27,Dhaka,Tangail,Tangail Sadar,Sadar,Bepari Para,Dy,ug/L,0.01
S98_01851,SATKHR-51,1998/07/17,22.718,89.07,DTW,183,Khulna,Satkhira,Satkhira Sadar,Satkhira,Satkhira,Dy,ug/L,< 0.01
S98_01852,TA-51,1998/07/20,24.108,90.076,HTW,27,Dhaka,Tangail,Mirzapur,Baithgram,Gurail,Dy,ug/L,< 0.01
S98_01853,CHAL-52,1998/07/18,22.586,89.504,HTW,18,Khulna,Bagerhat,Bagerhat Sadar,Chalna,Chalna,Dy,ug/L,< 0.01
S98_01854,GA-52,1998/07/17,24.197,90.474,HTW,29,Dhaka,Gazipur,Sripur,Sreepur,Sreepur,Dy,ug/L,0.01
S98_01855,BAGIER-53,1998/07/15,22.663,89.763,,38,Khulna,Bagerhat,Bagerhat Sadar,Bagierhat,Bagierhat,Dy,ug/L,< 0.01
S98_01856,NAR-53,1998/07/18,23.926,90.718,HTW,,Dhaka,Narsingdi,Narsingdi Sadar,Narshingdi,Norshindi Dak Hangloo,Dy,ug/L,0.01
S98_01857,KHALIS-54,1998/07/18,22.548,89.538,DTW,274,Khulna,Khulna,Khulna Sadar,Khalishpur,Khalishpur,Dy,ug/L,< 0.01
S98_01858,DA-54,1998/07/16,23.734,90.418,DTW,137,Dhaka,Dhaka,Motijheel,Motijheel,Pwd Colony,Dy,ug/L,< 0.01
S98_01859,RJB-69,1998/07/22,23.765,89.476,HTW,22,Dhaka,Rajbari,Pangsha,,Kalukhau,Dy,ug/L,< 0.01
S98_01860,RJB-70,1998/07/22,23.754,89.645,DTW,127,Dhaka,Rajbari,Rajbari Sadar,,Municipality,Dy,ug/L,< 0.01
S98_01861,FAR-71,1998/07/23,23.599,89.835,DTW,84,Dhaka,Faridpur,Faridpur Sadar,,Municipal,Dy,ug/L,< 0.01
S98_01862,GOP-72,1998/07/23,23.21,89.693,HTW,20,Dhaka,Gopalganj,Kashiani,,Bhatiapara,Dy,ug/L,< 0.01
S98_01863,GOP-73,1998/07/23,23.005,89.823,HTW,20,Dhaka,Gopalganj,Gopalganj Sadar,Municipality,Gopalganj,Dy,ug/L,< 0.01
S98_01864,MAD-74,1998/07/23,23.167,90.195,DTW,238,Dhaka,Madaripur,Madaripur Sadar,Municipality,Madaripur,Dy,ug/L,< 0.01
S98_01865,BAR-75,1998/07/25,22.7,90.369,DTW,610,Barisal,Barisal,Barisal Sadar,,Barisal,Dy,ug/L,< 0.01
S98_01866,PAT-77,1998/07/25,22.355,90.345,DTW,274,Barisal,Patuakhali,Patuakhali Sadar,Municipality,Patuakhali,Dy,ug/L,< 0.01
S98_01867,DA-101,1998/07/21,23.51,90.217,HTW,26,Dhaka,Munshiganj,Munshiganj Sadar,Bhaishakul,Bhaishakul T Inst,Dy,ug/L,< 0.01
S98_01868,DA-102,1998/07/16,23.769,90.364,DTW,53,Dhaka,Dhaka,Mohammadpur (D),Mohammedpur,Mohammedpur,Dy,ug/L,< 0.01
S98_04510,GOHI-44,1998/07/29,22.1467,91.8231,Piez,265,Chittagong,Chittagong,Anowara,Gohira,UC Office,Dy,ug/L,< 0.01
S98_04511,RUST-45,1998/07/29,22.1924,91.8562,HTW,146,Chittagong,Chittagong,Anowara,Battali,Battali,Dy,ug/L,< 0.01
S98_04512,GOHI-46,1998/07/29,22.1467,91.8231,Piez,68,Chittagong,Chittagong,Anowara,Gohira,UC Office,Dy,ug/L,< 0.01
S98_04513,COM-84,1998/07/28,23.4453,91.1722,HTW,32,Chittagong,Comilla,Comilla Sadar,Shaktala,Shaktala,Dy,ug/L,< 0.01
S98_04514,DAUD-85,1998/07/28,23.536,90.7104,HTW,32,Chittagong,Comilla,Daudkandi,Daudkandi,Daudkandi Bazar,Dy,ug/L,< 0.01
S98_04515,LAKS-86,1998/07/28,23.2499,91.115,HTW,23,Chittagong,Comilla,Laksam,Nabaratpur,Nabaratpur,Dy,ug/L,< 0.01
S98_04516,HAJ-87,1998/07/31,23.2484,90.8696,DTW,107,Chittagong,Chandpur,Hajiganj,Aligonj,Aligonj H complex,Dy,ug/L,< 0.01
S98_04517,CHAN-88,1998/07/31,23.2342,90.6673,HTW,168,Chittagong,Chandpur,Chandpur Sadar,Shologhar,Shologhar,Dy,ug/L,< 0.01
S98_04518,NOA-89,1998/07/28,22.8334,91.0955,HTW,11,Chittagong,Noakhali,Noakhali Sadar,Sonapur,Sonapur,Dy,ug/L,< 0.01
S98_04519,FENI-90,1998/07/28,23.0053,91.3866,HTW,13,Chittagong,Feni,Feni Sadar,Pachgadria,Feni Rest House,Dy,ug/L,< 0.01
S98_04520,MIR-91,1998/07/28,22.7761,91.5656,HTW,25,Chittagong,Chittagong,Mirsharai,PS,Miraswarai,Dy,ug/L,< 0.01
S98_04521,CTG-92,1998/07/29,22.4735,91.7891,DTW,110,Chittagong,Chittagong,Hathazari,Hathajani,University,Dy,ug/L,< 0.01
S98_04522,CTG-93,1998/07/29,22.3704,91.8442,DTW,146,Chittagong,Chittagong,Chandgaon,Chandgown,Chandgown,Dy,ug/L,0.01
S98_04523,ANWA-94,1998/07/29,22.2234,91.898,HTW,43,Chittagong,Chittagong,Anowara,Anwara,Thana Parishad Office,Dy,ug/L,< 0.01
S98_04524,SAT-95,1998/07/29,22.0721,92.0479,HTW,31,Chittagong,Chittagong,Satkania,Satkania,Satkania,Dy,ug/L,< 0.01
S98_04525,COX-99,1998/07/30,21.4349,91.9656,HTW,10,Chittagong,Cox's Bazar,Cox's Bazar Sadar,,BWDB rest house,Dy,ug/L,< 0.01
S98_04526,UKHI-100,1998/07/30,21.2432,92.1325,DTW,52,Chittagong,Cox's Bazar,Ukhia,Ukhia,Ukhia Bazar,Dy,ug/L,< 0.01
S99_00796,SAN-43(CS),1999/04/06,22.4815,91.4285,Piez,56.96,Chittagong,Chittagong,Sandwip,Rahamatpur,Rahamatpur,Dy,ug/L,
S99_00797,SAN-42(CMD),1999/04/06,22.4815,91.4285,Piez,160.92,Chittagong,Chittagong,Sandwip,Rahamatpur,Rahamatpur,Dy,ug/L,
S99_00798,SAN-41(CD),1999/04/06,22.4815,91.4285,Piez,261.94,Chittagong,Chittagong,Sandwip,Rahamatpur,Rahamatpur,Dy,ug/L,
S99_00799,MOH-98,1999/05/28,21.517,91.9584,Piez,7.32,Chittagong,Cox's Bazar,Maheshkhali,Gorukghata,Gorukghata,Dy,ug/L,
S99_00800,KUT-97,1999/05/30,21.8128,91.8449,Piez,542.68,Chittagong,Cox's Bazar,Kutubdia,Baraghope,Baraghope,Dy,ug/L,
S99_00801,SAND-9,1999/03/06,22.4817,91.4332,Piez,329.26,Chittagong,Chittagong,Sandwip,BWDB Guest house,BWDB Guest house,Dy,ug/L,
S99_00802,AKHA-82,1999/05/24,23.8659,91.201,HTW,18.3,Chittagong,Brahamanbaria,Akhaura,Railway station,Railway station,Dy,ug/L,
S99_00803,MUR-83,1999/05/24,23.7627,90.9899,HTW,26.22,Chittagong,Comilla,Muradnagar,Kasimpur,Kasimpur,Dy,ug/L,
S99_00804,CHU-81,1999/05/25,24.1945,91.5138,HTW,30.5,Sylhet,Habiganj,Chunarughat,Chunarughat Bazar,Chunarughat Bazar,Dy,ug/L,
S99_00805,HABI-80,1999/05/25,24.3776,91.4083,HTW,36.59,Sylhet,Habiganj,Habiganj Sadar,Rajanagar,Rajanagar,Dy,ug/L,
S99_00806,MVI-79,1999/05/25,24.4696,91.7603,HTW,30.5,Sylhet,Maulvibazar,Maulvi Bazar Sadar,Sultanpur,Sultanpur,Dy,ug/L,
S99_00807,SYL-78,1998/05/25,24.8795,91.8605,HTW,30.5,Sylhet,Sylhet,Sylhet Sadar,Railway station,Railway station,Dy,ug/L,
S98_01785,SAT-1,1998/07/23,26.479,88.514,HTW,9,Rajshahi,Panchagarh,Tetulia,Satmara,Satmara,Er,ug/L,< 0.01
S98_01786,130DA-2,,25.7,88.5,HTW,15,Rajshahi,Panchagarh,Boda,Boda,Boda,Er,ug/L,< 0.01
S98_01787,TA-2/B,1998/07/20,24.088,90.17,HTW,37,Dhaka,Tangail,Mirzapur,Gurai,Gurai,Er,ug/L,< 0.01
S98_01788,BALI-3,1998/07/23,26.083,88.279,HTW,18,Rajshahi,Thakurgaon,Baliadangi,Baliadanga,Baliadanga,Er,ug/L,< 0.01
S98_01789,SALN-4,1998/07/23,26.054,88.533,HTW,37,Rajshahi,Thakurgaon,Thakurgaon Sadar,Salander,Salander,Er,ug/L,< 0.01
S98_01790,JA-4/B,1998/07/19,24.91,89.946,HTW,26,Dhaka,Jamalpur,Jamalpur Sadar,Jamalpur,Fulbaria,Er,ug/L,< 0.01
S98_01791,KABIR-5,1998/07/24,25.903,88.6,HTW,30,Rajshahi,Dinajpur,Birganj,Birgong,Kbirashat,Er,ug/L,< 0.01
S98_01792,RANI-6,1998/07/23,25.901,88.254,HTW,30,Rajshahi,Thakurgaon,Ranisankail,Ranisanwail,Ranisanwail,Er,ug/L,< 0.01
S98_01793,SIBRM-7,1998/07/24,25.665,88.652,HTW,18,Rajshahi,Dinajpur,Dinajpur Sadar,Sibrampur,Sibrampur,Er,ug/L,< 0.01
S98_01794,PARBT-8,1998/07/24,25.653,88.915,HTW,20,Rajshahi,Dinajpur,Parbatipur,Parbatipur,Parbatipur,Er,ug/L,< 0.01
S98_01795,HAKM-9,1998/07/22,25.288,89.021,HTW,21,Rajshahi,Dinajpur,Hakimpur,Hakimpur,Hakimpur,Er,ug/L,< 0.01
S98_01796,CHIL-10,1998/07/25,26.1,88.8,HTW,24,Rajshahi,Nilphamari,Domar,Chilahati,Chilahati,Er,ug/L,0.02
S98_01797,NIL-11,1998/07/24,25.9,88.8,HTW,18,Rajshahi,Nilphamari,Nilphamari Sadar,Nilphamari,Nilphamari,Er,ug/L,< 0.01
S98_01798,BRUT-12,1998/07/25,26.203,89.11,HTW,,Rajshahi,Lalmonirhat,Hatibandha,Barakhta,Barakhta,Er,ug/L,0.01
S98_01799,JAL-13,1998/07/25,25.931,88.838,HTW,27,Rajshahi,Nilphamari,Jaldhaka,Jaldhaka,Jaldhaka,Er,ug/L,< 0.01
S98_01800,RANG-14,1998/07/26,25.752,89.253,HTW,18,Rajshahi,Rangpur,Rangpur Sadar,Rangipur,Rangipur,Er,ug/L,0.01
S98_01801,LALM-15,1998/07/25,25.913,89.436,HTW,14,Rajshahi,Lalmonirhat,Lalmonirhat Sadar,Lalmonihat,Lalmonihat,Er,ug/L,0.02
S98_01802,NAGUR-16,1998/07/26,25.965,89.671,HTW,18,Rajshahi,Kurigram,Nageshwari,Nagieshwari,Nagieshwari,Er,ug/L,0.03
S98_01803,ULI-17,1998/07/26,25.653,89.623,HTW,18,Rajshahi,Kurigram,Ulipur,Ulipur,Ulipur,Er,ug/L,0.01
S98_01804,BAMAN,1998/07/26,25.532,89.446,,18,Rajshahi,Gaibandha,Sundarganj,Bamandaga,Bamandaga,Er,ug/L,< 0.01
S98_01805,BOA-19,1998/07/27,25.318,89.55,HTW,18,Rajshahi,Gaibandha,Gaibandha Sadar,Boalia,Boalia,Er,ug/L,< 0.01
S98_01806,GABIN-20,1998/07/27,25.134,89.387,,12,Rajshahi,Gaibandha,Gobindaganj,Gabindagons,Gabindagons,Er,ug/L,< 0.01
S98_01807,MADR-21,1998/07/22,25.109,89.036,HTW,15,Rajshahi,Jaipurhat,Jaipurhat Sadar,Madergonj,Madergonj,Er,ug/L,< 0.01
S98_01808,SANTA-22,1998/07/22,24.804,88.969,HTW,18,Rajshahi,Bogra,Adamdighi,Santahar,Santahar,Er,ug/L,< 0.01
S98_01809,GIOKU-23,1998/07/27,24.933,89.348,HTW,18,Rajshahi,Bogra,Bogra Sadar,Giokul,Giokul,Er,ug/L,< 0.01
S98_01810,PATNI-29,1998/07/22,25.05,88.75,HTW,15,Rajshahi,Naogaon,Patnitala,Patnitala,Patnitala,Er,ug/L,< 0.01
S98_01811,MAND-25,1998/07/22,24.793,88.701,HTW,30,Rajshahi,Naogaon,Manda,Manda,Manda,Er,ug/L,< 0.01
S98_01812,PIR-25,1998/07/27,22.365,89.933,,,Barisal,Pirojpur,Mathbaria,,Burirchar,Er,ug/L,0.03
S98_01813,RAHAN-26,1998/07/21,24.8,88.2,HTW,30,Rajshahi,Nawabganj,Gomastapur,Rahandur,Rahandur,Er,ug/L,< 0.01
S98_01814,PIR-26,1998/07/27,22.365,89.933,HTW,37,Barisal,Pirojpur,Mathbaria,,Burirchar,Er,ug/L,0.04
S98_01815,SHIB-27,1998/07/21,24.684,88.157,Piez,61,Rajshahi,Nawabganj,Shibganj (N),Shibgong,Shibgong,Er,ug/L,< 0.01
S98_01816,PIR-27,1998/07/27,22.365,89.933,HTW,27,Barisal,Pirojpur,Mathbaria,,Burirchar,Er,ug/L,0.02
S98_01817,GIODA-28,1998/07/21,24.461,88.328,HTW,30,Rajshahi,Rajshahi,Godagari,Giodagari,Giodagari,Er,ug/L,< 0.01
S98_01818,SAPU-29,1998/07/21,24.374,88.558,HTW,37,Rajshahi,Rajshahi,Rajpara,Sapura,Sapura,Er,ug/L,< 0.01
S98_01819,CHAR-30,1998/07/20,24.304,88.738,HTW,18,Rajshahi,Rajshahi,Charghat,Charghat,Charghat,Er,ug/L,< 0.01
S98_01820,NAT-31,1998/07/20,24.414,89.988,HTW,27,Rajshahi,Natore,Natore Sadar,Natore,Natore,Er,ug/L,< 0.01
S98_01821,SING-32,1998/07/20,24.506,89.143,TARA,18,Rajshahi,Natore,Singra,Singra,Singra,Er,ug/L,< 0.01
S98_01822,LAL-33,1998/07/20,24.179,88.966,HTW,27,Rajshahi,Natore,Lalpur,Lalpur,Lalpur,Er,ug/L,0.01
S98_01823,ROYG-34,1998/07/27,24.507,89.526,HTW,15,Rajshahi,Sirajganj,Raiganj,Roygong,Roygong,Er,ug/L,< 0.01
S98_01824,SIRA-35,1998/07/28,24.463,89.708,HTW,18,Rajshahi,Sirajganj,Sirajganj Sadar,Sirjgong,Sirjgong,Er,ug/L,< 0.01
S98_01825,CHAT-36,1998/07/20,24.15,89.261,HTW,18,Rajshahi,Pabna,Chatmohar,Chatmohur,Chatmohur,Er,ug/L,< 0.01
S98_01826,PAB-37,1998/07/19,24.006,89.235,HTW,30,Rajshahi,Pabna,Pabna Sadar,Pabna,Pabna,Er,ug/L,< 0.01
S98_01827,SUJA-38,1998/07/19,23.94,89.408,HTW,18,Rajshahi,Pabna,Sujanagar,Sujanager,Sujanager,Er,ug/L,0.01
S98_01828,NAGIR-39,1998/07/28,23.951,89.65,HTW,20,Rajshahi,Pabna,Bera,Nagierbari,Nagierbari,Er,ug/L,< 0.01
S98_01829,JA-40,1998/07/19,25.156,89.751,HTW,27,Dhaka,Jamalpur,Dewanganj,Chukaibari,Batheshasaria,Er,ug/L,< 0.01
S98_01830,PRAG-40,1998/07/19,24.005,88.765,TARA,113,Khulna,Kushtia,Daulatpur (Ku),Pragpur,Pragpur,Er,ug/L,< 0.01
S98_01831,HYM-41,1998/07/18,25.117,90.335,,27,Dhaka,Mymensingh,Haluaghat, Haluagher,Haluaghatthana Compn,Er,ug/L,< 0.01
S98_01832,VHAR-41,1998/07/19,24.019,88.992,HTW,,Khulna,Kushtia,Bheramara,Vharamara,Vharamara,Er,ug/L,< 0.01
S98_01833,KUST-42,1998/07/19,23.909,89.128,HTW,49,Khulna,Kushtia,Kushtia Sadar,Kushtia,Kushtia,Er,ug/L,< 0.01
S98_01834,SHER-42/A,1998/07/18,25.018,90.012,HTW,36,Rajshahi,Bogra,Sherpur,Sherpur,,Er,ug/L,< 0.01
S98_01835,MEHER-43,1998/07/19,23.761,88.632,HTW,27,Khulna,Meherpur,Meherpur Sadar,Meherpur,Meherpur,Er,ug/L,< 0.01
S98_01836,JAM-43,1998/07/20,24.758,89.835,HTW,20,Dhaka,Jamalpur,Sarishabari,Sharishabari,Sharishabari,Er,ug/L,< 0.01
S98_01837,DAR-44,1998/07/19,23.529,88.81,HTW,18,Khulna,Chuadanga,Chuadanga Sadar,Darsana,Darsana,Er,ug/L,< 0.01
S98_01838,MYM-44,1998/07/17,24.748,90.406,DTW,107,Dhaka,Mymensingh,Mymensingh Sadar,Sadar,Bagmera,Er,ug/L,< 0.01
S98_01839,JHIN-45,1998/07/18,23.547,89.165,,122,Khulna,Jhenaidah,Jhenaidah Sadar,Jhinaidha,Jhinaidha,Er,ug/L,< 0.01
S98_01840,NET-45,1998/07/17,24.866,90.722,HTW,65,Dhaka,Netrokona,Netrokona Sadar,Sadar,Netrokona,Er,ug/L,< 0.01
S98_01841,MAGU-46,1998/07/15,23.488,89.429,HTW,21,Khulna,Magura,Magura Sadar,Magura,Magura,Er,ug/L,< 0.01
S98_01842,KISH-46,1998/07/18,24.444,90.773,DTW,118,Dhaka,Kishoreganj,Kishoreganj Sadar,Goital,Kishorgorj,Er,ug/L,< 0.01
S98_01843,JES-47,1998/07/18,23.167,89.219,DTW,133,Khulna,Jessore,Jessore Sadar,Jessore,Jessore,Er,ug/L,< 0.01
S98_01844,MYM-47,1998/07/17,24.454,90.54,HTW,,Dhaka,Mymensingh,Gafargaon,Saltia,Sulhasia,Er,ug/L,< 0.01
S98_01845,NAR-48,1998/07/18,23.173,89.513,HTW,24,Khulna,Narail,Narail Sadar,Narail,Narail,Er,ug/L,< 0.01
S98_01846,KISH-48,1998/07/18,24.047,90.973,HTW,20,Dhaka,Kishoreganj,Bhairab,Bhairab,Bhairab Rly St,Er,ug/L,< 0.01
S98_01847,GODKHA-49,1998/07/15,23.059,89.077,HTW,24,Khulna,Jessore,Jhikargachha,Godkhali,Godkhali,Er,ug/L,< 0.01
S98_01848,TA-49,1998/07/20,24.605,90.024,HTW,34,Dhaka,Tangail,Madhupur,Madhupur,Madhupur,Er,ug/L,< 0.01
S98_01849,KHUL-50,1998/07/15,22.812,89.561,DTW,274,Khulna,Khulna,Khulna Sadar,Khulna,Khulna,Er,ug/L,< 0.01
S98_01850,TA-50,1998/07/20,24.24,89.909,HTW,27,Dhaka,Tangail,Tangail Sadar,Sadar,Bepari Para,Er,ug/L,< 0.01
S98_01851,SATKHR-51,1998/07/17,22.718,89.07,DTW,183,Khulna,Satkhira,Satkhira Sadar,Satkhira,Satkhira,Er,ug/L,< 0.01
S98_01852,TA-51,1998/07/20,24.108,90.076,HTW,27,Dhaka,Tangail,Mirzapur,Baithgram,Gurail,Er,ug/L,< 0.01
S98_01853,CHAL-52,1998/07/18,22.586,89.504,HTW,18,Khulna,Bagerhat,Bagerhat Sadar,Chalna,Chalna,Er,ug/L,< 0.01
S98_01854,GA-52,1998/07/17,24.197,90.474,HTW,29,Dhaka,Gazipur,Sripur,Sreepur,Sreepur,Er,ug/L,< 0.01
S98_01855,BAGIER-53,1998/07/15,22.663,89.763,,38,Khulna,Bagerhat,Bagerhat Sadar,Bagierhat,Bagierhat,Er,ug/L,< 0.01
S98_01856,NAR-53,1998/07/18,23.926,90.718,HTW,,Dhaka,Narsingdi,Narsingdi Sadar,Narshingdi,Norshindi Dak Hangloo,Er,ug/L,< 0.01
S98_01857,KHALIS-54,1998/07/18,22.548,89.538,DTW,274,Khulna,Khulna,Khulna Sadar,Khalishpur,Khalishpur,Er,ug/L,< 0.01
S98_01858,DA-54,1998/07/16,23.734,90.418,DTW,137,Dhaka,Dhaka,Motijheel,Motijheel,Pwd Colony,Er,ug/L,< 0.01
S98_01859,RJB-69,1998/07/22,23.765,89.476,HTW,22,Dhaka,Rajbari,Pangsha,,Kalukhau,Er,ug/L,< 0.01
S98_01860,RJB-70,1998/07/22,23.754,89.645,DTW,127,Dhaka,Rajbari,Rajbari Sadar,,Municipality,Er,ug/L,< 0.01
S98_01861,FAR-71,1998/07/23,23.599,89.835,DTW,84,Dhaka,Faridpur,Faridpur Sadar,,Municipal,Er,ug/L,< 0.01
S98_01862,GOP-72,1998/07/23,23.21,89.693,HTW,20,Dhaka,Gopalganj,Kashiani,,Bhatiapara,Er,ug/L,< 0.01
S98_01863,GOP-73,1998/07/23,23.005,89.823,HTW,20,Dhaka,Gopalganj,Gopalganj Sadar,Municipality,Gopalganj,Er,ug/L,< 0.01
S98_01864,MAD-74,1998/07/23,23.167,90.195,DTW,238,Dhaka,Madaripur,Madaripur Sadar,Municipality,Madaripur,Er,ug/L,< 0.01
S98_01865,BAR-75,1998/07/25,22.7,90.369,DTW,610,Barisal,Barisal,Barisal Sadar,,Barisal,Er,ug/L,< 0.01
S98_01866,PAT-77,1998/07/25,22.355,90.345,DTW,274,Barisal,Patuakhali,Patuakhali Sadar,Municipality,Patuakhali,Er,ug/L,< 0.01
S98_01867,DA-101,1998/07/21,23.51,90.217,HTW,26,Dhaka,Munshiganj,Munshiganj Sadar,Bhaishakul,Bhaishakul T Inst,Er,ug/L,< 0.01
S98_01868,DA-102,1998/07/16,23.769,90.364,DTW,53,Dhaka,Dhaka,Mohammadpur (D),Mohammedpur,Mohammedpur,Er,ug/L,< 0.01
S98_04510,GOHI-44,1998/07/29,22.1467,91.8231,Piez,265,Chittagong,Chittagong,Anowara,Gohira,UC Office,Er,ug/L,< 0.01
S98_04511,RUST-45,1998/07/29,22.1924,91.8562,HTW,146,Chittagong,Chittagong,Anowara,Battali,Battali,Er,ug/L,< 0.01
S98_04512,GOHI-46,1998/07/29,22.1467,91.8231,Piez,68,Chittagong,Chittagong,Anowara,Gohira,UC Office,Er,ug/L,< 0.01
S98_04513,COM-84,1998/07/28,23.4453,91.1722,HTW,32,Chittagong,Comilla,Comilla Sadar,Shaktala,Shaktala,Er,ug/L,< 0.01
S98_04514,DAUD-85,1998/07/28,23.536,90.7104,HTW,32,Chittagong,Comilla,Daudkandi,Daudkandi,Daudkandi Bazar,Er,ug/L,< 0.01
S98_04515,LAKS-86,1998/07/28,23.2499,91.115,HTW,23,Chittagong,Comilla,Laksam,Nabaratpur,Nabaratpur,Er,ug/L,< 0.01
S98_04516,HAJ-87,1998/07/31,23.2484,90.8696,DTW,107,Chittagong,Chandpur,Hajiganj,Aligonj,Aligonj H complex,Er,ug/L,< 0.01
S98_04517,CHAN-88,1998/07/31,23.2342,90.6673,HTW,168,Chittagong,Chandpur,Chandpur Sadar,Shologhar,Shologhar,Er,ug/L,< 0.01
S98_04518,NOA-89,1998/07/28,22.8334,91.0955,HTW,11,Chittagong,Noakhali,Noakhali Sadar,Sonapur,Sonapur,Er,ug/L,< 0.01
S98_04519,FENI-90,1998/07/28,23.0053,91.3866,HTW,13,Chittagong,Feni,Feni Sadar,Pachgadria,Feni Rest House,Er,ug/L,0.01
S98_04520,MIR-91,1998/07/28,22.7761,91.5656,HTW,25,Chittagong,Chittagong,Mirsharai,PS,Miraswarai,Er,ug/L,< 0.01
S98_04521,CTG-92,1998/07/29,22.4735,91.7891,DTW,110,Chittagong,Chittagong,Hathazari,Hathajani,University,Er,ug/L,< 0.01
S98_04522,CTG-93,1998/07/29,22.3704,91.8442,DTW,146,Chittagong,Chittagong,Chandgaon,Chandgown,Chandgown,Er,ug/L,0.01
S98_04523,ANWA-94,1998/07/29,22.2234,91.898,HTW,43,Chittagong,Chittagong,Anowara,Anwara,Thana Parishad Office,Er,ug/L,< 0.01
S98_04524,SAT-95,1998/07/29,22.0721,92.0479,HTW,31,Chittagong,Chittagong,Satkania,Satkania,Satkania,Er,ug/L,< 0.01
S98_04525,COX-99,1998/07/30,21.4349,91.9656,HTW,10,Chittagong,Cox's Bazar,Cox's Bazar Sadar,,BWDB rest house,Er,ug/L,0.01
S98_04526,UKHI-100,1998/07/30,21.2432,92.1325,DTW,52,Chittagong,Cox's Bazar,Ukhia,Ukhia,Ukhia Bazar,Er,ug/L,< 0.01
S99_00796,SAN-43(CS),1999/04/06,22.4815,91.4285,Piez,56.96,Chittagong,Chittagong,Sandwip,Rahamatpur,Rahamatpur,Er,ug/L,
S99_00797,SAN-42(CMD),1999/04/06,22.4815,91.4285,Piez,160.92,Chittagong,Chittagong,Sandwip,Rahamatpur,Rahamatpur,Er,ug/L,
S99_00798,SAN-41(CD),1999/04/06,22.4815,91.4285,Piez,261.94,Chittagong,Chittagong,Sandwip,Rahamatpur,Rahamatpur,Er,ug/L,
S99_00799,MOH-98,1999/05/28,21.517,91.9584,Piez,7.32,Chittagong,Cox's Bazar,Maheshkhali,Gorukghata,Gorukghata,Er,ug/L,
S99_00800,KUT-97,1999/05/30,21.8128,91.8449,Piez,542.68,Chittagong,Cox's Bazar,Kutubdia,Baraghope,Baraghope,Er,ug/L,
S99_00801,SAND-9,1999/03/06,22.4817,91.4332,Piez,329.26,Chittagong,Chittagong,Sandwip,BWDB Guest house,BWDB Guest house,Er,ug/L,
S99_00802,AKHA-82,1999/05/24,23.8659,91.201,HTW,18.3,Chittagong,Brahamanbaria,Akhaura,Railway station,Railway station,Er,ug/L,
S99_00803,MUR-83,1999/05/24,23.7627,90.9899,HTW,26.22,Chittagong,Comilla,Muradnagar,Kasimpur,Kasimpur,Er,ug/L,
S99_00804,CHU-81,1999/05/25,24.1945,91.5138,HTW,30.5,Sylhet,Habiganj,Chunarughat,Chunarughat Bazar,Chunarughat Bazar,Er,ug/L,
S99_00805,HABI-80,1999/05/25,24.3776,91.4083,HTW,36.59,Sylhet,Habiganj,Habiganj Sadar,Rajanagar,Rajanagar,Er,ug/L,
S99_00806,MVI-79,1999/05/25,24.4696,91.7603,HTW,30.5,Sylhet,Maulvibazar,Maulvi Bazar Sadar,Sultanpur,Sultanpur,Er,ug/L,
S99_00807,SYL-78,1998/05/25,24.8795,91.8605,HTW,30.5,Sylhet,Sylhet,Sylhet Sadar,Railway station,Railway station,Er,ug/L,
S98_01785,SAT-1,1998/07/23,26.479,88.514,HTW,9,Rajshahi,Panchagarh,Tetulia,Satmara,Satmara,Eu,ug/L,< 0.006
S98_01786,130DA-2,,25.7,88.5,HTW,15,Rajshahi,Panchagarh,Boda,Boda,Boda,Eu,ug/L,< 0.006
S98_01787,TA-2/B,1998/07/20,24.088,90.17,HTW,37,Dhaka,Tangail,Mirzapur,Gurai,Gurai,Eu,ug/L,< 0.006
S98_01788,BALI-3,1998/07/23,26.083,88.279,HTW,18,Rajshahi,Thakurgaon,Baliadangi,Baliadanga,Baliadanga,Eu,ug/L,< 0.006
S98_01789,SALN-4,1998/07/23,26.054,88.533,HTW,37,Rajshahi,Thakurgaon,Thakurgaon Sadar,Salander,Salander,Eu,ug/L,< 0.006
S98_01790,JA-4/B,1998/07/19,24.91,89.946,HTW,26,Dhaka,Jamalpur,Jamalpur Sadar,Jamalpur,Fulbaria,Eu,ug/L,< 0.006
S98_01791,KABIR-5,1998/07/24,25.903,88.6,HTW,30,Rajshahi,Dinajpur,Birganj,Birgong,Kbirashat,Eu,ug/L,< 0.006
S98_01792,RANI-6,1998/07/23,25.901,88.254,HTW,30,Rajshahi,Thakurgaon,Ranisankail,Ranisanwail,Ranisanwail,Eu,ug/L,< 0.006
S98_01793,SIBRM-7,1998/07/24,25.665,88.652,HTW,18,Rajshahi,Dinajpur,Dinajpur Sadar,Sibrampur,Sibrampur,Eu,ug/L,< 0.006
S98_01794,PARBT-8,1998/07/24,25.653,88.915,HTW,20,Rajshahi,Dinajpur,Parbatipur,Parbatipur,Parbatipur,Eu,ug/L,< 0.006
S98_01795,HAKM-9,1998/07/22,25.288,89.021,HTW,21,Rajshahi,Dinajpur,Hakimpur,Hakimpur,Hakimpur,Eu,ug/L,< 0.006
S98_01796,CHIL-10,1998/07/25,26.1,88.8,HTW,24,Rajshahi,Nilphamari,Domar,Chilahati,Chilahati,Eu,ug/L,< 0.006
S98_01797,NIL-11,1998/07/24,25.9,88.8,HTW,18,Rajshahi,Nilphamari,Nilphamari Sadar,Nilphamari,Nilphamari,Eu,ug/L,0.007
S98_01798,BRUT-12,1998/07/25,26.203,89.11,HTW,,Rajshahi,Lalmonirhat,Hatibandha,Barakhta,Barakhta,Eu,ug/L,< 0.006
S98_01799,JAL-13,1998/07/25,25.931,88.838,HTW,27,Rajshahi,Nilphamari,Jaldhaka,Jaldhaka,Jaldhaka,Eu,ug/L,< 0.006
S98_01800,RANG-14,1998/07/26,25.752,89.253,HTW,18,Rajshahi,Rangpur,Rangpur Sadar,Rangipur,Rangipur,Eu,ug/L,< 0.006
S98_01801,LALM-15,1998/07/25,25.913,89.436,HTW,14,Rajshahi,Lalmonirhat,Lalmonirhat Sadar,Lalmonihat,Lalmonihat,Eu,ug/L,0.007
S98_01802,NAGUR-16,1998/07/26,25.965,89.671,HTW,18,Rajshahi,Kurigram,Nageshwari,Nagieshwari,Nagieshwari,Eu,ug/L,0.018
S98_01803,ULI-17,1998/07/26,25.653,89.623,HTW,18,Rajshahi,Kurigram,Ulipur,Ulipur,Ulipur,Eu,ug/L,< 0.006
S98_01804,BAMAN,1998/07/26,25.532,89.446,,18,Rajshahi,Gaibandha,Sundarganj,Bamandaga,Bamandaga,Eu,ug/L,< 0.006
S98_01805,BOA-19,1998/07/27,25.318,89.55,HTW,18,Rajshahi,Gaibandha,Gaibandha Sadar,Boalia,Boalia,Eu,ug/L,< 0.006
S98_01806,GABIN-20,1998/07/27,25.134,89.387,,12,Rajshahi,Gaibandha,Gobindaganj,Gabindagons,Gabindagons,Eu,ug/L,0.01
S98_01807,MADR-21,1998/07/22,25.109,89.036,HTW,15,Rajshahi,Jaipurhat,Jaipurhat Sadar,Madergonj,Madergonj,Eu,ug/L,< 0.006
S98_01808,SANTA-22,1998/07/22,24.804,88.969,HTW,18,Rajshahi,Bogra,Adamdighi,Santahar,Santahar,Eu,ug/L,< 0.006
S98_01809,GIOKU-23,1998/07/27,24.933,89.348,HTW,18,Rajshahi,Bogra,Bogra Sadar,Giokul,Giokul,Eu,ug/L,< 0.006
S98_01810,PATNI-29,1998/07/22,25.05,88.75,HTW,15,Rajshahi,Naogaon,Patnitala,Patnitala,Patnitala,Eu,ug/L,< 0.006
S98_01811,MAND-25,1998/07/22,24.793,88.701,HTW,30,Rajshahi,Naogaon,Manda,Manda,Manda,Eu,ug/L,< 0.006
S98_01812,PIR-25,1998/07/27,22.365,89.933,,,Barisal,Pirojpur,Mathbaria,,Burirchar,Eu,ug/L,< 0.006
S98_01813,RAHAN-26,1998/07/21,24.8,88.2,HTW,30,Rajshahi,Nawabganj,Gomastapur,Rahandur,Rahandur,Eu,ug/L,< 0.006
S98_01814,PIR-26,1998/07/27,22.365,89.933,HTW,37,Barisal,Pirojpur,Mathbaria,,Burirchar,Eu,ug/L,0.11
S98_01815,SHIB-27,1998/07/21,24.684,88.157,Piez,61,Rajshahi,Nawabganj,Shibganj (N),Shibgong,Shibgong,Eu,ug/L,< 0.006
S98_01816,PIR-27,1998/07/27,22.365,89.933,HTW,27,Barisal,Pirojpur,Mathbaria,,Burirchar,Eu,ug/L,0.016
S98_01817,GIODA-28,1998/07/21,24.461,88.328,HTW,30,Rajshahi,Rajshahi,Godagari,Giodagari,Giodagari,Eu,ug/L,0.006
S98_01818,SAPU-29,1998/07/21,24.374,88.558,HTW,37,Rajshahi,Rajshahi,Rajpara,Sapura,Sapura,Eu,ug/L,0.013
S98_01819,CHAR-30,1998/07/20,24.304,88.738,HTW,18,Rajshahi,Rajshahi,Charghat,Charghat,Charghat,Eu,ug/L,0.011
S98_01820,NAT-31,1998/07/20,24.414,89.988,HTW,27,Rajshahi,Natore,Natore Sadar,Natore,Natore,Eu,ug/L,0.022
S98_01821,SING-32,1998/07/20,24.506,89.143,TARA,18,Rajshahi,Natore,Singra,Singra,Singra,Eu,ug/L,0.015
S98_01822,LAL-33,1998/07/20,24.179,88.966,HTW,27,Rajshahi,Natore,Lalpur,Lalpur,Lalpur,Eu,ug/L,< 0.006
S98_01823,ROYG-34,1998/07/27,24.507,89.526,HTW,15,Rajshahi,Sirajganj,Raiganj,Roygong,Roygong,Eu,ug/L,< 0.006
S98_01824,SIRA-35,1998/07/28,24.463,89.708,HTW,18,Rajshahi,Sirajganj,Sirajganj Sadar,Sirjgong,Sirjgong,Eu,ug/L,< 0.006
S98_01825,CHAT-36,1998/07/20,24.15,89.261,HTW,18,Rajshahi,Pabna,Chatmohar,Chatmohur,Chatmohur,Eu,ug/L,0.01
S98_01826,PAB-37,1998/07/19,24.006,89.235,HTW,30,Rajshahi,Pabna,Pabna Sadar,Pabna,Pabna,Eu,ug/L,0.008
S98_01827,SUJA-38,1998/07/19,23.94,89.408,HTW,18,Rajshahi,Pabna,Sujanagar,Sujanager,Sujanager,Eu,ug/L,< 0.006
S98_01828,NAGIR-39,1998/07/28,23.951,89.65,HTW,20,Rajshahi,Pabna,Bera,Nagierbari,Nagierbari,Eu,ug/L,0.02
S98_01829,JA-40,1998/07/19,25.156,89.751,HTW,27,Dhaka,Jamalpur,Dewanganj,Chukaibari,Batheshasaria,Eu,ug/L,0.017
S98_01830,PRAG-40,1998/07/19,24.005,88.765,TARA,113,Khulna,Kushtia,Daulatpur (Ku),Pragpur,Pragpur,Eu,ug/L,< 0.006
S98_01831,HYM-41,1998/07/18,25.117,90.335,,27,Dhaka,Mymensingh,Haluaghat, Haluagher,Haluaghatthana Compn,Eu,ug/L,< 0.006
S98_01832,VHAR-41,1998/07/19,24.019,88.992,HTW,,Khulna,Kushtia,Bheramara,Vharamara,Vharamara,Eu,ug/L,0.017
S98_01833,KUST-42,1998/07/19,23.909,89.128,HTW,49,Khulna,Kushtia,Kushtia Sadar,Kushtia,Kushtia,Eu,ug/L,0.009
S98_01834,SHER-42/A,1998/07/18,25.018,90.012,HTW,36,Rajshahi,Bogra,Sherpur,Sherpur,,Eu,ug/L,0.015
S98_01835,MEHER-43,1998/07/19,23.761,88.632,HTW,27,Khulna,Meherpur,Meherpur Sadar,Meherpur,Meherpur,Eu,ug/L,0.011
S98_01836,JAM-43,1998/07/20,24.758,89.835,HTW,20,Dhaka,Jamalpur,Sarishabari,Sharishabari,Sharishabari,Eu,ug/L,0.007
S98_01837,DAR-44,1998/07/19,23.529,88.81,HTW,18,Khulna,Chuadanga,Chuadanga Sadar,Darsana,Darsana,Eu,ug/L,< 0.006
S98_01838,MYM-44,1998/07/17,24.748,90.406,DTW,107,Dhaka,Mymensingh,Mymensingh Sadar,Sadar,Bagmera,Eu,ug/L,< 0.006
S98_01839,JHIN-45,1998/07/18,23.547,89.165,,122,Khulna,Jhenaidah,Jhenaidah Sadar,Jhinaidha,Jhinaidha,Eu,ug/L,< 0.006
S98_01840,NET-45,1998/07/17,24.866,90.722,HTW,65,Dhaka,Netrokona,Netrokona Sadar,Sadar,Netrokona,Eu,ug/L,< 0.006
S98_01841,MAGU-46,1998/07/15,23.488,89.429,HTW,21,Khulna,Magura,Magura Sadar,Magura,Magura,Eu,ug/L,< 0.006
S98_01842,KISH-46,1998/07/18,24.444,90.773,DTW,118,Dhaka,Kishoreganj,Kishoreganj Sadar,Goital,Kishorgorj,Eu,ug/L,< 0.006
S98_01843,JES-47,1998/07/18,23.167,89.219,DTW,133,Khulna,Jessore,Jessore Sadar,Jessore,Jessore,Eu,ug/L,< 0.006
S98_01844,MYM-47,1998/07/17,24.454,90.54,HTW,,Dhaka,Mymensingh,Gafargaon,Saltia,Sulhasia,Eu,ug/L,0.007
S98_01845,NAR-48,1998/07/18,23.173,89.513,HTW,24,Khulna,Narail,Narail Sadar,Narail,Narail,Eu,ug/L,< 0.006
S98_01846,KISH-48,1998/07/18,24.047,90.973,HTW,20,Dhaka,Kishoreganj,Bhairab,Bhairab,Bhairab Rly St,Eu,ug/L,< 0.006
S98_01847,GODKHA-49,1998/07/15,23.059,89.077,HTW,24,Khulna,Jessore,Jhikargachha,Godkhali,Godkhali,Eu,ug/L,0.03
S98_01848,TA-49,1998/07/20,24.605,90.024,HTW,34,Dhaka,Tangail,Madhupur,Madhupur,Madhupur,Eu,ug/L,< 0.006
S98_01849,KHUL-50,1998/07/15,22.812,89.561,DTW,274,Khulna,Khulna,Khulna Sadar,Khulna,Khulna,Eu,ug/L,< 0.006
S98_01850,TA-50,1998/07/20,24.24,89.909,HTW,27,Dhaka,Tangail,Tangail Sadar,Sadar,Bepari Para,Eu,ug/L,0.012
S98_01851,SATKHR-51,1998/07/17,22.718,89.07,DTW,183,Khulna,Satkhira,Satkhira Sadar,Satkhira,Satkhira,Eu,ug/L,0.093
S98_01852,TA-51,1998/07/20,24.108,90.076,HTW,27,Dhaka,Tangail,Mirzapur,Baithgram,Gurail,Eu,ug/L,< 0.006
S98_01853,CHAL-52,1998/07/18,22.586,89.504,HTW,18,Khulna,Bagerhat,Bagerhat Sadar,Chalna,Chalna,Eu,ug/L,< 0.006
S98_01854,GA-52,1998/07/17,24.197,90.474,HTW,29,Dhaka,Gazipur,Sripur,Sreepur,Sreepur,Eu,ug/L,< 0.006
S98_01855,BAGIER-53,1998/07/15,22.663,89.763,,38,Khulna,Bagerhat,Bagerhat Sadar,Bagierhat,Bagierhat,Eu,ug/L,< 0.006
S98_01856,NAR-53,1998/07/18,23.926,90.718,HTW,,Dhaka,Narsingdi,Narsingdi Sadar,Narshingdi,Norshindi Dak Hangloo,Eu,ug/L,< 0.006
S98_01857,KHALIS-54,1998/07/18,22.548,89.538,DTW,274,Khulna,Khulna,Khulna Sadar,Khalishpur,Khalishpur,Eu,ug/L,< 0.006
S98_01858,DA-54,1998/07/16,23.734,90.418,DTW,137,Dhaka,Dhaka,Motijheel,Motijheel,Pwd Colony,Eu,ug/L,< 0.006
S98_01859,RJB-69,1998/07/22,23.765,89.476,HTW,22,Dhaka,Rajbari,Pangsha,,Kalukhau,Eu,ug/L,< 0.006
S98_01860,RJB-70,1998/07/22,23.754,89.645,DTW,127,Dhaka,Rajbari,Rajbari Sadar,,Municipality,Eu,ug/L,< 0.006
S98_01861,FAR-71,1998/07/23,23.599,89.835,DTW,84,Dhaka,Faridpur,Faridpur Sadar,,Municipal,Eu,ug/L,< 0.006
S98_01862,GOP-72,1998/07/23,23.21,89.693,HTW,20,Dhaka,Gopalganj,Kashiani,,Bhatiapara,Eu,ug/L,< 0.006
S98_01863,GOP-73,1998/07/23,23.005,89.823,HTW,20,Dhaka,Gopalganj,Gopalganj Sadar,Municipality,Gopalganj,Eu,ug/L,0.012
S98_01864,MAD-74,1998/07/23,23.167,90.195,DTW,238,Dhaka,Madaripur,Madaripur Sadar,Municipality,Madaripur,Eu,ug/L,< 0.006
S98_01865,BAR-75,1998/07/25,22.7,90.369,DTW,610,Barisal,Barisal,Barisal Sadar,,Barisal,Eu,ug/L,< 0.006
S98_01866,PAT-77,1998/07/25,22.355,90.345,DTW,274,Barisal,Patuakhali,Patuakhali Sadar,Municipality,Patuakhali,Eu,ug/L,< 0.006
S98_01867,DA-101,1998/07/21,23.51,90.217,HTW,26,Dhaka,Munshiganj,Munshiganj Sadar,Bhaishakul,Bhaishakul T Inst,Eu,ug/L,< 0.006
S98_01868,DA-102,1998/07/16,23.769,90.364,DTW,53,Dhaka,Dhaka,Mohammadpur (D),Mohammedpur,Mohammedpur,Eu,ug/L,< 0.006
S98_04510,GOHI-44,1998/07/29,22.1467,91.8231,Piez,265,Chittagong,Chittagong,Anowara,Gohira,UC Office,Eu,ug/L,0.016
S98_04511,RUST-45,1998/07/29,22.1924,91.8562,HTW,146,Chittagong,Chittagong,Anowara,Battali,Battali,Eu,ug/L,< 0.006
S98_04512,GOHI-46,1998/07/29,22.1467,91.8231,Piez,68,Chittagong,Chittagong,Anowara,Gohira,UC Office,Eu,ug/L,0.012
S98_04513,COM-84,1998/07/28,23.4453,91.1722,HTW,32,Chittagong,Comilla,Comilla Sadar,Shaktala,Shaktala,Eu,ug/L,0.014
S98_04514,DAUD-85,1998/07/28,23.536,90.7104,HTW,32,Chittagong,Comilla,Daudkandi,Daudkandi,Daudkandi Bazar,Eu,ug/L,0.018
S98_04515,LAKS-86,1998/07/28,23.2499,91.115,HTW,23,Chittagong,Comilla,Laksam,Nabaratpur,Nabaratpur,Eu,ug/L,< 0.006
S98_04516,HAJ-87,1998/07/31,23.2484,90.8696,DTW,107,Chittagong,Chandpur,Hajiganj,Aligonj,Aligonj H complex,Eu,ug/L,0.01
S98_04517,CHAN-88,1998/07/31,23.2342,90.6673,HTW,168,Chittagong,Chandpur,Chandpur Sadar,Shologhar,Shologhar,Eu,ug/L,0.023
S98_04518,NOA-89,1998/07/28,22.8334,91.0955,HTW,11,Chittagong,Noakhali,Noakhali Sadar,Sonapur,Sonapur,Eu,ug/L,0.008
S98_04519,FENI-90,1998/07/28,23.0053,91.3866,HTW,13,Chittagong,Feni,Feni Sadar,Pachgadria,Feni Rest House,Eu,ug/L,< 0.006
S98_04520,MIR-91,1998/07/28,22.7761,91.5656,HTW,25,Chittagong,Chittagong,Mirsharai,PS,Miraswarai,Eu,ug/L,< 0.006
S98_04521,CTG-92,1998/07/29,22.4735,91.7891,DTW,110,Chittagong,Chittagong,Hathazari,Hathajani,University,Eu,ug/L,0.008
S98_04522,CTG-93,1998/07/29,22.3704,91.8442,DTW,146,Chittagong,Chittagong,Chandgaon,Chandgown,Chandgown,Eu,ug/L,0.015
S98_04523,ANWA-94,1998/07/29,22.2234,91.898,HTW,43,Chittagong,Chittagong,Anowara,Anwara,Thana Parishad Office,Eu,ug/L,< 0.006
S98_04524,SAT-95,1998/07/29,22.0721,92.0479,HTW,31,Chittagong,Chittagong,Satkania,Satkania,Satkania,Eu,ug/L,< 0.006
S98_04525,COX-99,1998/07/30,21.4349,91.9656,HTW,10,Chittagong,Cox's Bazar,Cox's Bazar Sadar,,BWDB rest house,Eu,ug/L,< 0.006
S98_04526,UKHI-100,1998/07/30,21.2432,92.1325,DTW,52,Chittagong,Cox's Bazar,Ukhia,Ukhia,Ukhia Bazar,Eu,ug/L,0.006
S99_00796,SAN-43(CS),1999/04/06,22.4815,91.4285,Piez,56.96,Chittagong,Chittagong,Sandwip,Rahamatpur,Rahamatpur,Eu,ug/L,
S99_00797,SAN-42(CMD),1999/04/06,22.4815,91.4285,Piez,160.92,Chittagong,Chittagong,Sandwip,Rahamatpur,Rahamatpur,Eu,ug/L,
S99_00798,SAN-41(CD),1999/04/06,22.4815,91.4285,Piez,261.94,Chittagong,Chittagong,Sandwip,Rahamatpur,Rahamatpur,Eu,ug/L,
S99_00799,MOH-98,1999/05/28,21.517,91.9584,Piez,7.32,Chittagong,Cox's Bazar,Maheshkhali,Gorukghata,Gorukghata,Eu,ug/L,
S99_00800,KUT-97,1999/05/30,21.8128,91.8449,Piez,542.68,Chittagong,Cox's Bazar,Kutubdia,Baraghope,Baraghope,Eu,ug/L,
S99_00801,SAND-9,1999/03/06,22.4817,91.4332,Piez,329.26,Chittagong,Chittagong,Sandwip,BWDB Guest house,BWDB Guest house,Eu,ug/L,
S99_00802,AKHA-82,1999/05/24,23.8659,91.201,HTW,18.3,Chittagong,Brahamanbaria,Akhaura,Railway station,Railway station,Eu,ug/L,
S99_00803,MUR-83,1999/05/24,23.7627,90.9899,HTW,26.22,Chittagong,Comilla,Muradnagar,Kasimpur,Kasimpur,Eu,ug/L,
S99_00804,CHU-81,1999/05/25,24.1945,91.5138,HTW,30.5,Sylhet,Habiganj,Chunarughat,Chunarughat Bazar,Chunarughat Bazar,Eu,ug/L,
S99_00805,HABI-80,1999/05/25,24.3776,91.4083,HTW,36.59,Sylhet,Habiganj,Habiganj Sadar,Rajanagar,Rajanagar,Eu,ug/L,
S99_00806,MVI-79,1999/05/25,24.4696,91.7603,HTW,30.5,Sylhet,Maulvibazar,Maulvi Bazar Sadar,Sultanpur,Sultanpur,Eu,ug/L,
S99_00807,SYL-78,1998/05/25,24.8795,91.8605,HTW,30.5,Sylhet,Sylhet,Sylhet Sadar,Railway station,Railway station,Eu,ug/L,
S98_01785,SAT-1,1998/07/23,26.479,88.514,HTW,9,Rajshahi,Panchagarh,Tetulia,Satmara,Satmara,F,mg/L,0.07
S98_01786,130DA-2,,25.7,88.5,HTW,15,Rajshahi,Panchagarh,Boda,Boda,Boda,F,mg/L,0.1
S98_01787,TA-2/B,1998/07/20,24.088,90.17,HTW,37,Dhaka,Tangail,Mirzapur,Gurai,Gurai,F,mg/L,0.34
S98_01788,BALI-3,1998/07/23,26.083,88.279,HTW,18,Rajshahi,Thakurgaon,Baliadangi,Baliadanga,Baliadanga,F,mg/L,0.08
S98_01789,SALN-4,1998/07/23,26.054,88.533,HTW,37,Rajshahi,Thakurgaon,Thakurgaon Sadar,Salander,Salander,F,mg/L,0.03
S98_01790,JA-4/B,1998/07/19,24.91,89.946,HTW,26,Dhaka,Jamalpur,Jamalpur Sadar,Jamalpur,Fulbaria,F,mg/L,0.14
S98_01791,KABIR-5,1998/07/24,25.903,88.6,HTW,30,Rajshahi,Dinajpur,Birganj,Birgong,Kbirashat,F,mg/L,0.06
S98_01792,RANI-6,1998/07/23,25.901,88.254,HTW,30,Rajshahi,Thakurgaon,Ranisankail,Ranisanwail,Ranisanwail,F,mg/L,0.06
S98_01793,SIBRM-7,1998/07/24,25.665,88.652,HTW,18,Rajshahi,Dinajpur,Dinajpur Sadar,Sibrampur,Sibrampur,F,mg/L,0.08
S98_01794,PARBT-8,1998/07/24,25.653,88.915,HTW,20,Rajshahi,Dinajpur,Parbatipur,Parbatipur,Parbatipur,F,mg/L,0.2
S98_01795,HAKM-9,1998/07/22,25.288,89.021,HTW,21,Rajshahi,Dinajpur,Hakimpur,Hakimpur,Hakimpur,F,mg/L,0.07
S98_01796,CHIL-10,1998/07/25,26.1,88.8,HTW,24,Rajshahi,Nilphamari,Domar,Chilahati,Chilahati,F,mg/L,0.16
S98_01797,NIL-11,1998/07/24,25.9,88.8,HTW,18,Rajshahi,Nilphamari,Nilphamari Sadar,Nilphamari,Nilphamari,F,mg/L,0.19
S98_01798,BRUT-12,1998/07/25,26.203,89.11,HTW,,Rajshahi,Lalmonirhat,Hatibandha,Barakhta,Barakhta,F,mg/L,0.1
S98_01799,JAL-13,1998/07/25,25.931,88.838,HTW,27,Rajshahi,Nilphamari,Jaldhaka,Jaldhaka,Jaldhaka,F,mg/L,0.07
S98_01800,RANG-14,1998/07/26,25.752,89.253,HTW,18,Rajshahi,Rangpur,Rangpur Sadar,Rangipur,Rangipur,F,mg/L,0.12
S98_01801,LALM-15,1998/07/25,25.913,89.436,HTW,14,Rajshahi,Lalmonirhat,Lalmonirhat Sadar,Lalmonihat,Lalmonihat,F,mg/L,0.12
S98_01802,NAGUR-16,1998/07/26,25.965,89.671,HTW,18,Rajshahi,Kurigram,Nageshwari,Nagieshwari,Nagieshwari,F,mg/L,0.2
S98_01803,ULI-17,1998/07/26,25.653,89.623,HTW,18,Rajshahi,Kurigram,Ulipur,Ulipur,Ulipur,F,mg/L,0.2
S98_01804,BAMAN,1998/07/26,25.532,89.446,,18,Rajshahi,Gaibandha,Sundarganj,Bamandaga,Bamandaga,F,mg/L,0.19
S98_01805,BOA-19,1998/07/27,25.318,89.55,HTW,18,Rajshahi,Gaibandha,Gaibandha Sadar,Boalia,Boalia,F,mg/L,0.33
S98_01806,GABIN-20,1998/07/27,25.134,89.387,,12,Rajshahi,Gaibandha,Gobindaganj,Gabindagons,Gabindagons,F,mg/L,0.34
S98_01807,MADR-21,1998/07/22,25.109,89.036,HTW,15,Rajshahi,Jaipurhat,Jaipurhat Sadar,Madergonj,Madergonj,F,mg/L,0.3
S98_01808,SANTA-22,1998/07/22,24.804,88.969,HTW,18,Rajshahi,Bogra,Adamdighi,Santahar,Santahar,F,mg/L,0.3
S98_01809,GIOKU-23,1998/07/27,24.933,89.348,HTW,18,Rajshahi,Bogra,Bogra Sadar,Giokul,Giokul,F,mg/L,0.32
S98_01810,PATNI-29,1998/07/22,25.05,88.75,HTW,15,Rajshahi,Naogaon,Patnitala,Patnitala,Patnitala,F,mg/L,0.43
S98_01811,MAND-25,1998/07/22,24.793,88.701,HTW,30,Rajshahi,Naogaon,Manda,Manda,Manda,F,mg/L,0.21
S98_01812,PIR-25,1998/07/27,22.365,89.933,,,Barisal,Pirojpur,Mathbaria,,Burirchar,F,mg/L,< 0.01
S98_01813,RAHAN-26,1998/07/21,24.8,88.2,HTW,30,Rajshahi,Nawabganj,Gomastapur,Rahandur,Rahandur,F,mg/L,0.35
S98_01814,PIR-26,1998/07/27,22.365,89.933,HTW,37,Barisal,Pirojpur,Mathbaria,,Burirchar,F,mg/L,< 0.01
S98_01815,SHIB-27,1998/07/21,24.684,88.157,Piez,61,Rajshahi,Nawabganj,Shibganj (N),Shibgong,Shibgong,F,mg/L,0.31
S98_01816,PIR-27,1998/07/27,22.365,89.933,HTW,27,Barisal,Pirojpur,Mathbaria,,Burirchar,F,mg/L,0.17
S98_01817,GIODA-28,1998/07/21,24.461,88.328,HTW,30,Rajshahi,Rajshahi,Godagari,Giodagari,Giodagari,F,mg/L,0.44
S98_01818,SAPU-29,1998/07/21,24.374,88.558,HTW,37,Rajshahi,Rajshahi,Rajpara,Sapura,Sapura,F,mg/L,0.62
S98_01819,CHAR-30,1998/07/20,24.304,88.738,HTW,18,Rajshahi,Rajshahi,Charghat,Charghat,Charghat,F,mg/L,0.23
S98_01820,NAT-31,1998/07/20,24.414,89.988,HTW,27,Rajshahi,Natore,Natore Sadar,Natore,Natore,F,mg/L,0.46
S98_01821,SING-32,1998/07/20,24.506,89.143,TARA,18,Rajshahi,Natore,Singra,Singra,Singra,F,mg/L,0.15
S98_01822,LAL-33,1998/07/20,24.179,88.966,HTW,27,Rajshahi,Natore,Lalpur,Lalpur,Lalpur,F,mg/L,0.48
S98_01823,ROYG-34,1998/07/27,24.507,89.526,HTW,15,Rajshahi,Sirajganj,Raiganj,Roygong,Roygong,F,mg/L,0.73
S98_01824,SIRA-35,1998/07/28,24.463,89.708,HTW,18,Rajshahi,Sirajganj,Sirajganj Sadar,Sirjgong,Sirjgong,F,mg/L,0.15
S98_01825,CHAT-36,1998/07/20,24.15,89.261,HTW,18,Rajshahi,Pabna,Chatmohar,Chatmohur,Chatmohur,F,mg/L,0.4
S98_01826,PAB-37,1998/07/19,24.006,89.235,HTW,30,Rajshahi,Pabna,Pabna Sadar,Pabna,Pabna,F,mg/L,0.5
S98_01827,SUJA-38,1998/07/19,23.94,89.408,HTW,18,Rajshahi,Pabna,Sujanagar,Sujanager,Sujanager,F,mg/L,0.39
S98_01828,NAGIR-39,1998/07/28,23.951,89.65,HTW,20,Rajshahi,Pabna,Bera,Nagierbari,Nagierbari,F,mg/L,0.26
S98_01829,JA-40,1998/07/19,25.156,89.751,HTW,27,Dhaka,Jamalpur,Dewanganj,Chukaibari,Batheshasaria,F,mg/L,0.3
S98_01830,PRAG-40,1998/07/19,24.005,88.765,TARA,113,Khulna,Kushtia,Daulatpur (Ku),Pragpur,Pragpur,F,mg/L,0.34
S98_01831,HYM-41,1998/07/18,25.117,90.335,,27,Dhaka,Mymensingh,Haluaghat, Haluagher,Haluaghatthana Compn,F,mg/L,0.5
S98_01832,VHAR-41,1998/07/19,24.019,88.992,HTW,,Khulna,Kushtia,Bheramara,Vharamara,Vharamara,F,mg/L,0.3
S98_01833,KUST-42,1998/07/19,23.909,89.128,HTW,49,Khulna,Kushtia,Kushtia Sadar,Kushtia,Kushtia,F,mg/L,0.29
S98_01834,SHER-42/A,1998/07/18,25.018,90.012,HTW,36,Rajshahi,Bogra,Sherpur,Sherpur,,F,mg/L,0.24
S98_01835,MEHER-43,1998/07/19,23.761,88.632,HTW,27,Khulna,Meherpur,Meherpur Sadar,Meherpur,Meherpur,F,mg/L,0.13
S98_01836,JAM-43,1998/07/20,24.758,89.835,HTW,20,Dhaka,Jamalpur,Sarishabari,Sharishabari,Sharishabari,F,mg/L,0.22
S98_01837,DAR-44,1998/07/19,23.529,88.81,HTW,18,Khulna,Chuadanga,Chuadanga Sadar,Darsana,Darsana,F,mg/L,0.03
S98_01838,MYM-44,1998/07/17,24.748,90.406,DTW,107,Dhaka,Mymensingh,Mymensingh Sadar,Sadar,Bagmera,F,mg/L,0.42
S98_01839,JHIN-45,1998/07/18,23.547,89.165,,122,Khulna,Jhenaidah,Jhenaidah Sadar,Jhinaidha,Jhinaidha,F,mg/L,0.27
S98_01840,NET-45,1998/07/17,24.866,90.722,HTW,65,Dhaka,Netrokona,Netrokona Sadar,Sadar,Netrokona,F,mg/L,0.38
S98_01841,MAGU-46,1998/07/15,23.488,89.429,HTW,21,Khulna,Magura,Magura Sadar,Magura,Magura,F,mg/L,0.33
S98_01842,KISH-46,1998/07/18,24.444,90.773,DTW,118,Dhaka,Kishoreganj,Kishoreganj Sadar,Goital,Kishorgorj,F,mg/L,0.3
S98_01843,JES-47,1998/07/18,23.167,89.219,DTW,133,Khulna,Jessore,Jessore Sadar,Jessore,Jessore,F,mg/L,0.24
S98_01844,MYM-47,1998/07/17,24.454,90.54,HTW,,Dhaka,Mymensingh,Gafargaon,Saltia,Sulhasia,F,mg/L,0.44
S98_01845,NAR-48,1998/07/18,23.173,89.513,HTW,24,Khulna,Narail,Narail Sadar,Narail,Narail,F,mg/L,0.54
S98_01846,KISH-48,1998/07/18,24.047,90.973,HTW,20,Dhaka,Kishoreganj,Bhairab,Bhairab,Bhairab Rly St,F,mg/L,0.19
S98_01847,GODKHA-49,1998/07/15,23.059,89.077,HTW,24,Khulna,Jessore,Jhikargachha,Godkhali,Godkhali,F,mg/L,0.15
S98_01848,TA-49,1998/07/20,24.605,90.024,HTW,34,Dhaka,Tangail,Madhupur,Madhupur,Madhupur,F,mg/L,0.23
S98_01849,KHUL-50,1998/07/15,22.812,89.561,DTW,274,Khulna,Khulna,Khulna Sadar,Khulna,Khulna,F,mg/L,0.14
S98_01850,TA-50,1998/07/20,24.24,89.909,HTW,27,Dhaka,Tangail,Tangail Sadar,Sadar,Bepari Para,F,mg/L,0.27
S98_01851,SATKHR-51,1998/07/17,22.718,89.07,DTW,183,Khulna,Satkhira,Satkhira Sadar,Satkhira,Satkhira,F,mg/L,0.08
S98_01852,TA-51,1998/07/20,24.108,90.076,HTW,27,Dhaka,Tangail,Mirzapur,Baithgram,Gurail,F,mg/L,0.4
S98_01853,CHAL-52,1998/07/18,22.586,89.504,HTW,18,Khulna,Bagerhat,Bagerhat Sadar,Chalna,Chalna,F,mg/L,0.21
S98_01854,GA-52,1998/07/17,24.197,90.474,HTW,29,Dhaka,Gazipur,Sripur,Sreepur,Sreepur,F,mg/L,0.37
S98_01855,BAGIER-53,1998/07/15,22.663,89.763,,38,Khulna,Bagerhat,Bagerhat Sadar,Bagierhat,Bagierhat,F,mg/L,0.08
S98_01856,NAR-53,1998/07/18,23.926,90.718,HTW,,Dhaka,Narsingdi,Narsingdi Sadar,Narshingdi,Norshindi Dak Hangloo,F,mg/L,0.62
S98_01857,KHALIS-54,1998/07/18,22.548,89.538,DTW,274,Khulna,Khulna,Khulna Sadar,Khalishpur,Khalishpur,F,mg/L,0.16
S98_01858,DA-54,1998/07/16,23.734,90.418,DTW,137,Dhaka,Dhaka,Motijheel,Motijheel,Pwd Colony,F,mg/L,0.22
S98_01859,RJB-69,1998/07/22,23.765,89.476,HTW,22,Dhaka,Rajbari,Pangsha,,Kalukhau,F,mg/L,0.16
S98_01860,RJB-70,1998/07/22,23.754,89.645,DTW,127,Dhaka,Rajbari,Rajbari Sadar,,Municipality,F,mg/L,0.14
S98_01861,FAR-71,1998/07/23,23.599,89.835,DTW,84,Dhaka,Faridpur,Faridpur Sadar,,Municipal,F,mg/L,0.15
S98_01862,GOP-72,1998/07/23,23.21,89.693,HTW,20,Dhaka,Gopalganj,Kashiani,,Bhatiapara,F,mg/L,0.02
S98_01863,GOP-73,1998/07/23,23.005,89.823,HTW,20,Dhaka,Gopalganj,Gopalganj Sadar,Municipality,Gopalganj,F,mg/L,0.24
S98_01864,MAD-74,1998/07/23,23.167,90.195,DTW,238,Dhaka,Madaripur,Madaripur Sadar,Municipality,Madaripur,F,mg/L,0.28
S98_01865,BAR-75,1998/07/25,22.7,90.369,DTW,610,Barisal,Barisal,Barisal Sadar,,Barisal,F,mg/L,0.14
S98_01866,PAT-77,1998/07/25,22.355,90.345,DTW,274,Barisal,Patuakhali,Patuakhali Sadar,Municipality,Patuakhali,F,mg/L,0.16
S98_01867,DA-101,1998/07/21,23.51,90.217,HTW,26,Dhaka,Munshiganj,Munshiganj Sadar,Bhaishakul,Bhaishakul T Inst,F,mg/L,0.31
S98_01868,DA-102,1998/07/16,23.769,90.364,DTW,53,Dhaka,Dhaka,Mohammadpur (D),Mohammedpur,Mohammedpur,F,mg/L,0.19
S98_04510,GOHI-44,1998/07/29,22.1467,91.8231,Piez,265,Chittagong,Chittagong,Anowara,Gohira,UC Office,F,mg/L,0.09
S98_04511,RUST-45,1998/07/29,22.1924,91.8562,HTW,146,Chittagong,Chittagong,Anowara,Battali,Battali,F,mg/L,0.15
S98_04512,GOHI-46,1998/07/29,22.1467,91.8231,Piez,68,Chittagong,Chittagong,Anowara,Gohira,UC Office,F,mg/L,0.12
S98_04513,COM-84,1998/07/28,23.4453,91.1722,HTW,32,Chittagong,Comilla,Comilla Sadar,Shaktala,Shaktala,F,mg/L,0.35
S98_04514,DAUD-85,1998/07/28,23.536,90.7104,HTW,32,Chittagong,Comilla,Daudkandi,Daudkandi,Daudkandi Bazar,F,mg/L,0.19
S98_04515,LAKS-86,1998/07/28,23.2499,91.115,HTW,23,Chittagong,Comilla,Laksam,Nabaratpur,Nabaratpur,F,mg/L,0.21
S98_04516,HAJ-87,1998/07/31,23.2484,90.8696,DTW,107,Chittagong,Chandpur,Hajiganj,Aligonj,Aligonj H complex,F,mg/L,0.23
S98_04517,CHAN-88,1998/07/31,23.2342,90.6673,HTW,168,Chittagong,Chandpur,Chandpur Sadar,Shologhar,Shologhar,F,mg/L,0.24
S98_04518,NOA-89,1998/07/28,22.8334,91.0955,HTW,11,Chittagong,Noakhali,Noakhali Sadar,Sonapur,Sonapur,F,mg/L,0.25
S98_04519,FENI-90,1998/07/28,23.0053,91.3866,HTW,13,Chittagong,Feni,Feni Sadar,Pachgadria,Feni Rest House,F,mg/L,0.32
S98_04520,MIR-91,1998/07/28,22.7761,91.5656,HTW,25,Chittagong,Chittagong,Mirsharai,PS,Miraswarai,F,mg/L,0.38
S98_04521,CTG-92,1998/07/29,22.4735,91.7891,DTW,110,Chittagong,Chittagong,Hathazari,Hathajani,University,F,mg/L,0.04
S98_04522,CTG-93,1998/07/29,22.3704,91.8442,DTW,146,Chittagong,Chittagong,Chandgaon,Chandgown,Chandgown,F,mg/L,0.21
S98_04523,ANWA-94,1998/07/29,22.2234,91.898,HTW,43,Chittagong,Chittagong,Anowara,Anwara,Thana Parishad Office,F,mg/L,0.05
S98_04524,SAT-95,1998/07/29,22.0721,92.0479,HTW,31,Chittagong,Chittagong,Satkania,Satkania,Satkania,F,mg/L,0.65
S98_04525,COX-99,1998/07/30,21.4349,91.9656,HTW,10,Chittagong,Cox's Bazar,Cox's Bazar Sadar,,BWDB rest house,F,mg/L,0.1
S98_04526,UKHI-100,1998/07/30,21.2432,92.1325,DTW,52,Chittagong,Cox's Bazar,Ukhia,Ukhia,Ukhia Bazar,F,mg/L,0.06
S99_00796,SAN-43(CS),1999/04/06,22.4815,91.4285,Piez,56.96,Chittagong,Chittagong,Sandwip,Rahamatpur,Rahamatpur,F,mg/L,0.09
S99_00797,SAN-42(CMD),1999/04/06,22.4815,91.4285,Piez,160.92,Chittagong,Chittagong,Sandwip,Rahamatpur,Rahamatpur,F,mg/L,0.12
S99_00798,SAN-41(CD),1999/04/06,22.4815,91.4285,Piez,261.94,Chittagong,Chittagong,Sandwip,Rahamatpur,Rahamatpur,F,mg/L,0.05
S99_00799,MOH-98,1999/05/28,21.517,91.9584,Piez,7.32,Chittagong,Cox's Bazar,Maheshkhali,Gorukghata,Gorukghata,F,mg/L,0.64
S99_00800,KUT-97,1999/05/30,21.8128,91.8449,Piez,542.68,Chittagong,Cox's Bazar,Kutubdia,Baraghope,Baraghope,F,mg/L,0.14
S99_00801,SAND-9,1999/03/06,22.4817,91.4332,Piez,329.26,Chittagong,Chittagong,Sandwip,BWDB Guest house,BWDB Guest house,F,mg/L,0.07
S99_00802,AKHA-82,1999/05/24,23.8659,91.201,HTW,18.3,Chittagong,Brahamanbaria,Akhaura,Railway station,Railway station,F,mg/L,0.2
S99_00803,MUR-83,1999/05/24,23.7627,90.9899,HTW,26.22,Chittagong,Comilla,Muradnagar,Kasimpur,Kasimpur,F,mg/L,0.23
S99_00804,CHU-81,1999/05/25,24.1945,91.5138,HTW,30.5,Sylhet,Habiganj,Chunarughat,Chunarughat Bazar,Chunarughat Bazar,F,mg/L,0.12
S99_00805,HABI-80,1999/05/25,24.3776,91.4083,HTW,36.59,Sylhet,Habiganj,Habiganj Sadar,Rajanagar,Rajanagar,F,mg/L,0.19
S99_00806,MVI-79,1999/05/25,24.4696,91.7603,HTW,30.5,Sylhet,Maulvibazar,Maulvi Bazar Sadar,Sultanpur,Sultanpur,F,mg/L,0.24
S99_00807,SYL-78,1998/05/25,24.8795,91.8605,HTW,30.5,Sylhet,Sylhet,Sylhet Sadar,Railway station,Railway station,F,mg/L,0.24
S98_01785,SAT-1,1998/07/23,26.479,88.514,HTW,9,Rajshahi,Panchagarh,Tetulia,Satmara,Satmara,Fe,mg/L,0.06
S98_01786,130DA-2,,25.7,88.5,HTW,15,Rajshahi,Panchagarh,Boda,Boda,Boda,Fe,mg/L,6.21
S98_01787,TA-2/B,1998/07/20,24.088,90.17,HTW,37,Dhaka,Tangail,Mirzapur,Gurai,Gurai,Fe,mg/L,1.48
S98_01788,BALI-3,1998/07/23,26.083,88.279,HTW,18,Rajshahi,Thakurgaon,Baliadangi,Baliadanga,Baliadanga,Fe,mg/L,0.24
S98_01789,SALN-4,1998/07/23,26.054,88.533,HTW,37,Rajshahi,Thakurgaon,Thakurgaon Sadar,Salander,Salander,Fe,mg/L,1.38
S98_01790,JA-4/B,1998/07/19,24.91,89.946,HTW,26,Dhaka,Jamalpur,Jamalpur Sadar,Jamalpur,Fulbaria,Fe,mg/L,0.26
S98_01791,KABIR-5,1998/07/24,25.903,88.6,HTW,30,Rajshahi,Dinajpur,Birganj,Birgong,Kbirashat,Fe,mg/L,0.17
S98_01792,RANI-6,1998/07/23,25.901,88.254,HTW,30,Rajshahi,Thakurgaon,Ranisankail,Ranisanwail,Ranisanwail,Fe,mg/L,0.293
S98_01793,SIBRM-7,1998/07/24,25.665,88.652,HTW,18,Rajshahi,Dinajpur,Dinajpur Sadar,Sibrampur,Sibrampur,Fe,mg/L,0.027
S98_01794,PARBT-8,1998/07/24,25.653,88.915,HTW,20,Rajshahi,Dinajpur,Parbatipur,Parbatipur,Parbatipur,Fe,mg/L,1.65
S98_01795,HAKM-9,1998/07/22,25.288,89.021,HTW,21,Rajshahi,Dinajpur,Hakimpur,Hakimpur,Hakimpur,Fe,mg/L,0.224
S98_01796,CHIL-10,1998/07/25,26.1,88.8,HTW,24,Rajshahi,Nilphamari,Domar,Chilahati,Chilahati,Fe,mg/L,0.356
S98_01797,NIL-11,1998/07/24,25.9,88.8,HTW,18,Rajshahi,Nilphamari,Nilphamari Sadar,Nilphamari,Nilphamari,Fe,mg/L,0.837
S98_01798,BRUT-12,1998/07/25,26.203,89.11,HTW,,Rajshahi,Lalmonirhat,Hatibandha,Barakhta,Barakhta,Fe,mg/L,0.271
S98_01799,JAL-13,1998/07/25,25.931,88.838,HTW,27,Rajshahi,Nilphamari,Jaldhaka,Jaldhaka,Jaldhaka,Fe,mg/L,0.018
S98_01800,RANG-14,1998/07/26,25.752,89.253,HTW,18,Rajshahi,Rangpur,Rangpur Sadar,Rangipur,Rangipur,Fe,mg/L,0.988
S98_01801,LALM-15,1998/07/25,25.913,89.436,HTW,14,Rajshahi,Lalmonirhat,Lalmonirhat Sadar,Lalmonihat,Lalmonihat,Fe,mg/L,9.07
S98_01802,NAGUR-16,1998/07/26,25.965,89.671,HTW,18,Rajshahi,Kurigram,Nageshwari,Nagieshwari,Nagieshwari,Fe,mg/L,0.182
S98_01803,ULI-17,1998/07/26,25.653,89.623,HTW,18,Rajshahi,Kurigram,Ulipur,Ulipur,Ulipur,Fe,mg/L,2.13
S98_01804,BAMAN,1998/07/26,25.532,89.446,,18,Rajshahi,Gaibandha,Sundarganj,Bamandaga,Bamandaga,Fe,mg/L,0.084
S98_01805,BOA-19,1998/07/27,25.318,89.55,HTW,18,Rajshahi,Gaibandha,Gaibandha Sadar,Boalia,Boalia,Fe,mg/L,0.054
S98_01806,GABIN-20,1998/07/27,25.134,89.387,,12,Rajshahi,Gaibandha,Gobindaganj,Gabindagons,Gabindagons,Fe,mg/L,0.016
S98_01807,MADR-21,1998/07/22,25.109,89.036,HTW,15,Rajshahi,Jaipurhat,Jaipurhat Sadar,Madergonj,Madergonj,Fe,mg/L,0.976
S98_01808,SANTA-22,1998/07/22,24.804,88.969,HTW,18,Rajshahi,Bogra,Adamdighi,Santahar,Santahar,Fe,mg/L,0.04
S98_01809,GIOKU-23,1998/07/27,24.933,89.348,HTW,18,Rajshahi,Bogra,Bogra Sadar,Giokul,Giokul,Fe,mg/L,0.023
S98_01810,PATNI-29,1998/07/22,25.05,88.75,HTW,15,Rajshahi,Naogaon,Patnitala,Patnitala,Patnitala,Fe,mg/L,0.08
S98_01811,MAND-25,1998/07/22,24.793,88.701,HTW,30,Rajshahi,Naogaon,Manda,Manda,Manda,Fe,mg/L,0.354
S98_01812,PIR-25,1998/07/27,22.365,89.933,,,Barisal,Pirojpur,Mathbaria,,Burirchar,Fe,mg/L,0.078
S98_01813,RAHAN-26,1998/07/21,24.8,88.2,HTW,30,Rajshahi,Nawabganj,Gomastapur,Rahandur,Rahandur,Fe,mg/L,1.24
S98_01814,PIR-26,1998/07/27,22.365,89.933,HTW,37,Barisal,Pirojpur,Mathbaria,,Burirchar,Fe,mg/L,0.086
S98_01815,SHIB-27,1998/07/21,24.684,88.157,Piez,61,Rajshahi,Nawabganj,Shibganj (N),Shibgong,Shibgong,Fe,mg/L,0.03
S98_01816,PIR-27,1998/07/27,22.365,89.933,HTW,27,Barisal,Pirojpur,Mathbaria,,Burirchar,Fe,mg/L,0.426
S98_01817,GIODA-28,1998/07/21,24.461,88.328,HTW,30,Rajshahi,Rajshahi,Godagari,Giodagari,Giodagari,Fe,mg/L,0.174
S98_01818,SAPU-29,1998/07/21,24.374,88.558,HTW,37,Rajshahi,Rajshahi,Rajpara,Sapura,Sapura,Fe,mg/L,0.014
S98_01819,CHAR-30,1998/07/20,24.304,88.738,HTW,18,Rajshahi,Rajshahi,Charghat,Charghat,Charghat,Fe,mg/L,0.03
S98_01820,NAT-31,1998/07/20,24.414,89.988,HTW,27,Rajshahi,Natore,Natore Sadar,Natore,Natore,Fe,mg/L,0.032
S98_01821,SING-32,1998/07/20,24.506,89.143,TARA,18,Rajshahi,Natore,Singra,Singra,Singra,Fe,mg/L,0.037
S98_01822,LAL-33,1998/07/20,24.179,88.966,HTW,27,Rajshahi,Natore,Lalpur,Lalpur,Lalpur,Fe,mg/L,0.036
S98_01823,ROYG-34,1998/07/27,24.507,89.526,HTW,15,Rajshahi,Sirajganj,Raiganj,Roygong,Roygong,Fe,mg/L,3.99
S98_01824,SIRA-35,1998/07/28,24.463,89.708,HTW,18,Rajshahi,Sirajganj,Sirajganj Sadar,Sirjgong,Sirjgong,Fe,mg/L,0.397
S98_01825,CHAT-36,1998/07/20,24.15,89.261,HTW,18,Rajshahi,Pabna,Chatmohar,Chatmohur,Chatmohur,Fe,mg/L,0.044
S98_01826,PAB-37,1998/07/19,24.006,89.235,HTW,30,Rajshahi,Pabna,Pabna Sadar,Pabna,Pabna,Fe,mg/L,0.151
S98_01827,SUJA-38,1998/07/19,23.94,89.408,HTW,18,Rajshahi,Pabna,Sujanagar,Sujanager,Sujanager,Fe,mg/L,0.061
S98_01828,NAGIR-39,1998/07/28,23.951,89.65,HTW,20,Rajshahi,Pabna,Bera,Nagierbari,Nagierbari,Fe,mg/L,3.75
S98_01829,JA-40,1998/07/19,25.156,89.751,HTW,27,Dhaka,Jamalpur,Dewanganj,Chukaibari,Batheshasaria,Fe,mg/L,15.8
S98_01830,PRAG-40,1998/07/19,24.005,88.765,TARA,113,Khulna,Kushtia,Daulatpur (Ku),Pragpur,Pragpur,Fe,mg/L,0.015
S98_01831,HYM-41,1998/07/18,25.117,90.335,,27,Dhaka,Mymensingh,Haluaghat, Haluagher,Haluaghatthana Compn,Fe,mg/L,0.791
S98_01832,VHAR-41,1998/07/19,24.019,88.992,HTW,,Khulna,Kushtia,Bheramara,Vharamara,Vharamara,Fe,mg/L,0.017
S98_01833,KUST-42,1998/07/19,23.909,89.128,HTW,49,Khulna,Kushtia,Kushtia Sadar,Kushtia,Kushtia,Fe,mg/L,0.953
S98_01834,SHER-42/A,1998/07/18,25.018,90.012,HTW,36,Rajshahi,Bogra,Sherpur,Sherpur,,Fe,mg/L,19.6
S98_01835,MEHER-43,1998/07/19,23.761,88.632,HTW,27,Khulna,Meherpur,Meherpur Sadar,Meherpur,Meherpur,Fe,mg/L,0.007
S98_01836,JAM-43,1998/07/20,24.758,89.835,HTW,20,Dhaka,Jamalpur,Sarishabari,Sharishabari,Sharishabari,Fe,mg/L,0.316
S98_01837,DAR-44,1998/07/19,23.529,88.81,HTW,18,Khulna,Chuadanga,Chuadanga Sadar,Darsana,Darsana,Fe,mg/L,0.02
S98_01838,MYM-44,1998/07/17,24.748,90.406,DTW,107,Dhaka,Mymensingh,Mymensingh Sadar,Sadar,Bagmera,Fe,mg/L,0.074
S98_01839,JHIN-45,1998/07/18,23.547,89.165,,122,Khulna,Jhenaidah,Jhenaidah Sadar,Jhinaidha,Jhinaidha,Fe,mg/L,0.914
S98_01840,NET-45,1998/07/17,24.866,90.722,HTW,65,Dhaka,Netrokona,Netrokona Sadar,Sadar,Netrokona,Fe,mg/L,0.697
S98_01841,MAGU-46,1998/07/15,23.488,89.429,HTW,21,Khulna,Magura,Magura Sadar,Magura,Magura,Fe,mg/L,0.494
S98_01842,KISH-46,1998/07/18,24.444,90.773,DTW,118,Dhaka,Kishoreganj,Kishoreganj Sadar,Goital,Kishorgorj,Fe,mg/L,0.749
S98_01843,JES-47,1998/07/18,23.167,89.219,DTW,133,Khulna,Jessore,Jessore Sadar,Jessore,Jessore,Fe,mg/L,0.403
S98_01844,MYM-47,1998/07/17,24.454,90.54,HTW,,Dhaka,Mymensingh,Gafargaon,Saltia,Sulhasia,Fe,mg/L,0.192
S98_01845,NAR-48,1998/07/18,23.173,89.513,HTW,24,Khulna,Narail,Narail Sadar,Narail,Narail,Fe,mg/L,0.02
S98_01846,KISH-48,1998/07/18,24.047,90.973,HTW,20,Dhaka,Kishoreganj,Bhairab,Bhairab,Bhairab Rly St,Fe,mg/L,2.61
S98_01847,GODKHA-49,1998/07/15,23.059,89.077,HTW,24,Khulna,Jessore,Jhikargachha,Godkhali,Godkhali,Fe,mg/L,1.13
S98_01848,TA-49,1998/07/20,24.605,90.024,HTW,34,Dhaka,Tangail,Madhupur,Madhupur,Madhupur,Fe,mg/L,2.84
S98_01849,KHUL-50,1998/07/15,22.812,89.561,DTW,274,Khulna,Khulna,Khulna Sadar,Khulna,Khulna,Fe,mg/L,0.028
S98_01850,TA-50,1998/07/20,24.24,89.909,HTW,27,Dhaka,Tangail,Tangail Sadar,Sadar,Bepari Para,Fe,mg/L,7.33
S98_01851,SATKHR-51,1998/07/17,22.718,89.07,DTW,183,Khulna,Satkhira,Satkhira Sadar,Satkhira,Satkhira,Fe,mg/L,0.019
S98_01852,TA-51,1998/07/20,24.108,90.076,HTW,27,Dhaka,Tangail,Mirzapur,Baithgram,Gurail,Fe,mg/L,4.43
S98_01853,CHAL-52,1998/07/18,22.586,89.504,HTW,18,Khulna,Bagerhat,Bagerhat Sadar,Chalna,Chalna,Fe,mg/L,0.094
S98_01854,GA-52,1998/07/17,24.197,90.474,HTW,29,Dhaka,Gazipur,Sripur,Sreepur,Sreepur,Fe,mg/L,1.62
S98_01855,BAGIER-53,1998/07/15,22.663,89.763,,38,Khulna,Bagerhat,Bagerhat Sadar,Bagierhat,Bagierhat,Fe,mg/L,0.086
S98_01856,NAR-53,1998/07/18,23.926,90.718,HTW,,Dhaka,Narsingdi,Narsingdi Sadar,Narshingdi,Norshindi Dak Hangloo,Fe,mg/L,5.16
S98_01857,KHALIS-54,1998/07/18,22.548,89.538,DTW,274,Khulna,Khulna,Khulna Sadar,Khalishpur,Khalishpur,Fe,mg/L,0.022
S98_01858,DA-54,1998/07/16,23.734,90.418,DTW,137,Dhaka,Dhaka,Motijheel,Motijheel,Pwd Colony,Fe,mg/L,0.071
S98_01859,RJB-69,1998/07/22,23.765,89.476,HTW,22,Dhaka,Rajbari,Pangsha,,Kalukhau,Fe,mg/L,2.26
S98_01860,RJB-70,1998/07/22,23.754,89.645,DTW,127,Dhaka,Rajbari,Rajbari Sadar,,Municipality,Fe,mg/L,4.43
S98_01861,FAR-71,1998/07/23,23.599,89.835,DTW,84,Dhaka,Faridpur,Faridpur Sadar,,Municipal,Fe,mg/L,5.67
S98_01862,GOP-72,1998/07/23,23.21,89.693,HTW,20,Dhaka,Gopalganj,Kashiani,,Bhatiapara,Fe,mg/L,10.6
S98_01863,GOP-73,1998/07/23,23.005,89.823,HTW,20,Dhaka,Gopalganj,Gopalganj Sadar,Municipality,Gopalganj,Fe,mg/L,6.92
S98_01864,MAD-74,1998/07/23,23.167,90.195,DTW,238,Dhaka,Madaripur,Madaripur Sadar,Municipality,Madaripur,Fe,mg/L,1.17
S98_01865,BAR-75,1998/07/25,22.7,90.369,DTW,610,Barisal,Barisal,Barisal Sadar,,Barisal,Fe,mg/L,0.156
S98_01866,PAT-77,1998/07/25,22.355,90.345,DTW,274,Barisal,Patuakhali,Patuakhali Sadar,Municipality,Patuakhali,Fe,mg/L,0.112
S98_01867,DA-101,1998/07/21,23.51,90.217,HTW,26,Dhaka,Munshiganj,Munshiganj Sadar,Bhaishakul,Bhaishakul T Inst,Fe,mg/L,4.43
S98_01868,DA-102,1998/07/16,23.769,90.364,DTW,53,Dhaka,Dhaka,Mohammadpur (D),Mohammedpur,Mohammedpur,Fe,mg/L,0.096
S98_04510,GOHI-44,1998/07/29,22.1467,91.8231,Piez,265,Chittagong,Chittagong,Anowara,Gohira,UC Office,Fe,mg/L,33.6
S98_04511,RUST-45,1998/07/29,22.1924,91.8562,HTW,146,Chittagong,Chittagong,Anowara,Battali,Battali,Fe,mg/L,0.211
S98_04512,GOHI-46,1998/07/29,22.1467,91.8231,Piez,68,Chittagong,Chittagong,Anowara,Gohira,UC Office,Fe,mg/L,12.4
S98_04513,COM-84,1998/07/28,23.4453,91.1722,HTW,32,Chittagong,Comilla,Comilla Sadar,Shaktala,Shaktala,Fe,mg/L,1.66
S98_04514,DAUD-85,1998/07/28,23.536,90.7104,HTW,32,Chittagong,Comilla,Daudkandi,Daudkandi,Daudkandi Bazar,Fe,mg/L,10.1
S98_04515,LAKS-86,1998/07/28,23.2499,91.115,HTW,23,Chittagong,Comilla,Laksam,Nabaratpur,Nabaratpur,Fe,mg/L,2.78
S98_04516,HAJ-87,1998/07/31,23.2484,90.8696,DTW,107,Chittagong,Chandpur,Hajiganj,Aligonj,Aligonj H complex,Fe,mg/L,4.02
S98_04517,CHAN-88,1998/07/31,23.2342,90.6673,HTW,168,Chittagong,Chandpur,Chandpur Sadar,Shologhar,Shologhar,Fe,mg/L,7.06
S98_04518,NOA-89,1998/07/28,22.8334,91.0955,HTW,11,Chittagong,Noakhali,Noakhali Sadar,Sonapur,Sonapur,Fe,mg/L,0.665
S98_04519,FENI-90,1998/07/28,23.0053,91.3866,HTW,13,Chittagong,Feni,Feni Sadar,Pachgadria,Feni Rest House,Fe,mg/L,0.49
S98_04520,MIR-91,1998/07/28,22.7761,91.5656,HTW,25,Chittagong,Chittagong,Mirsharai,PS,Miraswarai,Fe,mg/L,1.32
S98_04521,CTG-92,1998/07/29,22.4735,91.7891,DTW,110,Chittagong,Chittagong,Hathazari,Hathajani,University,Fe,mg/L,0.033
S98_04522,CTG-93,1998/07/29,22.3704,91.8442,DTW,146,Chittagong,Chittagong,Chandgaon,Chandgown,Chandgown,Fe,mg/L,0.202
S98_04523,ANWA-94,1998/07/29,22.2234,91.898,HTW,43,Chittagong,Chittagong,Anowara,Anwara,Thana Parishad Office,Fe,mg/L,0.365
S98_04524,SAT-95,1998/07/29,22.0721,92.0479,HTW,31,Chittagong,Chittagong,Satkania,Satkania,Satkania,Fe,mg/L,0.527
S98_04525,COX-99,1998/07/30,21.4349,91.9656,HTW,10,Chittagong,Cox's Bazar,Cox's Bazar Sadar,,BWDB rest house,Fe,mg/L,0.128
S98_04526,UKHI-100,1998/07/30,21.2432,92.1325,DTW,52,Chittagong,Cox's Bazar,Ukhia,Ukhia,Ukhia Bazar,Fe,mg/L,0.307
S99_00796,SAN-43(CS),1999/04/06,22.4815,91.4285,Piez,56.96,Chittagong,Chittagong,Sandwip,Rahamatpur,Rahamatpur,Fe,mg/L,0.139
S99_00797,SAN-42(CMD),1999/04/06,22.4815,91.4285,Piez,160.92,Chittagong,Chittagong,Sandwip,Rahamatpur,Rahamatpur,Fe,mg/L,0.065
S99_00798,SAN-41(CD),1999/04/06,22.4815,91.4285,Piez,261.94,Chittagong,Chittagong,Sandwip,Rahamatpur,Rahamatpur,Fe,mg/L,0.047
S99_00799,MOH-98,1999/05/28,21.517,91.9584,Piez,7.32,Chittagong,Cox's Bazar,Maheshkhali,Gorukghata,Gorukghata,Fe,mg/L,0.088
S99_00800,KUT-97,1999/05/30,21.8128,91.8449,Piez,542.68,Chittagong,Cox's Bazar,Kutubdia,Baraghope,Baraghope,Fe,mg/L,0.29
S99_00801,SAND-9,1999/03/06,22.4817,91.4332,Piez,329.26,Chittagong,Chittagong,Sandwip,BWDB Guest house,BWDB Guest house,Fe,mg/L,0.089
S99_00802,AKHA-82,1999/05/24,23.8659,91.201,HTW,18.3,Chittagong,Brahamanbaria,Akhaura,Railway station,Railway station,Fe,mg/L,0.249
S99_00803,MUR-83,1999/05/24,23.7627,90.9899,HTW,26.22,Chittagong,Comilla,Muradnagar,Kasimpur,Kasimpur,Fe,mg/L,0.134
S99_00804,CHU-81,1999/05/25,24.1945,91.5138,HTW,30.5,Sylhet,Habiganj,Chunarughat,Chunarughat Bazar,Chunarughat Bazar,Fe,mg/L,0.161
S99_00805,HABI-80,1999/05/25,24.3776,91.4083,HTW,36.59,Sylhet,Habiganj,Habiganj Sadar,Rajanagar,Rajanagar,Fe,mg/L,0.211
S99_00806,MVI-79,1999/05/25,24.4696,91.7603,HTW,30.5,Sylhet,Maulvibazar,Maulvi Bazar Sadar,Sultanpur,Sultanpur,Fe,mg/L,0.197
S99_00807,SYL-78,1998/05/25,24.8795,91.8605,HTW,30.5,Sylhet,Sylhet,Sylhet Sadar,Railway station,Railway station,Fe,mg/L,2.26
S98_01785,SAT-1,1998/07/23,26.479,88.514,HTW,9,Rajshahi,Panchagarh,Tetulia,Satmara,Satmara,Gd,ug/L,< 0.01
S98_01786,130DA-2,,25.7,88.5,HTW,15,Rajshahi,Panchagarh,Boda,Boda,Boda,Gd,ug/L,< 0.01
S98_01787,TA-2/B,1998/07/20,24.088,90.17,HTW,37,Dhaka,Tangail,Mirzapur,Gurai,Gurai,Gd,ug/L,< 0.01
S98_01788,BALI-3,1998/07/23,26.083,88.279,HTW,18,Rajshahi,Thakurgaon,Baliadangi,Baliadanga,Baliadanga,Gd,ug/L,< 0.01
S98_01789,SALN-4,1998/07/23,26.054,88.533,HTW,37,Rajshahi,Thakurgaon,Thakurgaon Sadar,Salander,Salander,Gd,ug/L,< 0.01
S98_01790,JA-4/B,1998/07/19,24.91,89.946,HTW,26,Dhaka,Jamalpur,Jamalpur Sadar,Jamalpur,Fulbaria,Gd,ug/L,< 0.01
S98_01791,KABIR-5,1998/07/24,25.903,88.6,HTW,30,Rajshahi,Dinajpur,Birganj,Birgong,Kbirashat,Gd,ug/L,< 0.01
S98_01792,RANI-6,1998/07/23,25.901,88.254,HTW,30,Rajshahi,Thakurgaon,Ranisankail,Ranisanwail,Ranisanwail,Gd,ug/L,< 0.01
S98_01793,SIBRM-7,1998/07/24,25.665,88.652,HTW,18,Rajshahi,Dinajpur,Dinajpur Sadar,Sibrampur,Sibrampur,Gd,ug/L,< 0.01
S98_01794,PARBT-8,1998/07/24,25.653,88.915,HTW,20,Rajshahi,Dinajpur,Parbatipur,Parbatipur,Parbatipur,Gd,ug/L,< 0.01
S98_01795,HAKM-9,1998/07/22,25.288,89.021,HTW,21,Rajshahi,Dinajpur,Hakimpur,Hakimpur,Hakimpur,Gd,ug/L,< 0.01
S98_01796,CHIL-10,1998/07/25,26.1,88.8,HTW,24,Rajshahi,Nilphamari,Domar,Chilahati,Chilahati,Gd,ug/L,< 0.01
S98_01797,NIL-11,1998/07/24,25.9,88.8,HTW,18,Rajshahi,Nilphamari,Nilphamari Sadar,Nilphamari,Nilphamari,Gd,ug/L,< 0.01
S98_01798,BRUT-12,1998/07/25,26.203,89.11,HTW,,Rajshahi,Lalmonirhat,Hatibandha,Barakhta,Barakhta,Gd,ug/L,< 0.01
S98_01799,JAL-13,1998/07/25,25.931,88.838,HTW,27,Rajshahi,Nilphamari,Jaldhaka,Jaldhaka,Jaldhaka,Gd,ug/L,< 0.01
S98_01800,RANG-14,1998/07/26,25.752,89.253,HTW,18,Rajshahi,Rangpur,Rangpur Sadar,Rangipur,Rangipur,Gd,ug/L,< 0.01
S98_01801,LALM-15,1998/07/25,25.913,89.436,HTW,14,Rajshahi,Lalmonirhat,Lalmonirhat Sadar,Lalmonihat,Lalmonihat,Gd,ug/L,< 0.01
S98_01802,NAGUR-16,1998/07/26,25.965,89.671,HTW,18,Rajshahi,Kurigram,Nageshwari,Nagieshwari,Nagieshwari,Gd,ug/L,0.03
S98_01803,ULI-17,1998/07/26,25.653,89.623,HTW,18,Rajshahi,Kurigram,Ulipur,Ulipur,Ulipur,Gd,ug/L,< 0.01
S98_01804,BAMAN,1998/07/26,25.532,89.446,,18,Rajshahi,Gaibandha,Sundarganj,Bamandaga,Bamandaga,Gd,ug/L,< 0.01
S98_01805,BOA-19,1998/07/27,25.318,89.55,HTW,18,Rajshahi,Gaibandha,Gaibandha Sadar,Boalia,Boalia,Gd,ug/L,< 0.01
S98_01806,GABIN-20,1998/07/27,25.134,89.387,,12,Rajshahi,Gaibandha,Gobindaganj,Gabindagons,Gabindagons,Gd,ug/L,0.01
S98_01807,MADR-21,1998/07/22,25.109,89.036,HTW,15,Rajshahi,Jaipurhat,Jaipurhat Sadar,Madergonj,Madergonj,Gd,ug/L,< 0.01
S98_01808,SANTA-22,1998/07/22,24.804,88.969,HTW,18,Rajshahi,Bogra,Adamdighi,Santahar,Santahar,Gd,ug/L,< 0.01
S98_01809,GIOKU-23,1998/07/27,24.933,89.348,HTW,18,Rajshahi,Bogra,Bogra Sadar,Giokul,Giokul,Gd,ug/L,< 0.01
S98_01810,PATNI-29,1998/07/22,25.05,88.75,HTW,15,Rajshahi,Naogaon,Patnitala,Patnitala,Patnitala,Gd,ug/L,< 0.01
S98_01811,MAND-25,1998/07/22,24.793,88.701,HTW,30,Rajshahi,Naogaon,Manda,Manda,Manda,Gd,ug/L,< 0.01
S98_01812,PIR-25,1998/07/27,22.365,89.933,,,Barisal,Pirojpur,Mathbaria,,Burirchar,Gd,ug/L,0.02
S98_01813,RAHAN-26,1998/07/21,24.8,88.2,HTW,30,Rajshahi,Nawabganj,Gomastapur,Rahandur,Rahandur,Gd,ug/L,< 0.01
S98_01814,PIR-26,1998/07/27,22.365,89.933,HTW,37,Barisal,Pirojpur,Mathbaria,,Burirchar,Gd,ug/L,0.02
S98_01815,SHIB-27,1998/07/21,24.684,88.157,Piez,61,Rajshahi,Nawabganj,Shibganj (N),Shibgong,Shibgong,Gd,ug/L,< 0.01
S98_01816,PIR-27,1998/07/27,22.365,89.933,HTW,27,Barisal,Pirojpur,Mathbaria,,Burirchar,Gd,ug/L,0.03
S98_01817,GIODA-28,1998/07/21,24.461,88.328,HTW,30,Rajshahi,Rajshahi,Godagari,Giodagari,Giodagari,Gd,ug/L,< 0.01
S98_01818,SAPU-29,1998/07/21,24.374,88.558,HTW,37,Rajshahi,Rajshahi,Rajpara,Sapura,Sapura,Gd,ug/L,< 0.01
S98_01819,CHAR-30,1998/07/20,24.304,88.738,HTW,18,Rajshahi,Rajshahi,Charghat,Charghat,Charghat,Gd,ug/L,< 0.01
S98_01820,NAT-31,1998/07/20,24.414,89.988,HTW,27,Rajshahi,Natore,Natore Sadar,Natore,Natore,Gd,ug/L,< 0.01
S98_01821,SING-32,1998/07/20,24.506,89.143,TARA,18,Rajshahi,Natore,Singra,Singra,Singra,Gd,ug/L,< 0.01
S98_01822,LAL-33,1998/07/20,24.179,88.966,HTW,27,Rajshahi,Natore,Lalpur,Lalpur,Lalpur,Gd,ug/L,< 0.01
S98_01823,ROYG-34,1998/07/27,24.507,89.526,HTW,15,Rajshahi,Sirajganj,Raiganj,Roygong,Roygong,Gd,ug/L,< 0.01
S98_01824,SIRA-35,1998/07/28,24.463,89.708,HTW,18,Rajshahi,Sirajganj,Sirajganj Sadar,Sirjgong,Sirjgong,Gd,ug/L,< 0.01
S98_01825,CHAT-36,1998/07/20,24.15,89.261,HTW,18,Rajshahi,Pabna,Chatmohar,Chatmohur,Chatmohur,Gd,ug/L,0.01
S98_01826,PAB-37,1998/07/19,24.006,89.235,HTW,30,Rajshahi,Pabna,Pabna Sadar,Pabna,Pabna,Gd,ug/L,< 0.01
S98_01827,SUJA-38,1998/07/19,23.94,89.408,HTW,18,Rajshahi,Pabna,Sujanagar,Sujanager,Sujanager,Gd,ug/L,< 0.01
S98_01828,NAGIR-39,1998/07/28,23.951,89.65,HTW,20,Rajshahi,Pabna,Bera,Nagierbari,Nagierbari,Gd,ug/L,< 0.01
S98_01829,JA-40,1998/07/19,25.156,89.751,HTW,27,Dhaka,Jamalpur,Dewanganj,Chukaibari,Batheshasaria,Gd,ug/L,0.01
S98_01830,PRAG-40,1998/07/19,24.005,88.765,TARA,113,Khulna,Kushtia,Daulatpur (Ku),Pragpur,Pragpur,Gd,ug/L,< 0.01
S98_01831,HYM-41,1998/07/18,25.117,90.335,,27,Dhaka,Mymensingh,Haluaghat, Haluagher,Haluaghatthana Compn,Gd,ug/L,< 0.01
S98_01832,VHAR-41,1998/07/19,24.019,88.992,HTW,,Khulna,Kushtia,Bheramara,Vharamara,Vharamara,Gd,ug/L,< 0.01
S98_01833,KUST-42,1998/07/19,23.909,89.128,HTW,49,Khulna,Kushtia,Kushtia Sadar,Kushtia,Kushtia,Gd,ug/L,< 0.01
S98_01834,SHER-42/A,1998/07/18,25.018,90.012,HTW,36,Rajshahi,Bogra,Sherpur,Sherpur,,Gd,ug/L,< 0.01
S98_01835,MEHER-43,1998/07/19,23.761,88.632,HTW,27,Khulna,Meherpur,Meherpur Sadar,Meherpur,Meherpur,Gd,ug/L,< 0.01
S98_01836,JAM-43,1998/07/20,24.758,89.835,HTW,20,Dhaka,Jamalpur,Sarishabari,Sharishabari,Sharishabari,Gd,ug/L,< 0.01
S98_01837,DAR-44,1998/07/19,23.529,88.81,HTW,18,Khulna,Chuadanga,Chuadanga Sadar,Darsana,Darsana,Gd,ug/L,< 0.01
S98_01838,MYM-44,1998/07/17,24.748,90.406,DTW,107,Dhaka,Mymensingh,Mymensingh Sadar,Sadar,Bagmera,Gd,ug/L,< 0.01
S98_01839,JHIN-45,1998/07/18,23.547,89.165,,122,Khulna,Jhenaidah,Jhenaidah Sadar,Jhinaidha,Jhinaidha,Gd,ug/L,< 0.01
S98_01840,NET-45,1998/07/17,24.866,90.722,HTW,65,Dhaka,Netrokona,Netrokona Sadar,Sadar,Netrokona,Gd,ug/L,< 0.01
S98_01841,MAGU-46,1998/07/15,23.488,89.429,HTW,21,Khulna,Magura,Magura Sadar,Magura,Magura,Gd,ug/L,< 0.01
S98_01842,KISH-46,1998/07/18,24.444,90.773,DTW,118,Dhaka,Kishoreganj,Kishoreganj Sadar,Goital,Kishorgorj,Gd,ug/L,< 0.01
S98_01843,JES-47,1998/07/18,23.167,89.219,DTW,133,Khulna,Jessore,Jessore Sadar,Jessore,Jessore,Gd,ug/L,< 0.01
S98_01844,MYM-47,1998/07/17,24.454,90.54,HTW,,Dhaka,Mymensingh,Gafargaon,Saltia,Sulhasia,Gd,ug/L,< 0.01
S98_01845,NAR-48,1998/07/18,23.173,89.513,HTW,24,Khulna,Narail,Narail Sadar,Narail,Narail,Gd,ug/L,0.01
S98_01846,KISH-48,1998/07/18,24.047,90.973,HTW,20,Dhaka,Kishoreganj,Bhairab,Bhairab,Bhairab Rly St,Gd,ug/L,< 0.01
S98_01847,GODKHA-49,1998/07/15,23.059,89.077,HTW,24,Khulna,Jessore,Jhikargachha,Godkhali,Godkhali,Gd,ug/L,< 0.01
S98_01848,TA-49,1998/07/20,24.605,90.024,HTW,34,Dhaka,Tangail,Madhupur,Madhupur,Madhupur,Gd,ug/L,< 0.01
S98_01849,KHUL-50,1998/07/15,22.812,89.561,DTW,274,Khulna,Khulna,Khulna Sadar,Khulna,Khulna,Gd,ug/L,< 0.01
S98_01850,TA-50,1998/07/20,24.24,89.909,HTW,27,Dhaka,Tangail,Tangail Sadar,Sadar,Bepari Para,Gd,ug/L,0.01
S98_01851,SATKHR-51,1998/07/17,22.718,89.07,DTW,183,Khulna,Satkhira,Satkhira Sadar,Satkhira,Satkhira,Gd,ug/L,< 0.01
S98_01852,TA-51,1998/07/20,24.108,90.076,HTW,27,Dhaka,Tangail,Mirzapur,Baithgram,Gurail,Gd,ug/L,< 0.01
S98_01853,CHAL-52,1998/07/18,22.586,89.504,HTW,18,Khulna,Bagerhat,Bagerhat Sadar,Chalna,Chalna,Gd,ug/L,< 0.01
S98_01854,GA-52,1998/07/17,24.197,90.474,HTW,29,Dhaka,Gazipur,Sripur,Sreepur,Sreepur,Gd,ug/L,0.02
S98_01855,BAGIER-53,1998/07/15,22.663,89.763,,38,Khulna,Bagerhat,Bagerhat Sadar,Bagierhat,Bagierhat,Gd,ug/L,< 0.01
S98_01856,NAR-53,1998/07/18,23.926,90.718,HTW,,Dhaka,Narsingdi,Narsingdi Sadar,Narshingdi,Norshindi Dak Hangloo,Gd,ug/L,< 0.01
S98_01857,KHALIS-54,1998/07/18,22.548,89.538,DTW,274,Khulna,Khulna,Khulna Sadar,Khalishpur,Khalishpur,Gd,ug/L,< 0.01
S98_01858,DA-54,1998/07/16,23.734,90.418,DTW,137,Dhaka,Dhaka,Motijheel,Motijheel,Pwd Colony,Gd,ug/L,< 0.01
S98_01859,RJB-69,1998/07/22,23.765,89.476,HTW,22,Dhaka,Rajbari,Pangsha,,Kalukhau,Gd,ug/L,< 0.01
S98_01860,RJB-70,1998/07/22,23.754,89.645,DTW,127,Dhaka,Rajbari,Rajbari Sadar,,Municipality,Gd,ug/L,< 0.01
S98_01861,FAR-71,1998/07/23,23.599,89.835,DTW,84,Dhaka,Faridpur,Faridpur Sadar,,Municipal,Gd,ug/L,< 0.01
S98_01862,GOP-72,1998/07/23,23.21,89.693,HTW,20,Dhaka,Gopalganj,Kashiani,,Bhatiapara,Gd,ug/L,< 0.01
S98_01863,GOP-73,1998/07/23,23.005,89.823,HTW,20,Dhaka,Gopalganj,Gopalganj Sadar,Municipality,Gopalganj,Gd,ug/L,< 0.01
S98_01864,MAD-74,1998/07/23,23.167,90.195,DTW,238,Dhaka,Madaripur,Madaripur Sadar,Municipality,Madaripur,Gd,ug/L,0.01
S98_01865,BAR-75,1998/07/25,22.7,90.369,DTW,610,Barisal,Barisal,Barisal Sadar,,Barisal,Gd,ug/L,< 0.01
S98_01866,PAT-77,1998/07/25,22.355,90.345,DTW,274,Barisal,Patuakhali,Patuakhali Sadar,Municipality,Patuakhali,Gd,ug/L,< 0.01
S98_01867,DA-101,1998/07/21,23.51,90.217,HTW,26,Dhaka,Munshiganj,Munshiganj Sadar,Bhaishakul,Bhaishakul T Inst,Gd,ug/L,< 0.01
S98_01868,DA-102,1998/07/16,23.769,90.364,DTW,53,Dhaka,Dhaka,Mohammadpur (D),Mohammedpur,Mohammedpur,Gd,ug/L,< 0.01
S98_04510,GOHI-44,1998/07/29,22.1467,91.8231,Piez,265,Chittagong,Chittagong,Anowara,Gohira,UC Office,Gd,ug/L,< 0.01
S98_04511,RUST-45,1998/07/29,22.1924,91.8562,HTW,146,Chittagong,Chittagong,Anowara,Battali,Battali,Gd,ug/L,< 0.01
S98_04512,GOHI-46,1998/07/29,22.1467,91.8231,Piez,68,Chittagong,Chittagong,Anowara,Gohira,UC Office,Gd,ug/L,< 0.01
S98_04513,COM-84,1998/07/28,23.4453,91.1722,HTW,32,Chittagong,Comilla,Comilla Sadar,Shaktala,Shaktala,Gd,ug/L,< 0.01
S98_04514,DAUD-85,1998/07/28,23.536,90.7104,HTW,32,Chittagong,Comilla,Daudkandi,Daudkandi,Daudkandi Bazar,Gd,ug/L,< 0.01
S98_04515,LAKS-86,1998/07/28,23.2499,91.115,HTW,23,Chittagong,Comilla,Laksam,Nabaratpur,Nabaratpur,Gd,ug/L,< 0.01
S98_04516,HAJ-87,1998/07/31,23.2484,90.8696,DTW,107,Chittagong,Chandpur,Hajiganj,Aligonj,Aligonj H complex,Gd,ug/L,< 0.01
S98_04517,CHAN-88,1998/07/31,23.2342,90.6673,HTW,168,Chittagong,Chandpur,Chandpur Sadar,Shologhar,Shologhar,Gd,ug/L,< 0.01
S98_04518,NOA-89,1998/07/28,22.8334,91.0955,HTW,11,Chittagong,Noakhali,Noakhali Sadar,Sonapur,Sonapur,Gd,ug/L,< 0.01
S98_04519,FENI-90,1998/07/28,23.0053,91.3866,HTW,13,Chittagong,Feni,Feni Sadar,Pachgadria,Feni Rest House,Gd,ug/L,< 0.01
S98_04520,MIR-91,1998/07/28,22.7761,91.5656,HTW,25,Chittagong,Chittagong,Mirsharai,PS,Miraswarai,Gd,ug/L,0.02
S98_04521,CTG-92,1998/07/29,22.4735,91.7891,DTW,110,Chittagong,Chittagong,Hathazari,Hathajani,University,Gd,ug/L,< 0.01
S98_04522,CTG-93,1998/07/29,22.3704,91.8442,DTW,146,Chittagong,Chittagong,Chandgaon,Chandgown,Chandgown,Gd,ug/L,0.01
S98_04523,ANWA-94,1998/07/29,22.2234,91.898,HTW,43,Chittagong,Chittagong,Anowara,Anwara,Thana Parishad Office,Gd,ug/L,< 0.01
S98_04524,SAT-95,1998/07/29,22.0721,92.0479,HTW,31,Chittagong,Chittagong,Satkania,Satkania,Satkania,Gd,ug/L,< 0.01
S98_04525,COX-99,1998/07/30,21.4349,91.9656,HTW,10,Chittagong,Cox's Bazar,Cox's Bazar Sadar,,BWDB rest house,Gd,ug/L,< 0.01
S98_04526,UKHI-100,1998/07/30,21.2432,92.1325,DTW,52,Chittagong,Cox's Bazar,Ukhia,Ukhia,Ukhia Bazar,Gd,ug/L,< 0.01
S99_00796,SAN-43(CS),1999/04/06,22.4815,91.4285,Piez,56.96,Chittagong,Chittagong,Sandwip,Rahamatpur,Rahamatpur,Gd,ug/L,
S99_00797,SAN-42(CMD),1999/04/06,22.4815,91.4285,Piez,160.92,Chittagong,Chittagong,Sandwip,Rahamatpur,Rahamatpur,Gd,ug/L,
S99_00798,SAN-41(CD),1999/04/06,22.4815,91.4285,Piez,261.94,Chittagong,Chittagong,Sandwip,Rahamatpur,Rahamatpur,Gd,ug/L,
S99_00799,MOH-98,1999/05/28,21.517,91.9584,Piez,7.32,Chittagong,Cox's Bazar,Maheshkhali,Gorukghata,Gorukghata,Gd,ug/L,
S99_00800,KUT-97,1999/05/30,21.8128,91.8449,Piez,542.68,Chittagong,Cox's Bazar,Kutubdia,Baraghope,Baraghope,Gd,ug/L,
S99_00801,SAND-9,1999/03/06,22.4817,91.4332,Piez,329.26,Chittagong,Chittagong,Sandwip,BWDB Guest house,BWDB Guest house,Gd,ug/L,
S99_00802,AKHA-82,1999/05/24,23.8659,91.201,HTW,18.3,Chittagong,Brahamanbaria,Akhaura,Railway station,Railway station,Gd,ug/L,
S99_00803,MUR-83,1999/05/24,23.7627,90.9899,HTW,26.22,Chittagong,Comilla,Muradnagar,Kasimpur,Kasimpur,Gd,ug/L,
S99_00804,CHU-81,1999/05/25,24.1945,91.5138,HTW,30.5,Sylhet,Habiganj,Chunarughat,Chunarughat Bazar,Chunarughat Bazar,Gd,ug/L,
S99_00805,HABI-80,1999/05/25,24.3776,91.4083,HTW,36.59,Sylhet,Habiganj,Habiganj Sadar,Rajanagar,Rajanagar,Gd,ug/L,
S99_00806,MVI-79,1999/05/25,24.4696,91.7603,HTW,30.5,Sylhet,Maulvibazar,Maulvi Bazar Sadar,Sultanpur,Sultanpur,Gd,ug/L,
S99_00807,SYL-78,1998/05/25,24.8795,91.8605,HTW,30.5,Sylhet,Sylhet,Sylhet Sadar,Railway station,Railway station,Gd,ug/L,
S98_01785,SAT-1,1998/07/23,26.479,88.514,HTW,9,Rajshahi,Panchagarh,Tetulia,Satmara,Satmara,HCO3,mg/L,34
S98_01786,130DA-2,,25.7,88.5,HTW,15,Rajshahi,Panchagarh,Boda,Boda,Boda,HCO3,mg/L,68
S98_01787,TA-2/B,1998/07/20,24.088,90.17,HTW,37,Dhaka,Tangail,Mirzapur,Gurai,Gurai,HCO3,mg/L,215
S98_01788,BALI-3,1998/07/23,26.083,88.279,HTW,18,Rajshahi,Thakurgaon,Baliadangi,Baliadanga,Baliadanga,HCO3,mg/L,57
S98_01789,SALN-4,1998/07/23,26.054,88.533,HTW,37,Rajshahi,Thakurgaon,Thakurgaon Sadar,Salander,Salander,HCO3,mg/L,17
S98_01790,JA-4/B,1998/07/19,24.91,89.946,HTW,26,Dhaka,Jamalpur,Jamalpur Sadar,Jamalpur,Fulbaria,HCO3,mg/L,127
S98_01791,KABIR-5,1998/07/24,25.903,88.6,HTW,30,Rajshahi,Dinajpur,Birganj,Birgong,Kbirashat,HCO3,mg/L,56
S98_01792,RANI-6,1998/07/23,25.901,88.254,HTW,30,Rajshahi,Thakurgaon,Ranisankail,Ranisanwail,Ranisanwail,HCO3,mg/L,37
S98_01793,SIBRM-7,1998/07/24,25.665,88.652,HTW,18,Rajshahi,Dinajpur,Dinajpur Sadar,Sibrampur,Sibrampur,HCO3,mg/L,60
S98_01794,PARBT-8,1998/07/24,25.653,88.915,HTW,20,Rajshahi,Dinajpur,Parbatipur,Parbatipur,Parbatipur,HCO3,mg/L,120
S98_01795,HAKM-9,1998/07/22,25.288,89.021,HTW,21,Rajshahi,Dinajpur,Hakimpur,Hakimpur,Hakimpur,HCO3,mg/L,106
S98_01796,CHIL-10,1998/07/25,26.1,88.8,HTW,24,Rajshahi,Nilphamari,Domar,Chilahati,Chilahati,HCO3,mg/L,95
S98_01797,NIL-11,1998/07/24,25.9,88.8,HTW,18,Rajshahi,Nilphamari,Nilphamari Sadar,Nilphamari,Nilphamari,HCO3,mg/L,46
S98_01798,BRUT-12,1998/07/25,26.203,89.11,HTW,,Rajshahi,Lalmonirhat,Hatibandha,Barakhta,Barakhta,HCO3,mg/L,37
S98_01799,JAL-13,1998/07/25,25.931,88.838,HTW,27,Rajshahi,Nilphamari,Jaldhaka,Jaldhaka,Jaldhaka,HCO3,mg/L,44
S98_01800,RANG-14,1998/07/26,25.752,89.253,HTW,18,Rajshahi,Rangpur,Rangpur Sadar,Rangipur,Rangipur,HCO3,mg/L,31
S98_01801,LALM-15,1998/07/25,25.913,89.436,HTW,14,Rajshahi,Lalmonirhat,Lalmonirhat Sadar,Lalmonihat,Lalmonihat,HCO3,mg/L,46
S98_01802,NAGUR-16,1998/07/26,25.965,89.671,HTW,18,Rajshahi,Kurigram,Nageshwari,Nagieshwari,Nagieshwari,HCO3,mg/L,187
S98_01803,ULI-17,1998/07/26,25.653,89.623,HTW,18,Rajshahi,Kurigram,Ulipur,Ulipur,Ulipur,HCO3,mg/L,122
S98_01804,BAMAN,1998/07/26,25.532,89.446,,18,Rajshahi,Gaibandha,Sundarganj,Bamandaga,Bamandaga,HCO3,mg/L,145
S98_01805,BOA-19,1998/07/27,25.318,89.55,HTW,18,Rajshahi,Gaibandha,Gaibandha Sadar,Boalia,Boalia,HCO3,mg/L,182
S98_01806,GABIN-20,1998/07/27,25.134,89.387,,12,Rajshahi,Gaibandha,Gobindaganj,Gabindagons,Gabindagons,HCO3,mg/L,140
S98_01807,MADR-21,1998/07/22,25.109,89.036,HTW,15,Rajshahi,Jaipurhat,Jaipurhat Sadar,Madergonj,Madergonj,HCO3,mg/L,146
S98_01808,SANTA-22,1998/07/22,24.804,88.969,HTW,18,Rajshahi,Bogra,Adamdighi,Santahar,Santahar,HCO3,mg/L,251
S98_01809,GIOKU-23,1998/07/27,24.933,89.348,HTW,18,Rajshahi,Bogra,Bogra Sadar,Giokul,Giokul,HCO3,mg/L,100
S98_01810,PATNI-29,1998/07/22,25.05,88.75,HTW,15,Rajshahi,Naogaon,Patnitala,Patnitala,Patnitala,HCO3,mg/L,65
S98_01811,MAND-25,1998/07/22,24.793,88.701,HTW,30,Rajshahi,Naogaon,Manda,Manda,Manda,HCO3,mg/L,97
S98_01812,PIR-25,1998/07/27,22.365,89.933,,,Barisal,Pirojpur,Mathbaria,,Burirchar,HCO3,mg/L,165
S98_01813,RAHAN-26,1998/07/21,24.8,88.2,HTW,30,Rajshahi,Nawabganj,Gomastapur,Rahandur,Rahandur,HCO3,mg/L,347
S98_01814,PIR-26,1998/07/27,22.365,89.933,HTW,37,Barisal,Pirojpur,Mathbaria,,Burirchar,HCO3,mg/L,96
S98_01815,SHIB-27,1998/07/21,24.684,88.157,Piez,61,Rajshahi,Nawabganj,Shibganj (N),Shibgong,Shibgong,HCO3,mg/L,512
S98_01816,PIR-27,1998/07/27,22.365,89.933,HTW,27,Barisal,Pirojpur,Mathbaria,,Burirchar,HCO3,mg/L,569
S98_01817,GIODA-28,1998/07/21,24.461,88.328,HTW,30,Rajshahi,Rajshahi,Godagari,Giodagari,Giodagari,HCO3,mg/L,242
S98_01818,SAPU-29,1998/07/21,24.374,88.558,HTW,37,Rajshahi,Rajshahi,Rajpara,Sapura,Sapura,HCO3,mg/L,396
S98_01819,CHAR-30,1998/07/20,24.304,88.738,HTW,18,Rajshahi,Rajshahi,Charghat,Charghat,Charghat,HCO3,mg/L,399
S98_01820,NAT-31,1998/07/20,24.414,89.988,HTW,27,Rajshahi,Natore,Natore Sadar,Natore,Natore,HCO3,mg/L,392
S98_01821,SING-32,1998/07/20,24.506,89.143,TARA,18,Rajshahi,Natore,Singra,Singra,Singra,HCO3,mg/L,361
S98_01822,LAL-33,1998/07/20,24.179,88.966,HTW,27,Rajshahi,Natore,Lalpur,Lalpur,Lalpur,HCO3,mg/L,410
S98_01823,ROYG-34,1998/07/27,24.507,89.526,HTW,15,Rajshahi,Sirajganj,Raiganj,Roygong,Roygong,HCO3,mg/L,143
S98_01824,SIRA-35,1998/07/28,24.463,89.708,HTW,18,Rajshahi,Sirajganj,Sirajganj Sadar,Sirjgong,Sirjgong,HCO3,mg/L,135
S98_01825,CHAT-36,1998/07/20,24.15,89.261,HTW,18,Rajshahi,Pabna,Chatmohar,Chatmohur,Chatmohur,HCO3,mg/L,626
S98_01826,PAB-37,1998/07/19,24.006,89.235,HTW,30,Rajshahi,Pabna,Pabna Sadar,Pabna,Pabna,HCO3,mg/L,399
S98_01827,SUJA-38,1998/07/19,23.94,89.408,HTW,18,Rajshahi,Pabna,Sujanagar,Sujanager,Sujanager,HCO3,mg/L,475
S98_01828,NAGIR-39,1998/07/28,23.951,89.65,HTW,20,Rajshahi,Pabna,Bera,Nagierbari,Nagierbari,HCO3,mg/L,409
S98_01829,JA-40,1998/07/19,25.156,89.751,HTW,27,Dhaka,Jamalpur,Dewanganj,Chukaibari,Batheshasaria,HCO3,mg/L,164
S98_01830,PRAG-40,1998/07/19,24.005,88.765,TARA,113,Khulna,Kushtia,Daulatpur (Ku),Pragpur,Pragpur,HCO3,mg/L,417
S98_01831,HYM-41,1998/07/18,25.117,90.335,,27,Dhaka,Mymensingh,Haluaghat, Haluagher,Haluaghatthana Compn,HCO3,mg/L,177
S98_01832,VHAR-41,1998/07/19,24.019,88.992,HTW,,Khulna,Kushtia,Bheramara,Vharamara,Vharamara,HCO3,mg/L,379
S98_01833,KUST-42,1998/07/19,23.909,89.128,HTW,49,Khulna,Kushtia,Kushtia Sadar,Kushtia,Kushtia,HCO3,mg/L,342
S98_01834,SHER-42/A,1998/07/18,25.018,90.012,HTW,36,Rajshahi,Bogra,Sherpur,Sherpur,,HCO3,mg/L,242
S98_01835,MEHER-43,1998/07/19,23.761,88.632,HTW,27,Khulna,Meherpur,Meherpur Sadar,Meherpur,Meherpur,HCO3,mg/L,371
S98_01836,JAM-43,1998/07/20,24.758,89.835,HTW,20,Dhaka,Jamalpur,Sarishabari,Sharishabari,Sharishabari,HCO3,mg/L,178
S98_01837,DAR-44,1998/07/19,23.529,88.81,HTW,18,Khulna,Chuadanga,Chuadanga Sadar,Darsana,Darsana,HCO3,mg/L,531
S98_01838,MYM-44,1998/07/17,24.748,90.406,DTW,107,Dhaka,Mymensingh,Mymensingh Sadar,Sadar,Bagmera,HCO3,mg/L,219
S98_01839,JHIN-45,1998/07/18,23.547,89.165,,122,Khulna,Jhenaidah,Jhenaidah Sadar,Jhinaidha,Jhinaidha,HCO3,mg/L,296
S98_01840,NET-45,1998/07/17,24.866,90.722,HTW,65,Dhaka,Netrokona,Netrokona Sadar,Sadar,Netrokona,HCO3,mg/L,222
S98_01841,MAGU-46,1998/07/15,23.488,89.429,HTW,21,Khulna,Magura,Magura Sadar,Magura,Magura,HCO3,mg/L,457
S98_01842,KISH-46,1998/07/18,24.444,90.773,DTW,118,Dhaka,Kishoreganj,Kishoreganj Sadar,Goital,Kishorgorj,HCO3,mg/L,214
S98_01843,JES-47,1998/07/18,23.167,89.219,DTW,133,Khulna,Jessore,Jessore Sadar,Jessore,Jessore,HCO3,mg/L,392
S98_01844,MYM-47,1998/07/17,24.454,90.54,HTW,,Dhaka,Mymensingh,Gafargaon,Saltia,Sulhasia,HCO3,mg/L,234
S98_01845,NAR-48,1998/07/18,23.173,89.513,HTW,24,Khulna,Narail,Narail Sadar,Narail,Narail,HCO3,mg/L,783
S98_01846,KISH-48,1998/07/18,24.047,90.973,HTW,20,Dhaka,Kishoreganj,Bhairab,Bhairab,Bhairab Rly St,HCO3,mg/L,284
S98_01847,GODKHA-49,1998/07/15,23.059,89.077,HTW,24,Khulna,Jessore,Jhikargachha,Godkhali,Godkhali,HCO3,mg/L,370
S98_01848,TA-49,1998/07/20,24.605,90.024,HTW,34,Dhaka,Tangail,Madhupur,Madhupur,Madhupur,HCO3,mg/L,118
S98_01849,KHUL-50,1998/07/15,22.812,89.561,DTW,274,Khulna,Khulna,Khulna Sadar,Khulna,Khulna,HCO3,mg/L,417
S98_01850,TA-50,1998/07/20,24.24,89.909,HTW,27,Dhaka,Tangail,Tangail Sadar,Sadar,Bepari Para,HCO3,mg/L,192
S98_01851,SATKHR-51,1998/07/17,22.718,89.07,DTW,183,Khulna,Satkhira,Satkhira Sadar,Satkhira,Satkhira,HCO3,mg/L,408
S98_01852,TA-51,1998/07/20,24.108,90.076,HTW,27,Dhaka,Tangail,Mirzapur,Baithgram,Gurail,HCO3,mg/L,178
S98_01853,CHAL-52,1998/07/18,22.586,89.504,HTW,18,Khulna,Bagerhat,Bagerhat Sadar,Chalna,Chalna,HCO3,mg/L,642
S98_01854,GA-52,1998/07/17,24.197,90.474,HTW,29,Dhaka,Gazipur,Sripur,Sreepur,Sreepur,HCO3,mg/L,134
S98_01855,BAGIER-53,1998/07/15,22.663,89.763,,38,Khulna,Bagerhat,Bagerhat Sadar,Bagierhat,Bagierhat,HCO3,mg/L,281
S98_01856,NAR-53,1998/07/18,23.926,90.718,HTW,,Dhaka,Narsingdi,Narsingdi Sadar,Narshingdi,Norshindi Dak Hangloo,HCO3,mg/L,290
S98_01857,KHALIS-54,1998/07/18,22.548,89.538,DTW,274,Khulna,Khulna,Khulna Sadar,Khalishpur,Khalishpur,HCO3,mg/L,501
S98_01858,DA-54,1998/07/16,23.734,90.418,DTW,137,Dhaka,Dhaka,Motijheel,Motijheel,Pwd Colony,HCO3,mg/L,120
S98_01859,RJB-69,1998/07/22,23.765,89.476,HTW,22,Dhaka,Rajbari,Pangsha,,Kalukhau,HCO3,mg/L,398
S98_01860,RJB-70,1998/07/22,23.754,89.645,DTW,127,Dhaka,Rajbari,Rajbari Sadar,,Municipality,HCO3,mg/L,481
S98_01861,FAR-71,1998/07/23,23.599,89.835,DTW,84,Dhaka,Faridpur,Faridpur Sadar,,Municipal,HCO3,mg/L,552
S98_01862,GOP-72,1998/07/23,23.21,89.693,HTW,20,Dhaka,Gopalganj,Kashiani,,Bhatiapara,HCO3,mg/L,567
S98_01863,GOP-73,1998/07/23,23.005,89.823,HTW,20,Dhaka,Gopalganj,Gopalganj Sadar,Municipality,Gopalganj,HCO3,mg/L,527
S98_01864,MAD-74,1998/07/23,23.167,90.195,DTW,238,Dhaka,Madaripur,Madaripur Sadar,Municipality,Madaripur,HCO3,mg/L,354
S98_01865,BAR-75,1998/07/25,22.7,90.369,DTW,610,Barisal,Barisal,Barisal Sadar,,Barisal,HCO3,mg/L,373
S98_01866,PAT-77,1998/07/25,22.355,90.345,DTW,274,Barisal,Patuakhali,Patuakhali Sadar,Municipality,Patuakhali,HCO3,mg/L,524
S98_01867,DA-101,1998/07/21,23.51,90.217,HTW,26,Dhaka,Munshiganj,Munshiganj Sadar,Bhaishakul,Bhaishakul T Inst,HCO3,mg/L,579
S98_01868,DA-102,1998/07/16,23.769,90.364,DTW,53,Dhaka,Dhaka,Mohammadpur (D),Mohammedpur,Mohammedpur,HCO3,mg/L,170
S98_04510,GOHI-44,1998/07/29,22.1467,91.8231,Piez,265,Chittagong,Chittagong,Anowara,Gohira,UC Office,HCO3,mg/L,34
S98_04511,RUST-45,1998/07/29,22.1924,91.8562,HTW,146,Chittagong,Chittagong,Anowara,Battali,Battali,HCO3,mg/L,181
S98_04512,GOHI-46,1998/07/29,22.1467,91.8231,Piez,68,Chittagong,Chittagong,Anowara,Gohira,UC Office,HCO3,mg/L,117
S98_04513,COM-84,1998/07/28,23.4453,91.1722,HTW,32,Chittagong,Comilla,Comilla Sadar,Shaktala,Shaktala,HCO3,mg/L,135
S98_04514,DAUD-85,1998/07/28,23.536,90.7104,HTW,32,Chittagong,Comilla,Daudkandi,Daudkandi,Daudkandi Bazar,HCO3,mg/L,387
S98_04515,LAKS-86,1998/07/28,23.2499,91.115,HTW,23,Chittagong,Comilla,Laksam,Nabaratpur,Nabaratpur,HCO3,mg/L,319
S98_04516,HAJ-87,1998/07/31,23.2484,90.8696,DTW,107,Chittagong,Chandpur,Hajiganj,Aligonj,Aligonj H complex,HCO3,mg/L,115
S98_04517,CHAN-88,1998/07/31,23.2342,90.6673,HTW,168,Chittagong,Chandpur,Chandpur Sadar,Shologhar,Shologhar,HCO3,mg/L,286
S98_04518,NOA-89,1998/07/28,22.8334,91.0955,HTW,11,Chittagong,Noakhali,Noakhali Sadar,Sonapur,Sonapur,HCO3,mg/L,678
S98_04519,FENI-90,1998/07/28,23.0053,91.3866,HTW,13,Chittagong,Feni,Feni Sadar,Pachgadria,Feni Rest House,HCO3,mg/L,361
S98_04520,MIR-91,1998/07/28,22.7761,91.5656,HTW,25,Chittagong,Chittagong,Mirsharai,PS,Miraswarai,HCO3,mg/L,384
S98_04521,CTG-92,1998/07/29,22.4735,91.7891,DTW,110,Chittagong,Chittagong,Hathazari,Hathajani,University,HCO3,mg/L,34
S98_04522,CTG-93,1998/07/29,22.3704,91.8442,DTW,146,Chittagong,Chittagong,Chandgaon,Chandgown,Chandgown,HCO3,mg/L,121
S98_04523,ANWA-94,1998/07/29,22.2234,91.898,HTW,43,Chittagong,Chittagong,Anowara,Anwara,Thana Parishad Office,HCO3,mg/L,451
S98_04524,SAT-95,1998/07/29,22.0721,92.0479,HTW,31,Chittagong,Chittagong,Satkania,Satkania,Satkania,HCO3,mg/L,442
S98_04525,COX-99,1998/07/30,21.4349,91.9656,HTW,10,Chittagong,Cox's Bazar,Cox's Bazar Sadar,,BWDB rest house,HCO3,mg/L,366
S98_04526,UKHI-100,1998/07/30,21.2432,92.1325,DTW,52,Chittagong,Cox's Bazar,Ukhia,Ukhia,Ukhia Bazar,HCO3,mg/L,43
S99_00796,SAN-43(CS),1999/04/06,22.4815,91.4285,Piez,56.96,Chittagong,Chittagong,Sandwip,Rahamatpur,Rahamatpur,HCO3,mg/L,352
S99_00797,SAN-42(CMD),1999/04/06,22.4815,91.4285,Piez,160.92,Chittagong,Chittagong,Sandwip,Rahamatpur,Rahamatpur,HCO3,mg/L,264
S99_00798,SAN-41(CD),1999/04/06,22.4815,91.4285,Piez,261.94,Chittagong,Chittagong,Sandwip,Rahamatpur,Rahamatpur,HCO3,mg/L,292
S99_00799,MOH-98,1999/05/28,21.517,91.9584,Piez,7.32,Chittagong,Cox's Bazar,Maheshkhali,Gorukghata,Gorukghata,HCO3,mg/L,424
S99_00800,KUT-97,1999/05/30,21.8128,91.8449,Piez,542.68,Chittagong,Cox's Bazar,Kutubdia,Baraghope,Baraghope,HCO3,mg/L,179
S99_00801,SAND-9,1999/03/06,22.4817,91.4332,Piez,329.26,Chittagong,Chittagong,Sandwip,BWDB Guest house,BWDB Guest house,HCO3,mg/L,332
S99_00802,AKHA-82,1999/05/24,23.8659,91.201,HTW,18.3,Chittagong,Brahamanbaria,Akhaura,Railway station,Railway station,HCO3,mg/L,113
S99_00803,MUR-83,1999/05/24,23.7627,90.9899,HTW,26.22,Chittagong,Comilla,Muradnagar,Kasimpur,Kasimpur,HCO3,mg/L,396
S99_00804,CHU-81,1999/05/25,24.1945,91.5138,HTW,30.5,Sylhet,Habiganj,Chunarughat,Chunarughat Bazar,Chunarughat Bazar,HCO3,mg/L,60.4
S99_00805,HABI-80,1999/05/25,24.3776,91.4083,HTW,36.59,Sylhet,Habiganj,Habiganj Sadar,Rajanagar,Rajanagar,HCO3,mg/L,202
S99_00806,MVI-79,1999/05/25,24.4696,91.7603,HTW,30.5,Sylhet,Maulvibazar,Maulvi Bazar Sadar,Sultanpur,Sultanpur,HCO3,mg/L,108
S99_00807,SYL-78,1998/05/25,24.8795,91.8605,HTW,30.5,Sylhet,Sylhet,Sylhet Sadar,Railway station,Railway station,HCO3,mg/L,172
S98_01785,SAT-1,1998/07/23,26.479,88.514,HTW,9,Rajshahi,Panchagarh,Tetulia,Satmara,Satmara,Ho,ug/L,< 0.005
S98_01786,130DA-2,,25.7,88.5,HTW,15,Rajshahi,Panchagarh,Boda,Boda,Boda,Ho,ug/L,< 0.005
S98_01787,TA-2/B,1998/07/20,24.088,90.17,HTW,37,Dhaka,Tangail,Mirzapur,Gurai,Gurai,Ho,ug/L,< 0.005
S98_01788,BALI-3,1998/07/23,26.083,88.279,HTW,18,Rajshahi,Thakurgaon,Baliadangi,Baliadanga,Baliadanga,Ho,ug/L,< 0.005
S98_01789,SALN-4,1998/07/23,26.054,88.533,HTW,37,Rajshahi,Thakurgaon,Thakurgaon Sadar,Salander,Salander,Ho,ug/L,< 0.005
S98_01790,JA-4/B,1998/07/19,24.91,89.946,HTW,26,Dhaka,Jamalpur,Jamalpur Sadar,Jamalpur,Fulbaria,Ho,ug/L,< 0.005
S98_01791,KABIR-5,1998/07/24,25.903,88.6,HTW,30,Rajshahi,Dinajpur,Birganj,Birgong,Kbirashat,Ho,ug/L,< 0.005
S98_01792,RANI-6,1998/07/23,25.901,88.254,HTW,30,Rajshahi,Thakurgaon,Ranisankail,Ranisanwail,Ranisanwail,Ho,ug/L,< 0.005
S98_01793,SIBRM-7,1998/07/24,25.665,88.652,HTW,18,Rajshahi,Dinajpur,Dinajpur Sadar,Sibrampur,Sibrampur,Ho,ug/L,< 0.005
S98_01794,PARBT-8,1998/07/24,25.653,88.915,HTW,20,Rajshahi,Dinajpur,Parbatipur,Parbatipur,Parbatipur,Ho,ug/L,< 0.005
S98_01795,HAKM-9,1998/07/22,25.288,89.021,HTW,21,Rajshahi,Dinajpur,Hakimpur,Hakimpur,Hakimpur,Ho,ug/L,< 0.005
S98_01796,CHIL-10,1998/07/25,26.1,88.8,HTW,24,Rajshahi,Nilphamari,Domar,Chilahati,Chilahati,Ho,ug/L,< 0.005
S98_01797,NIL-11,1998/07/24,25.9,88.8,HTW,18,Rajshahi,Nilphamari,Nilphamari Sadar,Nilphamari,Nilphamari,Ho,ug/L,< 0.005
S98_01798,BRUT-12,1998/07/25,26.203,89.11,HTW,,Rajshahi,Lalmonirhat,Hatibandha,Barakhta,Barakhta,Ho,ug/L,< 0.005
S98_01799,JAL-13,1998/07/25,25.931,88.838,HTW,27,Rajshahi,Nilphamari,Jaldhaka,Jaldhaka,Jaldhaka,Ho,ug/L,< 0.005
S98_01800,RANG-14,1998/07/26,25.752,89.253,HTW,18,Rajshahi,Rangpur,Rangpur Sadar,Rangipur,Rangipur,Ho,ug/L,< 0.005
S98_01801,LALM-15,1998/07/25,25.913,89.436,HTW,14,Rajshahi,Lalmonirhat,Lalmonirhat Sadar,Lalmonihat,Lalmonihat,Ho,ug/L,< 0.005
S98_01802,NAGUR-16,1998/07/26,25.965,89.671,HTW,18,Rajshahi,Kurigram,Nageshwari,Nagieshwari,Nagieshwari,Ho,ug/L,0.01
S98_01803,ULI-17,1998/07/26,25.653,89.623,HTW,18,Rajshahi,Kurigram,Ulipur,Ulipur,Ulipur,Ho,ug/L,< 0.005
S98_01804,BAMAN,1998/07/26,25.532,89.446,,18,Rajshahi,Gaibandha,Sundarganj,Bamandaga,Bamandaga,Ho,ug/L,< 0.005
S98_01805,BOA-19,1998/07/27,25.318,89.55,HTW,18,Rajshahi,Gaibandha,Gaibandha Sadar,Boalia,Boalia,Ho,ug/L,< 0.005
S98_01806,GABIN-20,1998/07/27,25.134,89.387,,12,Rajshahi,Gaibandha,Gobindaganj,Gabindagons,Gabindagons,Ho,ug/L,< 0.005
S98_01807,MADR-21,1998/07/22,25.109,89.036,HTW,15,Rajshahi,Jaipurhat,Jaipurhat Sadar,Madergonj,Madergonj,Ho,ug/L,< 0.005
S98_01808,SANTA-22,1998/07/22,24.804,88.969,HTW,18,Rajshahi,Bogra,Adamdighi,Santahar,Santahar,Ho,ug/L,< 0.005
S98_01809,GIOKU-23,1998/07/27,24.933,89.348,HTW,18,Rajshahi,Bogra,Bogra Sadar,Giokul,Giokul,Ho,ug/L,< 0.005
S98_01810,PATNI-29,1998/07/22,25.05,88.75,HTW,15,Rajshahi,Naogaon,Patnitala,Patnitala,Patnitala,Ho,ug/L,< 0.005
S98_01811,MAND-25,1998/07/22,24.793,88.701,HTW,30,Rajshahi,Naogaon,Manda,Manda,Manda,Ho,ug/L,< 0.005
S98_01812,PIR-25,1998/07/27,22.365,89.933,,,Barisal,Pirojpur,Mathbaria,,Burirchar,Ho,ug/L,< 0.005
S98_01813,RAHAN-26,1998/07/21,24.8,88.2,HTW,30,Rajshahi,Nawabganj,Gomastapur,Rahandur,Rahandur,Ho,ug/L,< 0.005
S98_01814,PIR-26,1998/07/27,22.365,89.933,HTW,37,Barisal,Pirojpur,Mathbaria,,Burirchar,Ho,ug/L,0.016
S98_01815,SHIB-27,1998/07/21,24.684,88.157,Piez,61,Rajshahi,Nawabganj,Shibganj (N),Shibgong,Shibgong,Ho,ug/L,< 0.005
S98_01816,PIR-27,1998/07/27,22.365,89.933,HTW,27,Barisal,Pirojpur,Mathbaria,,Burirchar,Ho,ug/L,0.007
S98_01817,GIODA-28,1998/07/21,24.461,88.328,HTW,30,Rajshahi,Rajshahi,Godagari,Giodagari,Giodagari,Ho,ug/L,< 0.005
S98_01818,SAPU-29,1998/07/21,24.374,88.558,HTW,37,Rajshahi,Rajshahi,Rajpara,Sapura,Sapura,Ho,ug/L,< 0.005
S98_01819,CHAR-30,1998/07/20,24.304,88.738,HTW,18,Rajshahi,Rajshahi,Charghat,Charghat,Charghat,Ho,ug/L,< 0.005
S98_01820,NAT-31,1998/07/20,24.414,89.988,HTW,27,Rajshahi,Natore,Natore Sadar,Natore,Natore,Ho,ug/L,< 0.005
S98_01821,SING-32,1998/07/20,24.506,89.143,TARA,18,Rajshahi,Natore,Singra,Singra,Singra,Ho,ug/L,< 0.005
S98_01822,LAL-33,1998/07/20,24.179,88.966,HTW,27,Rajshahi,Natore,Lalpur,Lalpur,Lalpur,Ho,ug/L,< 0.005
S98_01823,ROYG-34,1998/07/27,24.507,89.526,HTW,15,Rajshahi,Sirajganj,Raiganj,Roygong,Roygong,Ho,ug/L,< 0.005
S98_01824,SIRA-35,1998/07/28,24.463,89.708,HTW,18,Rajshahi,Sirajganj,Sirajganj Sadar,Sirjgong,Sirjgong,Ho,ug/L,< 0.005
S98_01825,CHAT-36,1998/07/20,24.15,89.261,HTW,18,Rajshahi,Pabna,Chatmohar,Chatmohur,Chatmohur,Ho,ug/L,< 0.005
S98_01826,PAB-37,1998/07/19,24.006,89.235,HTW,30,Rajshahi,Pabna,Pabna Sadar,Pabna,Pabna,Ho,ug/L,< 0.005
S98_01827,SUJA-38,1998/07/19,23.94,89.408,HTW,18,Rajshahi,Pabna,Sujanagar,Sujanager,Sujanager,Ho,ug/L,< 0.005
S98_01828,NAGIR-39,1998/07/28,23.951,89.65,HTW,20,Rajshahi,Pabna,Bera,Nagierbari,Nagierbari,Ho,ug/L,< 0.005
S98_01829,JA-40,1998/07/19,25.156,89.751,HTW,27,Dhaka,Jamalpur,Dewanganj,Chukaibari,Batheshasaria,Ho,ug/L,< 0.005
S98_01830,PRAG-40,1998/07/19,24.005,88.765,TARA,113,Khulna,Kushtia,Daulatpur (Ku),Pragpur,Pragpur,Ho,ug/L,< 0.005
S98_01831,HYM-41,1998/07/18,25.117,90.335,,27,Dhaka,Mymensingh,Haluaghat, Haluagher,Haluaghatthana Compn,Ho,ug/L,< 0.005
S98_01832,VHAR-41,1998/07/19,24.019,88.992,HTW,,Khulna,Kushtia,Bheramara,Vharamara,Vharamara,Ho,ug/L,< 0.005
S98_01833,KUST-42,1998/07/19,23.909,89.128,HTW,49,Khulna,Kushtia,Kushtia Sadar,Kushtia,Kushtia,Ho,ug/L,< 0.005
S98_01834,SHER-42/A,1998/07/18,25.018,90.012,HTW,36,Rajshahi,Bogra,Sherpur,Sherpur,,Ho,ug/L,< 0.005
S98_01835,MEHER-43,1998/07/19,23.761,88.632,HTW,27,Khulna,Meherpur,Meherpur Sadar,Meherpur,Meherpur,Ho,ug/L,< 0.005
S98_01836,JAM-43,1998/07/20,24.758,89.835,HTW,20,Dhaka,Jamalpur,Sarishabari,Sharishabari,Sharishabari,Ho,ug/L,< 0.005
S98_01837,DAR-44,1998/07/19,23.529,88.81,HTW,18,Khulna,Chuadanga,Chuadanga Sadar,Darsana,Darsana,Ho,ug/L,< 0.005
S98_01838,MYM-44,1998/07/17,24.748,90.406,DTW,107,Dhaka,Mymensingh,Mymensingh Sadar,Sadar,Bagmera,Ho,ug/L,< 0.005
S98_01839,JHIN-45,1998/07/18,23.547,89.165,,122,Khulna,Jhenaidah,Jhenaidah Sadar,Jhinaidha,Jhinaidha,Ho,ug/L,< 0.005
S98_01840,NET-45,1998/07/17,24.866,90.722,HTW,65,Dhaka,Netrokona,Netrokona Sadar,Sadar,Netrokona,Ho,ug/L,< 0.005
S98_01841,MAGU-46,1998/07/15,23.488,89.429,HTW,21,Khulna,Magura,Magura Sadar,Magura,Magura,Ho,ug/L,< 0.005
S98_01842,KISH-46,1998/07/18,24.444,90.773,DTW,118,Dhaka,Kishoreganj,Kishoreganj Sadar,Goital,Kishorgorj,Ho,ug/L,< 0.005
S98_01843,JES-47,1998/07/18,23.167,89.219,DTW,133,Khulna,Jessore,Jessore Sadar,Jessore,Jessore,Ho,ug/L,< 0.005
S98_01844,MYM-47,1998/07/17,24.454,90.54,HTW,,Dhaka,Mymensingh,Gafargaon,Saltia,Sulhasia,Ho,ug/L,< 0.005
S98_01845,NAR-48,1998/07/18,23.173,89.513,HTW,24,Khulna,Narail,Narail Sadar,Narail,Narail,Ho,ug/L,< 0.005
S98_01846,KISH-48,1998/07/18,24.047,90.973,HTW,20,Dhaka,Kishoreganj,Bhairab,Bhairab,Bhairab Rly St,Ho,ug/L,< 0.005
S98_01847,GODKHA-49,1998/07/15,23.059,89.077,HTW,24,Khulna,Jessore,Jhikargachha,Godkhali,Godkhali,Ho,ug/L,< 0.005
S98_01848,TA-49,1998/07/20,24.605,90.024,HTW,34,Dhaka,Tangail,Madhupur,Madhupur,Madhupur,Ho,ug/L,< 0.005
S98_01849,KHUL-50,1998/07/15,22.812,89.561,DTW,274,Khulna,Khulna,Khulna Sadar,Khulna,Khulna,Ho,ug/L,< 0.005
S98_01850,TA-50,1998/07/20,24.24,89.909,HTW,27,Dhaka,Tangail,Tangail Sadar,Sadar,Bepari Para,Ho,ug/L,< 0.005
S98_01851,SATKHR-51,1998/07/17,22.718,89.07,DTW,183,Khulna,Satkhira,Satkhira Sadar,Satkhira,Satkhira,Ho,ug/L,< 0.005
S98_01852,TA-51,1998/07/20,24.108,90.076,HTW,27,Dhaka,Tangail,Mirzapur,Baithgram,Gurail,Ho,ug/L,< 0.005
S98_01853,CHAL-52,1998/07/18,22.586,89.504,HTW,18,Khulna,Bagerhat,Bagerhat Sadar,Chalna,Chalna,Ho,ug/L,< 0.005
S98_01854,GA-52,1998/07/17,24.197,90.474,HTW,29,Dhaka,Gazipur,Sripur,Sreepur,Sreepur,Ho,ug/L,< 0.005
S98_01855,BAGIER-53,1998/07/15,22.663,89.763,,38,Khulna,Bagerhat,Bagerhat Sadar,Bagierhat,Bagierhat,Ho,ug/L,< 0.005
S98_01856,NAR-53,1998/07/18,23.926,90.718,HTW,,Dhaka,Narsingdi,Narsingdi Sadar,Narshingdi,Norshindi Dak Hangloo,Ho,ug/L,< 0.005
S98_01857,KHALIS-54,1998/07/18,22.548,89.538,DTW,274,Khulna,Khulna,Khulna Sadar,Khalishpur,Khalishpur,Ho,ug/L,< 0.005
S98_01858,DA-54,1998/07/16,23.734,90.418,DTW,137,Dhaka,Dhaka,Motijheel,Motijheel,Pwd Colony,Ho,ug/L,< 0.005
S98_01859,RJB-69,1998/07/22,23.765,89.476,HTW,22,Dhaka,Rajbari,Pangsha,,Kalukhau,Ho,ug/L,< 0.005
S98_01860,RJB-70,1998/07/22,23.754,89.645,DTW,127,Dhaka,Rajbari,Rajbari Sadar,,Municipality,Ho,ug/L,< 0.005
S98_01861,FAR-71,1998/07/23,23.599,89.835,DTW,84,Dhaka,Faridpur,Faridpur Sadar,,Municipal,Ho,ug/L,< 0.005
S98_01862,GOP-72,1998/07/23,23.21,89.693,HTW,20,Dhaka,Gopalganj,Kashiani,,Bhatiapara,Ho,ug/L,< 0.005
S98_01863,GOP-73,1998/07/23,23.005,89.823,HTW,20,Dhaka,Gopalganj,Gopalganj Sadar,Municipality,Gopalganj,Ho,ug/L,< 0.005
S98_01864,MAD-74,1998/07/23,23.167,90.195,DTW,238,Dhaka,Madaripur,Madaripur Sadar,Municipality,Madaripur,Ho,ug/L,< 0.005
S98_01865,BAR-75,1998/07/25,22.7,90.369,DTW,610,Barisal,Barisal,Barisal Sadar,,Barisal,Ho,ug/L,< 0.005
S98_01866,PAT-77,1998/07/25,22.355,90.345,DTW,274,Barisal,Patuakhali,Patuakhali Sadar,Municipality,Patuakhali,Ho,ug/L,< 0.005
S98_01867,DA-101,1998/07/21,23.51,90.217,HTW,26,Dhaka,Munshiganj,Munshiganj Sadar,Bhaishakul,Bhaishakul T Inst,Ho,ug/L,< 0.005
S98_01868,DA-102,1998/07/16,23.769,90.364,DTW,53,Dhaka,Dhaka,Mohammadpur (D),Mohammedpur,Mohammedpur,Ho,ug/L,< 0.005
S98_04510,GOHI-44,1998/07/29,22.1467,91.8231,Piez,265,Chittagong,Chittagong,Anowara,Gohira,UC Office,Ho,ug/L,< 0.005
S98_04511,RUST-45,1998/07/29,22.1924,91.8562,HTW,146,Chittagong,Chittagong,Anowara,Battali,Battali,Ho,ug/L,< 0.005
S98_04512,GOHI-46,1998/07/29,22.1467,91.8231,Piez,68,Chittagong,Chittagong,Anowara,Gohira,UC Office,Ho,ug/L,< 0.005
S98_04513,COM-84,1998/07/28,23.4453,91.1722,HTW,32,Chittagong,Comilla,Comilla Sadar,Shaktala,Shaktala,Ho,ug/L,< 0.005
S98_04514,DAUD-85,1998/07/28,23.536,90.7104,HTW,32,Chittagong,Comilla,Daudkandi,Daudkandi,Daudkandi Bazar,Ho,ug/L,< 0.005
S98_04515,LAKS-86,1998/07/28,23.2499,91.115,HTW,23,Chittagong,Comilla,Laksam,Nabaratpur,Nabaratpur,Ho,ug/L,< 0.005
S98_04516,HAJ-87,1998/07/31,23.2484,90.8696,DTW,107,Chittagong,Chandpur,Hajiganj,Aligonj,Aligonj H complex,Ho,ug/L,< 0.005
S98_04517,CHAN-88,1998/07/31,23.2342,90.6673,HTW,168,Chittagong,Chandpur,Chandpur Sadar,Shologhar,Shologhar,Ho,ug/L,< 0.005
S98_04518,NOA-89,1998/07/28,22.8334,91.0955,HTW,11,Chittagong,Noakhali,Noakhali Sadar,Sonapur,Sonapur,Ho,ug/L,< 0.005
S98_04519,FENI-90,1998/07/28,23.0053,91.3866,HTW,13,Chittagong,Feni,Feni Sadar,Pachgadria,Feni Rest House,Ho,ug/L,< 0.005
S98_04520,MIR-91,1998/07/28,22.7761,91.5656,HTW,25,Chittagong,Chittagong,Mirsharai,PS,Miraswarai,Ho,ug/L,< 0.005
S98_04521,CTG-92,1998/07/29,22.4735,91.7891,DTW,110,Chittagong,Chittagong,Hathazari,Hathajani,University,Ho,ug/L,< 0.005
S98_04522,CTG-93,1998/07/29,22.3704,91.8442,DTW,146,Chittagong,Chittagong,Chandgaon,Chandgown,Chandgown,Ho,ug/L,< 0.005
S98_04523,ANWA-94,1998/07/29,22.2234,91.898,HTW,43,Chittagong,Chittagong,Anowara,Anwara,Thana Parishad Office,Ho,ug/L,< 0.005
S98_04524,SAT-95,1998/07/29,22.0721,92.0479,HTW,31,Chittagong,Chittagong,Satkania,Satkania,Satkania,Ho,ug/L,< 0.005
S98_04525,COX-99,1998/07/30,21.4349,91.9656,HTW,10,Chittagong,Cox's Bazar,Cox's Bazar Sadar,,BWDB rest house,Ho,ug/L,< 0.005
S98_04526,UKHI-100,1998/07/30,21.2432,92.1325,DTW,52,Chittagong,Cox's Bazar,Ukhia,Ukhia,Ukhia Bazar,Ho,ug/L,< 0.005
S99_00796,SAN-43(CS),1999/04/06,22.4815,91.4285,Piez,56.96,Chittagong,Chittagong,Sandwip,Rahamatpur,Rahamatpur,Ho,ug/L,
S99_00797,SAN-42(CMD),1999/04/06,22.4815,91.4285,Piez,160.92,Chittagong,Chittagong,Sandwip,Rahamatpur,Rahamatpur,Ho,ug/L,
S99_00798,SAN-41(CD),1999/04/06,22.4815,91.4285,Piez,261.94,Chittagong,Chittagong,Sandwip,Rahamatpur,Rahamatpur,Ho,ug/L,
S99_00799,MOH-98,1999/05/28,21.517,91.9584,Piez,7.32,Chittagong,Cox's Bazar,Maheshkhali,Gorukghata,Gorukghata,Ho,ug/L,
S99_00800,KUT-97,1999/05/30,21.8128,91.8449,Piez,542.68,Chittagong,Cox's Bazar,Kutubdia,Baraghope,Baraghope,Ho,ug/L,
S99_00801,SAND-9,1999/03/06,22.4817,91.4332,Piez,329.26,Chittagong,Chittagong,Sandwip,BWDB Guest house,BWDB Guest house,Ho,ug/L,
S99_00802,AKHA-82,1999/05/24,23.8659,91.201,HTW,18.3,Chittagong,Brahamanbaria,Akhaura,Railway station,Railway station,Ho,ug/L,
S99_00803,MUR-83,1999/05/24,23.7627,90.9899,HTW,26.22,Chittagong,Comilla,Muradnagar,Kasimpur,Kasimpur,Ho,ug/L,
S99_00804,CHU-81,1999/05/25,24.1945,91.5138,HTW,30.5,Sylhet,Habiganj,Chunarughat,Chunarughat Bazar,Chunarughat Bazar,Ho,ug/L,
S99_00805,HABI-80,1999/05/25,24.3776,91.4083,HTW,36.59,Sylhet,Habiganj,Habiganj Sadar,Rajanagar,Rajanagar,Ho,ug/L,
S99_00806,MVI-79,1999/05/25,24.4696,91.7603,HTW,30.5,Sylhet,Maulvibazar,Maulvi Bazar Sadar,Sultanpur,Sultanpur,Ho,ug/L,
S99_00807,SYL-78,1998/05/25,24.8795,91.8605,HTW,30.5,Sylhet,Sylhet,Sylhet Sadar,Railway station,Railway station,Ho,ug/L,
S98_01785,SAT-1,1998/07/23,26.479,88.514,HTW,9,Rajshahi,Panchagarh,Tetulia,Satmara,Satmara,I,mg/L,0.0013
S98_01786,130DA-2,,25.7,88.5,HTW,15,Rajshahi,Panchagarh,Boda,Boda,Boda,I,mg/L,0.0021
S98_01787,TA-2/B,1998/07/20,24.088,90.17,HTW,37,Dhaka,Tangail,Mirzapur,Gurai,Gurai,I,mg/L,0.0078
S98_01788,BALI-3,1998/07/23,26.083,88.279,HTW,18,Rajshahi,Thakurgaon,Baliadangi,Baliadanga,Baliadanga,I,mg/L,0.0012
S98_01789,SALN-4,1998/07/23,26.054,88.533,HTW,37,Rajshahi,Thakurgaon,Thakurgaon Sadar,Salander,Salander,I,mg/L,0.0013
S98_01790,JA-4/B,1998/07/19,24.91,89.946,HTW,26,Dhaka,Jamalpur,Jamalpur Sadar,Jamalpur,Fulbaria,I,mg/L,0.0028
S98_01791,KABIR-5,1998/07/24,25.903,88.6,HTW,30,Rajshahi,Dinajpur,Birganj,Birgong,Kbirashat,I,mg/L,0.001
S98_01792,RANI-6,1998/07/23,25.901,88.254,HTW,30,Rajshahi,Thakurgaon,Ranisankail,Ranisanwail,Ranisanwail,I,mg/L,0.006
S98_01793,SIBRM-7,1998/07/24,25.665,88.652,HTW,18,Rajshahi,Dinajpur,Dinajpur Sadar,Sibrampur,Sibrampur,I,mg/L,0.008
S98_01794,PARBT-8,1998/07/24,25.653,88.915,HTW,20,Rajshahi,Dinajpur,Parbatipur,Parbatipur,Parbatipur,I,mg/L,0.0046
S98_01795,HAKM-9,1998/07/22,25.288,89.021,HTW,21,Rajshahi,Dinajpur,Hakimpur,Hakimpur,Hakimpur,I,mg/L,0.003
S98_01796,CHIL-10,1998/07/25,26.1,88.8,HTW,24,Rajshahi,Nilphamari,Domar,Chilahati,Chilahati,I,mg/L,0.016
S98_01797,NIL-11,1998/07/24,25.9,88.8,HTW,18,Rajshahi,Nilphamari,Nilphamari Sadar,Nilphamari,Nilphamari,I,mg/L,0.0051
S98_01798,BRUT-12,1998/07/25,26.203,89.11,HTW,,Rajshahi,Lalmonirhat,Hatibandha,Barakhta,Barakhta,I,mg/L,0.0024
S98_01799,JAL-13,1998/07/25,25.931,88.838,HTW,27,Rajshahi,Nilphamari,Jaldhaka,Jaldhaka,Jaldhaka,I,mg/L,< 0.0008
S98_01800,RANG-14,1998/07/26,25.752,89.253,HTW,18,Rajshahi,Rangpur,Rangpur Sadar,Rangipur,Rangipur,I,mg/L,0.0013
S98_01801,LALM-15,1998/07/25,25.913,89.436,HTW,14,Rajshahi,Lalmonirhat,Lalmonirhat Sadar,Lalmonihat,Lalmonihat,I,mg/L,0.0021
S98_01802,NAGUR-16,1998/07/26,25.965,89.671,HTW,18,Rajshahi,Kurigram,Nageshwari,Nagieshwari,Nagieshwari,I,mg/L,0.0057
S98_01803,ULI-17,1998/07/26,25.653,89.623,HTW,18,Rajshahi,Kurigram,Ulipur,Ulipur,Ulipur,I,mg/L,0.0038
S98_01804,BAMAN,1998/07/26,25.532,89.446,,18,Rajshahi,Gaibandha,Sundarganj,Bamandaga,Bamandaga,I,mg/L,< 0.0008
S98_01805,BOA-19,1998/07/27,25.318,89.55,HTW,18,Rajshahi,Gaibandha,Gaibandha Sadar,Boalia,Boalia,I,mg/L,< 0.0008
S98_01806,GABIN-20,1998/07/27,25.134,89.387,,12,Rajshahi,Gaibandha,Gobindaganj,Gabindagons,Gabindagons,I,mg/L,0.0017
S98_01807,MADR-21,1998/07/22,25.109,89.036,HTW,15,Rajshahi,Jaipurhat,Jaipurhat Sadar,Madergonj,Madergonj,I,mg/L,0.0034
S98_01808,SANTA-22,1998/07/22,24.804,88.969,HTW,18,Rajshahi,Bogra,Adamdighi,Santahar,Santahar,I,mg/L,0.0195
S98_01809,GIOKU-23,1998/07/27,24.933,89.348,HTW,18,Rajshahi,Bogra,Bogra Sadar,Giokul,Giokul,I,mg/L,0.0028
S98_01810,PATNI-29,1998/07/22,25.05,88.75,HTW,15,Rajshahi,Naogaon,Patnitala,Patnitala,Patnitala,I,mg/L,0.0028
S98_01811,MAND-25,1998/07/22,24.793,88.701,HTW,30,Rajshahi,Naogaon,Manda,Manda,Manda,I,mg/L,0.0426
S98_01812,PIR-25,1998/07/27,22.365,89.933,,,Barisal,Pirojpur,Mathbaria,,Burirchar,I,mg/L,5.84
S98_01813,RAHAN-26,1998/07/21,24.8,88.2,HTW,30,Rajshahi,Nawabganj,Gomastapur,Rahandur,Rahandur,I,mg/L,0.0878
S98_01814,PIR-26,1998/07/27,22.365,89.933,HTW,37,Barisal,Pirojpur,Mathbaria,,Burirchar,I,mg/L,2.72
S98_01815,SHIB-27,1998/07/21,24.684,88.157,Piez,61,Rajshahi,Nawabganj,Shibganj (N),Shibgong,Shibgong,I,mg/L,0.0189
S98_01816,PIR-27,1998/07/27,22.365,89.933,HTW,27,Barisal,Pirojpur,Mathbaria,,Burirchar,I,mg/L,0.061
S98_01817,GIODA-28,1998/07/21,24.461,88.328,HTW,30,Rajshahi,Rajshahi,Godagari,Giodagari,Giodagari,I,mg/L,0.0113
S98_01818,SAPU-29,1998/07/21,24.374,88.558,HTW,37,Rajshahi,Rajshahi,Rajpara,Sapura,Sapura,I,mg/L,0.0225
S98_01819,CHAR-30,1998/07/20,24.304,88.738,HTW,18,Rajshahi,Rajshahi,Charghat,Charghat,Charghat,I,mg/L,0.0298
S98_01820,NAT-31,1998/07/20,24.414,89.988,HTW,27,Rajshahi,Natore,Natore Sadar,Natore,Natore,I,mg/L,0.0473
S98_01821,SING-32,1998/07/20,24.506,89.143,TARA,18,Rajshahi,Natore,Singra,Singra,Singra,I,mg/L,0.0316
S98_01822,LAL-33,1998/07/20,24.179,88.966,HTW,27,Rajshahi,Natore,Lalpur,Lalpur,Lalpur,I,mg/L,0.0179
S98_01823,ROYG-34,1998/07/27,24.507,89.526,HTW,15,Rajshahi,Sirajganj,Raiganj,Roygong,Roygong,I,mg/L,0.0013
S98_01824,SIRA-35,1998/07/28,24.463,89.708,HTW,18,Rajshahi,Sirajganj,Sirajganj Sadar,Sirjgong,Sirjgong,I,mg/L,0.0024
S98_01825,CHAT-36,1998/07/20,24.15,89.261,HTW,18,Rajshahi,Pabna,Chatmohar,Chatmohur,Chatmohur,I,mg/L,0.0505
S98_01826,PAB-37,1998/07/19,24.006,89.235,HTW,30,Rajshahi,Pabna,Pabna Sadar,Pabna,Pabna,I,mg/L,0.0512
S98_01827,SUJA-38,1998/07/19,23.94,89.408,HTW,18,Rajshahi,Pabna,Sujanagar,Sujanager,Sujanager,I,mg/L,0.197
S98_01828,NAGIR-39,1998/07/28,23.951,89.65,HTW,20,Rajshahi,Pabna,Bera,Nagierbari,Nagierbari,I,mg/L,0.0277
S98_01829,JA-40,1998/07/19,25.156,89.751,HTW,27,Dhaka,Jamalpur,Dewanganj,Chukaibari,Batheshasaria,I,mg/L,0.0017
S98_01830,PRAG-40,1998/07/19,24.005,88.765,TARA,113,Khulna,Kushtia,Daulatpur (Ku),Pragpur,Pragpur,I,mg/L,0.0515
S98_01831,HYM-41,1998/07/18,25.117,90.335,,27,Dhaka,Mymensingh,Haluaghat, Haluagher,Haluaghatthana Compn,I,mg/L,0.0153
S98_01832,VHAR-41,1998/07/19,24.019,88.992,HTW,,Khulna,Kushtia,Bheramara,Vharamara,Vharamara,I,mg/L,0.031
S98_01833,KUST-42,1998/07/19,23.909,89.128,HTW,49,Khulna,Kushtia,Kushtia Sadar,Kushtia,Kushtia,I,mg/L,0.0082
S98_01834,SHER-42/A,1998/07/18,25.018,90.012,HTW,36,Rajshahi,Bogra,Sherpur,Sherpur,,I,mg/L,0.0152
S98_01835,MEHER-43,1998/07/19,23.761,88.632,HTW,27,Khulna,Meherpur,Meherpur Sadar,Meherpur,Meherpur,I,mg/L,0.0027
S98_01836,JAM-43,1998/07/20,24.758,89.835,HTW,20,Dhaka,Jamalpur,Sarishabari,Sharishabari,Sharishabari,I,mg/L,0.04
S98_01837,DAR-44,1998/07/19,23.529,88.81,HTW,18,Khulna,Chuadanga,Chuadanga Sadar,Darsana,Darsana,I,mg/L,0.0521
S98_01838,MYM-44,1998/07/17,24.748,90.406,DTW,107,Dhaka,Mymensingh,Mymensingh Sadar,Sadar,Bagmera,I,mg/L,0.0636
S98_01839,JHIN-45,1998/07/18,23.547,89.165,,122,Khulna,Jhenaidah,Jhenaidah Sadar,Jhinaidha,Jhinaidha,I,mg/L,0.0034
S98_01840,NET-45,1998/07/17,24.866,90.722,HTW,65,Dhaka,Netrokona,Netrokona Sadar,Sadar,Netrokona,I,mg/L,0.26
S98_01841,MAGU-46,1998/07/15,23.488,89.429,HTW,21,Khulna,Magura,Magura Sadar,Magura,Magura,I,mg/L,0.0013
S98_01842,KISH-46,1998/07/18,24.444,90.773,DTW,118,Dhaka,Kishoreganj,Kishoreganj Sadar,Goital,Kishorgorj,I,mg/L,0.0008
S98_01843,JES-47,1998/07/18,23.167,89.219,DTW,133,Khulna,Jessore,Jessore Sadar,Jessore,Jessore,I,mg/L,0.014
S98_01844,MYM-47,1998/07/17,24.454,90.54,HTW,,Dhaka,Mymensingh,Gafargaon,Saltia,Sulhasia,I,mg/L,0.063
S98_01845,NAR-48,1998/07/18,23.173,89.513,HTW,24,Khulna,Narail,Narail Sadar,Narail,Narail,I,mg/L,0.13
S98_01846,KISH-48,1998/07/18,24.047,90.973,HTW,20,Dhaka,Kishoreganj,Bhairab,Bhairab,Bhairab Rly St,I,mg/L,0.008
S98_01847,GODKHA-49,1998/07/15,23.059,89.077,HTW,24,Khulna,Jessore,Jhikargachha,Godkhali,Godkhali,I,mg/L,0.0009
S98_01848,TA-49,1998/07/20,24.605,90.024,HTW,34,Dhaka,Tangail,Madhupur,Madhupur,Madhupur,I,mg/L,0.0019
S98_01849,KHUL-50,1998/07/15,22.812,89.561,DTW,274,Khulna,Khulna,Khulna Sadar,Khulna,Khulna,I,mg/L,0.082
S98_01850,TA-50,1998/07/20,24.24,89.909,HTW,27,Dhaka,Tangail,Tangail Sadar,Sadar,Bepari Para,I,mg/L,0.015
S98_01851,SATKHR-51,1998/07/17,22.718,89.07,DTW,183,Khulna,Satkhira,Satkhira Sadar,Satkhira,Satkhira,I,mg/L,0.0041
S98_01852,TA-51,1998/07/20,24.108,90.076,HTW,27,Dhaka,Tangail,Mirzapur,Baithgram,Gurail,I,mg/L,0.0037
S98_01853,CHAL-52,1998/07/18,22.586,89.504,HTW,18,Khulna,Bagerhat,Bagerhat Sadar,Chalna,Chalna,I,mg/L,0.084
S98_01854,GA-52,1998/07/17,24.197,90.474,HTW,29,Dhaka,Gazipur,Sripur,Sreepur,Sreepur,I,mg/L,0.021
S98_01855,BAGIER-53,1998/07/15,22.663,89.763,,38,Khulna,Bagerhat,Bagerhat Sadar,Bagierhat,Bagierhat,I,mg/L,0.0073
S98_01856,NAR-53,1998/07/18,23.926,90.718,HTW,,Dhaka,Narsingdi,Narsingdi Sadar,Narshingdi,Norshindi Dak Hangloo,I,mg/L,0.0031
S98_01857,KHALIS-54,1998/07/18,22.548,89.538,DTW,274,Khulna,Khulna,Khulna Sadar,Khalishpur,Khalishpur,I,mg/L,0.017
S98_01858,DA-54,1998/07/16,23.734,90.418,DTW,137,Dhaka,Dhaka,Motijheel,Motijheel,Pwd Colony,I,mg/L,0.0096
S98_01859,RJB-69,1998/07/22,23.765,89.476,HTW,22,Dhaka,Rajbari,Pangsha,,Kalukhau,I,mg/L,0.0059
S98_01860,RJB-70,1998/07/22,23.754,89.645,DTW,127,Dhaka,Rajbari,Rajbari Sadar,,Municipality,I,mg/L,0.018
S98_01861,FAR-71,1998/07/23,23.599,89.835,DTW,84,Dhaka,Faridpur,Faridpur Sadar,,Municipal,I,mg/L,0.017
S98_01862,GOP-72,1998/07/23,23.21,89.693,HTW,20,Dhaka,Gopalganj,Kashiani,,Bhatiapara,I,mg/L,0.014
S98_01863,GOP-73,1998/07/23,23.005,89.823,HTW,20,Dhaka,Gopalganj,Gopalganj Sadar,Municipality,Gopalganj,I,mg/L,0.0056
S98_01864,MAD-74,1998/07/23,23.167,90.195,DTW,238,Dhaka,Madaripur,Madaripur Sadar,Municipality,Madaripur,I,mg/L,0.18
S98_01865,BAR-75,1998/07/25,22.7,90.369,DTW,610,Barisal,Barisal,Barisal Sadar,,Barisal,I,mg/L,0.051
S98_01866,PAT-77,1998/07/25,22.355,90.345,DTW,274,Barisal,Patuakhali,Patuakhali Sadar,Municipality,Patuakhali,I,mg/L,0.24
S98_01867,DA-101,1998/07/21,23.51,90.217,HTW,26,Dhaka,Munshiganj,Munshiganj Sadar,Bhaishakul,Bhaishakul T Inst,I,mg/L,0.75
S98_01868,DA-102,1998/07/16,23.769,90.364,DTW,53,Dhaka,Dhaka,Mohammadpur (D),Mohammedpur,Mohammedpur,I,mg/L,0.0089
S98_04510,GOHI-44,1998/07/29,22.1467,91.8231,Piez,265,Chittagong,Chittagong,Anowara,Gohira,UC Office,I,mg/L,0.0122
S98_04511,RUST-45,1998/07/29,22.1924,91.8562,HTW,146,Chittagong,Chittagong,Anowara,Battali,Battali,I,mg/L,0.0032
S98_04512,GOHI-46,1998/07/29,22.1467,91.8231,Piez,68,Chittagong,Chittagong,Anowara,Gohira,UC Office,I,mg/L,0.0097
S98_04513,COM-84,1998/07/28,23.4453,91.1722,HTW,32,Chittagong,Comilla,Comilla Sadar,Shaktala,Shaktala,I,mg/L,0.0052
S98_04514,DAUD-85,1998/07/28,23.536,90.7104,HTW,32,Chittagong,Comilla,Daudkandi,Daudkandi,Daudkandi Bazar,I,mg/L,0.123
S98_04515,LAKS-86,1998/07/28,23.2499,91.115,HTW,23,Chittagong,Comilla,Laksam,Nabaratpur,Nabaratpur,I,mg/L,0.0099
S98_04516,HAJ-87,1998/07/31,23.2484,90.8696,DTW,107,Chittagong,Chandpur,Hajiganj,Aligonj,Aligonj H complex,I,mg/L,0.098
S98_04517,CHAN-88,1998/07/31,23.2342,90.6673,HTW,168,Chittagong,Chandpur,Chandpur Sadar,Shologhar,Shologhar,I,mg/L,0.0186
S98_04518,NOA-89,1998/07/28,22.8334,91.0955,HTW,11,Chittagong,Noakhali,Noakhali Sadar,Sonapur,Sonapur,I,mg/L,0.131
S98_04519,FENI-90,1998/07/28,23.0053,91.3866,HTW,13,Chittagong,Feni,Feni Sadar,Pachgadria,Feni Rest House,I,mg/L,0.0292
S98_04520,MIR-91,1998/07/28,22.7761,91.5656,HTW,25,Chittagong,Chittagong,Mirsharai,PS,Miraswarai,I,mg/L,0.13
S98_04521,CTG-92,1998/07/29,22.4735,91.7891,DTW,110,Chittagong,Chittagong,Hathazari,Hathajani,University,I,mg/L,0.0013
S98_04522,CTG-93,1998/07/29,22.3704,91.8442,DTW,146,Chittagong,Chittagong,Chandgaon,Chandgown,Chandgown,I,mg/L,0.0042
S98_04523,ANWA-94,1998/07/29,22.2234,91.898,HTW,43,Chittagong,Chittagong,Anowara,Anwara,Thana Parishad Office,I,mg/L,0.198
S98_04524,SAT-95,1998/07/29,22.0721,92.0479,HTW,31,Chittagong,Chittagong,Satkania,Satkania,Satkania,I,mg/L,0.0428
S98_04525,COX-99,1998/07/30,21.4349,91.9656,HTW,10,Chittagong,Cox's Bazar,Cox's Bazar Sadar,,BWDB rest house,I,mg/L,0.0057
S98_04526,UKHI-100,1998/07/30,21.2432,92.1325,DTW,52,Chittagong,Cox's Bazar,Ukhia,Ukhia,Ukhia Bazar,I,mg/L,0.0016
S99_00796,SAN-43(CS),1999/04/06,22.4815,91.4285,Piez,56.96,Chittagong,Chittagong,Sandwip,Rahamatpur,Rahamatpur,I,mg/L,0.0038
S99_00797,SAN-42(CMD),1999/04/06,22.4815,91.4285,Piez,160.92,Chittagong,Chittagong,Sandwip,Rahamatpur,Rahamatpur,I,mg/L,0.0286
S99_00798,SAN-41(CD),1999/04/06,22.4815,91.4285,Piez,261.94,Chittagong,Chittagong,Sandwip,Rahamatpur,Rahamatpur,I,mg/L,0.127
S99_00799,MOH-98,1999/05/28,21.517,91.9584,Piez,7.32,Chittagong,Cox's Bazar,Maheshkhali,Gorukghata,Gorukghata,I,mg/L,0.134
S99_00800,KUT-97,1999/05/30,21.8128,91.8449,Piez,542.68,Chittagong,Cox's Bazar,Kutubdia,Baraghope,Baraghope,I,mg/L,0.001
S99_00801,SAND-9,1999/03/06,22.4817,91.4332,Piez,329.26,Chittagong,Chittagong,Sandwip,BWDB Guest house,BWDB Guest house,I,mg/L,0.124
S99_00802,AKHA-82,1999/05/24,23.8659,91.201,HTW,18.3,Chittagong,Brahamanbaria,Akhaura,Railway station,Railway station,I,mg/L,0.0177
S99_00803,MUR-83,1999/05/24,23.7627,90.9899,HTW,26.22,Chittagong,Comilla,Muradnagar,Kasimpur,Kasimpur,I,mg/L,0.14
S99_00804,CHU-81,1999/05/25,24.1945,91.5138,HTW,30.5,Sylhet,Habiganj,Chunarughat,Chunarughat Bazar,Chunarughat Bazar,I,mg/L,0.0152
S99_00805,HABI-80,1999/05/25,24.3776,91.4083,HTW,36.59,Sylhet,Habiganj,Habiganj Sadar,Rajanagar,Rajanagar,I,mg/L,0.0064
S99_00806,MVI-79,1999/05/25,24.4696,91.7603,HTW,30.5,Sylhet,Maulvibazar,Maulvi Bazar Sadar,Sultanpur,Sultanpur,I,mg/L,0.092
S99_00807,SYL-78,1998/05/25,24.8795,91.8605,HTW,30.5,Sylhet,Sylhet,Sylhet Sadar,Railway station,Railway station,I,mg/L,0.0212
S98_01785,SAT-1,1998/07/23,26.479,88.514,HTW,9,Rajshahi,Panchagarh,Tetulia,Satmara,Satmara,K,mg/L,10.9
S98_01786,130DA-2,,25.7,88.5,HTW,15,Rajshahi,Panchagarh,Boda,Boda,Boda,K,mg/L,2.2
S98_01787,TA-2/B,1998/07/20,24.088,90.17,HTW,37,Dhaka,Tangail,Mirzapur,Gurai,Gurai,K,mg/L,0.8
S98_01788,BALI-3,1998/07/23,26.083,88.279,HTW,18,Rajshahi,Thakurgaon,Baliadangi,Baliadanga,Baliadanga,K,mg/L,2.6
S98_01789,SALN-4,1998/07/23,26.054,88.533,HTW,37,Rajshahi,Thakurgaon,Thakurgaon Sadar,Salander,Salander,K,mg/L,4.2
S98_01790,JA-4/B,1998/07/19,24.91,89.946,HTW,26,Dhaka,Jamalpur,Jamalpur Sadar,Jamalpur,Fulbaria,K,mg/L,0.9
S98_01791,KABIR-5,1998/07/24,25.903,88.6,HTW,30,Rajshahi,Dinajpur,Birganj,Birgong,Kbirashat,K,mg/L,1.6
S98_01792,RANI-6,1998/07/23,25.901,88.254,HTW,30,Rajshahi,Thakurgaon,Ranisankail,Ranisanwail,Ranisanwail,K,mg/L,3.4
S98_01793,SIBRM-7,1998/07/24,25.665,88.652,HTW,18,Rajshahi,Dinajpur,Dinajpur Sadar,Sibrampur,Sibrampur,K,mg/L,2.6
S98_01794,PARBT-8,1998/07/24,25.653,88.915,HTW,20,Rajshahi,Dinajpur,Parbatipur,Parbatipur,Parbatipur,K,mg/L,2.5
S98_01795,HAKM-9,1998/07/22,25.288,89.021,HTW,21,Rajshahi,Dinajpur,Hakimpur,Hakimpur,Hakimpur,K,mg/L,1.6
S98_01796,CHIL-10,1998/07/25,26.1,88.8,HTW,24,Rajshahi,Nilphamari,Domar,Chilahati,Chilahati,K,mg/L,2.8
S98_01797,NIL-11,1998/07/24,25.9,88.8,HTW,18,Rajshahi,Nilphamari,Nilphamari Sadar,Nilphamari,Nilphamari,K,mg/L,2.7
S98_01798,BRUT-12,1998/07/25,26.203,89.11,HTW,,Rajshahi,Lalmonirhat,Hatibandha,Barakhta,Barakhta,K,mg/L,13.6
S98_01799,JAL-13,1998/07/25,25.931,88.838,HTW,27,Rajshahi,Nilphamari,Jaldhaka,Jaldhaka,Jaldhaka,K,mg/L,2.4
S98_01800,RANG-14,1998/07/26,25.752,89.253,HTW,18,Rajshahi,Rangpur,Rangpur Sadar,Rangipur,Rangipur,K,mg/L,7
S98_01801,LALM-15,1998/07/25,25.913,89.436,HTW,14,Rajshahi,Lalmonirhat,Lalmonirhat Sadar,Lalmonihat,Lalmonihat,K,mg/L,4
S98_01802,NAGUR-16,1998/07/26,25.965,89.671,HTW,18,Rajshahi,Kurigram,Nageshwari,Nagieshwari,Nagieshwari,K,mg/L,9.3
S98_01803,ULI-17,1998/07/26,25.653,89.623,HTW,18,Rajshahi,Kurigram,Ulipur,Ulipur,Ulipur,K,mg/L,2.3
S98_01804,BAMAN,1998/07/26,25.532,89.446,,18,Rajshahi,Gaibandha,Sundarganj,Bamandaga,Bamandaga,K,mg/L,14.4
S98_01805,BOA-19,1998/07/27,25.318,89.55,HTW,18,Rajshahi,Gaibandha,Gaibandha Sadar,Boalia,Boalia,K,mg/L,2
S98_01806,GABIN-20,1998/07/27,25.134,89.387,,12,Rajshahi,Gaibandha,Gobindaganj,Gabindagons,Gabindagons,K,mg/L,16.7
S98_01807,MADR-21,1998/07/22,25.109,89.036,HTW,15,Rajshahi,Jaipurhat,Jaipurhat Sadar,Madergonj,Madergonj,K,mg/L,1.3
S98_01808,SANTA-22,1998/07/22,24.804,88.969,HTW,18,Rajshahi,Bogra,Adamdighi,Santahar,Santahar,K,mg/L,0.9
S98_01809,GIOKU-23,1998/07/27,24.933,89.348,HTW,18,Rajshahi,Bogra,Bogra Sadar,Giokul,Giokul,K,mg/L,0.7
S98_01810,PATNI-29,1998/07/22,25.05,88.75,HTW,15,Rajshahi,Naogaon,Patnitala,Patnitala,Patnitala,K,mg/L,0.4
S98_01811,MAND-25,1998/07/22,24.793,88.701,HTW,30,Rajshahi,Naogaon,Manda,Manda,Manda,K,mg/L,0.5
S98_01812,PIR-25,1998/07/27,22.365,89.933,,,Barisal,Pirojpur,Mathbaria,,Burirchar,K,mg/L,33.2
S98_01813,RAHAN-26,1998/07/21,24.8,88.2,HTW,30,Rajshahi,Nawabganj,Gomastapur,Rahandur,Rahandur,K,mg/L,0.9
S98_01814,PIR-26,1998/07/27,22.365,89.933,HTW,37,Barisal,Pirojpur,Mathbaria,,Burirchar,K,mg/L,126
S98_01815,SHIB-27,1998/07/21,24.684,88.157,Piez,61,Rajshahi,Nawabganj,Shibganj (N),Shibgong,Shibgong,K,mg/L,2.4
S98_01816,PIR-27,1998/07/27,22.365,89.933,HTW,27,Barisal,Pirojpur,Mathbaria,,Burirchar,K,mg/L,6.8
S98_01817,GIODA-28,1998/07/21,24.461,88.328,HTW,30,Rajshahi,Rajshahi,Godagari,Giodagari,Giodagari,K,mg/L,0.6
S98_01818,SAPU-29,1998/07/21,24.374,88.558,HTW,37,Rajshahi,Rajshahi,Rajpara,Sapura,Sapura,K,mg/L,1.7
S98_01819,CHAR-30,1998/07/20,24.304,88.738,HTW,18,Rajshahi,Rajshahi,Charghat,Charghat,Charghat,K,mg/L,2
S98_01820,NAT-31,1998/07/20,24.414,89.988,HTW,27,Rajshahi,Natore,Natore Sadar,Natore,Natore,K,mg/L,3.4
S98_01821,SING-32,1998/07/20,24.506,89.143,TARA,18,Rajshahi,Natore,Singra,Singra,Singra,K,mg/L,1
S98_01822,LAL-33,1998/07/20,24.179,88.966,HTW,27,Rajshahi,Natore,Lalpur,Lalpur,Lalpur,K,mg/L,1.3
S98_01823,ROYG-34,1998/07/27,24.507,89.526,HTW,15,Rajshahi,Sirajganj,Raiganj,Roygong,Roygong,K,mg/L,1
S98_01824,SIRA-35,1998/07/28,24.463,89.708,HTW,18,Rajshahi,Sirajganj,Sirajganj Sadar,Sirjgong,Sirjgong,K,mg/L,3.1
S98_01825,CHAT-36,1998/07/20,24.15,89.261,HTW,18,Rajshahi,Pabna,Chatmohar,Chatmohur,Chatmohur,K,mg/L,1.6
S98_01826,PAB-37,1998/07/19,24.006,89.235,HTW,30,Rajshahi,Pabna,Pabna Sadar,Pabna,Pabna,K,mg/L,2.8
S98_01827,SUJA-38,1998/07/19,23.94,89.408,HTW,18,Rajshahi,Pabna,Sujanagar,Sujanager,Sujanager,K,mg/L,1.2
S98_01828,NAGIR-39,1998/07/28,23.951,89.65,HTW,20,Rajshahi,Pabna,Bera,Nagierbari,Nagierbari,K,mg/L,2.3
S98_01829,JA-40,1998/07/19,25.156,89.751,HTW,27,Dhaka,Jamalpur,Dewanganj,Chukaibari,Batheshasaria,K,mg/L,2.4
S98_01830,PRAG-40,1998/07/19,24.005,88.765,TARA,113,Khulna,Kushtia,Daulatpur (Ku),Pragpur,Pragpur,K,mg/L,4.6
S98_01831,HYM-41,1998/07/18,25.117,90.335,,27,Dhaka,Mymensingh,Haluaghat, Haluagher,Haluaghatthana Compn,K,mg/L,1.3
S98_01832,VHAR-41,1998/07/19,24.019,88.992,HTW,,Khulna,Kushtia,Bheramara,Vharamara,Vharamara,K,mg/L,1.9
S98_01833,KUST-42,1998/07/19,23.909,89.128,HTW,49,Khulna,Kushtia,Kushtia Sadar,Kushtia,Kushtia,K,mg/L,1.3
S98_01834,SHER-42/A,1998/07/18,25.018,90.012,HTW,36,Rajshahi,Bogra,Sherpur,Sherpur,,K,mg/L,2.3
S98_01835,MEHER-43,1998/07/19,23.761,88.632,HTW,27,Khulna,Meherpur,Meherpur Sadar,Meherpur,Meherpur,K,mg/L,3.6
S98_01836,JAM-43,1998/07/20,24.758,89.835,HTW,20,Dhaka,Jamalpur,Sarishabari,Sharishabari,Sharishabari,K,mg/L,2.3
S98_01837,DAR-44,1998/07/19,23.529,88.81,HTW,18,Khulna,Chuadanga,Chuadanga Sadar,Darsana,Darsana,K,mg/L,74.4
S98_01838,MYM-44,1998/07/17,24.748,90.406,DTW,107,Dhaka,Mymensingh,Mymensingh Sadar,Sadar,Bagmera,K,mg/L,1.4
S98_01839,JHIN-45,1998/07/18,23.547,89.165,,122,Khulna,Jhenaidah,Jhenaidah Sadar,Jhinaidha,Jhinaidha,K,mg/L,2.3
S98_01840,NET-45,1998/07/17,24.866,90.722,HTW,65,Dhaka,Netrokona,Netrokona Sadar,Sadar,Netrokona,K,mg/L,1.1
S98_01841,MAGU-46,1998/07/15,23.488,89.429,HTW,21,Khulna,Magura,Magura Sadar,Magura,Magura,K,mg/L,3.1
S98_01842,KISH-46,1998/07/18,24.444,90.773,DTW,118,Dhaka,Kishoreganj,Kishoreganj Sadar,Goital,Kishorgorj,K,mg/L,1.8
S98_01843,JES-47,1998/07/18,23.167,89.219,DTW,133,Khulna,Jessore,Jessore Sadar,Jessore,Jessore,K,mg/L,3.4
S98_01844,MYM-47,1998/07/17,24.454,90.54,HTW,,Dhaka,Mymensingh,Gafargaon,Saltia,Sulhasia,K,mg/L,1.1
S98_01845,NAR-48,1998/07/18,23.173,89.513,HTW,24,Khulna,Narail,Narail Sadar,Narail,Narail,K,mg/L,1.7
S98_01846,KISH-48,1998/07/18,24.047,90.973,HTW,20,Dhaka,Kishoreganj,Bhairab,Bhairab,Bhairab Rly St,K,mg/L,4
S98_01847,GODKHA-49,1998/07/15,23.059,89.077,HTW,24,Khulna,Jessore,Jhikargachha,Godkhali,Godkhali,K,mg/L,3.5
S98_01848,TA-49,1998/07/20,24.605,90.024,HTW,34,Dhaka,Tangail,Madhupur,Madhupur,Madhupur,K,mg/L,1.3
S98_01849,KHUL-50,1998/07/15,22.812,89.561,DTW,274,Khulna,Khulna,Khulna Sadar,Khulna,Khulna,K,mg/L,5.4
S98_01850,TA-50,1998/07/20,24.24,89.909,HTW,27,Dhaka,Tangail,Tangail Sadar,Sadar,Bepari Para,K,mg/L,3
S98_01851,SATKHR-51,1998/07/17,22.718,89.07,DTW,183,Khulna,Satkhira,Satkhira Sadar,Satkhira,Satkhira,K,mg/L,13.8
S98_01852,TA-51,1998/07/20,24.108,90.076,HTW,27,Dhaka,Tangail,Mirzapur,Baithgram,Gurail,K,mg/L,2.4
S98_01853,CHAL-52,1998/07/18,22.586,89.504,HTW,18,Khulna,Bagerhat,Bagerhat Sadar,Chalna,Chalna,K,mg/L,15.4
S98_01854,GA-52,1998/07/17,24.197,90.474,HTW,29,Dhaka,Gazipur,Sripur,Sreepur,Sreepur,K,mg/L,0.7
S98_01855,BAGIER-53,1998/07/15,22.663,89.763,,38,Khulna,Bagerhat,Bagerhat Sadar,Bagierhat,Bagierhat,K,mg/L,2.8
S98_01856,NAR-53,1998/07/18,23.926,90.718,HTW,,Dhaka,Narsingdi,Narsingdi Sadar,Narshingdi,Norshindi Dak Hangloo,K,mg/L,3.1
S98_01857,KHALIS-54,1998/07/18,22.548,89.538,DTW,274,Khulna,Khulna,Khulna Sadar,Khalishpur,Khalishpur,K,mg/L,3.9
S98_01858,DA-54,1998/07/16,23.734,90.418,DTW,137,Dhaka,Dhaka,Motijheel,Motijheel,Pwd Colony,K,mg/L,1.4
S98_01859,RJB-69,1998/07/22,23.765,89.476,HTW,22,Dhaka,Rajbari,Pangsha,,Kalukhau,K,mg/L,2.8
S98_01860,RJB-70,1998/07/22,23.754,89.645,DTW,127,Dhaka,Rajbari,Rajbari Sadar,,Municipality,K,mg/L,5.6
S98_01861,FAR-71,1998/07/23,23.599,89.835,DTW,84,Dhaka,Faridpur,Faridpur Sadar,,Municipal,K,mg/L,4.5
S98_01862,GOP-72,1998/07/23,23.21,89.693,HTW,20,Dhaka,Gopalganj,Kashiani,,Bhatiapara,K,mg/L,4.7
S98_01863,GOP-73,1998/07/23,23.005,89.823,HTW,20,Dhaka,Gopalganj,Gopalganj Sadar,Municipality,Gopalganj,K,mg/L,4.1
S98_01864,MAD-74,1998/07/23,23.167,90.195,DTW,238,Dhaka,Madaripur,Madaripur Sadar,Municipality,Madaripur,K,mg/L,4.4
S98_01865,BAR-75,1998/07/25,22.7,90.369,DTW,610,Barisal,Barisal,Barisal Sadar,,Barisal,K,mg/L,2.2
S98_01866,PAT-77,1998/07/25,22.355,90.345,DTW,274,Barisal,Patuakhali,Patuakhali Sadar,Municipality,Patuakhali,K,mg/L,2.4
S98_01867,DA-101,1998/07/21,23.51,90.217,HTW,26,Dhaka,Munshiganj,Munshiganj Sadar,Bhaishakul,Bhaishakul T Inst,K,mg/L,5.3
S98_01868,DA-102,1998/07/16,23.769,90.364,DTW,53,Dhaka,Dhaka,Mohammadpur (D),Mohammedpur,Mohammedpur,K,mg/L,2
S98_04510,GOHI-44,1998/07/29,22.1467,91.8231,Piez,265,Chittagong,Chittagong,Anowara,Gohira,UC Office,K,mg/L,8.6
S98_04511,RUST-45,1998/07/29,22.1924,91.8562,HTW,146,Chittagong,Chittagong,Anowara,Battali,Battali,K,mg/L,2.6
S98_04512,GOHI-46,1998/07/29,22.1467,91.8231,Piez,68,Chittagong,Chittagong,Anowara,Gohira,UC Office,K,mg/L,3.5
S98_04513,COM-84,1998/07/28,23.4453,91.1722,HTW,32,Chittagong,Comilla,Comilla Sadar,Shaktala,Shaktala,K,mg/L,1.9
S98_04514,DAUD-85,1998/07/28,23.536,90.7104,HTW,32,Chittagong,Comilla,Daudkandi,Daudkandi,Daudkandi Bazar,K,mg/L,7.4
S98_04515,LAKS-86,1998/07/28,23.2499,91.115,HTW,23,Chittagong,Comilla,Laksam,Nabaratpur,Nabaratpur,K,mg/L,16
S98_04516,HAJ-87,1998/07/31,23.2484,90.8696,DTW,107,Chittagong,Chandpur,Hajiganj,Aligonj,Aligonj H complex,K,mg/L,3.4
S98_04517,CHAN-88,1998/07/31,23.2342,90.6673,HTW,168,Chittagong,Chandpur,Chandpur Sadar,Shologhar,Shologhar,K,mg/L,3.7
S98_04518,NOA-89,1998/07/28,22.8334,91.0955,HTW,11,Chittagong,Noakhali,Noakhali Sadar,Sonapur,Sonapur,K,mg/L,13.4
S98_04519,FENI-90,1998/07/28,23.0053,91.3866,HTW,13,Chittagong,Feni,Feni Sadar,Pachgadria,Feni Rest House,K,mg/L,12.4
S98_04520,MIR-91,1998/07/28,22.7761,91.5656,HTW,25,Chittagong,Chittagong,Mirsharai,PS,Miraswarai,K,mg/L,16
S98_04521,CTG-92,1998/07/29,22.4735,91.7891,DTW,110,Chittagong,Chittagong,Hathazari,Hathajani,University,K,mg/L,3
S98_04522,CTG-93,1998/07/29,22.3704,91.8442,DTW,146,Chittagong,Chittagong,Chandgaon,Chandgown,Chandgown,K,mg/L,2.7
S98_04523,ANWA-94,1998/07/29,22.2234,91.898,HTW,43,Chittagong,Chittagong,Anowara,Anwara,Thana Parishad Office,K,mg/L,65.2
S98_04524,SAT-95,1998/07/29,22.0721,92.0479,HTW,31,Chittagong,Chittagong,Satkania,Satkania,Satkania,K,mg/L,11.3
S98_04525,COX-99,1998/07/30,21.4349,91.9656,HTW,10,Chittagong,Cox's Bazar,Cox's Bazar Sadar,,BWDB rest house,K,mg/L,26.5
S98_04526,UKHI-100,1998/07/30,21.2432,92.1325,DTW,52,Chittagong,Cox's Bazar,Ukhia,Ukhia,Ukhia Bazar,K,mg/L,5
S99_00796,SAN-43(CS),1999/04/06,22.4815,91.4285,Piez,56.96,Chittagong,Chittagong,Sandwip,Rahamatpur,Rahamatpur,K,mg/L,6.1
S99_00797,SAN-42(CMD),1999/04/06,22.4815,91.4285,Piez,160.92,Chittagong,Chittagong,Sandwip,Rahamatpur,Rahamatpur,K,mg/L,6.2
S99_00798,SAN-41(CD),1999/04/06,22.4815,91.4285,Piez,261.94,Chittagong,Chittagong,Sandwip,Rahamatpur,Rahamatpur,K,mg/L,9.7
S99_00799,MOH-98,1999/05/28,21.517,91.9584,Piez,7.32,Chittagong,Cox's Bazar,Maheshkhali,Gorukghata,Gorukghata,K,mg/L,24
S99_00800,KUT-97,1999/05/30,21.8128,91.8449,Piez,542.68,Chittagong,Cox's Bazar,Kutubdia,Baraghope,Baraghope,K,mg/L,2.9
S99_00801,SAND-9,1999/03/06,22.4817,91.4332,Piez,329.26,Chittagong,Chittagong,Sandwip,BWDB Guest house,BWDB Guest house,K,mg/L,10.3
S99_00802,AKHA-82,1999/05/24,23.8659,91.201,HTW,18.3,Chittagong,Brahamanbaria,Akhaura,Railway station,Railway station,K,mg/L,2.5
S99_00803,MUR-83,1999/05/24,23.7627,90.9899,HTW,26.22,Chittagong,Comilla,Muradnagar,Kasimpur,Kasimpur,K,mg/L,11.3
S99_00804,CHU-81,1999/05/25,24.1945,91.5138,HTW,30.5,Sylhet,Habiganj,Chunarughat,Chunarughat Bazar,Chunarughat Bazar,K,mg/L,2.5
S99_00805,HABI-80,1999/05/25,24.3776,91.4083,HTW,36.59,Sylhet,Habiganj,Habiganj Sadar,Rajanagar,Rajanagar,K,mg/L,2.6
S99_00806,MVI-79,1999/05/25,24.4696,91.7603,HTW,30.5,Sylhet,Maulvibazar,Maulvi Bazar Sadar,Sultanpur,Sultanpur,K,mg/L,2.2
S99_00807,SYL-78,1998/05/25,24.8795,91.8605,HTW,30.5,Sylhet,Sylhet,Sylhet Sadar,Railway station,Railway station,K,mg/L,1.6
S98_01785,SAT-1,1998/07/23,26.479,88.514,HTW,9,Rajshahi,Panchagarh,Tetulia,Satmara,Satmara,La,ug/L,0.009
S98_01786,130DA-2,,25.7,88.5,HTW,15,Rajshahi,Panchagarh,Boda,Boda,Boda,La,ug/L,< 0.005
S98_01787,TA-2/B,1998/07/20,24.088,90.17,HTW,37,Dhaka,Tangail,Mirzapur,Gurai,Gurai,La,ug/L,0.017
S98_01788,BALI-3,1998/07/23,26.083,88.279,HTW,18,Rajshahi,Thakurgaon,Baliadangi,Baliadanga,Baliadanga,La,ug/L,0.011
S98_01789,SALN-4,1998/07/23,26.054,88.533,HTW,37,Rajshahi,Thakurgaon,Thakurgaon Sadar,Salander,Salander,La,ug/L,< 0.005
S98_01790,JA-4/B,1998/07/19,24.91,89.946,HTW,26,Dhaka,Jamalpur,Jamalpur Sadar,Jamalpur,Fulbaria,La,ug/L,0.011
S98_01791,KABIR-5,1998/07/24,25.903,88.6,HTW,30,Rajshahi,Dinajpur,Birganj,Birgong,Kbirashat,La,ug/L,< 0.005
S98_01792,RANI-6,1998/07/23,25.901,88.254,HTW,30,Rajshahi,Thakurgaon,Ranisankail,Ranisanwail,Ranisanwail,La,ug/L,< 0.005
S98_01793,SIBRM-7,1998/07/24,25.665,88.652,HTW,18,Rajshahi,Dinajpur,Dinajpur Sadar,Sibrampur,Sibrampur,La,ug/L,0.009
S98_01794,PARBT-8,1998/07/24,25.653,88.915,HTW,20,Rajshahi,Dinajpur,Parbatipur,Parbatipur,Parbatipur,La,ug/L,< 0.005
S98_01795,HAKM-9,1998/07/22,25.288,89.021,HTW,21,Rajshahi,Dinajpur,Hakimpur,Hakimpur,Hakimpur,La,ug/L,< 0.005
S98_01796,CHIL-10,1998/07/25,26.1,88.8,HTW,24,Rajshahi,Nilphamari,Domar,Chilahati,Chilahati,La,ug/L,0.012
S98_01797,NIL-11,1998/07/24,25.9,88.8,HTW,18,Rajshahi,Nilphamari,Nilphamari Sadar,Nilphamari,Nilphamari,La,ug/L,< 0.005
S98_01798,BRUT-12,1998/07/25,26.203,89.11,HTW,,Rajshahi,Lalmonirhat,Hatibandha,Barakhta,Barakhta,La,ug/L,0.009
S98_01799,JAL-13,1998/07/25,25.931,88.838,HTW,27,Rajshahi,Nilphamari,Jaldhaka,Jaldhaka,Jaldhaka,La,ug/L,< 0.005
S98_01800,RANG-14,1998/07/26,25.752,89.253,HTW,18,Rajshahi,Rangpur,Rangpur Sadar,Rangipur,Rangipur,La,ug/L,0.02
S98_01801,LALM-15,1998/07/25,25.913,89.436,HTW,14,Rajshahi,Lalmonirhat,Lalmonirhat Sadar,Lalmonihat,Lalmonihat,La,ug/L,0.019
S98_01802,NAGUR-16,1998/07/26,25.965,89.671,HTW,18,Rajshahi,Kurigram,Nageshwari,Nagieshwari,Nagieshwari,La,ug/L,0.05
S98_01803,ULI-17,1998/07/26,25.653,89.623,HTW,18,Rajshahi,Kurigram,Ulipur,Ulipur,Ulipur,La,ug/L,0.008
S98_01804,BAMAN,1998/07/26,25.532,89.446,,18,Rajshahi,Gaibandha,Sundarganj,Bamandaga,Bamandaga,La,ug/L,0.01
S98_01805,BOA-19,1998/07/27,25.318,89.55,HTW,18,Rajshahi,Gaibandha,Gaibandha Sadar,Boalia,Boalia,La,ug/L,< 0.005
S98_01806,GABIN-20,1998/07/27,25.134,89.387,,12,Rajshahi,Gaibandha,Gobindaganj,Gabindagons,Gabindagons,La,ug/L,< 0.005
S98_01807,MADR-21,1998/07/22,25.109,89.036,HTW,15,Rajshahi,Jaipurhat,Jaipurhat Sadar,Madergonj,Madergonj,La,ug/L,< 0.005
S98_01808,SANTA-22,1998/07/22,24.804,88.969,HTW,18,Rajshahi,Bogra,Adamdighi,Santahar,Santahar,La,ug/L,0.008
S98_01809,GIOKU-23,1998/07/27,24.933,89.348,HTW,18,Rajshahi,Bogra,Bogra Sadar,Giokul,Giokul,La,ug/L,< 0.005
S98_01810,PATNI-29,1998/07/22,25.05,88.75,HTW,15,Rajshahi,Naogaon,Patnitala,Patnitala,Patnitala,La,ug/L,< 0.005
S98_01811,MAND-25,1998/07/22,24.793,88.701,HTW,30,Rajshahi,Naogaon,Manda,Manda,Manda,La,ug/L,< 0.005
S98_01812,PIR-25,1998/07/27,22.365,89.933,,,Barisal,Pirojpur,Mathbaria,,Burirchar,La,ug/L,0.034
S98_01813,RAHAN-26,1998/07/21,24.8,88.2,HTW,30,Rajshahi,Nawabganj,Gomastapur,Rahandur,Rahandur,La,ug/L,< 0.005
S98_01814,PIR-26,1998/07/27,22.365,89.933,HTW,37,Barisal,Pirojpur,Mathbaria,,Burirchar,La,ug/L,0.046
S98_01815,SHIB-27,1998/07/21,24.684,88.157,Piez,61,Rajshahi,Nawabganj,Shibganj (N),Shibgong,Shibgong,La,ug/L,0.006
S98_01816,PIR-27,1998/07/27,22.365,89.933,HTW,27,Barisal,Pirojpur,Mathbaria,,Burirchar,La,ug/L,0.204
S98_01817,GIODA-28,1998/07/21,24.461,88.328,HTW,30,Rajshahi,Rajshahi,Godagari,Giodagari,Giodagari,La,ug/L,< 0.005
S98_01818,SAPU-29,1998/07/21,24.374,88.558,HTW,37,Rajshahi,Rajshahi,Rajpara,Sapura,Sapura,La,ug/L,< 0.005
S98_01819,CHAR-30,1998/07/20,24.304,88.738,HTW,18,Rajshahi,Rajshahi,Charghat,Charghat,Charghat,La,ug/L,0.006
S98_01820,NAT-31,1998/07/20,24.414,89.988,HTW,27,Rajshahi,Natore,Natore Sadar,Natore,Natore,La,ug/L,0.006
S98_01821,SING-32,1998/07/20,24.506,89.143,TARA,18,Rajshahi,Natore,Singra,Singra,Singra,La,ug/L,0.005
S98_01822,LAL-33,1998/07/20,24.179,88.966,HTW,27,Rajshahi,Natore,Lalpur,Lalpur,Lalpur,La,ug/L,0.006
S98_01823,ROYG-34,1998/07/27,24.507,89.526,HTW,15,Rajshahi,Sirajganj,Raiganj,Roygong,Roygong,La,ug/L,0.007
S98_01824,SIRA-35,1998/07/28,24.463,89.708,HTW,18,Rajshahi,Sirajganj,Sirajganj Sadar,Sirjgong,Sirjgong,La,ug/L,< 0.005
S98_01825,CHAT-36,1998/07/20,24.15,89.261,HTW,18,Rajshahi,Pabna,Chatmohar,Chatmohur,Chatmohur,La,ug/L,0.006
S98_01826,PAB-37,1998/07/19,24.006,89.235,HTW,30,Rajshahi,Pabna,Pabna Sadar,Pabna,Pabna,La,ug/L,< 0.005
S98_01827,SUJA-38,1998/07/19,23.94,89.408,HTW,18,Rajshahi,Pabna,Sujanagar,Sujanager,Sujanager,La,ug/L,0.005
S98_01828,NAGIR-39,1998/07/28,23.951,89.65,HTW,20,Rajshahi,Pabna,Bera,Nagierbari,Nagierbari,La,ug/L,< 0.005
S98_01829,JA-40,1998/07/19,25.156,89.751,HTW,27,Dhaka,Jamalpur,Dewanganj,Chukaibari,Batheshasaria,La,ug/L,0.013
S98_01830,PRAG-40,1998/07/19,24.005,88.765,TARA,113,Khulna,Kushtia,Daulatpur (Ku),Pragpur,Pragpur,La,ug/L,< 0.005
S98_01831,HYM-41,1998/07/18,25.117,90.335,,27,Dhaka,Mymensingh,Haluaghat, Haluagher,Haluaghatthana Compn,La,ug/L,0.009
S98_01832,VHAR-41,1998/07/19,24.019,88.992,HTW,,Khulna,Kushtia,Bheramara,Vharamara,Vharamara,La,ug/L,0.007
S98_01833,KUST-42,1998/07/19,23.909,89.128,HTW,49,Khulna,Kushtia,Kushtia Sadar,Kushtia,Kushtia,La,ug/L,< 0.005
S98_01834,SHER-42/A,1998/07/18,25.018,90.012,HTW,36,Rajshahi,Bogra,Sherpur,Sherpur,,La,ug/L,0.009
S98_01835,MEHER-43,1998/07/19,23.761,88.632,HTW,27,Khulna,Meherpur,Meherpur Sadar,Meherpur,Meherpur,La,ug/L,< 0.005
S98_01836,JAM-43,1998/07/20,24.758,89.835,HTW,20,Dhaka,Jamalpur,Sarishabari,Sharishabari,Sharishabari,La,ug/L,0.015
S98_01837,DAR-44,1998/07/19,23.529,88.81,HTW,18,Khulna,Chuadanga,Chuadanga Sadar,Darsana,Darsana,La,ug/L,0.024
S98_01838,MYM-44,1998/07/17,24.748,90.406,DTW,107,Dhaka,Mymensingh,Mymensingh Sadar,Sadar,Bagmera,La,ug/L,0.006
S98_01839,JHIN-45,1998/07/18,23.547,89.165,,122,Khulna,Jhenaidah,Jhenaidah Sadar,Jhinaidha,Jhinaidha,La,ug/L,0.009
S98_01840,NET-45,1998/07/17,24.866,90.722,HTW,65,Dhaka,Netrokona,Netrokona Sadar,Sadar,Netrokona,La,ug/L,0.007
S98_01841,MAGU-46,1998/07/15,23.488,89.429,HTW,21,Khulna,Magura,Magura Sadar,Magura,Magura,La,ug/L,0.009
S98_01842,KISH-46,1998/07/18,24.444,90.773,DTW,118,Dhaka,Kishoreganj,Kishoreganj Sadar,Goital,Kishorgorj,La,ug/L,0.007
S98_01843,JES-47,1998/07/18,23.167,89.219,DTW,133,Khulna,Jessore,Jessore Sadar,Jessore,Jessore,La,ug/L,0.01
S98_01844,MYM-47,1998/07/17,24.454,90.54,HTW,,Dhaka,Mymensingh,Gafargaon,Saltia,Sulhasia,La,ug/L,0.006
S98_01845,NAR-48,1998/07/18,23.173,89.513,HTW,24,Khulna,Narail,Narail Sadar,Narail,Narail,La,ug/L,< 0.005
S98_01846,KISH-48,1998/07/18,24.047,90.973,HTW,20,Dhaka,Kishoreganj,Bhairab,Bhairab,Bhairab Rly St,La,ug/L,0.007
S98_01847,GODKHA-49,1998/07/15,23.059,89.077,HTW,24,Khulna,Jessore,Jhikargachha,Godkhali,Godkhali,La,ug/L,< 0.005
S98_01848,TA-49,1998/07/20,24.605,90.024,HTW,34,Dhaka,Tangail,Madhupur,Madhupur,Madhupur,La,ug/L,0.01
S98_01849,KHUL-50,1998/07/15,22.812,89.561,DTW,274,Khulna,Khulna,Khulna Sadar,Khulna,Khulna,La,ug/L,0.017
S98_01850,TA-50,1998/07/20,24.24,89.909,HTW,27,Dhaka,Tangail,Tangail Sadar,Sadar,Bepari Para,La,ug/L,0.016
S98_01851,SATKHR-51,1998/07/17,22.718,89.07,DTW,183,Khulna,Satkhira,Satkhira Sadar,Satkhira,Satkhira,La,ug/L,0.013
S98_01852,TA-51,1998/07/20,24.108,90.076,HTW,27,Dhaka,Tangail,Mirzapur,Baithgram,Gurail,La,ug/L,0.017
S98_01853,CHAL-52,1998/07/18,22.586,89.504,HTW,18,Khulna,Bagerhat,Bagerhat Sadar,Chalna,Chalna,La,ug/L,0.009
S98_01854,GA-52,1998/07/17,24.197,90.474,HTW,29,Dhaka,Gazipur,Sripur,Sreepur,Sreepur,La,ug/L,0.053
S98_01855,BAGIER-53,1998/07/15,22.663,89.763,,38,Khulna,Bagerhat,Bagerhat Sadar,Bagierhat,Bagierhat,La,ug/L,0.012
S98_01856,NAR-53,1998/07/18,23.926,90.718,HTW,,Dhaka,Narsingdi,Narsingdi Sadar,Narshingdi,Norshindi Dak Hangloo,La,ug/L,0.016
S98_01857,KHALIS-54,1998/07/18,22.548,89.538,DTW,274,Khulna,Khulna,Khulna Sadar,Khalishpur,Khalishpur,La,ug/L,< 0.005
S98_01858,DA-54,1998/07/16,23.734,90.418,DTW,137,Dhaka,Dhaka,Motijheel,Motijheel,Pwd Colony,La,ug/L,0.009
S98_01859,RJB-69,1998/07/22,23.765,89.476,HTW,22,Dhaka,Rajbari,Pangsha,,Kalukhau,La,ug/L,0.019
S98_01860,RJB-70,1998/07/22,23.754,89.645,DTW,127,Dhaka,Rajbari,Rajbari Sadar,,Municipality,La,ug/L,0.012
S98_01861,FAR-71,1998/07/23,23.599,89.835,DTW,84,Dhaka,Faridpur,Faridpur Sadar,,Municipal,La,ug/L,0.014
S98_01862,GOP-72,1998/07/23,23.21,89.693,HTW,20,Dhaka,Gopalganj,Kashiani,,Bhatiapara,La,ug/L,0.013
S98_01863,GOP-73,1998/07/23,23.005,89.823,HTW,20,Dhaka,Gopalganj,Gopalganj Sadar,Municipality,Gopalganj,La,ug/L,0.017
S98_01864,MAD-74,1998/07/23,23.167,90.195,DTW,238,Dhaka,Madaripur,Madaripur Sadar,Municipality,Madaripur,La,ug/L,0.019
S98_01865,BAR-75,1998/07/25,22.7,90.369,DTW,610,Barisal,Barisal,Barisal Sadar,,Barisal,La,ug/L,0.013
S98_01866,PAT-77,1998/07/25,22.355,90.345,DTW,274,Barisal,Patuakhali,Patuakhali Sadar,Municipality,Patuakhali,La,ug/L,0.096
S98_01867,DA-101,1998/07/21,23.51,90.217,HTW,26,Dhaka,Munshiganj,Munshiganj Sadar,Bhaishakul,Bhaishakul T Inst,La,ug/L,0.019
S98_01868,DA-102,1998/07/16,23.769,90.364,DTW,53,Dhaka,Dhaka,Mohammadpur (D),Mohammedpur,Mohammedpur,La,ug/L,0.008
S98_04510,GOHI-44,1998/07/29,22.1467,91.8231,Piez,265,Chittagong,Chittagong,Anowara,Gohira,UC Office,La,ug/L,0.029
S98_04511,RUST-45,1998/07/29,22.1924,91.8562,HTW,146,Chittagong,Chittagong,Anowara,Battali,Battali,La,ug/L,0.027
S98_04512,GOHI-46,1998/07/29,22.1467,91.8231,Piez,68,Chittagong,Chittagong,Anowara,Gohira,UC Office,La,ug/L,0.018
S98_04513,COM-84,1998/07/28,23.4453,91.1722,HTW,32,Chittagong,Comilla,Comilla Sadar,Shaktala,Shaktala,La,ug/L,0.017
S98_04514,DAUD-85,1998/07/28,23.536,90.7104,HTW,32,Chittagong,Comilla,Daudkandi,Daudkandi,Daudkandi Bazar,La,ug/L,0.016
S98_04515,LAKS-86,1998/07/28,23.2499,91.115,HTW,23,Chittagong,Comilla,Laksam,Nabaratpur,Nabaratpur,La,ug/L,0.011
S98_04516,HAJ-87,1998/07/31,23.2484,90.8696,DTW,107,Chittagong,Chandpur,Hajiganj,Aligonj,Aligonj H complex,La,ug/L,0.034
S98_04517,CHAN-88,1998/07/31,23.2342,90.6673,HTW,168,Chittagong,Chandpur,Chandpur Sadar,Shologhar,Shologhar,La,ug/L,0.028
S98_04518,NOA-89,1998/07/28,22.8334,91.0955,HTW,11,Chittagong,Noakhali,Noakhali Sadar,Sonapur,Sonapur,La,ug/L,0.017
S98_04519,FENI-90,1998/07/28,23.0053,91.3866,HTW,13,Chittagong,Feni,Feni Sadar,Pachgadria,Feni Rest House,La,ug/L,0.023
S98_04520,MIR-91,1998/07/28,22.7761,91.5656,HTW,25,Chittagong,Chittagong,Mirsharai,PS,Miraswarai,La,ug/L,0.036
S98_04521,CTG-92,1998/07/29,22.4735,91.7891,DTW,110,Chittagong,Chittagong,Hathazari,Hathajani,University,La,ug/L,0.025
S98_04522,CTG-93,1998/07/29,22.3704,91.8442,DTW,146,Chittagong,Chittagong,Chandgaon,Chandgown,Chandgown,La,ug/L,0.031
S98_04523,ANWA-94,1998/07/29,22.2234,91.898,HTW,43,Chittagong,Chittagong,Anowara,Anwara,Thana Parishad Office,La,ug/L,0.016
S98_04524,SAT-95,1998/07/29,22.0721,92.0479,HTW,31,Chittagong,Chittagong,Satkania,Satkania,Satkania,La,ug/L,0.021
S98_04525,COX-99,1998/07/30,21.4349,91.9656,HTW,10,Chittagong,Cox's Bazar,Cox's Bazar Sadar,,BWDB rest house,La,ug/L,0.017
S98_04526,UKHI-100,1998/07/30,21.2432,92.1325,DTW,52,Chittagong,Cox's Bazar,Ukhia,Ukhia,Ukhia Bazar,La,ug/L,0.029
S99_00796,SAN-43(CS),1999/04/06,22.4815,91.4285,Piez,56.96,Chittagong,Chittagong,Sandwip,Rahamatpur,Rahamatpur,La,ug/L,
S99_00797,SAN-42(CMD),1999/04/06,22.4815,91.4285,Piez,160.92,Chittagong,Chittagong,Sandwip,Rahamatpur,Rahamatpur,La,ug/L,
S99_00798,SAN-41(CD),1999/04/06,22.4815,91.4285,Piez,261.94,Chittagong,Chittagong,Sandwip,Rahamatpur,Rahamatpur,La,ug/L,
S99_00799,MOH-98,1999/05/28,21.517,91.9584,Piez,7.32,Chittagong,Cox's Bazar,Maheshkhali,Gorukghata,Gorukghata,La,ug/L,
S99_00800,KUT-97,1999/05/30,21.8128,91.8449,Piez,542.68,Chittagong,Cox's Bazar,Kutubdia,Baraghope,Baraghope,La,ug/L,
S99_00801,SAND-9,1999/03/06,22.4817,91.4332,Piez,329.26,Chittagong,Chittagong,Sandwip,BWDB Guest house,BWDB Guest house,La,ug/L,
S99_00802,AKHA-82,1999/05/24,23.8659,91.201,HTW,18.3,Chittagong,Brahamanbaria,Akhaura,Railway station,Railway station,La,ug/L,
S99_00803,MUR-83,1999/05/24,23.7627,90.9899,HTW,26.22,Chittagong,Comilla,Muradnagar,Kasimpur,Kasimpur,La,ug/L,
S99_00804,CHU-81,1999/05/25,24.1945,91.5138,HTW,30.5,Sylhet,Habiganj,Chunarughat,Chunarughat Bazar,Chunarughat Bazar,La,ug/L,
S99_00805,HABI-80,1999/05/25,24.3776,91.4083,HTW,36.59,Sylhet,Habiganj,Habiganj Sadar,Rajanagar,Rajanagar,La,ug/L,
S99_00806,MVI-79,1999/05/25,24.4696,91.7603,HTW,30.5,Sylhet,Maulvibazar,Maulvi Bazar Sadar,Sultanpur,Sultanpur,La,ug/L,
S99_00807,SYL-78,1998/05/25,24.8795,91.8605,HTW,30.5,Sylhet,Sylhet,Sylhet Sadar,Railway station,Railway station,La,ug/L,
S98_01785,SAT-1,1998/07/23,26.479,88.514,HTW,9,Rajshahi,Panchagarh,Tetulia,Satmara,Satmara,Li,ug/L,0.8
S98_01786,130DA-2,,25.7,88.5,HTW,15,Rajshahi,Panchagarh,Boda,Boda,Boda,Li,ug/L,0.7
S98_01787,TA-2/B,1998/07/20,24.088,90.17,HTW,37,Dhaka,Tangail,Mirzapur,Gurai,Gurai,Li,ug/L,4.8
S98_01788,BALI-3,1998/07/23,26.083,88.279,HTW,18,Rajshahi,Thakurgaon,Baliadangi,Baliadanga,Baliadanga,Li,ug/L,0.7
S98_01789,SALN-4,1998/07/23,26.054,88.533,HTW,37,Rajshahi,Thakurgaon,Thakurgaon Sadar,Salander,Salander,Li,ug/L,3.1
S98_01790,JA-4/B,1998/07/19,24.91,89.946,HTW,26,Dhaka,Jamalpur,Jamalpur Sadar,Jamalpur,Fulbaria,Li,ug/L,1
S98_01791,KABIR-5,1998/07/24,25.903,88.6,HTW,30,Rajshahi,Dinajpur,Birganj,Birgong,Kbirashat,Li,ug/L,2.2
S98_01792,RANI-6,1998/07/23,25.901,88.254,HTW,30,Rajshahi,Thakurgaon,Ranisankail,Ranisanwail,Ranisanwail,Li,ug/L,3
S98_01793,SIBRM-7,1998/07/24,25.665,88.652,HTW,18,Rajshahi,Dinajpur,Dinajpur Sadar,Sibrampur,Sibrampur,Li,ug/L,0.3
S98_01794,PARBT-8,1998/07/24,25.653,88.915,HTW,20,Rajshahi,Dinajpur,Parbatipur,Parbatipur,Parbatipur,Li,ug/L,2
S98_01795,HAKM-9,1998/07/22,25.288,89.021,HTW,21,Rajshahi,Dinajpur,Hakimpur,Hakimpur,Hakimpur,Li,ug/L,2.4
S98_01796,CHIL-10,1998/07/25,26.1,88.8,HTW,24,Rajshahi,Nilphamari,Domar,Chilahati,Chilahati,Li,ug/L,0.8
S98_01797,NIL-11,1998/07/24,25.9,88.8,HTW,18,Rajshahi,Nilphamari,Nilphamari Sadar,Nilphamari,Nilphamari,Li,ug/L,3
S98_01798,BRUT-12,1998/07/25,26.203,89.11,HTW,,Rajshahi,Lalmonirhat,Hatibandha,Barakhta,Barakhta,Li,ug/L,0.3
S98_01799,JAL-13,1998/07/25,25.931,88.838,HTW,27,Rajshahi,Nilphamari,Jaldhaka,Jaldhaka,Jaldhaka,Li,ug/L,0.2
S98_01800,RANG-14,1998/07/26,25.752,89.253,HTW,18,Rajshahi,Rangpur,Rangpur Sadar,Rangipur,Rangipur,Li,ug/L,0.6
S98_01801,LALM-15,1998/07/25,25.913,89.436,HTW,14,Rajshahi,Lalmonirhat,Lalmonirhat Sadar,Lalmonihat,Lalmonihat,Li,ug/L,0.7
S98_01802,NAGUR-16,1998/07/26,25.965,89.671,HTW,18,Rajshahi,Kurigram,Nageshwari,Nagieshwari,Nagieshwari,Li,ug/L,1.6
S98_01803,ULI-17,1998/07/26,25.653,89.623,HTW,18,Rajshahi,Kurigram,Ulipur,Ulipur,Ulipur,Li,ug/L,3
S98_01804,BAMAN,1998/07/26,25.532,89.446,,18,Rajshahi,Gaibandha,Sundarganj,Bamandaga,Bamandaga,Li,ug/L,0.5
S98_01805,BOA-19,1998/07/27,25.318,89.55,HTW,18,Rajshahi,Gaibandha,Gaibandha Sadar,Boalia,Boalia,Li,ug/L,3.4
S98_01806,GABIN-20,1998/07/27,25.134,89.387,,12,Rajshahi,Gaibandha,Gobindaganj,Gabindagons,Gabindagons,Li,ug/L,0.9
S98_01807,MADR-21,1998/07/22,25.109,89.036,HTW,15,Rajshahi,Jaipurhat,Jaipurhat Sadar,Madergonj,Madergonj,Li,ug/L,6.9
S98_01808,SANTA-22,1998/07/22,24.804,88.969,HTW,18,Rajshahi,Bogra,Adamdighi,Santahar,Santahar,Li,ug/L,12.4
S98_01809,GIOKU-23,1998/07/27,24.933,89.348,HTW,18,Rajshahi,Bogra,Bogra Sadar,Giokul,Giokul,Li,ug/L,1.4
S98_01810,PATNI-29,1998/07/22,25.05,88.75,HTW,15,Rajshahi,Naogaon,Patnitala,Patnitala,Patnitala,Li,ug/L,1
S98_01811,MAND-25,1998/07/22,24.793,88.701,HTW,30,Rajshahi,Naogaon,Manda,Manda,Manda,Li,ug/L,2.4
S98_01812,PIR-25,1998/07/27,22.365,89.933,,,Barisal,Pirojpur,Mathbaria,,Burirchar,Li,ug/L,24.8
S98_01813,RAHAN-26,1998/07/21,24.8,88.2,HTW,30,Rajshahi,Nawabganj,Gomastapur,Rahandur,Rahandur,Li,ug/L,6.9
S98_01814,PIR-26,1998/07/27,22.365,89.933,HTW,37,Barisal,Pirojpur,Mathbaria,,Burirchar,Li,ug/L,28.8
S98_01815,SHIB-27,1998/07/21,24.684,88.157,Piez,61,Rajshahi,Nawabganj,Shibganj (N),Shibgong,Shibgong,Li,ug/L,16.6
S98_01816,PIR-27,1998/07/27,22.365,89.933,HTW,27,Barisal,Pirojpur,Mathbaria,,Burirchar,Li,ug/L,3.3
S98_01817,GIODA-28,1998/07/21,24.461,88.328,HTW,30,Rajshahi,Rajshahi,Godagari,Giodagari,Giodagari,Li,ug/L,5
S98_01818,SAPU-29,1998/07/21,24.374,88.558,HTW,37,Rajshahi,Rajshahi,Rajpara,Sapura,Sapura,Li,ug/L,4.5
S98_01819,CHAR-30,1998/07/20,24.304,88.738,HTW,18,Rajshahi,Rajshahi,Charghat,Charghat,Charghat,Li,ug/L,10.8
S98_01820,NAT-31,1998/07/20,24.414,89.988,HTW,27,Rajshahi,Natore,Natore Sadar,Natore,Natore,Li,ug/L,8
S98_01821,SING-32,1998/07/20,24.506,89.143,TARA,18,Rajshahi,Natore,Singra,Singra,Singra,Li,ug/L,10.7
S98_01822,LAL-33,1998/07/20,24.179,88.966,HTW,27,Rajshahi,Natore,Lalpur,Lalpur,Lalpur,Li,ug/L,8.9
S98_01823,ROYG-34,1998/07/27,24.507,89.526,HTW,15,Rajshahi,Sirajganj,Raiganj,Roygong,Roygong,Li,ug/L,2.7
S98_01824,SIRA-35,1998/07/28,24.463,89.708,HTW,18,Rajshahi,Sirajganj,Sirajganj Sadar,Sirjgong,Sirjgong,Li,ug/L,1.9
S98_01825,CHAT-36,1998/07/20,24.15,89.261,HTW,18,Rajshahi,Pabna,Chatmohar,Chatmohur,Chatmohur,Li,ug/L,11.3
S98_01826,PAB-37,1998/07/19,24.006,89.235,HTW,30,Rajshahi,Pabna,Pabna Sadar,Pabna,Pabna,Li,ug/L,15.4
S98_01827,SUJA-38,1998/07/19,23.94,89.408,HTW,18,Rajshahi,Pabna,Sujanagar,Sujanager,Sujanager,Li,ug/L,3.4
S98_01828,NAGIR-39,1998/07/28,23.951,89.65,HTW,20,Rajshahi,Pabna,Bera,Nagierbari,Nagierbari,Li,ug/L,4
S98_01829,JA-40,1998/07/19,25.156,89.751,HTW,27,Dhaka,Jamalpur,Dewanganj,Chukaibari,Batheshasaria,Li,ug/L,4.6
S98_01830,PRAG-40,1998/07/19,24.005,88.765,TARA,113,Khulna,Kushtia,Daulatpur (Ku),Pragpur,Pragpur,Li,ug/L,2.6
S98_01831,HYM-41,1998/07/18,25.117,90.335,,27,Dhaka,Mymensingh,Haluaghat, Haluagher,Haluaghatthana Compn,Li,ug/L,3.8
S98_01832,VHAR-41,1998/07/19,24.019,88.992,HTW,,Khulna,Kushtia,Bheramara,Vharamara,Vharamara,Li,ug/L,10.1
S98_01833,KUST-42,1998/07/19,23.909,89.128,HTW,49,Khulna,Kushtia,Kushtia Sadar,Kushtia,Kushtia,Li,ug/L,10
S98_01834,SHER-42/A,1998/07/18,25.018,90.012,HTW,36,Rajshahi,Bogra,Sherpur,Sherpur,,Li,ug/L,2.8
S98_01835,MEHER-43,1998/07/19,23.761,88.632,HTW,27,Khulna,Meherpur,Meherpur Sadar,Meherpur,Meherpur,Li,ug/L,3.2
S98_01836,JAM-43,1998/07/20,24.758,89.835,HTW,20,Dhaka,Jamalpur,Sarishabari,Sharishabari,Sharishabari,Li,ug/L,2.3
S98_01837,DAR-44,1998/07/19,23.529,88.81,HTW,18,Khulna,Chuadanga,Chuadanga Sadar,Darsana,Darsana,Li,ug/L,10.4
S98_01838,MYM-44,1998/07/17,24.748,90.406,DTW,107,Dhaka,Mymensingh,Mymensingh Sadar,Sadar,Bagmera,Li,ug/L,6.6
S98_01839,JHIN-45,1998/07/18,23.547,89.165,,122,Khulna,Jhenaidah,Jhenaidah Sadar,Jhinaidha,Jhinaidha,Li,ug/L,5.1
S98_01840,NET-45,1998/07/17,24.866,90.722,HTW,65,Dhaka,Netrokona,Netrokona Sadar,Sadar,Netrokona,Li,ug/L,1
S98_01841,MAGU-46,1998/07/15,23.488,89.429,HTW,21,Khulna,Magura,Magura Sadar,Magura,Magura,Li,ug/L,6.5
S98_01842,KISH-46,1998/07/18,24.444,90.773,DTW,118,Dhaka,Kishoreganj,Kishoreganj Sadar,Goital,Kishorgorj,Li,ug/L,3.5
S98_01843,JES-47,1998/07/18,23.167,89.219,DTW,133,Khulna,Jessore,Jessore Sadar,Jessore,Jessore,Li,ug/L,16
S98_01844,MYM-47,1998/07/17,24.454,90.54,HTW,,Dhaka,Mymensingh,Gafargaon,Saltia,Sulhasia,Li,ug/L,0.6
S98_01845,NAR-48,1998/07/18,23.173,89.513,HTW,24,Khulna,Narail,Narail Sadar,Narail,Narail,Li,ug/L,15.2
S98_01846,KISH-48,1998/07/18,24.047,90.973,HTW,20,Dhaka,Kishoreganj,Bhairab,Bhairab,Bhairab Rly St,Li,ug/L,2.3
S98_01847,GODKHA-49,1998/07/15,23.059,89.077,HTW,24,Khulna,Jessore,Jhikargachha,Godkhali,Godkhali,Li,ug/L,1.3
S98_01848,TA-49,1998/07/20,24.605,90.024,HTW,34,Dhaka,Tangail,Madhupur,Madhupur,Madhupur,Li,ug/L,2.9
S98_01849,KHUL-50,1998/07/15,22.812,89.561,DTW,274,Khulna,Khulna,Khulna Sadar,Khulna,Khulna,Li,ug/L,6.9
S98_01850,TA-50,1998/07/20,24.24,89.909,HTW,27,Dhaka,Tangail,Tangail Sadar,Sadar,Bepari Para,Li,ug/L,1.9
S98_01851,SATKHR-51,1998/07/17,22.718,89.07,DTW,183,Khulna,Satkhira,Satkhira Sadar,Satkhira,Satkhira,Li,ug/L,8.7
S98_01852,TA-51,1998/07/20,24.108,90.076,HTW,27,Dhaka,Tangail,Mirzapur,Baithgram,Gurail,Li,ug/L,4.9
S98_01853,CHAL-52,1998/07/18,22.586,89.504,HTW,18,Khulna,Bagerhat,Bagerhat Sadar,Chalna,Chalna,Li,ug/L,17.3
S98_01854,GA-52,1998/07/17,24.197,90.474,HTW,29,Dhaka,Gazipur,Sripur,Sreepur,Sreepur,Li,ug/L,2.8
S98_01855,BAGIER-53,1998/07/15,22.663,89.763,,38,Khulna,Bagerhat,Bagerhat Sadar,Bagierhat,Bagierhat,Li,ug/L,2.4
S98_01856,NAR-53,1998/07/18,23.926,90.718,HTW,,Dhaka,Narsingdi,Narsingdi Sadar,Narshingdi,Norshindi Dak Hangloo,Li,ug/L,0.7
S98_01857,KHALIS-54,1998/07/18,22.548,89.538,DTW,274,Khulna,Khulna,Khulna Sadar,Khalishpur,Khalishpur,Li,ug/L,7.2
S98_01858,DA-54,1998/07/16,23.734,90.418,DTW,137,Dhaka,Dhaka,Motijheel,Motijheel,Pwd Colony,Li,ug/L,9.8
S98_01859,RJB-69,1998/07/22,23.765,89.476,HTW,22,Dhaka,Rajbari,Pangsha,,Kalukhau,Li,ug/L,1.3
S98_01860,RJB-70,1998/07/22,23.754,89.645,DTW,127,Dhaka,Rajbari,Rajbari Sadar,,Municipality,Li,ug/L,8.4
S98_01861,FAR-71,1998/07/23,23.599,89.835,DTW,84,Dhaka,Faridpur,Faridpur Sadar,,Municipal,Li,ug/L,6.8
S98_01862,GOP-72,1998/07/23,23.21,89.693,HTW,20,Dhaka,Gopalganj,Kashiani,,Bhatiapara,Li,ug/L,3.6
S98_01863,GOP-73,1998/07/23,23.005,89.823,HTW,20,Dhaka,Gopalganj,Gopalganj Sadar,Municipality,Gopalganj,Li,ug/L,4
S98_01864,MAD-74,1998/07/23,23.167,90.195,DTW,238,Dhaka,Madaripur,Madaripur Sadar,Municipality,Madaripur,Li,ug/L,13.5
S98_01865,BAR-75,1998/07/25,22.7,90.369,DTW,610,Barisal,Barisal,Barisal Sadar,,Barisal,Li,ug/L,3.8
S98_01866,PAT-77,1998/07/25,22.355,90.345,DTW,274,Barisal,Patuakhali,Patuakhali Sadar,Municipality,Patuakhali,Li,ug/L,4
S98_01867,DA-101,1998/07/21,23.51,90.217,HTW,26,Dhaka,Munshiganj,Munshiganj Sadar,Bhaishakul,Bhaishakul T Inst,Li,ug/L,7.1
S98_01868,DA-102,1998/07/16,23.769,90.364,DTW,53,Dhaka,Dhaka,Mohammadpur (D),Mohammedpur,Mohammedpur,Li,ug/L,5.9
S98_04510,GOHI-44,1998/07/29,22.1467,91.8231,Piez,265,Chittagong,Chittagong,Anowara,Gohira,UC Office,Li,ug/L,68.3
S98_04511,RUST-45,1998/07/29,22.1924,91.8562,HTW,146,Chittagong,Chittagong,Anowara,Battali,Battali,Li,ug/L,4.1
S98_04512,GOHI-46,1998/07/29,22.1467,91.8231,Piez,68,Chittagong,Chittagong,Anowara,Gohira,UC Office,Li,ug/L,20
S98_04513,COM-84,1998/07/28,23.4453,91.1722,HTW,32,Chittagong,Comilla,Comilla Sadar,Shaktala,Shaktala,Li,ug/L,2.7
S98_04514,DAUD-85,1998/07/28,23.536,90.7104,HTW,32,Chittagong,Comilla,Daudkandi,Daudkandi,Daudkandi Bazar,Li,ug/L,2.9
S98_04515,LAKS-86,1998/07/28,23.2499,91.115,HTW,23,Chittagong,Comilla,Laksam,Nabaratpur,Nabaratpur,Li,ug/L,2.3
S98_04516,HAJ-87,1998/07/31,23.2484,90.8696,DTW,107,Chittagong,Chandpur,Hajiganj,Aligonj,Aligonj H complex,Li,ug/L,7.3
S98_04517,CHAN-88,1998/07/31,23.2342,90.6673,HTW,168,Chittagong,Chandpur,Chandpur Sadar,Shologhar,Shologhar,Li,ug/L,2
S98_04518,NOA-89,1998/07/28,22.8334,91.0955,HTW,11,Chittagong,Noakhali,Noakhali Sadar,Sonapur,Sonapur,Li,ug/L,4.2
S98_04519,FENI-90,1998/07/28,23.0053,91.3866,HTW,13,Chittagong,Feni,Feni Sadar,Pachgadria,Feni Rest House,Li,ug/L,3.7
S98_04520,MIR-91,1998/07/28,22.7761,91.5656,HTW,25,Chittagong,Chittagong,Mirsharai,PS,Miraswarai,Li,ug/L,2.9
S98_04521,CTG-92,1998/07/29,22.4735,91.7891,DTW,110,Chittagong,Chittagong,Hathazari,Hathajani,University,Li,ug/L,4.2
S98_04522,CTG-93,1998/07/29,22.3704,91.8442,DTW,146,Chittagong,Chittagong,Chandgaon,Chandgown,Chandgown,Li,ug/L,4.9
S98_04523,ANWA-94,1998/07/29,22.2234,91.898,HTW,43,Chittagong,Chittagong,Anowara,Anwara,Thana Parishad Office,Li,ug/L,7.4
S98_04524,SAT-95,1998/07/29,22.0721,92.0479,HTW,31,Chittagong,Chittagong,Satkania,Satkania,Satkania,Li,ug/L,9.4
S98_04525,COX-99,1998/07/30,21.4349,91.9656,HTW,10,Chittagong,Cox's Bazar,Cox's Bazar Sadar,,BWDB rest house,Li,ug/L,16.1
S98_04526,UKHI-100,1998/07/30,21.2432,92.1325,DTW,52,Chittagong,Cox's Bazar,Ukhia,Ukhia,Ukhia Bazar,Li,ug/L,4.8
S99_00796,SAN-43(CS),1999/04/06,22.4815,91.4285,Piez,56.96,Chittagong,Chittagong,Sandwip,Rahamatpur,Rahamatpur,Li,ug/L,
S99_00797,SAN-42(CMD),1999/04/06,22.4815,91.4285,Piez,160.92,Chittagong,Chittagong,Sandwip,Rahamatpur,Rahamatpur,Li,ug/L,
S99_00798,SAN-41(CD),1999/04/06,22.4815,91.4285,Piez,261.94,Chittagong,Chittagong,Sandwip,Rahamatpur,Rahamatpur,Li,ug/L,
S99_00799,MOH-98,1999/05/28,21.517,91.9584,Piez,7.32,Chittagong,Cox's Bazar,Maheshkhali,Gorukghata,Gorukghata,Li,ug/L,
S99_00800,KUT-97,1999/05/30,21.8128,91.8449,Piez,542.68,Chittagong,Cox's Bazar,Kutubdia,Baraghope,Baraghope,Li,ug/L,
S99_00801,SAND-9,1999/03/06,22.4817,91.4332,Piez,329.26,Chittagong,Chittagong,Sandwip,BWDB Guest house,BWDB Guest house,Li,ug/L,
S99_00802,AKHA-82,1999/05/24,23.8659,91.201,HTW,18.3,Chittagong,Brahamanbaria,Akhaura,Railway station,Railway station,Li,ug/L,
S99_00803,MUR-83,1999/05/24,23.7627,90.9899,HTW,26.22,Chittagong,Comilla,Muradnagar,Kasimpur,Kasimpur,Li,ug/L,
S99_00804,CHU-81,1999/05/25,24.1945,91.5138,HTW,30.5,Sylhet,Habiganj,Chunarughat,Chunarughat Bazar,Chunarughat Bazar,Li,ug/L,
S99_00805,HABI-80,1999/05/25,24.3776,91.4083,HTW,36.59,Sylhet,Habiganj,Habiganj Sadar,Rajanagar,Rajanagar,Li,ug/L,
S99_00806,MVI-79,1999/05/25,24.4696,91.7603,HTW,30.5,Sylhet,Maulvibazar,Maulvi Bazar Sadar,Sultanpur,Sultanpur,Li,ug/L,
S99_00807,SYL-78,1998/05/25,24.8795,91.8605,HTW,30.5,Sylhet,Sylhet,Sylhet Sadar,Railway station,Railway station,Li,ug/L,
S98_01785,SAT-1,1998/07/23,26.479,88.514,HTW,9,Rajshahi,Panchagarh,Tetulia,Satmara,Satmara,Lu,ug/L,< 0.005
S98_01786,130DA-2,,25.7,88.5,HTW,15,Rajshahi,Panchagarh,Boda,Boda,Boda,Lu,ug/L,< 0.005
S98_01787,TA-2/B,1998/07/20,24.088,90.17,HTW,37,Dhaka,Tangail,Mirzapur,Gurai,Gurai,Lu,ug/L,< 0.005
S98_01788,BALI-3,1998/07/23,26.083,88.279,HTW,18,Rajshahi,Thakurgaon,Baliadangi,Baliadanga,Baliadanga,Lu,ug/L,< 0.005
S98_01789,SALN-4,1998/07/23,26.054,88.533,HTW,37,Rajshahi,Thakurgaon,Thakurgaon Sadar,Salander,Salander,Lu,ug/L,< 0.005
S98_01790,JA-4/B,1998/07/19,24.91,89.946,HTW,26,Dhaka,Jamalpur,Jamalpur Sadar,Jamalpur,Fulbaria,Lu,ug/L,< 0.005
S98_01791,KABIR-5,1998/07/24,25.903,88.6,HTW,30,Rajshahi,Dinajpur,Birganj,Birgong,Kbirashat,Lu,ug/L,< 0.005
S98_01792,RANI-6,1998/07/23,25.901,88.254,HTW,30,Rajshahi,Thakurgaon,Ranisankail,Ranisanwail,Ranisanwail,Lu,ug/L,< 0.005
S98_01793,SIBRM-7,1998/07/24,25.665,88.652,HTW,18,Rajshahi,Dinajpur,Dinajpur Sadar,Sibrampur,Sibrampur,Lu,ug/L,< 0.005
S98_01794,PARBT-8,1998/07/24,25.653,88.915,HTW,20,Rajshahi,Dinajpur,Parbatipur,Parbatipur,Parbatipur,Lu,ug/L,< 0.005
S98_01795,HAKM-9,1998/07/22,25.288,89.021,HTW,21,Rajshahi,Dinajpur,Hakimpur,Hakimpur,Hakimpur,Lu,ug/L,< 0.005
S98_01796,CHIL-10,1998/07/25,26.1,88.8,HTW,24,Rajshahi,Nilphamari,Domar,Chilahati,Chilahati,Lu,ug/L,< 0.005
S98_01797,NIL-11,1998/07/24,25.9,88.8,HTW,18,Rajshahi,Nilphamari,Nilphamari Sadar,Nilphamari,Nilphamari,Lu,ug/L,< 0.005
S98_01798,BRUT-12,1998/07/25,26.203,89.11,HTW,,Rajshahi,Lalmonirhat,Hatibandha,Barakhta,Barakhta,Lu,ug/L,< 0.005
S98_01799,JAL-13,1998/07/25,25.931,88.838,HTW,27,Rajshahi,Nilphamari,Jaldhaka,Jaldhaka,Jaldhaka,Lu,ug/L,< 0.005
S98_01800,RANG-14,1998/07/26,25.752,89.253,HTW,18,Rajshahi,Rangpur,Rangpur Sadar,Rangipur,Rangipur,Lu,ug/L,< 0.005
S98_01801,LALM-15,1998/07/25,25.913,89.436,HTW,14,Rajshahi,Lalmonirhat,Lalmonirhat Sadar,Lalmonihat,Lalmonihat,Lu,ug/L,< 0.005
S98_01802,NAGUR-16,1998/07/26,25.965,89.671,HTW,18,Rajshahi,Kurigram,Nageshwari,Nagieshwari,Nagieshwari,Lu,ug/L,< 0.005
S98_01803,ULI-17,1998/07/26,25.653,89.623,HTW,18,Rajshahi,Kurigram,Ulipur,Ulipur,Ulipur,Lu,ug/L,< 0.005
S98_01804,BAMAN,1998/07/26,25.532,89.446,,18,Rajshahi,Gaibandha,Sundarganj,Bamandaga,Bamandaga,Lu,ug/L,< 0.005
S98_01805,BOA-19,1998/07/27,25.318,89.55,HTW,18,Rajshahi,Gaibandha,Gaibandha Sadar,Boalia,Boalia,Lu,ug/L,< 0.005
S98_01806,GABIN-20,1998/07/27,25.134,89.387,,12,Rajshahi,Gaibandha,Gobindaganj,Gabindagons,Gabindagons,Lu,ug/L,< 0.005
S98_01807,MADR-21,1998/07/22,25.109,89.036,HTW,15,Rajshahi,Jaipurhat,Jaipurhat Sadar,Madergonj,Madergonj,Lu,ug/L,< 0.005
S98_01808,SANTA-22,1998/07/22,24.804,88.969,HTW,18,Rajshahi,Bogra,Adamdighi,Santahar,Santahar,Lu,ug/L,< 0.005
S98_01809,GIOKU-23,1998/07/27,24.933,89.348,HTW,18,Rajshahi,Bogra,Bogra Sadar,Giokul,Giokul,Lu,ug/L,< 0.005
S98_01810,PATNI-29,1998/07/22,25.05,88.75,HTW,15,Rajshahi,Naogaon,Patnitala,Patnitala,Patnitala,Lu,ug/L,< 0.005
S98_01811,MAND-25,1998/07/22,24.793,88.701,HTW,30,Rajshahi,Naogaon,Manda,Manda,Manda,Lu,ug/L,< 0.005
S98_01812,PIR-25,1998/07/27,22.365,89.933,,,Barisal,Pirojpur,Mathbaria,,Burirchar,Lu,ug/L,< 0.005
S98_01813,RAHAN-26,1998/07/21,24.8,88.2,HTW,30,Rajshahi,Nawabganj,Gomastapur,Rahandur,Rahandur,Lu,ug/L,< 0.005
S98_01814,PIR-26,1998/07/27,22.365,89.933,HTW,37,Barisal,Pirojpur,Mathbaria,,Burirchar,Lu,ug/L,0.012
S98_01815,SHIB-27,1998/07/21,24.684,88.157,Piez,61,Rajshahi,Nawabganj,Shibganj (N),Shibgong,Shibgong,Lu,ug/L,< 0.005
S98_01816,PIR-27,1998/07/27,22.365,89.933,HTW,27,Barisal,Pirojpur,Mathbaria,,Burirchar,Lu,ug/L,< 0.005
S98_01817,GIODA-28,1998/07/21,24.461,88.328,HTW,30,Rajshahi,Rajshahi,Godagari,Giodagari,Giodagari,Lu,ug/L,< 0.005
S98_01818,SAPU-29,1998/07/21,24.374,88.558,HTW,37,Rajshahi,Rajshahi,Rajpara,Sapura,Sapura,Lu,ug/L,< 0.005
S98_01819,CHAR-30,1998/07/20,24.304,88.738,HTW,18,Rajshahi,Rajshahi,Charghat,Charghat,Charghat,Lu,ug/L,< 0.005
S98_01820,NAT-31,1998/07/20,24.414,89.988,HTW,27,Rajshahi,Natore,Natore Sadar,Natore,Natore,Lu,ug/L,< 0.005
S98_01821,SING-32,1998/07/20,24.506,89.143,TARA,18,Rajshahi,Natore,Singra,Singra,Singra,Lu,ug/L,< 0.005
S98_01822,LAL-33,1998/07/20,24.179,88.966,HTW,27,Rajshahi,Natore,Lalpur,Lalpur,Lalpur,Lu,ug/L,< 0.005
S98_01823,ROYG-34,1998/07/27,24.507,89.526,HTW,15,Rajshahi,Sirajganj,Raiganj,Roygong,Roygong,Lu,ug/L,< 0.005
S98_01824,SIRA-35,1998/07/28,24.463,89.708,HTW,18,Rajshahi,Sirajganj,Sirajganj Sadar,Sirjgong,Sirjgong,Lu,ug/L,< 0.005
S98_01825,CHAT-36,1998/07/20,24.15,89.261,HTW,18,Rajshahi,Pabna,Chatmohar,Chatmohur,Chatmohur,Lu,ug/L,< 0.005
S98_01826,PAB-37,1998/07/19,24.006,89.235,HTW,30,Rajshahi,Pabna,Pabna Sadar,Pabna,Pabna,Lu,ug/L,< 0.005
S98_01827,SUJA-38,1998/07/19,23.94,89.408,HTW,18,Rajshahi,Pabna,Sujanagar,Sujanager,Sujanager,Lu,ug/L,< 0.005
S98_01828,NAGIR-39,1998/07/28,23.951,89.65,HTW,20,Rajshahi,Pabna,Bera,Nagierbari,Nagierbari,Lu,ug/L,< 0.005
S98_01829,JA-40,1998/07/19,25.156,89.751,HTW,27,Dhaka,Jamalpur,Dewanganj,Chukaibari,Batheshasaria,Lu,ug/L,< 0.005
S98_01830,PRAG-40,1998/07/19,24.005,88.765,TARA,113,Khulna,Kushtia,Daulatpur (Ku),Pragpur,Pragpur,Lu,ug/L,< 0.005
S98_01831,HYM-41,1998/07/18,25.117,90.335,,27,Dhaka,Mymensingh,Haluaghat, Haluagher,Haluaghatthana Compn,Lu,ug/L,< 0.005
S98_01832,VHAR-41,1998/07/19,24.019,88.992,HTW,,Khulna,Kushtia,Bheramara,Vharamara,Vharamara,Lu,ug/L,< 0.005
S98_01833,KUST-42,1998/07/19,23.909,89.128,HTW,49,Khulna,Kushtia,Kushtia Sadar,Kushtia,Kushtia,Lu,ug/L,< 0.005
S98_01834,SHER-42/A,1998/07/18,25.018,90.012,HTW,36,Rajshahi,Bogra,Sherpur,Sherpur,,Lu,ug/L,< 0.005
S98_01835,MEHER-43,1998/07/19,23.761,88.632,HTW,27,Khulna,Meherpur,Meherpur Sadar,Meherpur,Meherpur,Lu,ug/L,< 0.005
S98_01836,JAM-43,1998/07/20,24.758,89.835,HTW,20,Dhaka,Jamalpur,Sarishabari,Sharishabari,Sharishabari,Lu,ug/L,< 0.005
S98_01837,DAR-44,1998/07/19,23.529,88.81,HTW,18,Khulna,Chuadanga,Chuadanga Sadar,Darsana,Darsana,Lu,ug/L,< 0.005
S98_01838,MYM-44,1998/07/17,24.748,90.406,DTW,107,Dhaka,Mymensingh,Mymensingh Sadar,Sadar,Bagmera,Lu,ug/L,< 0.005
S98_01839,JHIN-45,1998/07/18,23.547,89.165,,122,Khulna,Jhenaidah,Jhenaidah Sadar,Jhinaidha,Jhinaidha,Lu,ug/L,< 0.005
S98_01840,NET-45,1998/07/17,24.866,90.722,HTW,65,Dhaka,Netrokona,Netrokona Sadar,Sadar,Netrokona,Lu,ug/L,< 0.005
S98_01841,MAGU-46,1998/07/15,23.488,89.429,HTW,21,Khulna,Magura,Magura Sadar,Magura,Magura,Lu,ug/L,< 0.005
S98_01842,KISH-46,1998/07/18,24.444,90.773,DTW,118,Dhaka,Kishoreganj,Kishoreganj Sadar,Goital,Kishorgorj,Lu,ug/L,< 0.005
S98_01843,JES-47,1998/07/18,23.167,89.219,DTW,133,Khulna,Jessore,Jessore Sadar,Jessore,Jessore,Lu,ug/L,< 0.005
S98_01844,MYM-47,1998/07/17,24.454,90.54,HTW,,Dhaka,Mymensingh,Gafargaon,Saltia,Sulhasia,Lu,ug/L,< 0.005
S98_01845,NAR-48,1998/07/18,23.173,89.513,HTW,24,Khulna,Narail,Narail Sadar,Narail,Narail,Lu,ug/L,< 0.005
S98_01846,KISH-48,1998/07/18,24.047,90.973,HTW,20,Dhaka,Kishoreganj,Bhairab,Bhairab,Bhairab Rly St,Lu,ug/L,< 0.005
S98_01847,GODKHA-49,1998/07/15,23.059,89.077,HTW,24,Khulna,Jessore,Jhikargachha,Godkhali,Godkhali,Lu,ug/L,< 0.005
S98_01848,TA-49,1998/07/20,24.605,90.024,HTW,34,Dhaka,Tangail,Madhupur,Madhupur,Madhupur,Lu,ug/L,< 0.005
S98_01849,KHUL-50,1998/07/15,22.812,89.561,DTW,274,Khulna,Khulna,Khulna Sadar,Khulna,Khulna,Lu,ug/L,< 0.005
S98_01850,TA-50,1998/07/20,24.24,89.909,HTW,27,Dhaka,Tangail,Tangail Sadar,Sadar,Bepari Para,Lu,ug/L,< 0.005
S98_01851,SATKHR-51,1998/07/17,22.718,89.07,DTW,183,Khulna,Satkhira,Satkhira Sadar,Satkhira,Satkhira,Lu,ug/L,< 0.005
S98_01852,TA-51,1998/07/20,24.108,90.076,HTW,27,Dhaka,Tangail,Mirzapur,Baithgram,Gurail,Lu,ug/L,< 0.005
S98_01853,CHAL-52,1998/07/18,22.586,89.504,HTW,18,Khulna,Bagerhat,Bagerhat Sadar,Chalna,Chalna,Lu,ug/L,< 0.005
S98_01854,GA-52,1998/07/17,24.197,90.474,HTW,29,Dhaka,Gazipur,Sripur,Sreepur,Sreepur,Lu,ug/L,< 0.005
S98_01855,BAGIER-53,1998/07/15,22.663,89.763,,38,Khulna,Bagerhat,Bagerhat Sadar,Bagierhat,Bagierhat,Lu,ug/L,< 0.005
S98_01856,NAR-53,1998/07/18,23.926,90.718,HTW,,Dhaka,Narsingdi,Narsingdi Sadar,Narshingdi,Norshindi Dak Hangloo,Lu,ug/L,< 0.005
S98_01857,KHALIS-54,1998/07/18,22.548,89.538,DTW,274,Khulna,Khulna,Khulna Sadar,Khalishpur,Khalishpur,Lu,ug/L,< 0.005
S98_01858,DA-54,1998/07/16,23.734,90.418,DTW,137,Dhaka,Dhaka,Motijheel,Motijheel,Pwd Colony,Lu,ug/L,< 0.005
S98_01859,RJB-69,1998/07/22,23.765,89.476,HTW,22,Dhaka,Rajbari,Pangsha,,Kalukhau,Lu,ug/L,< 0.005
S98_01860,RJB-70,1998/07/22,23.754,89.645,DTW,127,Dhaka,Rajbari,Rajbari Sadar,,Municipality,Lu,ug/L,< 0.005
S98_01861,FAR-71,1998/07/23,23.599,89.835,DTW,84,Dhaka,Faridpur,Faridpur Sadar,,Municipal,Lu,ug/L,< 0.005
S98_01862,GOP-72,1998/07/23,23.21,89.693,HTW,20,Dhaka,Gopalganj,Kashiani,,Bhatiapara,Lu,ug/L,< 0.005
S98_01863,GOP-73,1998/07/23,23.005,89.823,HTW,20,Dhaka,Gopalganj,Gopalganj Sadar,Municipality,Gopalganj,Lu,ug/L,< 0.005
S98_01864,MAD-74,1998/07/23,23.167,90.195,DTW,238,Dhaka,Madaripur,Madaripur Sadar,Municipality,Madaripur,Lu,ug/L,< 0.005
S98_01865,BAR-75,1998/07/25,22.7,90.369,DTW,610,Barisal,Barisal,Barisal Sadar,,Barisal,Lu,ug/L,< 0.005
S98_01866,PAT-77,1998/07/25,22.355,90.345,DTW,274,Barisal,Patuakhali,Patuakhali Sadar,Municipality,Patuakhali,Lu,ug/L,< 0.005
S98_01867,DA-101,1998/07/21,23.51,90.217,HTW,26,Dhaka,Munshiganj,Munshiganj Sadar,Bhaishakul,Bhaishakul T Inst,Lu,ug/L,< 0.005
S98_01868,DA-102,1998/07/16,23.769,90.364,DTW,53,Dhaka,Dhaka,Mohammadpur (D),Mohammedpur,Mohammedpur,Lu,ug/L,< 0.005
S98_04510,GOHI-44,1998/07/29,22.1467,91.8231,Piez,265,Chittagong,Chittagong,Anowara,Gohira,UC Office,Lu,ug/L,< 0.005
S98_04511,RUST-45,1998/07/29,22.1924,91.8562,HTW,146,Chittagong,Chittagong,Anowara,Battali,Battali,Lu,ug/L,< 0.005
S98_04512,GOHI-46,1998/07/29,22.1467,91.8231,Piez,68,Chittagong,Chittagong,Anowara,Gohira,UC Office,Lu,ug/L,< 0.005
S98_04513,COM-84,1998/07/28,23.4453,91.1722,HTW,32,Chittagong,Comilla,Comilla Sadar,Shaktala,Shaktala,Lu,ug/L,< 0.005
S98_04514,DAUD-85,1998/07/28,23.536,90.7104,HTW,32,Chittagong,Comilla,Daudkandi,Daudkandi,Daudkandi Bazar,Lu,ug/L,< 0.005
S98_04515,LAKS-86,1998/07/28,23.2499,91.115,HTW,23,Chittagong,Comilla,Laksam,Nabaratpur,Nabaratpur,Lu,ug/L,< 0.005
S98_04516,HAJ-87,1998/07/31,23.2484,90.8696,DTW,107,Chittagong,Chandpur,Hajiganj,Aligonj,Aligonj H complex,Lu,ug/L,< 0.005
S98_04517,CHAN-88,1998/07/31,23.2342,90.6673,HTW,168,Chittagong,Chandpur,Chandpur Sadar,Shologhar,Shologhar,Lu,ug/L,< 0.005
S98_04518,NOA-89,1998/07/28,22.8334,91.0955,HTW,11,Chittagong,Noakhali,Noakhali Sadar,Sonapur,Sonapur,Lu,ug/L,< 0.005
S98_04519,FENI-90,1998/07/28,23.0053,91.3866,HTW,13,Chittagong,Feni,Feni Sadar,Pachgadria,Feni Rest House,Lu,ug/L,< 0.005
S98_04520,MIR-91,1998/07/28,22.7761,91.5656,HTW,25,Chittagong,Chittagong,Mirsharai,PS,Miraswarai,Lu,ug/L,< 0.005
S98_04521,CTG-92,1998/07/29,22.4735,91.7891,DTW,110,Chittagong,Chittagong,Hathazari,Hathajani,University,Lu,ug/L,< 0.005
S98_04522,CTG-93,1998/07/29,22.3704,91.8442,DTW,146,Chittagong,Chittagong,Chandgaon,Chandgown,Chandgown,Lu,ug/L,< 0.005
S98_04523,ANWA-94,1998/07/29,22.2234,91.898,HTW,43,Chittagong,Chittagong,Anowara,Anwara,Thana Parishad Office,Lu,ug/L,< 0.005
S98_04524,SAT-95,1998/07/29,22.0721,92.0479,HTW,31,Chittagong,Chittagong,Satkania,Satkania,Satkania,Lu,ug/L,< 0.005
S98_04525,COX-99,1998/07/30,21.4349,91.9656,HTW,10,Chittagong,Cox's Bazar,Cox's Bazar Sadar,,BWDB rest house,Lu,ug/L,< 0.005
S98_04526,UKHI-100,1998/07/30,21.2432,92.1325,DTW,52,Chittagong,Cox's Bazar,Ukhia,Ukhia,Ukhia Bazar,Lu,ug/L,< 0.005
S99_00796,SAN-43(CS),1999/04/06,22.4815,91.4285,Piez,56.96,Chittagong,Chittagong,Sandwip,Rahamatpur,Rahamatpur,Lu,ug/L,
S99_00797,SAN-42(CMD),1999/04/06,22.4815,91.4285,Piez,160.92,Chittagong,Chittagong,Sandwip,Rahamatpur,Rahamatpur,Lu,ug/L,
S99_00798,SAN-41(CD),1999/04/06,22.4815,91.4285,Piez,261.94,Chittagong,Chittagong,Sandwip,Rahamatpur,Rahamatpur,Lu,ug/L,
S99_00799,MOH-98,1999/05/28,21.517,91.9584,Piez,7.32,Chittagong,Cox's Bazar,Maheshkhali,Gorukghata,Gorukghata,Lu,ug/L,
S99_00800,KUT-97,1999/05/30,21.8128,91.8449,Piez,542.68,Chittagong,Cox's Bazar,Kutubdia,Baraghope,Baraghope,Lu,ug/L,
S99_00801,SAND-9,1999/03/06,22.4817,91.4332,Piez,329.26,Chittagong,Chittagong,Sandwip,BWDB Guest house,BWDB Guest house,Lu,ug/L,
S99_00802,AKHA-82,1999/05/24,23.8659,91.201,HTW,18.3,Chittagong,Brahamanbaria,Akhaura,Railway station,Railway station,Lu,ug/L,
S99_00803,MUR-83,1999/05/24,23.7627,90.9899,HTW,26.22,Chittagong,Comilla,Muradnagar,Kasimpur,Kasimpur,Lu,ug/L,
S99_00804,CHU-81,1999/05/25,24.1945,91.5138,HTW,30.5,Sylhet,Habiganj,Chunarughat,Chunarughat Bazar,Chunarughat Bazar,Lu,ug/L,
S99_00805,HABI-80,1999/05/25,24.3776,91.4083,HTW,36.59,Sylhet,Habiganj,Habiganj Sadar,Rajanagar,Rajanagar,Lu,ug/L,
S99_00806,MVI-79,1999/05/25,24.4696,91.7603,HTW,30.5,Sylhet,Maulvibazar,Maulvi Bazar Sadar,Sultanpur,Sultanpur,Lu,ug/L,
S99_00807,SYL-78,1998/05/25,24.8795,91.8605,HTW,30.5,Sylhet,Sylhet,Sylhet Sadar,Railway station,Railway station,Lu,ug/L,
S98_01785,SAT-1,1998/07/23,26.479,88.514,HTW,9,Rajshahi,Panchagarh,Tetulia,Satmara,Satmara,Mg,mg/L,3.97
S98_01786,130DA-2,,25.7,88.5,HTW,15,Rajshahi,Panchagarh,Boda,Boda,Boda,Mg,mg/L,4.09
S98_01787,TA-2/B,1998/07/20,24.088,90.17,HTW,37,Dhaka,Tangail,Mirzapur,Gurai,Gurai,Mg,mg/L,11
S98_01788,BALI-3,1998/07/23,26.083,88.279,HTW,18,Rajshahi,Thakurgaon,Baliadangi,Baliadanga,Baliadanga,Mg,mg/L,4.22
S98_01789,SALN-4,1998/07/23,26.054,88.533,HTW,37,Rajshahi,Thakurgaon,Thakurgaon Sadar,Salander,Salander,Mg,mg/L,2.42
S98_01790,JA-4/B,1998/07/19,24.91,89.946,HTW,26,Dhaka,Jamalpur,Jamalpur Sadar,Jamalpur,Fulbaria,Mg,mg/L,7.25
S98_01791,KABIR-5,1998/07/24,25.903,88.6,HTW,30,Rajshahi,Dinajpur,Birganj,Birgong,Kbirashat,Mg,mg/L,6.57
S98_01792,RANI-6,1998/07/23,25.901,88.254,HTW,30,Rajshahi,Thakurgaon,Ranisankail,Ranisanwail,Ranisanwail,Mg,mg/L,7.49
S98_01793,SIBRM-7,1998/07/24,25.665,88.652,HTW,18,Rajshahi,Dinajpur,Dinajpur Sadar,Sibrampur,Sibrampur,Mg,mg/L,2.07
S98_01794,PARBT-8,1998/07/24,25.653,88.915,HTW,20,Rajshahi,Dinajpur,Parbatipur,Parbatipur,Parbatipur,Mg,mg/L,10.2
S98_01795,HAKM-9,1998/07/22,25.288,89.021,HTW,21,Rajshahi,Dinajpur,Hakimpur,Hakimpur,Hakimpur,Mg,mg/L,9.01
S98_01796,CHIL-10,1998/07/25,26.1,88.8,HTW,24,Rajshahi,Nilphamari,Domar,Chilahati,Chilahati,Mg,mg/L,3.74
S98_01797,NIL-11,1998/07/24,25.9,88.8,HTW,18,Rajshahi,Nilphamari,Nilphamari Sadar,Nilphamari,Nilphamari,Mg,mg/L,4.31
S98_01798,BRUT-12,1998/07/25,26.203,89.11,HTW,,Rajshahi,Lalmonirhat,Hatibandha,Barakhta,Barakhta,Mg,mg/L,2.67
S98_01799,JAL-13,1998/07/25,25.931,88.838,HTW,27,Rajshahi,Nilphamari,Jaldhaka,Jaldhaka,Jaldhaka,Mg,mg/L,1.01
S98_01800,RANG-14,1998/07/26,25.752,89.253,HTW,18,Rajshahi,Rangpur,Rangpur Sadar,Rangipur,Rangipur,Mg,mg/L,2.24
S98_01801,LALM-15,1998/07/25,25.913,89.436,HTW,14,Rajshahi,Lalmonirhat,Lalmonirhat Sadar,Lalmonihat,Lalmonihat,Mg,mg/L,2.27
S98_01802,NAGUR-16,1998/07/26,25.965,89.671,HTW,18,Rajshahi,Kurigram,Nageshwari,Nagieshwari,Nagieshwari,Mg,mg/L,14
S98_01803,ULI-17,1998/07/26,25.653,89.623,HTW,18,Rajshahi,Kurigram,Ulipur,Ulipur,Ulipur,Mg,mg/L,9.61
S98_01804,BAMAN,1998/07/26,25.532,89.446,,18,Rajshahi,Gaibandha,Sundarganj,Bamandaga,Bamandaga,Mg,mg/L,12.2
S98_01805,BOA-19,1998/07/27,25.318,89.55,HTW,18,Rajshahi,Gaibandha,Gaibandha Sadar,Boalia,Boalia,Mg,mg/L,17.1
S98_01806,GABIN-20,1998/07/27,25.134,89.387,,12,Rajshahi,Gaibandha,Gobindaganj,Gabindagons,Gabindagons,Mg,mg/L,9.42
S98_01807,MADR-21,1998/07/22,25.109,89.036,HTW,15,Rajshahi,Jaipurhat,Jaipurhat Sadar,Madergonj,Madergonj,Mg,mg/L,11.8
S98_01808,SANTA-22,1998/07/22,24.804,88.969,HTW,18,Rajshahi,Bogra,Adamdighi,Santahar,Santahar,Mg,mg/L,24.7
S98_01809,GIOKU-23,1998/07/27,24.933,89.348,HTW,18,Rajshahi,Bogra,Bogra Sadar,Giokul,Giokul,Mg,mg/L,6.48
S98_01810,PATNI-29,1998/07/22,25.05,88.75,HTW,15,Rajshahi,Naogaon,Patnitala,Patnitala,Patnitala,Mg,mg/L,3.35
S98_01811,MAND-25,1998/07/22,24.793,88.701,HTW,30,Rajshahi,Naogaon,Manda,Manda,Manda,Mg,mg/L,5.1
S98_01812,PIR-25,1998/07/27,22.365,89.933,,,Barisal,Pirojpur,Mathbaria,,Burirchar,Mg,mg/L,1.83
S98_01813,RAHAN-26,1998/07/21,24.8,88.2,HTW,30,Rajshahi,Nawabganj,Gomastapur,Rahandur,Rahandur,Mg,mg/L,13.7
S98_01814,PIR-26,1998/07/27,22.365,89.933,HTW,37,Barisal,Pirojpur,Mathbaria,,Burirchar,Mg,mg/L,283
S98_01815,SHIB-27,1998/07/21,24.684,88.157,Piez,61,Rajshahi,Nawabganj,Shibganj (N),Shibgong,Shibgong,Mg,mg/L,42.2
S98_01816,PIR-27,1998/07/27,22.365,89.933,HTW,27,Barisal,Pirojpur,Mathbaria,,Burirchar,Mg,mg/L,17.9
S98_01817,GIODA-28,1998/07/21,24.461,88.328,HTW,30,Rajshahi,Rajshahi,Godagari,Giodagari,Giodagari,Mg,mg/L,9.71
S98_01818,SAPU-29,1998/07/21,24.374,88.558,HTW,37,Rajshahi,Rajshahi,Rajpara,Sapura,Sapura,Mg,mg/L,36.2
S98_01819,CHAR-30,1998/07/20,24.304,88.738,HTW,18,Rajshahi,Rajshahi,Charghat,Charghat,Charghat,Mg,mg/L,30.5
S98_01820,NAT-31,1998/07/20,24.414,89.988,HTW,27,Rajshahi,Natore,Natore Sadar,Natore,Natore,Mg,mg/L,42.6
S98_01821,SING-32,1998/07/20,24.506,89.143,TARA,18,Rajshahi,Natore,Singra,Singra,Singra,Mg,mg/L,40.8
S98_01822,LAL-33,1998/07/20,24.179,88.966,HTW,27,Rajshahi,Natore,Lalpur,Lalpur,Lalpur,Mg,mg/L,30.2
S98_01823,ROYG-34,1998/07/27,24.507,89.526,HTW,15,Rajshahi,Sirajganj,Raiganj,Roygong,Roygong,Mg,mg/L,10.7
S98_01824,SIRA-35,1998/07/28,24.463,89.708,HTW,18,Rajshahi,Sirajganj,Sirajganj Sadar,Sirjgong,Sirjgong,Mg,mg/L,11.5
S98_01825,CHAT-36,1998/07/20,24.15,89.261,HTW,18,Rajshahi,Pabna,Chatmohar,Chatmohur,Chatmohur,Mg,mg/L,38
S98_01826,PAB-37,1998/07/19,24.006,89.235,HTW,30,Rajshahi,Pabna,Pabna Sadar,Pabna,Pabna,Mg,mg/L,25.6
S98_01827,SUJA-38,1998/07/19,23.94,89.408,HTW,18,Rajshahi,Pabna,Sujanagar,Sujanager,Sujanager,Mg,mg/L,35
S98_01828,NAGIR-39,1998/07/28,23.951,89.65,HTW,20,Rajshahi,Pabna,Bera,Nagierbari,Nagierbari,Mg,mg/L,32.5
S98_01829,JA-40,1998/07/19,25.156,89.751,HTW,27,Dhaka,Jamalpur,Dewanganj,Chukaibari,Batheshasaria,Mg,mg/L,12.5
S98_01830,PRAG-40,1998/07/19,24.005,88.765,TARA,113,Khulna,Kushtia,Daulatpur (Ku),Pragpur,Pragpur,Mg,mg/L,36.4
S98_01831,HYM-41,1998/07/18,25.117,90.335,,27,Dhaka,Mymensingh,Haluaghat, Haluagher,Haluaghatthana Compn,Mg,mg/L,8.28
S98_01832,VHAR-41,1998/07/19,24.019,88.992,HTW,,Khulna,Kushtia,Bheramara,Vharamara,Vharamara,Mg,mg/L,31.5
S98_01833,KUST-42,1998/07/19,23.909,89.128,HTW,49,Khulna,Kushtia,Kushtia Sadar,Kushtia,Kushtia,Mg,mg/L,21.3
S98_01834,SHER-42/A,1998/07/18,25.018,90.012,HTW,36,Rajshahi,Bogra,Sherpur,Sherpur,,Mg,mg/L,22.6
S98_01835,MEHER-43,1998/07/19,23.761,88.632,HTW,27,Khulna,Meherpur,Meherpur Sadar,Meherpur,Meherpur,Mg,mg/L,20.7
S98_01836,JAM-43,1998/07/20,24.758,89.835,HTW,20,Dhaka,Jamalpur,Sarishabari,Sharishabari,Sharishabari,Mg,mg/L,17.2
S98_01837,DAR-44,1998/07/19,23.529,88.81,HTW,18,Khulna,Chuadanga,Chuadanga Sadar,Darsana,Darsana,Mg,mg/L,39.4
S98_01838,MYM-44,1998/07/17,24.748,90.406,DTW,107,Dhaka,Mymensingh,Mymensingh Sadar,Sadar,Bagmera,Mg,mg/L,12.3
S98_01839,JHIN-45,1998/07/18,23.547,89.165,,122,Khulna,Jhenaidah,Jhenaidah Sadar,Jhinaidha,Jhinaidha,Mg,mg/L,14.3
S98_01840,NET-45,1998/07/17,24.866,90.722,HTW,65,Dhaka,Netrokona,Netrokona Sadar,Sadar,Netrokona,Mg,mg/L,13.5
S98_01841,MAGU-46,1998/07/15,23.488,89.429,HTW,21,Khulna,Magura,Magura Sadar,Magura,Magura,Mg,mg/L,40.2
S98_01842,KISH-46,1998/07/18,24.444,90.773,DTW,118,Dhaka,Kishoreganj,Kishoreganj Sadar,Goital,Kishorgorj,Mg,mg/L,11.1
S98_01843,JES-47,1998/07/18,23.167,89.219,DTW,133,Khulna,Jessore,Jessore Sadar,Jessore,Jessore,Mg,mg/L,30.6
S98_01844,MYM-47,1998/07/17,24.454,90.54,HTW,,Dhaka,Mymensingh,Gafargaon,Saltia,Sulhasia,Mg,mg/L,11.9
S98_01845,NAR-48,1998/07/18,23.173,89.513,HTW,24,Khulna,Narail,Narail Sadar,Narail,Narail,Mg,mg/L,28.4
S98_01846,KISH-48,1998/07/18,24.047,90.973,HTW,20,Dhaka,Kishoreganj,Bhairab,Bhairab,Bhairab Rly St,Mg,mg/L,16.7
S98_01847,GODKHA-49,1998/07/15,23.059,89.077,HTW,24,Khulna,Jessore,Jhikargachha,Godkhali,Godkhali,Mg,mg/L,19.9
S98_01848,TA-49,1998/07/20,24.605,90.024,HTW,34,Dhaka,Tangail,Madhupur,Madhupur,Madhupur,Mg,mg/L,4.8
S98_01849,KHUL-50,1998/07/15,22.812,89.561,DTW,274,Khulna,Khulna,Khulna Sadar,Khulna,Khulna,Mg,mg/L,27.6
S98_01850,TA-50,1998/07/20,24.24,89.909,HTW,27,Dhaka,Tangail,Tangail Sadar,Sadar,Bepari Para,Mg,mg/L,12.2
S98_01851,SATKHR-51,1998/07/17,22.718,89.07,DTW,183,Khulna,Satkhira,Satkhira Sadar,Satkhira,Satkhira,Mg,mg/L,46.2
S98_01852,TA-51,1998/07/20,24.108,90.076,HTW,27,Dhaka,Tangail,Mirzapur,Baithgram,Gurail,Mg,mg/L,15.1
S98_01853,CHAL-52,1998/07/18,22.586,89.504,HTW,18,Khulna,Bagerhat,Bagerhat Sadar,Chalna,Chalna,Mg,mg/L,35.9
S98_01854,GA-52,1998/07/17,24.197,90.474,HTW,29,Dhaka,Gazipur,Sripur,Sreepur,Sreepur,Mg,mg/L,6.77
S98_01855,BAGIER-53,1998/07/15,22.663,89.763,,38,Khulna,Bagerhat,Bagerhat Sadar,Bagierhat,Bagierhat,Mg,mg/L,25.4
S98_01856,NAR-53,1998/07/18,23.926,90.718,HTW,,Dhaka,Narsingdi,Narsingdi Sadar,Narshingdi,Norshindi Dak Hangloo,Mg,mg/L,33.8
S98_01857,KHALIS-54,1998/07/18,22.548,89.538,DTW,274,Khulna,Khulna,Khulna Sadar,Khalishpur,Khalishpur,Mg,mg/L,23.4
S98_01858,DA-54,1998/07/16,23.734,90.418,DTW,137,Dhaka,Dhaka,Motijheel,Motijheel,Pwd Colony,Mg,mg/L,10.1
S98_01859,RJB-69,1998/07/22,23.765,89.476,HTW,22,Dhaka,Rajbari,Pangsha,,Kalukhau,Mg,mg/L,15
S98_01860,RJB-70,1998/07/22,23.754,89.645,DTW,127,Dhaka,Rajbari,Rajbari Sadar,,Municipality,Mg,mg/L,36.1
S98_01861,FAR-71,1998/07/23,23.599,89.835,DTW,84,Dhaka,Faridpur,Faridpur Sadar,,Municipal,Mg,mg/L,37.2
S98_01862,GOP-72,1998/07/23,23.21,89.693,HTW,20,Dhaka,Gopalganj,Kashiani,,Bhatiapara,Mg,mg/L,45.1
S98_01863,GOP-73,1998/07/23,23.005,89.823,HTW,20,Dhaka,Gopalganj,Gopalganj Sadar,Municipality,Gopalganj,Mg,mg/L,23.4
S98_01864,MAD-74,1998/07/23,23.167,90.195,DTW,238,Dhaka,Madaripur,Madaripur Sadar,Municipality,Madaripur,Mg,mg/L,34
S98_01865,BAR-75,1998/07/25,22.7,90.369,DTW,610,Barisal,Barisal,Barisal Sadar,,Barisal,Mg,mg/L,3.93
S98_01866,PAT-77,1998/07/25,22.355,90.345,DTW,274,Barisal,Patuakhali,Patuakhali Sadar,Municipality,Patuakhali,Mg,mg/L,3.52
S98_01867,DA-101,1998/07/21,23.51,90.217,HTW,26,Dhaka,Munshiganj,Munshiganj Sadar,Bhaishakul,Bhaishakul T Inst,Mg,mg/L,31.3
S98_01868,DA-102,1998/07/16,23.769,90.364,DTW,53,Dhaka,Dhaka,Mohammadpur (D),Mohammedpur,Mohammedpur,Mg,mg/L,10.8
S98_04510,GOHI-44,1998/07/29,22.1467,91.8231,Piez,265,Chittagong,Chittagong,Anowara,Gohira,UC Office,Mg,mg/L,50.7
S98_04511,RUST-45,1998/07/29,22.1924,91.8562,HTW,146,Chittagong,Chittagong,Anowara,Battali,Battali,Mg,mg/L,11.2
S98_04512,GOHI-46,1998/07/29,22.1467,91.8231,Piez,68,Chittagong,Chittagong,Anowara,Gohira,UC Office,Mg,mg/L,22
S98_04513,COM-84,1998/07/28,23.4453,91.1722,HTW,32,Chittagong,Comilla,Comilla Sadar,Shaktala,Shaktala,Mg,mg/L,9.75
S98_04514,DAUD-85,1998/07/28,23.536,90.7104,HTW,32,Chittagong,Comilla,Daudkandi,Daudkandi,Daudkandi Bazar,Mg,mg/L,31
S98_04515,LAKS-86,1998/07/28,23.2499,91.115,HTW,23,Chittagong,Comilla,Laksam,Nabaratpur,Nabaratpur,Mg,mg/L,56.6
S98_04516,HAJ-87,1998/07/31,23.2484,90.8696,DTW,107,Chittagong,Chandpur,Hajiganj,Aligonj,Aligonj H complex,Mg,mg/L,19.6
S98_04517,CHAN-88,1998/07/31,23.2342,90.6673,HTW,168,Chittagong,Chandpur,Chandpur Sadar,Shologhar,Shologhar,Mg,mg/L,18.1
S98_04518,NOA-89,1998/07/28,22.8334,91.0955,HTW,11,Chittagong,Noakhali,Noakhali Sadar,Sonapur,Sonapur,Mg,mg/L,45.2
S98_04519,FENI-90,1998/07/28,23.0053,91.3866,HTW,13,Chittagong,Feni,Feni Sadar,Pachgadria,Feni Rest House,Mg,mg/L,46
S98_04520,MIR-91,1998/07/28,22.7761,91.5656,HTW,25,Chittagong,Chittagong,Mirsharai,PS,Miraswarai,Mg,mg/L,37
S98_04521,CTG-92,1998/07/29,22.4735,91.7891,DTW,110,Chittagong,Chittagong,Hathazari,Hathajani,University,Mg,mg/L,1.73
S98_04522,CTG-93,1998/07/29,22.3704,91.8442,DTW,146,Chittagong,Chittagong,Chandgaon,Chandgown,Chandgown,Mg,mg/L,6.65
S98_04523,ANWA-94,1998/07/29,22.2234,91.898,HTW,43,Chittagong,Chittagong,Anowara,Anwara,Thana Parishad Office,Mg,mg/L,75.5
S98_04524,SAT-95,1998/07/29,22.0721,92.0479,HTW,31,Chittagong,Chittagong,Satkania,Satkania,Satkania,Mg,mg/L,7.1
S98_04525,COX-99,1998/07/30,21.4349,91.9656,HTW,10,Chittagong,Cox's Bazar,Cox's Bazar Sadar,,BWDB rest house,Mg,mg/L,57.6
S98_04526,UKHI-100,1998/07/30,21.2432,92.1325,DTW,52,Chittagong,Cox's Bazar,Ukhia,Ukhia,Ukhia Bazar,Mg,mg/L,4.13
S99_00796,SAN-43(CS),1999/04/06,22.4815,91.4285,Piez,56.96,Chittagong,Chittagong,Sandwip,Rahamatpur,Rahamatpur,Mg,mg/L,24.3
S99_00797,SAN-42(CMD),1999/04/06,22.4815,91.4285,Piez,160.92,Chittagong,Chittagong,Sandwip,Rahamatpur,Rahamatpur,Mg,mg/L,24.1
S99_00798,SAN-41(CD),1999/04/06,22.4815,91.4285,Piez,261.94,Chittagong,Chittagong,Sandwip,Rahamatpur,Rahamatpur,Mg,mg/L,93.1
S99_00799,MOH-98,1999/05/28,21.517,91.9584,Piez,7.32,Chittagong,Cox's Bazar,Maheshkhali,Gorukghata,Gorukghata,Mg,mg/L,45.6
S99_00800,KUT-97,1999/05/30,21.8128,91.8449,Piez,542.68,Chittagong,Cox's Bazar,Kutubdia,Baraghope,Baraghope,Mg,mg/L,3.13
S99_00801,SAND-9,1999/03/06,22.4817,91.4332,Piez,329.26,Chittagong,Chittagong,Sandwip,BWDB Guest house,BWDB Guest house,Mg,mg/L,104
S99_00802,AKHA-82,1999/05/24,23.8659,91.201,HTW,18.3,Chittagong,Brahamanbaria,Akhaura,Railway station,Railway station,Mg,mg/L,8.87
S99_00803,MUR-83,1999/05/24,23.7627,90.9899,HTW,26.22,Chittagong,Comilla,Muradnagar,Kasimpur,Kasimpur,Mg,mg/L,44.2
S99_00804,CHU-81,1999/05/25,24.1945,91.5138,HTW,30.5,Sylhet,Habiganj,Chunarughat,Chunarughat Bazar,Chunarughat Bazar,Mg,mg/L,4.37
S99_00805,HABI-80,1999/05/25,24.3776,91.4083,HTW,36.59,Sylhet,Habiganj,Habiganj Sadar,Rajanagar,Rajanagar,Mg,mg/L,7.56
S99_00806,MVI-79,1999/05/25,24.4696,91.7603,HTW,30.5,Sylhet,Maulvibazar,Maulvi Bazar Sadar,Sultanpur,Sultanpur,Mg,mg/L,4.48
S99_00807,SYL-78,1998/05/25,24.8795,91.8605,HTW,30.5,Sylhet,Sylhet,Sylhet Sadar,Railway station,Railway station,Mg,mg/L,3.44
S98_01785,SAT-1,1998/07/23,26.479,88.514,HTW,9,Rajshahi,Panchagarh,Tetulia,Satmara,Satmara,Mn,mg/L,0.05
S98_01786,130DA-2,,25.7,88.5,HTW,15,Rajshahi,Panchagarh,Boda,Boda,Boda,Mn,mg/L,0.323
S98_01787,TA-2/B,1998/07/20,24.088,90.17,HTW,37,Dhaka,Tangail,Mirzapur,Gurai,Gurai,Mn,mg/L,0.63
S98_01788,BALI-3,1998/07/23,26.083,88.279,HTW,18,Rajshahi,Thakurgaon,Baliadangi,Baliadanga,Baliadanga,Mn,mg/L,0.032
S98_01789,SALN-4,1998/07/23,26.054,88.533,HTW,37,Rajshahi,Thakurgaon,Thakurgaon Sadar,Salander,Salander,Mn,mg/L,0.085
S98_01790,JA-4/B,1998/07/19,24.91,89.946,HTW,26,Dhaka,Jamalpur,Jamalpur Sadar,Jamalpur,Fulbaria,Mn,mg/L,0.102
S98_01791,KABIR-5,1998/07/24,25.903,88.6,HTW,30,Rajshahi,Dinajpur,Birganj,Birgong,Kbirashat,Mn,mg/L,0.142
S98_01792,RANI-6,1998/07/23,25.901,88.254,HTW,30,Rajshahi,Thakurgaon,Ranisankail,Ranisanwail,Ranisanwail,Mn,mg/L,0.029
S98_01793,SIBRM-7,1998/07/24,25.665,88.652,HTW,18,Rajshahi,Dinajpur,Dinajpur Sadar,Sibrampur,Sibrampur,Mn,mg/L,0.008
S98_01794,PARBT-8,1998/07/24,25.653,88.915,HTW,20,Rajshahi,Dinajpur,Parbatipur,Parbatipur,Parbatipur,Mn,mg/L,0.647
S98_01795,HAKM-9,1998/07/22,25.288,89.021,HTW,21,Rajshahi,Dinajpur,Hakimpur,Hakimpur,Hakimpur,Mn,mg/L,0.469
S98_01796,CHIL-10,1998/07/25,26.1,88.8,HTW,24,Rajshahi,Nilphamari,Domar,Chilahati,Chilahati,Mn,mg/L,6.2
S98_01797,NIL-11,1998/07/24,25.9,88.8,HTW,18,Rajshahi,Nilphamari,Nilphamari Sadar,Nilphamari,Nilphamari,Mn,mg/L,1.48
S98_01798,BRUT-12,1998/07/25,26.203,89.11,HTW,,Rajshahi,Lalmonirhat,Hatibandha,Barakhta,Barakhta,Mn,mg/L,0.212
S98_01799,JAL-13,1998/07/25,25.931,88.838,HTW,27,Rajshahi,Nilphamari,Jaldhaka,Jaldhaka,Jaldhaka,Mn,mg/L,0.222
S98_01800,RANG-14,1998/07/26,25.752,89.253,HTW,18,Rajshahi,Rangpur,Rangpur Sadar,Rangipur,Rangipur,Mn,mg/L,0.133
S98_01801,LALM-15,1998/07/25,25.913,89.436,HTW,14,Rajshahi,Lalmonirhat,Lalmonirhat Sadar,Lalmonihat,Lalmonihat,Mn,mg/L,0.691
S98_01802,NAGUR-16,1998/07/26,25.965,89.671,HTW,18,Rajshahi,Kurigram,Nageshwari,Nagieshwari,Nagieshwari,Mn,mg/L,1.96
S98_01803,ULI-17,1998/07/26,25.653,89.623,HTW,18,Rajshahi,Kurigram,Ulipur,Ulipur,Ulipur,Mn,mg/L,0.242
S98_01804,BAMAN,1998/07/26,25.532,89.446,,18,Rajshahi,Gaibandha,Sundarganj,Bamandaga,Bamandaga,Mn,mg/L,0.179
S98_01805,BOA-19,1998/07/27,25.318,89.55,HTW,18,Rajshahi,Gaibandha,Gaibandha Sadar,Boalia,Boalia,Mn,mg/L,0.478
S98_01806,GABIN-20,1998/07/27,25.134,89.387,,12,Rajshahi,Gaibandha,Gobindaganj,Gabindagons,Gabindagons,Mn,mg/L,0.067
S98_01807,MADR-21,1998/07/22,25.109,89.036,HTW,15,Rajshahi,Jaipurhat,Jaipurhat Sadar,Madergonj,Madergonj,Mn,mg/L,0.566
S98_01808,SANTA-22,1998/07/22,24.804,88.969,HTW,18,Rajshahi,Bogra,Adamdighi,Santahar,Santahar,Mn,mg/L,0.435
S98_01809,GIOKU-23,1998/07/27,24.933,89.348,HTW,18,Rajshahi,Bogra,Bogra Sadar,Giokul,Giokul,Mn,mg/L,1.53
S98_01810,PATNI-29,1998/07/22,25.05,88.75,HTW,15,Rajshahi,Naogaon,Patnitala,Patnitala,Patnitala,Mn,mg/L,0.131
S98_01811,MAND-25,1998/07/22,24.793,88.701,HTW,30,Rajshahi,Naogaon,Manda,Manda,Manda,Mn,mg/L,0.381
S98_01812,PIR-25,1998/07/27,22.365,89.933,,,Barisal,Pirojpur,Mathbaria,,Burirchar,Mn,mg/L,0.006
S98_01813,RAHAN-26,1998/07/21,24.8,88.2,HTW,30,Rajshahi,Nawabganj,Gomastapur,Rahandur,Rahandur,Mn,mg/L,0.072
S98_01814,PIR-26,1998/07/27,22.365,89.933,HTW,37,Barisal,Pirojpur,Mathbaria,,Burirchar,Mn,mg/L,0.044
S98_01815,SHIB-27,1998/07/21,24.684,88.157,Piez,61,Rajshahi,Nawabganj,Shibganj (N),Shibgong,Shibgong,Mn,mg/L,0.662
S98_01816,PIR-27,1998/07/27,22.365,89.933,HTW,27,Barisal,Pirojpur,Mathbaria,,Burirchar,Mn,mg/L,0.131
S98_01817,GIODA-28,1998/07/21,24.461,88.328,HTW,30,Rajshahi,Rajshahi,Godagari,Giodagari,Giodagari,Mn,mg/L,0.103
S98_01818,SAPU-29,1998/07/21,24.374,88.558,HTW,37,Rajshahi,Rajshahi,Rajpara,Sapura,Sapura,Mn,mg/L,2.54
S98_01819,CHAR-30,1998/07/20,24.304,88.738,HTW,18,Rajshahi,Rajshahi,Charghat,Charghat,Charghat,Mn,mg/L,1.28
S98_01820,NAT-31,1998/07/20,24.414,89.988,HTW,27,Rajshahi,Natore,Natore Sadar,Natore,Natore,Mn,mg/L,0.766
S98_01821,SING-32,1998/07/20,24.506,89.143,TARA,18,Rajshahi,Natore,Singra,Singra,Singra,Mn,mg/L,0.846
S98_01822,LAL-33,1998/07/20,24.179,88.966,HTW,27,Rajshahi,Natore,Lalpur,Lalpur,Lalpur,Mn,mg/L,0.492
S98_01823,ROYG-34,1998/07/27,24.507,89.526,HTW,15,Rajshahi,Sirajganj,Raiganj,Roygong,Roygong,Mn,mg/L,0.648
S98_01824,SIRA-35,1998/07/28,24.463,89.708,HTW,18,Rajshahi,Sirajganj,Sirajganj Sadar,Sirjgong,Sirjgong,Mn,mg/L,0.626
S98_01825,CHAT-36,1998/07/20,24.15,89.261,HTW,18,Rajshahi,Pabna,Chatmohar,Chatmohur,Chatmohur,Mn,mg/L,0.602
S98_01826,PAB-37,1998/07/19,24.006,89.235,HTW,30,Rajshahi,Pabna,Pabna Sadar,Pabna,Pabna,Mn,mg/L,0.493
S98_01827,SUJA-38,1998/07/19,23.94,89.408,HTW,18,Rajshahi,Pabna,Sujanagar,Sujanager,Sujanager,Mn,mg/L,1.5
S98_01828,NAGIR-39,1998/07/28,23.951,89.65,HTW,20,Rajshahi,Pabna,Bera,Nagierbari,Nagierbari,Mn,mg/L,2.21
S98_01829,JA-40,1998/07/19,25.156,89.751,HTW,27,Dhaka,Jamalpur,Dewanganj,Chukaibari,Batheshasaria,Mn,mg/L,0.322
S98_01830,PRAG-40,1998/07/19,24.005,88.765,TARA,113,Khulna,Kushtia,Daulatpur (Ku),Pragpur,Pragpur,Mn,mg/L,0.414
S98_01831,HYM-41,1998/07/18,25.117,90.335,,27,Dhaka,Mymensingh,Haluaghat, Haluagher,Haluaghatthana Compn,Mn,mg/L,0.526
S98_01832,VHAR-41,1998/07/19,24.019,88.992,HTW,,Khulna,Kushtia,Bheramara,Vharamara,Vharamara,Mn,mg/L,0.614
S98_01833,KUST-42,1998/07/19,23.909,89.128,HTW,49,Khulna,Kushtia,Kushtia Sadar,Kushtia,Kushtia,Mn,mg/L,0.625
S98_01834,SHER-42/A,1998/07/18,25.018,90.012,HTW,36,Rajshahi,Bogra,Sherpur,Sherpur,,Mn,mg/L,2.27
S98_01835,MEHER-43,1998/07/19,23.761,88.632,HTW,27,Khulna,Meherpur,Meherpur Sadar,Meherpur,Meherpur,Mn,mg/L,0.232
S98_01836,JAM-43,1998/07/20,24.758,89.835,HTW,20,Dhaka,Jamalpur,Sarishabari,Sharishabari,Sharishabari,Mn,mg/L,0.383
S98_01837,DAR-44,1998/07/19,23.529,88.81,HTW,18,Khulna,Chuadanga,Chuadanga Sadar,Darsana,Darsana,Mn,mg/L,0.042
S98_01838,MYM-44,1998/07/17,24.748,90.406,DTW,107,Dhaka,Mymensingh,Mymensingh Sadar,Sadar,Bagmera,Mn,mg/L,0.148
S98_01839,JHIN-45,1998/07/18,23.547,89.165,,122,Khulna,Jhenaidah,Jhenaidah Sadar,Jhinaidha,Jhinaidha,Mn,mg/L,0.428
S98_01840,NET-45,1998/07/17,24.866,90.722,HTW,65,Dhaka,Netrokona,Netrokona Sadar,Sadar,Netrokona,Mn,mg/L,0.03
S98_01841,MAGU-46,1998/07/15,23.488,89.429,HTW,21,Khulna,Magura,Magura Sadar,Magura,Magura,Mn,mg/L,0.214
S98_01842,KISH-46,1998/07/18,24.444,90.773,DTW,118,Dhaka,Kishoreganj,Kishoreganj Sadar,Goital,Kishorgorj,Mn,mg/L,0.243
S98_01843,JES-47,1998/07/18,23.167,89.219,DTW,133,Khulna,Jessore,Jessore Sadar,Jessore,Jessore,Mn,mg/L,0.408
S98_01844,MYM-47,1998/07/17,24.454,90.54,HTW,,Dhaka,Mymensingh,Gafargaon,Saltia,Sulhasia,Mn,mg/L,0.036
S98_01845,NAR-48,1998/07/18,23.173,89.513,HTW,24,Khulna,Narail,Narail Sadar,Narail,Narail,Mn,mg/L,0.665
S98_01846,KISH-48,1998/07/18,24.047,90.973,HTW,20,Dhaka,Kishoreganj,Bhairab,Bhairab,Bhairab Rly St,Mn,mg/L,1.24
S98_01847,GODKHA-49,1998/07/15,23.059,89.077,HTW,24,Khulna,Jessore,Jhikargachha,Godkhali,Godkhali,Mn,mg/L,0.332
S98_01848,TA-49,1998/07/20,24.605,90.024,HTW,34,Dhaka,Tangail,Madhupur,Madhupur,Madhupur,Mn,mg/L,0.372
S98_01849,KHUL-50,1998/07/15,22.812,89.561,DTW,274,Khulna,Khulna,Khulna Sadar,Khulna,Khulna,Mn,mg/L,0.025
S98_01850,TA-50,1998/07/20,24.24,89.909,HTW,27,Dhaka,Tangail,Tangail Sadar,Sadar,Bepari Para,Mn,mg/L,1.64
S98_01851,SATKHR-51,1998/07/17,22.718,89.07,DTW,183,Khulna,Satkhira,Satkhira Sadar,Satkhira,Satkhira,Mn,mg/L,0.103
S98_01852,TA-51,1998/07/20,24.108,90.076,HTW,27,Dhaka,Tangail,Mirzapur,Baithgram,Gurail,Mn,mg/L,0.874
S98_01853,CHAL-52,1998/07/18,22.586,89.504,HTW,18,Khulna,Bagerhat,Bagerhat Sadar,Chalna,Chalna,Mn,mg/L,0.035
S98_01854,GA-52,1998/07/17,24.197,90.474,HTW,29,Dhaka,Gazipur,Sripur,Sreepur,Sreepur,Mn,mg/L,0.044
S98_01855,BAGIER-53,1998/07/15,22.663,89.763,,38,Khulna,Bagerhat,Bagerhat Sadar,Bagierhat,Bagierhat,Mn,mg/L,0.102
S98_01856,NAR-53,1998/07/18,23.926,90.718,HTW,,Dhaka,Narsingdi,Narsingdi Sadar,Narshingdi,Norshindi Dak Hangloo,Mn,mg/L,0.17
S98_01857,KHALIS-54,1998/07/18,22.548,89.538,DTW,274,Khulna,Khulna,Khulna Sadar,Khalishpur,Khalishpur,Mn,mg/L,0.028
S98_01858,DA-54,1998/07/16,23.734,90.418,DTW,137,Dhaka,Dhaka,Motijheel,Motijheel,Pwd Colony,Mn,mg/L,0.041
S98_01859,RJB-69,1998/07/22,23.765,89.476,HTW,22,Dhaka,Rajbari,Pangsha,,Kalukhau,Mn,mg/L,0.333
S98_01860,RJB-70,1998/07/22,23.754,89.645,DTW,127,Dhaka,Rajbari,Rajbari Sadar,,Municipality,Mn,mg/L,0.722
S98_01861,FAR-71,1998/07/23,23.599,89.835,DTW,84,Dhaka,Faridpur,Faridpur Sadar,,Municipal,Mn,mg/L,0.204
S98_01862,GOP-72,1998/07/23,23.21,89.693,HTW,20,Dhaka,Gopalganj,Kashiani,,Bhatiapara,Mn,mg/L,0.305
S98_01863,GOP-73,1998/07/23,23.005,89.823,HTW,20,Dhaka,Gopalganj,Gopalganj Sadar,Municipality,Gopalganj,Mn,mg/L,0.127
S98_01864,MAD-74,1998/07/23,23.167,90.195,DTW,238,Dhaka,Madaripur,Madaripur Sadar,Municipality,Madaripur,Mn,mg/L,0.04
S98_01865,BAR-75,1998/07/25,22.7,90.369,DTW,610,Barisal,Barisal,Barisal Sadar,,Barisal,Mn,mg/L,0.033
S98_01866,PAT-77,1998/07/25,22.355,90.345,DTW,274,Barisal,Patuakhali,Patuakhali Sadar,Municipality,Patuakhali,Mn,mg/L,0.015
S98_01867,DA-101,1998/07/21,23.51,90.217,HTW,26,Dhaka,Munshiganj,Munshiganj Sadar,Bhaishakul,Bhaishakul T Inst,Mn,mg/L,0.151
S98_01868,DA-102,1998/07/16,23.769,90.364,DTW,53,Dhaka,Dhaka,Mohammadpur (D),Mohammedpur,Mohammedpur,Mn,mg/L,0.027
S98_04510,GOHI-44,1998/07/29,22.1467,91.8231,Piez,265,Chittagong,Chittagong,Anowara,Gohira,UC Office,Mn,mg/L,2.45
S98_04511,RUST-45,1998/07/29,22.1924,91.8562,HTW,146,Chittagong,Chittagong,Anowara,Battali,Battali,Mn,mg/L,0.147
S98_04512,GOHI-46,1998/07/29,22.1467,91.8231,Piez,68,Chittagong,Chittagong,Anowara,Gohira,UC Office,Mn,mg/L,1.14
S98_04513,COM-84,1998/07/28,23.4453,91.1722,HTW,32,Chittagong,Comilla,Comilla Sadar,Shaktala,Shaktala,Mn,mg/L,0.403
S98_04514,DAUD-85,1998/07/28,23.536,90.7104,HTW,32,Chittagong,Comilla,Daudkandi,Daudkandi,Daudkandi Bazar,Mn,mg/L,0.268
S98_04515,LAKS-86,1998/07/28,23.2499,91.115,HTW,23,Chittagong,Comilla,Laksam,Nabaratpur,Nabaratpur,Mn,mg/L,0.413
S98_04516,HAJ-87,1998/07/31,23.2484,90.8696,DTW,107,Chittagong,Chandpur,Hajiganj,Aligonj,Aligonj H complex,Mn,mg/L,0.335
S98_04517,CHAN-88,1998/07/31,23.2342,90.6673,HTW,168,Chittagong,Chandpur,Chandpur Sadar,Shologhar,Shologhar,Mn,mg/L,0.252
S98_04518,NOA-89,1998/07/28,22.8334,91.0955,HTW,11,Chittagong,Noakhali,Noakhali Sadar,Sonapur,Sonapur,Mn,mg/L,0.374
S98_04519,FENI-90,1998/07/28,23.0053,91.3866,HTW,13,Chittagong,Feni,Feni Sadar,Pachgadria,Feni Rest House,Mn,mg/L,0.674
S98_04520,MIR-91,1998/07/28,22.7761,91.5656,HTW,25,Chittagong,Chittagong,Mirsharai,PS,Miraswarai,Mn,mg/L,0.247
S98_04521,CTG-92,1998/07/29,22.4735,91.7891,DTW,110,Chittagong,Chittagong,Hathazari,Hathajani,University,Mn,mg/L,0.029
S98_04522,CTG-93,1998/07/29,22.3704,91.8442,DTW,146,Chittagong,Chittagong,Chandgaon,Chandgown,Chandgown,Mn,mg/L,0.578
S98_04523,ANWA-94,1998/07/29,22.2234,91.898,HTW,43,Chittagong,Chittagong,Anowara,Anwara,Thana Parishad Office,Mn,mg/L,0.236
S98_04524,SAT-95,1998/07/29,22.0721,92.0479,HTW,31,Chittagong,Chittagong,Satkania,Satkania,Satkania,Mn,mg/L,0.053
S98_04525,COX-99,1998/07/30,21.4349,91.9656,HTW,10,Chittagong,Cox's Bazar,Cox's Bazar Sadar,,BWDB rest house,Mn,mg/L,1.96
S98_04526,UKHI-100,1998/07/30,21.2432,92.1325,DTW,52,Chittagong,Cox's Bazar,Ukhia,Ukhia,Ukhia Bazar,Mn,mg/L,0.037
S99_00796,SAN-43(CS),1999/04/06,22.4815,91.4285,Piez,56.96,Chittagong,Chittagong,Sandwip,Rahamatpur,Rahamatpur,Mn,mg/L,0.007
S99_00797,SAN-42(CMD),1999/04/06,22.4815,91.4285,Piez,160.92,Chittagong,Chittagong,Sandwip,Rahamatpur,Rahamatpur,Mn,mg/L,0.008
S99_00798,SAN-41(CD),1999/04/06,22.4815,91.4285,Piez,261.94,Chittagong,Chittagong,Sandwip,Rahamatpur,Rahamatpur,Mn,mg/L,0.012
S99_00799,MOH-98,1999/05/28,21.517,91.9584,Piez,7.32,Chittagong,Cox's Bazar,Maheshkhali,Gorukghata,Gorukghata,Mn,mg/L,0.039
S99_00800,KUT-97,1999/05/30,21.8128,91.8449,Piez,542.68,Chittagong,Cox's Bazar,Kutubdia,Baraghope,Baraghope,Mn,mg/L,0.124
S99_00801,SAND-9,1999/03/06,22.4817,91.4332,Piez,329.26,Chittagong,Chittagong,Sandwip,BWDB Guest house,BWDB Guest house,Mn,mg/L,0.019
S99_00802,AKHA-82,1999/05/24,23.8659,91.201,HTW,18.3,Chittagong,Brahamanbaria,Akhaura,Railway station,Railway station,Mn,mg/L,0.18
S99_00803,MUR-83,1999/05/24,23.7627,90.9899,HTW,26.22,Chittagong,Comilla,Muradnagar,Kasimpur,Kasimpur,Mn,mg/L,0.021
S99_00804,CHU-81,1999/05/25,24.1945,91.5138,HTW,30.5,Sylhet,Habiganj,Chunarughat,Chunarughat Bazar,Chunarughat Bazar,Mn,mg/L,1.44
S99_00805,HABI-80,1999/05/25,24.3776,91.4083,HTW,36.59,Sylhet,Habiganj,Habiganj Sadar,Rajanagar,Rajanagar,Mn,mg/L,0.094
S99_00806,MVI-79,1999/05/25,24.4696,91.7603,HTW,30.5,Sylhet,Maulvibazar,Maulvi Bazar Sadar,Sultanpur,Sultanpur,Mn,mg/L,0.275
S99_00807,SYL-78,1998/05/25,24.8795,91.8605,HTW,30.5,Sylhet,Sylhet,Sylhet Sadar,Railway station,Railway station,Mn,mg/L,0.037
S98_01785,SAT-1,1998/07/23,26.479,88.514,HTW,9,Rajshahi,Panchagarh,Tetulia,Satmara,Satmara,Mo,ug/L,0.2
S98_01786,130DA-2,,25.7,88.5,HTW,15,Rajshahi,Panchagarh,Boda,Boda,Boda,Mo,ug/L,0.2
S98_01787,TA-2/B,1998/07/20,24.088,90.17,HTW,37,Dhaka,Tangail,Mirzapur,Gurai,Gurai,Mo,ug/L,0.2
S98_01788,BALI-3,1998/07/23,26.083,88.279,HTW,18,Rajshahi,Thakurgaon,Baliadangi,Baliadanga,Baliadanga,Mo,ug/L,< 0.1
S98_01789,SALN-4,1998/07/23,26.054,88.533,HTW,37,Rajshahi,Thakurgaon,Thakurgaon Sadar,Salander,Salander,Mo,ug/L,< 0.1
S98_01790,JA-4/B,1998/07/19,24.91,89.946,HTW,26,Dhaka,Jamalpur,Jamalpur Sadar,Jamalpur,Fulbaria,Mo,ug/L,< 0.1
S98_01791,KABIR-5,1998/07/24,25.903,88.6,HTW,30,Rajshahi,Dinajpur,Birganj,Birgong,Kbirashat,Mo,ug/L,< 0.1
S98_01792,RANI-6,1998/07/23,25.901,88.254,HTW,30,Rajshahi,Thakurgaon,Ranisankail,Ranisanwail,Ranisanwail,Mo,ug/L,< 0.1
S98_01793,SIBRM-7,1998/07/24,25.665,88.652,HTW,18,Rajshahi,Dinajpur,Dinajpur Sadar,Sibrampur,Sibrampur,Mo,ug/L,< 0.1
S98_01794,PARBT-8,1998/07/24,25.653,88.915,HTW,20,Rajshahi,Dinajpur,Parbatipur,Parbatipur,Parbatipur,Mo,ug/L,0.1
S98_01795,HAKM-9,1998/07/22,25.288,89.021,HTW,21,Rajshahi,Dinajpur,Hakimpur,Hakimpur,Hakimpur,Mo,ug/L,< 0.1
S98_01796,CHIL-10,1998/07/25,26.1,88.8,HTW,24,Rajshahi,Nilphamari,Domar,Chilahati,Chilahati,Mo,ug/L,< 0.1
S98_01797,NIL-11,1998/07/24,25.9,88.8,HTW,18,Rajshahi,Nilphamari,Nilphamari Sadar,Nilphamari,Nilphamari,Mo,ug/L,0.4
S98_01798,BRUT-12,1998/07/25,26.203,89.11,HTW,,Rajshahi,Lalmonirhat,Hatibandha,Barakhta,Barakhta,Mo,ug/L,0.5
S98_01799,JAL-13,1998/07/25,25.931,88.838,HTW,27,Rajshahi,Nilphamari,Jaldhaka,Jaldhaka,Jaldhaka,Mo,ug/L,< 0.1
S98_01800,RANG-14,1998/07/26,25.752,89.253,HTW,18,Rajshahi,Rangpur,Rangpur Sadar,Rangipur,Rangipur,Mo,ug/L,0.3
S98_01801,LALM-15,1998/07/25,25.913,89.436,HTW,14,Rajshahi,Lalmonirhat,Lalmonirhat Sadar,Lalmonihat,Lalmonihat,Mo,ug/L,0.6
S98_01802,NAGUR-16,1998/07/26,25.965,89.671,HTW,18,Rajshahi,Kurigram,Nageshwari,Nagieshwari,Nagieshwari,Mo,ug/L,< 0.1
S98_01803,ULI-17,1998/07/26,25.653,89.623,HTW,18,Rajshahi,Kurigram,Ulipur,Ulipur,Ulipur,Mo,ug/L,0.2
S98_01804,BAMAN,1998/07/26,25.532,89.446,,18,Rajshahi,Gaibandha,Sundarganj,Bamandaga,Bamandaga,Mo,ug/L,1.4
S98_01805,BOA-19,1998/07/27,25.318,89.55,HTW,18,Rajshahi,Gaibandha,Gaibandha Sadar,Boalia,Boalia,Mo,ug/L,0.4
S98_01806,GABIN-20,1998/07/27,25.134,89.387,,12,Rajshahi,Gaibandha,Gobindaganj,Gabindagons,Gabindagons,Mo,ug/L,1.9
S98_01807,MADR-21,1998/07/22,25.109,89.036,HTW,15,Rajshahi,Jaipurhat,Jaipurhat Sadar,Madergonj,Madergonj,Mo,ug/L,< 0.1
S98_01808,SANTA-22,1998/07/22,24.804,88.969,HTW,18,Rajshahi,Bogra,Adamdighi,Santahar,Santahar,Mo,ug/L,< 0.1
S98_01809,GIOKU-23,1998/07/27,24.933,89.348,HTW,18,Rajshahi,Bogra,Bogra Sadar,Giokul,Giokul,Mo,ug/L,< 0.1
S98_01810,PATNI-29,1998/07/22,25.05,88.75,HTW,15,Rajshahi,Naogaon,Patnitala,Patnitala,Patnitala,Mo,ug/L,< 0.1
S98_01811,MAND-25,1998/07/22,24.793,88.701,HTW,30,Rajshahi,Naogaon,Manda,Manda,Manda,Mo,ug/L,< 0.1
S98_01812,PIR-25,1998/07/27,22.365,89.933,,,Barisal,Pirojpur,Mathbaria,,Burirchar,Mo,ug/L,0.6
S98_01813,RAHAN-26,1998/07/21,24.8,88.2,HTW,30,Rajshahi,Nawabganj,Gomastapur,Rahandur,Rahandur,Mo,ug/L,0.2
S98_01814,PIR-26,1998/07/27,22.365,89.933,HTW,37,Barisal,Pirojpur,Mathbaria,,Burirchar,Mo,ug/L,0.8
S98_01815,SHIB-27,1998/07/21,24.684,88.157,Piez,61,Rajshahi,Nawabganj,Shibganj (N),Shibgong,Shibgong,Mo,ug/L,0.6
S98_01816,PIR-27,1998/07/27,22.365,89.933,HTW,27,Barisal,Pirojpur,Mathbaria,,Burirchar,Mo,ug/L,3.8
S98_01817,GIODA-28,1998/07/21,24.461,88.328,HTW,30,Rajshahi,Rajshahi,Godagari,Giodagari,Giodagari,Mo,ug/L,0.2
S98_01818,SAPU-29,1998/07/21,24.374,88.558,HTW,37,Rajshahi,Rajshahi,Rajpara,Sapura,Sapura,Mo,ug/L,1.6
S98_01819,CHAR-30,1998/07/20,24.304,88.738,HTW,18,Rajshahi,Rajshahi,Charghat,Charghat,Charghat,Mo,ug/L,0.9
S98_01820,NAT-31,1998/07/20,24.414,89.988,HTW,27,Rajshahi,Natore,Natore Sadar,Natore,Natore,Mo,ug/L,0.5
S98_01821,SING-32,1998/07/20,24.506,89.143,TARA,18,Rajshahi,Natore,Singra,Singra,Singra,Mo,ug/L,0.2
S98_01822,LAL-33,1998/07/20,24.179,88.966,HTW,27,Rajshahi,Natore,Lalpur,Lalpur,Lalpur,Mo,ug/L,0.8
S98_01823,ROYG-34,1998/07/27,24.507,89.526,HTW,15,Rajshahi,Sirajganj,Raiganj,Roygong,Roygong,Mo,ug/L,0.7
S98_01824,SIRA-35,1998/07/28,24.463,89.708,HTW,18,Rajshahi,Sirajganj,Sirajganj Sadar,Sirjgong,Sirjgong,Mo,ug/L,0.8
S98_01825,CHAT-36,1998/07/20,24.15,89.261,HTW,18,Rajshahi,Pabna,Chatmohar,Chatmohur,Chatmohur,Mo,ug/L,0.5
S98_01826,PAB-37,1998/07/19,24.006,89.235,HTW,30,Rajshahi,Pabna,Pabna Sadar,Pabna,Pabna,Mo,ug/L,0.6
S98_01827,SUJA-38,1998/07/19,23.94,89.408,HTW,18,Rajshahi,Pabna,Sujanagar,Sujanager,Sujanager,Mo,ug/L,0.4
S98_01828,NAGIR-39,1998/07/28,23.951,89.65,HTW,20,Rajshahi,Pabna,Bera,Nagierbari,Nagierbari,Mo,ug/L,1.8
S98_01829,JA-40,1998/07/19,25.156,89.751,HTW,27,Dhaka,Jamalpur,Dewanganj,Chukaibari,Batheshasaria,Mo,ug/L,0.8
S98_01830,PRAG-40,1998/07/19,24.005,88.765,TARA,113,Khulna,Kushtia,Daulatpur (Ku),Pragpur,Pragpur,Mo,ug/L,0.2
S98_01831,HYM-41,1998/07/18,25.117,90.335,,27,Dhaka,Mymensingh,Haluaghat, Haluagher,Haluaghatthana Compn,Mo,ug/L,1.7
S98_01832,VHAR-41,1998/07/19,24.019,88.992,HTW,,Khulna,Kushtia,Bheramara,Vharamara,Vharamara,Mo,ug/L,1.5
S98_01833,KUST-42,1998/07/19,23.909,89.128,HTW,49,Khulna,Kushtia,Kushtia Sadar,Kushtia,Kushtia,Mo,ug/L,1.8
S98_01834,SHER-42/A,1998/07/18,25.018,90.012,HTW,36,Rajshahi,Bogra,Sherpur,Sherpur,,Mo,ug/L,0.7
S98_01835,MEHER-43,1998/07/19,23.761,88.632,HTW,27,Khulna,Meherpur,Meherpur Sadar,Meherpur,Meherpur,Mo,ug/L,0.6
S98_01836,JAM-43,1998/07/20,24.758,89.835,HTW,20,Dhaka,Jamalpur,Sarishabari,Sharishabari,Sharishabari,Mo,ug/L,< 0.1
S98_01837,DAR-44,1998/07/19,23.529,88.81,HTW,18,Khulna,Chuadanga,Chuadanga Sadar,Darsana,Darsana,Mo,ug/L,7.8
S98_01838,MYM-44,1998/07/17,24.748,90.406,DTW,107,Dhaka,Mymensingh,Mymensingh Sadar,Sadar,Bagmera,Mo,ug/L,0.1
S98_01839,JHIN-45,1998/07/18,23.547,89.165,,122,Khulna,Jhenaidah,Jhenaidah Sadar,Jhinaidha,Jhinaidha,Mo,ug/L,1
S98_01840,NET-45,1998/07/17,24.866,90.722,HTW,65,Dhaka,Netrokona,Netrokona Sadar,Sadar,Netrokona,Mo,ug/L,0.7
S98_01841,MAGU-46,1998/07/15,23.488,89.429,HTW,21,Khulna,Magura,Magura Sadar,Magura,Magura,Mo,ug/L,1.5
S98_01842,KISH-46,1998/07/18,24.444,90.773,DTW,118,Dhaka,Kishoreganj,Kishoreganj Sadar,Goital,Kishorgorj,Mo,ug/L,0.6
S98_01843,JES-47,1998/07/18,23.167,89.219,DTW,133,Khulna,Jessore,Jessore Sadar,Jessore,Jessore,Mo,ug/L,0.7
S98_01844,MYM-47,1998/07/17,24.454,90.54,HTW,,Dhaka,Mymensingh,Gafargaon,Saltia,Sulhasia,Mo,ug/L,< 0.1
S98_01845,NAR-48,1998/07/18,23.173,89.513,HTW,24,Khulna,Narail,Narail Sadar,Narail,Narail,Mo,ug/L,1.5
S98_01846,KISH-48,1998/07/18,24.047,90.973,HTW,20,Dhaka,Kishoreganj,Bhairab,Bhairab,Bhairab Rly St,Mo,ug/L,2.5
S98_01847,GODKHA-49,1998/07/15,23.059,89.077,HTW,24,Khulna,Jessore,Jhikargachha,Godkhali,Godkhali,Mo,ug/L,0.5
S98_01848,TA-49,1998/07/20,24.605,90.024,HTW,34,Dhaka,Tangail,Madhupur,Madhupur,Madhupur,Mo,ug/L,< 0.1
S98_01849,KHUL-50,1998/07/15,22.812,89.561,DTW,274,Khulna,Khulna,Khulna Sadar,Khulna,Khulna,Mo,ug/L,0.3
S98_01850,TA-50,1998/07/20,24.24,89.909,HTW,27,Dhaka,Tangail,Tangail Sadar,Sadar,Bepari Para,Mo,ug/L,1.8
S98_01851,SATKHR-51,1998/07/17,22.718,89.07,DTW,183,Khulna,Satkhira,Satkhira Sadar,Satkhira,Satkhira,Mo,ug/L,1
S98_01852,TA-51,1998/07/20,24.108,90.076,HTW,27,Dhaka,Tangail,Mirzapur,Baithgram,Gurail,Mo,ug/L,0.5
S98_01853,CHAL-52,1998/07/18,22.586,89.504,HTW,18,Khulna,Bagerhat,Bagerhat Sadar,Chalna,Chalna,Mo,ug/L,1.2
S98_01854,GA-52,1998/07/17,24.197,90.474,HTW,29,Dhaka,Gazipur,Sripur,Sreepur,Sreepur,Mo,ug/L,0.2
S98_01855,BAGIER-53,1998/07/15,22.663,89.763,,38,Khulna,Bagerhat,Bagerhat Sadar,Bagierhat,Bagierhat,Mo,ug/L,0.8
S98_01856,NAR-53,1998/07/18,23.926,90.718,HTW,,Dhaka,Narsingdi,Narsingdi Sadar,Narshingdi,Norshindi Dak Hangloo,Mo,ug/L,1.2
S98_01857,KHALIS-54,1998/07/18,22.548,89.538,DTW,274,Khulna,Khulna,Khulna Sadar,Khalishpur,Khalishpur,Mo,ug/L,0.5
S98_01858,DA-54,1998/07/16,23.734,90.418,DTW,137,Dhaka,Dhaka,Motijheel,Motijheel,Pwd Colony,Mo,ug/L,< 0.1
S98_01859,RJB-69,1998/07/22,23.765,89.476,HTW,22,Dhaka,Rajbari,Pangsha,,Kalukhau,Mo,ug/L,0.8
S98_01860,RJB-70,1998/07/22,23.754,89.645,DTW,127,Dhaka,Rajbari,Rajbari Sadar,,Municipality,Mo,ug/L,1.1
S98_01861,FAR-71,1998/07/23,23.599,89.835,DTW,84,Dhaka,Faridpur,Faridpur Sadar,,Municipal,Mo,ug/L,1.9
S98_01862,GOP-72,1998/07/23,23.21,89.693,HTW,20,Dhaka,Gopalganj,Kashiani,,Bhatiapara,Mo,ug/L,0.9
S98_01863,GOP-73,1998/07/23,23.005,89.823,HTW,20,Dhaka,Gopalganj,Gopalganj Sadar,Municipality,Gopalganj,Mo,ug/L,1.4
S98_01864,MAD-74,1998/07/23,23.167,90.195,DTW,238,Dhaka,Madaripur,Madaripur Sadar,Municipality,Madaripur,Mo,ug/L,0.3
S98_01865,BAR-75,1998/07/25,22.7,90.369,DTW,610,Barisal,Barisal,Barisal Sadar,,Barisal,Mo,ug/L,0.3
S98_01866,PAT-77,1998/07/25,22.355,90.345,DTW,274,Barisal,Patuakhali,Patuakhali Sadar,Municipality,Patuakhali,Mo,ug/L,0.6
S98_01867,DA-101,1998/07/21,23.51,90.217,HTW,26,Dhaka,Munshiganj,Munshiganj Sadar,Bhaishakul,Bhaishakul T Inst,Mo,ug/L,3.6
S98_01868,DA-102,1998/07/16,23.769,90.364,DTW,53,Dhaka,Dhaka,Mohammadpur (D),Mohammedpur,Mohammedpur,Mo,ug/L,< 0.1
S98_04510,GOHI-44,1998/07/29,22.1467,91.8231,Piez,265,Chittagong,Chittagong,Anowara,Gohira,UC Office,Mo,ug/L,< 0.1
S98_04511,RUST-45,1998/07/29,22.1924,91.8562,HTW,146,Chittagong,Chittagong,Anowara,Battali,Battali,Mo,ug/L,0.2
S98_04512,GOHI-46,1998/07/29,22.1467,91.8231,Piez,68,Chittagong,Chittagong,Anowara,Gohira,UC Office,Mo,ug/L,< 0.1
S98_04513,COM-84,1998/07/28,23.4453,91.1722,HTW,32,Chittagong,Comilla,Comilla Sadar,Shaktala,Shaktala,Mo,ug/L,0.5
S98_04514,DAUD-85,1998/07/28,23.536,90.7104,HTW,32,Chittagong,Comilla,Daudkandi,Daudkandi,Daudkandi Bazar,Mo,ug/L,2.3
S98_04515,LAKS-86,1998/07/28,23.2499,91.115,HTW,23,Chittagong,Comilla,Laksam,Nabaratpur,Nabaratpur,Mo,ug/L,0.7
S98_04516,HAJ-87,1998/07/31,23.2484,90.8696,DTW,107,Chittagong,Chandpur,Hajiganj,Aligonj,Aligonj H complex,Mo,ug/L,< 0.1
S98_04517,CHAN-88,1998/07/31,23.2342,90.6673,HTW,168,Chittagong,Chandpur,Chandpur Sadar,Shologhar,Shologhar,Mo,ug/L,2.4
S98_04518,NOA-89,1998/07/28,22.8334,91.0955,HTW,11,Chittagong,Noakhali,Noakhali Sadar,Sonapur,Sonapur,Mo,ug/L,5.6
S98_04519,FENI-90,1998/07/28,23.0053,91.3866,HTW,13,Chittagong,Feni,Feni Sadar,Pachgadria,Feni Rest House,Mo,ug/L,1.7
S98_04520,MIR-91,1998/07/28,22.7761,91.5656,HTW,25,Chittagong,Chittagong,Mirsharai,PS,Miraswarai,Mo,ug/L,4
S98_04521,CTG-92,1998/07/29,22.4735,91.7891,DTW,110,Chittagong,Chittagong,Hathazari,Hathajani,University,Mo,ug/L,< 0.1
S98_04522,CTG-93,1998/07/29,22.3704,91.8442,DTW,146,Chittagong,Chittagong,Chandgaon,Chandgown,Chandgown,Mo,ug/L,0.1
S98_04523,ANWA-94,1998/07/29,22.2234,91.898,HTW,43,Chittagong,Chittagong,Anowara,Anwara,Thana Parishad Office,Mo,ug/L,< 0.1
S98_04524,SAT-95,1998/07/29,22.0721,92.0479,HTW,31,Chittagong,Chittagong,Satkania,Satkania,Satkania,Mo,ug/L,0.9
S98_04525,COX-99,1998/07/30,21.4349,91.9656,HTW,10,Chittagong,Cox's Bazar,Cox's Bazar Sadar,,BWDB rest house,Mo,ug/L,1
S98_04526,UKHI-100,1998/07/30,21.2432,92.1325,DTW,52,Chittagong,Cox's Bazar,Ukhia,Ukhia,Ukhia Bazar,Mo,ug/L,< 0.1
S99_00796,SAN-43(CS),1999/04/06,22.4815,91.4285,Piez,56.96,Chittagong,Chittagong,Sandwip,Rahamatpur,Rahamatpur,Mo,ug/L,
S99_00797,SAN-42(CMD),1999/04/06,22.4815,91.4285,Piez,160.92,Chittagong,Chittagong,Sandwip,Rahamatpur,Rahamatpur,Mo,ug/L,
S99_00798,SAN-41(CD),1999/04/06,22.4815,91.4285,Piez,261.94,Chittagong,Chittagong,Sandwip,Rahamatpur,Rahamatpur,Mo,ug/L,
S99_00799,MOH-98,1999/05/28,21.517,91.9584,Piez,7.32,Chittagong,Cox's Bazar,Maheshkhali,Gorukghata,Gorukghata,Mo,ug/L,
S99_00800,KUT-97,1999/05/30,21.8128,91.8449,Piez,542.68,Chittagong,Cox's Bazar,Kutubdia,Baraghope,Baraghope,Mo,ug/L,
S99_00801,SAND-9,1999/03/06,22.4817,91.4332,Piez,329.26,Chittagong,Chittagong,Sandwip,BWDB Guest house,BWDB Guest house,Mo,ug/L,
S99_00802,AKHA-82,1999/05/24,23.8659,91.201,HTW,18.3,Chittagong,Brahamanbaria,Akhaura,Railway station,Railway station,Mo,ug/L,
S99_00803,MUR-83,1999/05/24,23.7627,90.9899,HTW,26.22,Chittagong,Comilla,Muradnagar,Kasimpur,Kasimpur,Mo,ug/L,
S99_00804,CHU-81,1999/05/25,24.1945,91.5138,HTW,30.5,Sylhet,Habiganj,Chunarughat,Chunarughat Bazar,Chunarughat Bazar,Mo,ug/L,
S99_00805,HABI-80,1999/05/25,24.3776,91.4083,HTW,36.59,Sylhet,Habiganj,Habiganj Sadar,Rajanagar,Rajanagar,Mo,ug/L,
S99_00806,MVI-79,1999/05/25,24.4696,91.7603,HTW,30.5,Sylhet,Maulvibazar,Maulvi Bazar Sadar,Sultanpur,Sultanpur,Mo,ug/L,
S99_00807,SYL-78,1998/05/25,24.8795,91.8605,HTW,30.5,Sylhet,Sylhet,Sylhet Sadar,Railway station,Railway station,Mo,ug/L,
S98_01785,SAT-1,1998/07/23,26.479,88.514,HTW,9,Rajshahi,Panchagarh,Tetulia,Satmara,Satmara,Na,mg/L,21.3
S98_01786,130DA-2,,25.7,88.5,HTW,15,Rajshahi,Panchagarh,Boda,Boda,Boda,Na,mg/L,7.1
S98_01787,TA-2/B,1998/07/20,24.088,90.17,HTW,37,Dhaka,Tangail,Mirzapur,Gurai,Gurai,Na,mg/L,25.1
S98_01788,BALI-3,1998/07/23,26.083,88.279,HTW,18,Rajshahi,Thakurgaon,Baliadangi,Baliadanga,Baliadanga,Na,mg/L,11.7
S98_01789,SALN-4,1998/07/23,26.054,88.533,HTW,37,Rajshahi,Thakurgaon,Thakurgaon Sadar,Salander,Salander,Na,mg/L,7.2
S98_01790,JA-4/B,1998/07/19,24.91,89.946,HTW,26,Dhaka,Jamalpur,Jamalpur Sadar,Jamalpur,Fulbaria,Na,mg/L,19.5
S98_01791,KABIR-5,1998/07/24,25.903,88.6,HTW,30,Rajshahi,Dinajpur,Birganj,Birgong,Kbirashat,Na,mg/L,9.9
S98_01792,RANI-6,1998/07/23,25.901,88.254,HTW,30,Rajshahi,Thakurgaon,Ranisankail,Ranisanwail,Ranisanwail,Na,mg/L,10.1
S98_01793,SIBRM-7,1998/07/24,25.665,88.652,HTW,18,Rajshahi,Dinajpur,Dinajpur Sadar,Sibrampur,Sibrampur,Na,mg/L,23
S98_01794,PARBT-8,1998/07/24,25.653,88.915,HTW,20,Rajshahi,Dinajpur,Parbatipur,Parbatipur,Parbatipur,Na,mg/L,23.8
S98_01795,HAKM-9,1998/07/22,25.288,89.021,HTW,21,Rajshahi,Dinajpur,Hakimpur,Hakimpur,Hakimpur,Na,mg/L,14.5
S98_01796,CHIL-10,1998/07/25,26.1,88.8,HTW,24,Rajshahi,Nilphamari,Domar,Chilahati,Chilahati,Na,mg/L,12.1
S98_01797,NIL-11,1998/07/24,25.9,88.8,HTW,18,Rajshahi,Nilphamari,Nilphamari Sadar,Nilphamari,Nilphamari,Na,mg/L,25.4
S98_01798,BRUT-12,1998/07/25,26.203,89.11,HTW,,Rajshahi,Lalmonirhat,Hatibandha,Barakhta,Barakhta,Na,mg/L,14
S98_01799,JAL-13,1998/07/25,25.931,88.838,HTW,27,Rajshahi,Nilphamari,Jaldhaka,Jaldhaka,Jaldhaka,Na,mg/L,6.2
S98_01800,RANG-14,1998/07/26,25.752,89.253,HTW,18,Rajshahi,Rangpur,Rangpur Sadar,Rangipur,Rangipur,Na,mg/L,10.1
S98_01801,LALM-15,1998/07/25,25.913,89.436,HTW,14,Rajshahi,Lalmonirhat,Lalmonirhat Sadar,Lalmonihat,Lalmonihat,Na,mg/L,7.3
S98_01802,NAGUR-16,1998/07/26,25.965,89.671,HTW,18,Rajshahi,Kurigram,Nageshwari,Nagieshwari,Nagieshwari,Na,mg/L,33.3
S98_01803,ULI-17,1998/07/26,25.653,89.623,HTW,18,Rajshahi,Kurigram,Ulipur,Ulipur,Ulipur,Na,mg/L,12.1
S98_01804,BAMAN,1998/07/26,25.532,89.446,,18,Rajshahi,Gaibandha,Sundarganj,Bamandaga,Bamandaga,Na,mg/L,56.5
S98_01805,BOA-19,1998/07/27,25.318,89.55,HTW,18,Rajshahi,Gaibandha,Gaibandha Sadar,Boalia,Boalia,Na,mg/L,18.5
S98_01806,GABIN-20,1998/07/27,25.134,89.387,,12,Rajshahi,Gaibandha,Gobindaganj,Gabindagons,Gabindagons,Na,mg/L,26.5
S98_01807,MADR-21,1998/07/22,25.109,89.036,HTW,15,Rajshahi,Jaipurhat,Jaipurhat Sadar,Madergonj,Madergonj,Na,mg/L,12.6
S98_01808,SANTA-22,1998/07/22,24.804,88.969,HTW,18,Rajshahi,Bogra,Adamdighi,Santahar,Santahar,Na,mg/L,68.1
S98_01809,GIOKU-23,1998/07/27,24.933,89.348,HTW,18,Rajshahi,Bogra,Bogra Sadar,Giokul,Giokul,Na,mg/L,15.2
S98_01810,PATNI-29,1998/07/22,25.05,88.75,HTW,15,Rajshahi,Naogaon,Patnitala,Patnitala,Patnitala,Na,mg/L,13.4
S98_01811,MAND-25,1998/07/22,24.793,88.701,HTW,30,Rajshahi,Naogaon,Manda,Manda,Manda,Na,mg/L,16.4
S98_01812,PIR-25,1998/07/27,22.365,89.933,,,Barisal,Pirojpur,Mathbaria,,Burirchar,Na,mg/L,4970
S98_01813,RAHAN-26,1998/07/21,24.8,88.2,HTW,30,Rajshahi,Nawabganj,Gomastapur,Rahandur,Rahandur,Na,mg/L,44.2
S98_01814,PIR-26,1998/07/27,22.365,89.933,HTW,37,Barisal,Pirojpur,Mathbaria,,Burirchar,Na,mg/L,5450
S98_01815,SHIB-27,1998/07/21,24.684,88.157,Piez,61,Rajshahi,Nawabganj,Shibganj (N),Shibgong,Shibgong,Na,mg/L,63.7
S98_01816,PIR-27,1998/07/27,22.365,89.933,HTW,27,Barisal,Pirojpur,Mathbaria,,Burirchar,Na,mg/L,317
S98_01817,GIODA-28,1998/07/21,24.461,88.328,HTW,30,Rajshahi,Rajshahi,Godagari,Giodagari,Giodagari,Na,mg/L,33.9
S98_01818,SAPU-29,1998/07/21,24.374,88.558,HTW,37,Rajshahi,Rajshahi,Rajpara,Sapura,Sapura,Na,mg/L,40.7
S98_01819,CHAR-30,1998/07/20,24.304,88.738,HTW,18,Rajshahi,Rajshahi,Charghat,Charghat,Charghat,Na,mg/L,26.8
S98_01820,NAT-31,1998/07/20,24.414,89.988,HTW,27,Rajshahi,Natore,Natore Sadar,Natore,Natore,Na,mg/L,38.5
S98_01821,SING-32,1998/07/20,24.506,89.143,TARA,18,Rajshahi,Natore,Singra,Singra,Singra,Na,mg/L,55
S98_01822,LAL-33,1998/07/20,24.179,88.966,HTW,27,Rajshahi,Natore,Lalpur,Lalpur,Lalpur,Na,mg/L,22.9
S98_01823,ROYG-34,1998/07/27,24.507,89.526,HTW,15,Rajshahi,Sirajganj,Raiganj,Roygong,Roygong,Na,mg/L,10.3
S98_01824,SIRA-35,1998/07/28,24.463,89.708,HTW,18,Rajshahi,Sirajganj,Sirajganj Sadar,Sirjgong,Sirjgong,Na,mg/L,4.6
S98_01825,CHAT-36,1998/07/20,24.15,89.261,HTW,18,Rajshahi,Pabna,Chatmohar,Chatmohur,Chatmohur,Na,mg/L,40.8
S98_01826,PAB-37,1998/07/19,24.006,89.235,HTW,30,Rajshahi,Pabna,Pabna Sadar,Pabna,Pabna,Na,mg/L,38.1
S98_01827,SUJA-38,1998/07/19,23.94,89.408,HTW,18,Rajshahi,Pabna,Sujanagar,Sujanager,Sujanager,Na,mg/L,39.8
S98_01828,NAGIR-39,1998/07/28,23.951,89.65,HTW,20,Rajshahi,Pabna,Bera,Nagierbari,Nagierbari,Na,mg/L,17
S98_01829,JA-40,1998/07/19,25.156,89.751,HTW,27,Dhaka,Jamalpur,Dewanganj,Chukaibari,Batheshasaria,Na,mg/L,8.7
S98_01830,PRAG-40,1998/07/19,24.005,88.765,TARA,113,Khulna,Kushtia,Daulatpur (Ku),Pragpur,Pragpur,Na,mg/L,22.6
S98_01831,HYM-41,1998/07/18,25.117,90.335,,27,Dhaka,Mymensingh,Haluaghat, Haluagher,Haluaghatthana Compn,Na,mg/L,27.9
S98_01832,VHAR-41,1998/07/19,24.019,88.992,HTW,,Khulna,Kushtia,Bheramara,Vharamara,Vharamara,Na,mg/L,18.6
S98_01833,KUST-42,1998/07/19,23.909,89.128,HTW,49,Khulna,Kushtia,Kushtia Sadar,Kushtia,Kushtia,Na,mg/L,17.4
S98_01834,SHER-42/A,1998/07/18,25.018,90.012,HTW,36,Rajshahi,Bogra,Sherpur,Sherpur,,Na,mg/L,29.8
S98_01835,MEHER-43,1998/07/19,23.761,88.632,HTW,27,Khulna,Meherpur,Meherpur Sadar,Meherpur,Meherpur,Na,mg/L,39.9
S98_01836,JAM-43,1998/07/20,24.758,89.835,HTW,20,Dhaka,Jamalpur,Sarishabari,Sharishabari,Sharishabari,Na,mg/L,30.1
S98_01837,DAR-44,1998/07/19,23.529,88.81,HTW,18,Khulna,Chuadanga,Chuadanga Sadar,Darsana,Darsana,Na,mg/L,110
S98_01838,MYM-44,1998/07/17,24.748,90.406,DTW,107,Dhaka,Mymensingh,Mymensingh Sadar,Sadar,Bagmera,Na,mg/L,27.4
S98_01839,JHIN-45,1998/07/18,23.547,89.165,,122,Khulna,Jhenaidah,Jhenaidah Sadar,Jhinaidha,Jhinaidha,Na,mg/L,7.7
S98_01840,NET-45,1998/07/17,24.866,90.722,HTW,65,Dhaka,Netrokona,Netrokona Sadar,Sadar,Netrokona,Na,mg/L,41.3
S98_01841,MAGU-46,1998/07/15,23.488,89.429,HTW,21,Khulna,Magura,Magura Sadar,Magura,Magura,Na,mg/L,26.1
S98_01842,KISH-46,1998/07/18,24.444,90.773,DTW,118,Dhaka,Kishoreganj,Kishoreganj Sadar,Goital,Kishorgorj,Na,mg/L,32.7
S98_01843,JES-47,1998/07/18,23.167,89.219,DTW,133,Khulna,Jessore,Jessore Sadar,Jessore,Jessore,Na,mg/L,71.4
S98_01844,MYM-47,1998/07/17,24.454,90.54,HTW,,Dhaka,Mymensingh,Gafargaon,Saltia,Sulhasia,Na,mg/L,28.6
S98_01845,NAR-48,1998/07/18,23.173,89.513,HTW,24,Khulna,Narail,Narail Sadar,Narail,Narail,Na,mg/L,342
S98_01846,KISH-48,1998/07/18,24.047,90.973,HTW,20,Dhaka,Kishoreganj,Bhairab,Bhairab,Bhairab Rly St,Na,mg/L,14.5
S98_01847,GODKHA-49,1998/07/15,23.059,89.077,HTW,24,Khulna,Jessore,Jhikargachha,Godkhali,Godkhali,Na,mg/L,7.7
S98_01848,TA-49,1998/07/20,24.605,90.024,HTW,34,Dhaka,Tangail,Madhupur,Madhupur,Madhupur,Na,mg/L,16.3
S98_01849,KHUL-50,1998/07/15,22.812,89.561,DTW,274,Khulna,Khulna,Khulna Sadar,Khulna,Khulna,Na,mg/L,162
S98_01850,TA-50,1998/07/20,24.24,89.909,HTW,27,Dhaka,Tangail,Tangail Sadar,Sadar,Bepari Para,Na,mg/L,9.1
S98_01851,SATKHR-51,1998/07/17,22.718,89.07,DTW,183,Khulna,Satkhira,Satkhira Sadar,Satkhira,Satkhira,Na,mg/L,142
S98_01852,TA-51,1998/07/20,24.108,90.076,HTW,27,Dhaka,Tangail,Mirzapur,Baithgram,Gurail,Na,mg/L,12.6
S98_01853,CHAL-52,1998/07/18,22.586,89.504,HTW,18,Khulna,Bagerhat,Bagerhat Sadar,Chalna,Chalna,Na,mg/L,893
S98_01854,GA-52,1998/07/17,24.197,90.474,HTW,29,Dhaka,Gazipur,Sripur,Sreepur,Sreepur,Na,mg/L,17.9
S98_01855,BAGIER-53,1998/07/15,22.663,89.763,,38,Khulna,Bagerhat,Bagerhat Sadar,Bagierhat,Bagierhat,Na,mg/L,52.2
S98_01856,NAR-53,1998/07/18,23.926,90.718,HTW,,Dhaka,Narsingdi,Narsingdi Sadar,Narshingdi,Norshindi Dak Hangloo,Na,mg/L,17.9
S98_01857,KHALIS-54,1998/07/18,22.548,89.538,DTW,274,Khulna,Khulna,Khulna Sadar,Khalishpur,Khalishpur,Na,mg/L,218
S98_01858,DA-54,1998/07/16,23.734,90.418,DTW,137,Dhaka,Dhaka,Motijheel,Motijheel,Pwd Colony,Na,mg/L,21.1
S98_01859,RJB-69,1998/07/22,23.765,89.476,HTW,22,Dhaka,Rajbari,Pangsha,,Kalukhau,Na,mg/L,9.9
S98_01860,RJB-70,1998/07/22,23.754,89.645,DTW,127,Dhaka,Rajbari,Rajbari Sadar,,Municipality,Na,mg/L,24.3
S98_01861,FAR-71,1998/07/23,23.599,89.835,DTW,84,Dhaka,Faridpur,Faridpur Sadar,,Municipal,Na,mg/L,29.5
S98_01862,GOP-72,1998/07/23,23.21,89.693,HTW,20,Dhaka,Gopalganj,Kashiani,,Bhatiapara,Na,mg/L,26.9
S98_01863,GOP-73,1998/07/23,23.005,89.823,HTW,20,Dhaka,Gopalganj,Gopalganj Sadar,Municipality,Gopalganj,Na,mg/L,45
S98_01864,MAD-74,1998/07/23,23.167,90.195,DTW,238,Dhaka,Madaripur,Madaripur Sadar,Municipality,Madaripur,Na,mg/L,231
S98_01865,BAR-75,1998/07/25,22.7,90.369,DTW,610,Barisal,Barisal,Barisal Sadar,,Barisal,Na,mg/L,152
S98_01866,PAT-77,1998/07/25,22.355,90.345,DTW,274,Barisal,Patuakhali,Patuakhali Sadar,Municipality,Patuakhali,Na,mg/L,189
S98_01867,DA-101,1998/07/21,23.51,90.217,HTW,26,Dhaka,Munshiganj,Munshiganj Sadar,Bhaishakul,Bhaishakul T Inst,Na,mg/L,133
S98_01868,DA-102,1998/07/16,23.769,90.364,DTW,53,Dhaka,Dhaka,Mohammadpur (D),Mohammedpur,Mohammedpur,Na,mg/L,22.6
S98_04510,GOHI-44,1998/07/29,22.1467,91.8231,Piez,265,Chittagong,Chittagong,Anowara,Gohira,UC Office,Na,mg/L,497
S98_04511,RUST-45,1998/07/29,22.1924,91.8562,HTW,146,Chittagong,Chittagong,Anowara,Battali,Battali,Na,mg/L,26.9
S98_04512,GOHI-46,1998/07/29,22.1467,91.8231,Piez,68,Chittagong,Chittagong,Anowara,Gohira,UC Office,Na,mg/L,52.9
S98_04513,COM-84,1998/07/28,23.4453,91.1722,HTW,32,Chittagong,Comilla,Comilla Sadar,Shaktala,Shaktala,Na,mg/L,22.5
S98_04514,DAUD-85,1998/07/28,23.536,90.7104,HTW,32,Chittagong,Comilla,Daudkandi,Daudkandi,Daudkandi Bazar,Na,mg/L,42.3
S98_04515,LAKS-86,1998/07/28,23.2499,91.115,HTW,23,Chittagong,Comilla,Laksam,Nabaratpur,Nabaratpur,Na,mg/L,27.5
S98_04516,HAJ-87,1998/07/31,23.2484,90.8696,DTW,107,Chittagong,Chandpur,Hajiganj,Aligonj,Aligonj H complex,Na,mg/L,55.8
S98_04517,CHAN-88,1998/07/31,23.2342,90.6673,HTW,168,Chittagong,Chandpur,Chandpur Sadar,Shologhar,Shologhar,Na,mg/L,15.4
S98_04518,NOA-89,1998/07/28,22.8334,91.0955,HTW,11,Chittagong,Noakhali,Noakhali Sadar,Sonapur,Sonapur,Na,mg/L,244
S98_04519,FENI-90,1998/07/28,23.0053,91.3866,HTW,13,Chittagong,Feni,Feni Sadar,Pachgadria,Feni Rest House,Na,mg/L,28.2
S98_04520,MIR-91,1998/07/28,22.7761,91.5656,HTW,25,Chittagong,Chittagong,Mirsharai,PS,Miraswarai,Na,mg/L,60.4
S98_04521,CTG-92,1998/07/29,22.4735,91.7891,DTW,110,Chittagong,Chittagong,Hathazari,Hathajani,University,Na,mg/L,4.8
S98_04522,CTG-93,1998/07/29,22.3704,91.8442,DTW,146,Chittagong,Chittagong,Chandgaon,Chandgown,Chandgown,Na,mg/L,29
S98_04523,ANWA-94,1998/07/29,22.2234,91.898,HTW,43,Chittagong,Chittagong,Anowara,Anwara,Thana Parishad Office,Na,mg/L,253
S98_04524,SAT-95,1998/07/29,22.0721,92.0479,HTW,31,Chittagong,Chittagong,Satkania,Satkania,Satkania,Na,mg/L,277
S98_04525,COX-99,1998/07/30,21.4349,91.9656,HTW,10,Chittagong,Cox's Bazar,Cox's Bazar Sadar,,BWDB rest house,Na,mg/L,55.2
S98_04526,UKHI-100,1998/07/30,21.2432,92.1325,DTW,52,Chittagong,Cox's Bazar,Ukhia,Ukhia,Ukhia Bazar,Na,mg/L,10.7
S99_00796,SAN-43(CS),1999/04/06,22.4815,91.4285,Piez,56.96,Chittagong,Chittagong,Sandwip,Rahamatpur,Rahamatpur,Na,mg/L,136
S99_00797,SAN-42(CMD),1999/04/06,22.4815,91.4285,Piez,160.92,Chittagong,Chittagong,Sandwip,Rahamatpur,Rahamatpur,Na,mg/L,138
S99_00798,SAN-41(CD),1999/04/06,22.4815,91.4285,Piez,261.94,Chittagong,Chittagong,Sandwip,Rahamatpur,Rahamatpur,Na,mg/L,410
S99_00799,MOH-98,1999/05/28,21.517,91.9584,Piez,7.32,Chittagong,Cox's Bazar,Maheshkhali,Gorukghata,Gorukghata,Na,mg/L,510
S99_00800,KUT-97,1999/05/30,21.8128,91.8449,Piez,542.68,Chittagong,Cox's Bazar,Kutubdia,Baraghope,Baraghope,Na,mg/L,47
S99_00801,SAND-9,1999/03/06,22.4817,91.4332,Piez,329.26,Chittagong,Chittagong,Sandwip,BWDB Guest house,BWDB Guest house,Na,mg/L,454
S99_00802,AKHA-82,1999/05/24,23.8659,91.201,HTW,18.3,Chittagong,Brahamanbaria,Akhaura,Railway station,Railway station,Na,mg/L,22.6
S99_00803,MUR-83,1999/05/24,23.7627,90.9899,HTW,26.22,Chittagong,Comilla,Muradnagar,Kasimpur,Kasimpur,Na,mg/L,60.5
S99_00804,CHU-81,1999/05/25,24.1945,91.5138,HTW,30.5,Sylhet,Habiganj,Chunarughat,Chunarughat Bazar,Chunarughat Bazar,Na,mg/L,8
S99_00805,HABI-80,1999/05/25,24.3776,91.4083,HTW,36.59,Sylhet,Habiganj,Habiganj Sadar,Rajanagar,Rajanagar,Na,mg/L,34.4
S99_00806,MVI-79,1999/05/25,24.4696,91.7603,HTW,30.5,Sylhet,Maulvibazar,Maulvi Bazar Sadar,Sultanpur,Sultanpur,Na,mg/L,14.4
S99_00807,SYL-78,1998/05/25,24.8795,91.8605,HTW,30.5,Sylhet,Sylhet,Sylhet Sadar,Railway station,Railway station,Na,mg/L,63
S98_01785,SAT-1,1998/07/23,26.479,88.514,HTW,9,Rajshahi,Panchagarh,Tetulia,Satmara,Satmara,Nd,ug/L,< 0.01
S98_01786,130DA-2,,25.7,88.5,HTW,15,Rajshahi,Panchagarh,Boda,Boda,Boda,Nd,ug/L,< 0.01
S98_01787,TA-2/B,1998/07/20,24.088,90.17,HTW,37,Dhaka,Tangail,Mirzapur,Gurai,Gurai,Nd,ug/L,0.01
S98_01788,BALI-3,1998/07/23,26.083,88.279,HTW,18,Rajshahi,Thakurgaon,Baliadangi,Baliadanga,Baliadanga,Nd,ug/L,< 0.01
S98_01789,SALN-4,1998/07/23,26.054,88.533,HTW,37,Rajshahi,Thakurgaon,Thakurgaon Sadar,Salander,Salander,Nd,ug/L,< 0.01
S98_01790,JA-4/B,1998/07/19,24.91,89.946,HTW,26,Dhaka,Jamalpur,Jamalpur Sadar,Jamalpur,Fulbaria,Nd,ug/L,< 0.01
S98_01791,KABIR-5,1998/07/24,25.903,88.6,HTW,30,Rajshahi,Dinajpur,Birganj,Birgong,Kbirashat,Nd,ug/L,< 0.01
S98_01792,RANI-6,1998/07/23,25.901,88.254,HTW,30,Rajshahi,Thakurgaon,Ranisankail,Ranisanwail,Ranisanwail,Nd,ug/L,< 0.01
S98_01793,SIBRM-7,1998/07/24,25.665,88.652,HTW,18,Rajshahi,Dinajpur,Dinajpur Sadar,Sibrampur,Sibrampur,Nd,ug/L,< 0.01
S98_01794,PARBT-8,1998/07/24,25.653,88.915,HTW,20,Rajshahi,Dinajpur,Parbatipur,Parbatipur,Parbatipur,Nd,ug/L,< 0.01
S98_01795,HAKM-9,1998/07/22,25.288,89.021,HTW,21,Rajshahi,Dinajpur,Hakimpur,Hakimpur,Hakimpur,Nd,ug/L,< 0.01
S98_01796,CHIL-10,1998/07/25,26.1,88.8,HTW,24,Rajshahi,Nilphamari,Domar,Chilahati,Chilahati,Nd,ug/L,< 0.01
S98_01797,NIL-11,1998/07/24,25.9,88.8,HTW,18,Rajshahi,Nilphamari,Nilphamari Sadar,Nilphamari,Nilphamari,Nd,ug/L,< 0.01
S98_01798,BRUT-12,1998/07/25,26.203,89.11,HTW,,Rajshahi,Lalmonirhat,Hatibandha,Barakhta,Barakhta,Nd,ug/L,0.01
S98_01799,JAL-13,1998/07/25,25.931,88.838,HTW,27,Rajshahi,Nilphamari,Jaldhaka,Jaldhaka,Jaldhaka,Nd,ug/L,< 0.01
S98_01800,RANG-14,1998/07/26,25.752,89.253,HTW,18,Rajshahi,Rangpur,Rangpur Sadar,Rangipur,Rangipur,Nd,ug/L,0.02
S98_01801,LALM-15,1998/07/25,25.913,89.436,HTW,14,Rajshahi,Lalmonirhat,Lalmonirhat Sadar,Lalmonihat,Lalmonihat,Nd,ug/L,0.03
S98_01802,NAGUR-16,1998/07/26,25.965,89.671,HTW,18,Rajshahi,Kurigram,Nageshwari,Nagieshwari,Nagieshwari,Nd,ug/L,0.06
S98_01803,ULI-17,1998/07/26,25.653,89.623,HTW,18,Rajshahi,Kurigram,Ulipur,Ulipur,Ulipur,Nd,ug/L,< 0.01
S98_01804,BAMAN,1998/07/26,25.532,89.446,,18,Rajshahi,Gaibandha,Sundarganj,Bamandaga,Bamandaga,Nd,ug/L,0.01
S98_01805,BOA-19,1998/07/27,25.318,89.55,HTW,18,Rajshahi,Gaibandha,Gaibandha Sadar,Boalia,Boalia,Nd,ug/L,< 0.01
S98_01806,GABIN-20,1998/07/27,25.134,89.387,,12,Rajshahi,Gaibandha,Gobindaganj,Gabindagons,Gabindagons,Nd,ug/L,< 0.01
S98_01807,MADR-21,1998/07/22,25.109,89.036,HTW,15,Rajshahi,Jaipurhat,Jaipurhat Sadar,Madergonj,Madergonj,Nd,ug/L,< 0.01
S98_01808,SANTA-22,1998/07/22,24.804,88.969,HTW,18,Rajshahi,Bogra,Adamdighi,Santahar,Santahar,Nd,ug/L,< 0.01
S98_01809,GIOKU-23,1998/07/27,24.933,89.348,HTW,18,Rajshahi,Bogra,Bogra Sadar,Giokul,Giokul,Nd,ug/L,< 0.01
S98_01810,PATNI-29,1998/07/22,25.05,88.75,HTW,15,Rajshahi,Naogaon,Patnitala,Patnitala,Patnitala,Nd,ug/L,< 0.01
S98_01811,MAND-25,1998/07/22,24.793,88.701,HTW,30,Rajshahi,Naogaon,Manda,Manda,Manda,Nd,ug/L,< 0.01
S98_01812,PIR-25,1998/07/27,22.365,89.933,,,Barisal,Pirojpur,Mathbaria,,Burirchar,Nd,ug/L,0.02
S98_01813,RAHAN-26,1998/07/21,24.8,88.2,HTW,30,Rajshahi,Nawabganj,Gomastapur,Rahandur,Rahandur,Nd,ug/L,< 0.01
S98_01814,PIR-26,1998/07/27,22.365,89.933,HTW,37,Barisal,Pirojpur,Mathbaria,,Burirchar,Nd,ug/L,0.04
S98_01815,SHIB-27,1998/07/21,24.684,88.157,Piez,61,Rajshahi,Nawabganj,Shibganj (N),Shibgong,Shibgong,Nd,ug/L,< 0.01
S98_01816,PIR-27,1998/07/27,22.365,89.933,HTW,27,Barisal,Pirojpur,Mathbaria,,Burirchar,Nd,ug/L,0.19
S98_01817,GIODA-28,1998/07/21,24.461,88.328,HTW,30,Rajshahi,Rajshahi,Godagari,Giodagari,Giodagari,Nd,ug/L,< 0.01
S98_01818,SAPU-29,1998/07/21,24.374,88.558,HTW,37,Rajshahi,Rajshahi,Rajpara,Sapura,Sapura,Nd,ug/L,< 0.01
S98_01819,CHAR-30,1998/07/20,24.304,88.738,HTW,18,Rajshahi,Rajshahi,Charghat,Charghat,Charghat,Nd,ug/L,< 0.01
S98_01820,NAT-31,1998/07/20,24.414,89.988,HTW,27,Rajshahi,Natore,Natore Sadar,Natore,Natore,Nd,ug/L,< 0.01
S98_01821,SING-32,1998/07/20,24.506,89.143,TARA,18,Rajshahi,Natore,Singra,Singra,Singra,Nd,ug/L,< 0.01
S98_01822,LAL-33,1998/07/20,24.179,88.966,HTW,27,Rajshahi,Natore,Lalpur,Lalpur,Lalpur,Nd,ug/L,< 0.01
S98_01823,ROYG-34,1998/07/27,24.507,89.526,HTW,15,Rajshahi,Sirajganj,Raiganj,Roygong,Roygong,Nd,ug/L,< 0.01
S98_01824,SIRA-35,1998/07/28,24.463,89.708,HTW,18,Rajshahi,Sirajganj,Sirajganj Sadar,Sirjgong,Sirjgong,Nd,ug/L,< 0.01
S98_01825,CHAT-36,1998/07/20,24.15,89.261,HTW,18,Rajshahi,Pabna,Chatmohar,Chatmohur,Chatmohur,Nd,ug/L,< 0.01
S98_01826,PAB-37,1998/07/19,24.006,89.235,HTW,30,Rajshahi,Pabna,Pabna Sadar,Pabna,Pabna,Nd,ug/L,< 0.01
S98_01827,SUJA-38,1998/07/19,23.94,89.408,HTW,18,Rajshahi,Pabna,Sujanagar,Sujanager,Sujanager,Nd,ug/L,< 0.01
S98_01828,NAGIR-39,1998/07/28,23.951,89.65,HTW,20,Rajshahi,Pabna,Bera,Nagierbari,Nagierbari,Nd,ug/L,< 0.01
S98_01829,JA-40,1998/07/19,25.156,89.751,HTW,27,Dhaka,Jamalpur,Dewanganj,Chukaibari,Batheshasaria,Nd,ug/L,0.01
S98_01830,PRAG-40,1998/07/19,24.005,88.765,TARA,113,Khulna,Kushtia,Daulatpur (Ku),Pragpur,Pragpur,Nd,ug/L,< 0.01
S98_01831,HYM-41,1998/07/18,25.117,90.335,,27,Dhaka,Mymensingh,Haluaghat, Haluagher,Haluaghatthana Compn,Nd,ug/L,< 0.01
S98_01832,VHAR-41,1998/07/19,24.019,88.992,HTW,,Khulna,Kushtia,Bheramara,Vharamara,Vharamara,Nd,ug/L,< 0.01
S98_01833,KUST-42,1998/07/19,23.909,89.128,HTW,49,Khulna,Kushtia,Kushtia Sadar,Kushtia,Kushtia,Nd,ug/L,< 0.01
S98_01834,SHER-42/A,1998/07/18,25.018,90.012,HTW,36,Rajshahi,Bogra,Sherpur,Sherpur,,Nd,ug/L,0.01
S98_01835,MEHER-43,1998/07/19,23.761,88.632,HTW,27,Khulna,Meherpur,Meherpur Sadar,Meherpur,Meherpur,Nd,ug/L,< 0.01
S98_01836,JAM-43,1998/07/20,24.758,89.835,HTW,20,Dhaka,Jamalpur,Sarishabari,Sharishabari,Sharishabari,Nd,ug/L,< 0.01
S98_01837,DAR-44,1998/07/19,23.529,88.81,HTW,18,Khulna,Chuadanga,Chuadanga Sadar,Darsana,Darsana,Nd,ug/L,0.02
S98_01838,MYM-44,1998/07/17,24.748,90.406,DTW,107,Dhaka,Mymensingh,Mymensingh Sadar,Sadar,Bagmera,Nd,ug/L,< 0.01
S98_01839,JHIN-45,1998/07/18,23.547,89.165,,122,Khulna,Jhenaidah,Jhenaidah Sadar,Jhinaidha,Jhinaidha,Nd,ug/L,0.01
S98_01840,NET-45,1998/07/17,24.866,90.722,HTW,65,Dhaka,Netrokona,Netrokona Sadar,Sadar,Netrokona,Nd,ug/L,< 0.01
S98_01841,MAGU-46,1998/07/15,23.488,89.429,HTW,21,Khulna,Magura,Magura Sadar,Magura,Magura,Nd,ug/L,< 0.01
S98_01842,KISH-46,1998/07/18,24.444,90.773,DTW,118,Dhaka,Kishoreganj,Kishoreganj Sadar,Goital,Kishorgorj,Nd,ug/L,< 0.01
S98_01843,JES-47,1998/07/18,23.167,89.219,DTW,133,Khulna,Jessore,Jessore Sadar,Jessore,Jessore,Nd,ug/L,< 0.01
S98_01844,MYM-47,1998/07/17,24.454,90.54,HTW,,Dhaka,Mymensingh,Gafargaon,Saltia,Sulhasia,Nd,ug/L,0.02
S98_01845,NAR-48,1998/07/18,23.173,89.513,HTW,24,Khulna,Narail,Narail Sadar,Narail,Narail,Nd,ug/L,< 0.01
S98_01846,KISH-48,1998/07/18,24.047,90.973,HTW,20,Dhaka,Kishoreganj,Bhairab,Bhairab,Bhairab Rly St,Nd,ug/L,< 0.01
S98_01847,GODKHA-49,1998/07/15,23.059,89.077,HTW,24,Khulna,Jessore,Jhikargachha,Godkhali,Godkhali,Nd,ug/L,< 0.01
S98_01848,TA-49,1998/07/20,24.605,90.024,HTW,34,Dhaka,Tangail,Madhupur,Madhupur,Madhupur,Nd,ug/L,0.01
S98_01849,KHUL-50,1998/07/15,22.812,89.561,DTW,274,Khulna,Khulna,Khulna Sadar,Khulna,Khulna,Nd,ug/L,< 0.01
S98_01850,TA-50,1998/07/20,24.24,89.909,HTW,27,Dhaka,Tangail,Tangail Sadar,Sadar,Bepari Para,Nd,ug/L,0.01
S98_01851,SATKHR-51,1998/07/17,22.718,89.07,DTW,183,Khulna,Satkhira,Satkhira Sadar,Satkhira,Satkhira,Nd,ug/L,< 0.01
S98_01852,TA-51,1998/07/20,24.108,90.076,HTW,27,Dhaka,Tangail,Mirzapur,Baithgram,Gurail,Nd,ug/L,0.01
S98_01853,CHAL-52,1998/07/18,22.586,89.504,HTW,18,Khulna,Bagerhat,Bagerhat Sadar,Chalna,Chalna,Nd,ug/L,< 0.01
S98_01854,GA-52,1998/07/17,24.197,90.474,HTW,29,Dhaka,Gazipur,Sripur,Sreepur,Sreepur,Nd,ug/L,0.07
S98_01855,BAGIER-53,1998/07/15,22.663,89.763,,38,Khulna,Bagerhat,Bagerhat Sadar,Bagierhat,Bagierhat,Nd,ug/L,0.01
S98_01856,NAR-53,1998/07/18,23.926,90.718,HTW,,Dhaka,Narsingdi,Narsingdi Sadar,Narshingdi,Norshindi Dak Hangloo,Nd,ug/L,< 0.01
S98_01857,KHALIS-54,1998/07/18,22.548,89.538,DTW,274,Khulna,Khulna,Khulna Sadar,Khalishpur,Khalishpur,Nd,ug/L,< 0.01
S98_01858,DA-54,1998/07/16,23.734,90.418,DTW,137,Dhaka,Dhaka,Motijheel,Motijheel,Pwd Colony,Nd,ug/L,0.01
S98_01859,RJB-69,1998/07/22,23.765,89.476,HTW,22,Dhaka,Rajbari,Pangsha,,Kalukhau,Nd,ug/L,0.01
S98_01860,RJB-70,1998/07/22,23.754,89.645,DTW,127,Dhaka,Rajbari,Rajbari Sadar,,Municipality,Nd,ug/L,< 0.01
S98_01861,FAR-71,1998/07/23,23.599,89.835,DTW,84,Dhaka,Faridpur,Faridpur Sadar,,Municipal,Nd,ug/L,< 0.01
S98_01862,GOP-72,1998/07/23,23.21,89.693,HTW,20,Dhaka,Gopalganj,Kashiani,,Bhatiapara,Nd,ug/L,0.01
S98_01863,GOP-73,1998/07/23,23.005,89.823,HTW,20,Dhaka,Gopalganj,Gopalganj Sadar,Municipality,Gopalganj,Nd,ug/L,< 0.01
S98_01864,MAD-74,1998/07/23,23.167,90.195,DTW,238,Dhaka,Madaripur,Madaripur Sadar,Municipality,Madaripur,Nd,ug/L,0.01
S98_01865,BAR-75,1998/07/25,22.7,90.369,DTW,610,Barisal,Barisal,Barisal Sadar,,Barisal,Nd,ug/L,0.02
S98_01866,PAT-77,1998/07/25,22.355,90.345,DTW,274,Barisal,Patuakhali,Patuakhali Sadar,Municipality,Patuakhali,Nd,ug/L,0.05
S98_01867,DA-101,1998/07/21,23.51,90.217,HTW,26,Dhaka,Munshiganj,Munshiganj Sadar,Bhaishakul,Bhaishakul T Inst,Nd,ug/L,0.01
S98_01868,DA-102,1998/07/16,23.769,90.364,DTW,53,Dhaka,Dhaka,Mohammadpur (D),Mohammedpur,Mohammedpur,Nd,ug/L,< 0.01
S98_04510,GOHI-44,1998/07/29,22.1467,91.8231,Piez,265,Chittagong,Chittagong,Anowara,Gohira,UC Office,Nd,ug/L,0.03
S98_04511,RUST-45,1998/07/29,22.1924,91.8562,HTW,146,Chittagong,Chittagong,Anowara,Battali,Battali,Nd,ug/L,0.02
S98_04512,GOHI-46,1998/07/29,22.1467,91.8231,Piez,68,Chittagong,Chittagong,Anowara,Gohira,UC Office,Nd,ug/L,0.03
S98_04513,COM-84,1998/07/28,23.4453,91.1722,HTW,32,Chittagong,Comilla,Comilla Sadar,Shaktala,Shaktala,Nd,ug/L,< 0.01
S98_04514,DAUD-85,1998/07/28,23.536,90.7104,HTW,32,Chittagong,Comilla,Daudkandi,Daudkandi,Daudkandi Bazar,Nd,ug/L,< 0.01
S98_04515,LAKS-86,1998/07/28,23.2499,91.115,HTW,23,Chittagong,Comilla,Laksam,Nabaratpur,Nabaratpur,Nd,ug/L,0.01
S98_04516,HAJ-87,1998/07/31,23.2484,90.8696,DTW,107,Chittagong,Chandpur,Hajiganj,Aligonj,Aligonj H complex,Nd,ug/L,0.02
S98_04517,CHAN-88,1998/07/31,23.2342,90.6673,HTW,168,Chittagong,Chandpur,Chandpur Sadar,Shologhar,Shologhar,Nd,ug/L,0.01
S98_04518,NOA-89,1998/07/28,22.8334,91.0955,HTW,11,Chittagong,Noakhali,Noakhali Sadar,Sonapur,Sonapur,Nd,ug/L,0.02
S98_04519,FENI-90,1998/07/28,23.0053,91.3866,HTW,13,Chittagong,Feni,Feni Sadar,Pachgadria,Feni Rest House,Nd,ug/L,0.02
S98_04520,MIR-91,1998/07/28,22.7761,91.5656,HTW,25,Chittagong,Chittagong,Mirsharai,PS,Miraswarai,Nd,ug/L,0.02
S98_04521,CTG-92,1998/07/29,22.4735,91.7891,DTW,110,Chittagong,Chittagong,Hathazari,Hathajani,University,Nd,ug/L,0.02
S98_04522,CTG-93,1998/07/29,22.3704,91.8442,DTW,146,Chittagong,Chittagong,Chandgaon,Chandgown,Chandgown,Nd,ug/L,0.03
S98_04523,ANWA-94,1998/07/29,22.2234,91.898,HTW,43,Chittagong,Chittagong,Anowara,Anwara,Thana Parishad Office,Nd,ug/L,0.02
S98_04524,SAT-95,1998/07/29,22.0721,92.0479,HTW,31,Chittagong,Chittagong,Satkania,Satkania,Satkania,Nd,ug/L,0.02
S98_04525,COX-99,1998/07/30,21.4349,91.9656,HTW,10,Chittagong,Cox's Bazar,Cox's Bazar Sadar,,BWDB rest house,Nd,ug/L,< 0.01
S98_04526,UKHI-100,1998/07/30,21.2432,92.1325,DTW,52,Chittagong,Cox's Bazar,Ukhia,Ukhia,Ukhia Bazar,Nd,ug/L,0.04
S99_00796,SAN-43(CS),1999/04/06,22.4815,91.4285,Piez,56.96,Chittagong,Chittagong,Sandwip,Rahamatpur,Rahamatpur,Nd,ug/L,
S99_00797,SAN-42(CMD),1999/04/06,22.4815,91.4285,Piez,160.92,Chittagong,Chittagong,Sandwip,Rahamatpur,Rahamatpur,Nd,ug/L,
S99_00798,SAN-41(CD),1999/04/06,22.4815,91.4285,Piez,261.94,Chittagong,Chittagong,Sandwip,Rahamatpur,Rahamatpur,Nd,ug/L,
S99_00799,MOH-98,1999/05/28,21.517,91.9584,Piez,7.32,Chittagong,Cox's Bazar,Maheshkhali,Gorukghata,Gorukghata,Nd,ug/L,
S99_00800,KUT-97,1999/05/30,21.8128,91.8449,Piez,542.68,Chittagong,Cox's Bazar,Kutubdia,Baraghope,Baraghope,Nd,ug/L,
S99_00801,SAND-9,1999/03/06,22.4817,91.4332,Piez,329.26,Chittagong,Chittagong,Sandwip,BWDB Guest house,BWDB Guest house,Nd,ug/L,
S99_00802,AKHA-82,1999/05/24,23.8659,91.201,HTW,18.3,Chittagong,Brahamanbaria,Akhaura,Railway station,Railway station,Nd,ug/L,
S99_00803,MUR-83,1999/05/24,23.7627,90.9899,HTW,26.22,Chittagong,Comilla,Muradnagar,Kasimpur,Kasimpur,Nd,ug/L,
S99_00804,CHU-81,1999/05/25,24.1945,91.5138,HTW,30.5,Sylhet,Habiganj,Chunarughat,Chunarughat Bazar,Chunarughat Bazar,Nd,ug/L,
S99_00805,HABI-80,1999/05/25,24.3776,91.4083,HTW,36.59,Sylhet,Habiganj,Habiganj Sadar,Rajanagar,Rajanagar,Nd,ug/L,
S99_00806,MVI-79,1999/05/25,24.4696,91.7603,HTW,30.5,Sylhet,Maulvibazar,Maulvi Bazar Sadar,Sultanpur,Sultanpur,Nd,ug/L,
S99_00807,SYL-78,1998/05/25,24.8795,91.8605,HTW,30.5,Sylhet,Sylhet,Sylhet Sadar,Railway station,Railway station,Nd,ug/L,
S98_01785,SAT-1,1998/07/23,26.479,88.514,HTW,9,Rajshahi,Panchagarh,Tetulia,Satmara,Satmara,NH4-N,mg/L,< 0.02
S98_01786,130DA-2,,25.7,88.5,HTW,15,Rajshahi,Panchagarh,Boda,Boda,Boda,NH4-N,mg/L,< 0.02
S98_01787,TA-2/B,1998/07/20,24.088,90.17,HTW,37,Dhaka,Tangail,Mirzapur,Gurai,Gurai,NH4-N,mg/L,< 0.02
S98_01788,BALI-3,1998/07/23,26.083,88.279,HTW,18,Rajshahi,Thakurgaon,Baliadangi,Baliadanga,Baliadanga,NH4-N,mg/L,< 0.02
S98_01789,SALN-4,1998/07/23,26.054,88.533,HTW,37,Rajshahi,Thakurgaon,Thakurgaon Sadar,Salander,Salander,NH4-N,mg/L,< 0.02
S98_01790,JA-4/B,1998/07/19,24.91,89.946,HTW,26,Dhaka,Jamalpur,Jamalpur Sadar,Jamalpur,Fulbaria,NH4-N,mg/L,< 0.02
S98_01791,KABIR-5,1998/07/24,25.903,88.6,HTW,30,Rajshahi,Dinajpur,Birganj,Birgong,Kbirashat,NH4-N,mg/L,< 0.02
S98_01792,RANI-6,1998/07/23,25.901,88.254,HTW,30,Rajshahi,Thakurgaon,Ranisankail,Ranisanwail,Ranisanwail,NH4-N,mg/L,< 0.02
S98_01793,SIBRM-7,1998/07/24,25.665,88.652,HTW,18,Rajshahi,Dinajpur,Dinajpur Sadar,Sibrampur,Sibrampur,NH4-N,mg/L,< 0.02
S98_01794,PARBT-8,1998/07/24,25.653,88.915,HTW,20,Rajshahi,Dinajpur,Parbatipur,Parbatipur,Parbatipur,NH4-N,mg/L,< 0.02
S98_01795,HAKM-9,1998/07/22,25.288,89.021,HTW,21,Rajshahi,Dinajpur,Hakimpur,Hakimpur,Hakimpur,NH4-N,mg/L,< 0.02
S98_01796,CHIL-10,1998/07/25,26.1,88.8,HTW,24,Rajshahi,Nilphamari,Domar,Chilahati,Chilahati,NH4-N,mg/L,< 0.02
S98_01797,NIL-11,1998/07/24,25.9,88.8,HTW,18,Rajshahi,Nilphamari,Nilphamari Sadar,Nilphamari,Nilphamari,NH4-N,mg/L,0.37
S98_01798,BRUT-12,1998/07/25,26.203,89.11,HTW,,Rajshahi,Lalmonirhat,Hatibandha,Barakhta,Barakhta,NH4-N,mg/L,< 0.02
S98_01799,JAL-13,1998/07/25,25.931,88.838,HTW,27,Rajshahi,Nilphamari,Jaldhaka,Jaldhaka,Jaldhaka,NH4-N,mg/L,< 0.02
S98_01800,RANG-14,1998/07/26,25.752,89.253,HTW,18,Rajshahi,Rangpur,Rangpur Sadar,Rangipur,Rangipur,NH4-N,mg/L,< 0.02
S98_01801,LALM-15,1998/07/25,25.913,89.436,HTW,14,Rajshahi,Lalmonirhat,Lalmonirhat Sadar,Lalmonihat,Lalmonihat,NH4-N,mg/L,< 0.02
S98_01802,NAGUR-16,1998/07/26,25.965,89.671,HTW,18,Rajshahi,Kurigram,Nageshwari,Nagieshwari,Nagieshwari,NH4-N,mg/L,< 0.02
S98_01803,ULI-17,1998/07/26,25.653,89.623,HTW,18,Rajshahi,Kurigram,Ulipur,Ulipur,Ulipur,NH4-N,mg/L,< 0.02
S98_01804,BAMAN,1998/07/26,25.532,89.446,,18,Rajshahi,Gaibandha,Sundarganj,Bamandaga,Bamandaga,NH4-N,mg/L,< 0.02
S98_01805,BOA-19,1998/07/27,25.318,89.55,HTW,18,Rajshahi,Gaibandha,Gaibandha Sadar,Boalia,Boalia,NH4-N,mg/L,< 0.02
S98_01806,GABIN-20,1998/07/27,25.134,89.387,,12,Rajshahi,Gaibandha,Gobindaganj,Gabindagons,Gabindagons,NH4-N,mg/L,< 0.02
S98_01807,MADR-21,1998/07/22,25.109,89.036,HTW,15,Rajshahi,Jaipurhat,Jaipurhat Sadar,Madergonj,Madergonj,NH4-N,mg/L,< 0.02
S98_01808,SANTA-22,1998/07/22,24.804,88.969,HTW,18,Rajshahi,Bogra,Adamdighi,Santahar,Santahar,NH4-N,mg/L,< 0.02
S98_01809,GIOKU-23,1998/07/27,24.933,89.348,HTW,18,Rajshahi,Bogra,Bogra Sadar,Giokul,Giokul,NH4-N,mg/L,< 0.02
S98_01810,PATNI-29,1998/07/22,25.05,88.75,HTW,15,Rajshahi,Naogaon,Patnitala,Patnitala,Patnitala,NH4-N,mg/L,< 0.02
S98_01811,MAND-25,1998/07/22,24.793,88.701,HTW,30,Rajshahi,Naogaon,Manda,Manda,Manda,NH4-N,mg/L,< 0.02
S98_01812,PIR-25,1998/07/27,22.365,89.933,,,Barisal,Pirojpur,Mathbaria,,Burirchar,NH4-N,mg/L,7.2
S98_01813,RAHAN-26,1998/07/21,24.8,88.2,HTW,30,Rajshahi,Nawabganj,Gomastapur,Rahandur,Rahandur,NH4-N,mg/L,< 0.02
S98_01814,PIR-26,1998/07/27,22.365,89.933,HTW,37,Barisal,Pirojpur,Mathbaria,,Burirchar,NH4-N,mg/L,28.7
S98_01815,SHIB-27,1998/07/21,24.684,88.157,Piez,61,Rajshahi,Nawabganj,Shibganj (N),Shibgong,Shibgong,NH4-N,mg/L,< 0.02
S98_01816,PIR-27,1998/07/27,22.365,89.933,HTW,27,Barisal,Pirojpur,Mathbaria,,Burirchar,NH4-N,mg/L,< 0.02
S98_01817,GIODA-28,1998/07/21,24.461,88.328,HTW,30,Rajshahi,Rajshahi,Godagari,Giodagari,Giodagari,NH4-N,mg/L,< 0.02
S98_01818,SAPU-29,1998/07/21,24.374,88.558,HTW,37,Rajshahi,Rajshahi,Rajpara,Sapura,Sapura,NH4-N,mg/L,< 0.02
S98_01819,CHAR-30,1998/07/20,24.304,88.738,HTW,18,Rajshahi,Rajshahi,Charghat,Charghat,Charghat,NH4-N,mg/L,< 0.02
S98_01820,NAT-31,1998/07/20,24.414,89.988,HTW,27,Rajshahi,Natore,Natore Sadar,Natore,Natore,NH4-N,mg/L,< 0.02
S98_01821,SING-32,1998/07/20,24.506,89.143,TARA,18,Rajshahi,Natore,Singra,Singra,Singra,NH4-N,mg/L,< 0.02
S98_01822,LAL-33,1998/07/20,24.179,88.966,HTW,27,Rajshahi,Natore,Lalpur,Lalpur,Lalpur,NH4-N,mg/L,< 0.02
S98_01823,ROYG-34,1998/07/27,24.507,89.526,HTW,15,Rajshahi,Sirajganj,Raiganj,Roygong,Roygong,NH4-N,mg/L,0.15
S98_01824,SIRA-35,1998/07/28,24.463,89.708,HTW,18,Rajshahi,Sirajganj,Sirajganj Sadar,Sirjgong,Sirjgong,NH4-N,mg/L,< 0.02
S98_01825,CHAT-36,1998/07/20,24.15,89.261,HTW,18,Rajshahi,Pabna,Chatmohar,Chatmohur,Chatmohur,NH4-N,mg/L,< 0.02
S98_01826,PAB-37,1998/07/19,24.006,89.235,HTW,30,Rajshahi,Pabna,Pabna Sadar,Pabna,Pabna,NH4-N,mg/L,< 0.02
S98_01827,SUJA-38,1998/07/19,23.94,89.408,HTW,18,Rajshahi,Pabna,Sujanagar,Sujanager,Sujanager,NH4-N,mg/L,< 0.02
S98_01828,NAGIR-39,1998/07/28,23.951,89.65,HTW,20,Rajshahi,Pabna,Bera,Nagierbari,Nagierbari,NH4-N,mg/L,< 0.02
S98_01829,JA-40,1998/07/19,25.156,89.751,HTW,27,Dhaka,Jamalpur,Dewanganj,Chukaibari,Batheshasaria,NH4-N,mg/L,2.51
S98_01830,PRAG-40,1998/07/19,24.005,88.765,TARA,113,Khulna,Kushtia,Daulatpur (Ku),Pragpur,Pragpur,NH4-N,mg/L,< 0.02
S98_01831,HYM-41,1998/07/18,25.117,90.335,,27,Dhaka,Mymensingh,Haluaghat, Haluagher,Haluaghatthana Compn,NH4-N,mg/L,< 0.02
S98_01832,VHAR-41,1998/07/19,24.019,88.992,HTW,,Khulna,Kushtia,Bheramara,Vharamara,Vharamara,NH4-N,mg/L,< 0.02
S98_01833,KUST-42,1998/07/19,23.909,89.128,HTW,49,Khulna,Kushtia,Kushtia Sadar,Kushtia,Kushtia,NH4-N,mg/L,0.19
S98_01834,SHER-42/A,1998/07/18,25.018,90.012,HTW,36,Rajshahi,Bogra,Sherpur,Sherpur,,NH4-N,mg/L,0.62
S98_01835,MEHER-43,1998/07/19,23.761,88.632,HTW,27,Khulna,Meherpur,Meherpur Sadar,Meherpur,Meherpur,NH4-N,mg/L,< 0.02
S98_01836,JAM-43,1998/07/20,24.758,89.835,HTW,20,Dhaka,Jamalpur,Sarishabari,Sharishabari,Sharishabari,NH4-N,mg/L,< 0.02
S98_01837,DAR-44,1998/07/19,23.529,88.81,HTW,18,Khulna,Chuadanga,Chuadanga Sadar,Darsana,Darsana,NH4-N,mg/L,< 0.02
S98_01838,MYM-44,1998/07/17,24.748,90.406,DTW,107,Dhaka,Mymensingh,Mymensingh Sadar,Sadar,Bagmera,NH4-N,mg/L,< 0.02
S98_01839,JHIN-45,1998/07/18,23.547,89.165,,122,Khulna,Jhenaidah,Jhenaidah Sadar,Jhinaidha,Jhinaidha,NH4-N,mg/L,< 0.02
S98_01840,NET-45,1998/07/17,24.866,90.722,HTW,65,Dhaka,Netrokona,Netrokona Sadar,Sadar,Netrokona,NH4-N,mg/L,< 0.02
S98_01841,MAGU-46,1998/07/15,23.488,89.429,HTW,21,Khulna,Magura,Magura Sadar,Magura,Magura,NH4-N,mg/L,0.64
S98_01842,KISH-46,1998/07/18,24.444,90.773,DTW,118,Dhaka,Kishoreganj,Kishoreganj Sadar,Goital,Kishorgorj,NH4-N,mg/L,< 0.02
S98_01843,JES-47,1998/07/18,23.167,89.219,DTW,133,Khulna,Jessore,Jessore Sadar,Jessore,Jessore,NH4-N,mg/L,0.87
S98_01844,MYM-47,1998/07/17,24.454,90.54,HTW,,Dhaka,Mymensingh,Gafargaon,Saltia,Sulhasia,NH4-N,mg/L,< 0.02
S98_01845,NAR-48,1998/07/18,23.173,89.513,HTW,24,Khulna,Narail,Narail Sadar,Narail,Narail,NH4-N,mg/L,< 0.02
S98_01846,KISH-48,1998/07/18,24.047,90.973,HTW,20,Dhaka,Kishoreganj,Bhairab,Bhairab,Bhairab Rly St,NH4-N,mg/L,< 0.02
S98_01847,GODKHA-49,1998/07/15,23.059,89.077,HTW,24,Khulna,Jessore,Jhikargachha,Godkhali,Godkhali,NH4-N,mg/L,< 0.02
S98_01848,TA-49,1998/07/20,24.605,90.024,HTW,34,Dhaka,Tangail,Madhupur,Madhupur,Madhupur,NH4-N,mg/L,< 0.02
S98_01849,KHUL-50,1998/07/15,22.812,89.561,DTW,274,Khulna,Khulna,Khulna Sadar,Khulna,Khulna,NH4-N,mg/L,< 0.02
S98_01850,TA-50,1998/07/20,24.24,89.909,HTW,27,Dhaka,Tangail,Tangail Sadar,Sadar,Bepari Para,NH4-N,mg/L,< 0.02
S98_01851,SATKHR-51,1998/07/17,22.718,89.07,DTW,183,Khulna,Satkhira,Satkhira Sadar,Satkhira,Satkhira,NH4-N,mg/L,< 0.02
S98_01852,TA-51,1998/07/20,24.108,90.076,HTW,27,Dhaka,Tangail,Mirzapur,Baithgram,Gurail,NH4-N,mg/L,< 0.02
S98_01853,CHAL-52,1998/07/18,22.586,89.504,HTW,18,Khulna,Bagerhat,Bagerhat Sadar,Chalna,Chalna,NH4-N,mg/L,3.37
S98_01854,GA-52,1998/07/17,24.197,90.474,HTW,29,Dhaka,Gazipur,Sripur,Sreepur,Sreepur,NH4-N,mg/L,< 0.02
S98_01855,BAGIER-53,1998/07/15,22.663,89.763,,38,Khulna,Bagerhat,Bagerhat Sadar,Bagierhat,Bagierhat,NH4-N,mg/L,0.1
S98_01856,NAR-53,1998/07/18,23.926,90.718,HTW,,Dhaka,Narsingdi,Narsingdi Sadar,Narshingdi,Norshindi Dak Hangloo,NH4-N,mg/L,0.95
S98_01857,KHALIS-54,1998/07/18,22.548,89.538,DTW,274,Khulna,Khulna,Khulna Sadar,Khalishpur,Khalishpur,NH4-N,mg/L,< 0.02
S98_01858,DA-54,1998/07/16,23.734,90.418,DTW,137,Dhaka,Dhaka,Motijheel,Motijheel,Pwd Colony,NH4-N,mg/L,0.15
S98_01859,RJB-69,1998/07/22,23.765,89.476,HTW,22,Dhaka,Rajbari,Pangsha,,Kalukhau,NH4-N,mg/L,< 0.02
S98_01860,RJB-70,1998/07/22,23.754,89.645,DTW,127,Dhaka,Rajbari,Rajbari Sadar,,Municipality,NH4-N,mg/L,< 0.02
S98_01861,FAR-71,1998/07/23,23.599,89.835,DTW,84,Dhaka,Faridpur,Faridpur Sadar,,Municipal,NH4-N,mg/L,< 0.02
S98_01862,GOP-72,1998/07/23,23.21,89.693,HTW,20,Dhaka,Gopalganj,Kashiani,,Bhatiapara,NH4-N,mg/L,< 0.02
S98_01863,GOP-73,1998/07/23,23.005,89.823,HTW,20,Dhaka,Gopalganj,Gopalganj Sadar,Municipality,Gopalganj,NH4-N,mg/L,< 0.02
S98_01864,MAD-74,1998/07/23,23.167,90.195,DTW,238,Dhaka,Madaripur,Madaripur Sadar,Municipality,Madaripur,NH4-N,mg/L,< 0.02
S98_01865,BAR-75,1998/07/25,22.7,90.369,DTW,610,Barisal,Barisal,Barisal Sadar,,Barisal,NH4-N,mg/L,< 0.02
S98_01866,PAT-77,1998/07/25,22.355,90.345,DTW,274,Barisal,Patuakhali,Patuakhali Sadar,Municipality,Patuakhali,NH4-N,mg/L,< 0.02
S98_01867,DA-101,1998/07/21,23.51,90.217,HTW,26,Dhaka,Munshiganj,Munshiganj Sadar,Bhaishakul,Bhaishakul T Inst,NH4-N,mg/L,< 0.02
S98_01868,DA-102,1998/07/16,23.769,90.364,DTW,53,Dhaka,Dhaka,Mohammadpur (D),Mohammedpur,Mohammedpur,NH4-N,mg/L,< 0.02
S98_04510,GOHI-44,1998/07/29,22.1467,91.8231,Piez,265,Chittagong,Chittagong,Anowara,Gohira,UC Office,NH4-N,mg/L,0.25
S98_04511,RUST-45,1998/07/29,22.1924,91.8562,HTW,146,Chittagong,Chittagong,Anowara,Battali,Battali,NH4-N,mg/L,< 0.02
S98_04512,GOHI-46,1998/07/29,22.1467,91.8231,Piez,68,Chittagong,Chittagong,Anowara,Gohira,UC Office,NH4-N,mg/L,0.02
S98_04513,COM-84,1998/07/28,23.4453,91.1722,HTW,32,Chittagong,Comilla,Comilla Sadar,Shaktala,Shaktala,NH4-N,mg/L,0.03
S98_04514,DAUD-85,1998/07/28,23.536,90.7104,HTW,32,Chittagong,Comilla,Daudkandi,Daudkandi,Daudkandi Bazar,NH4-N,mg/L,< 0.02
S98_04515,LAKS-86,1998/07/28,23.2499,91.115,HTW,23,Chittagong,Comilla,Laksam,Nabaratpur,Nabaratpur,NH4-N,mg/L,0.09
S98_04516,HAJ-87,1998/07/31,23.2484,90.8696,DTW,107,Chittagong,Chandpur,Hajiganj,Aligonj,Aligonj H complex,NH4-N,mg/L,0.2
S98_04517,CHAN-88,1998/07/31,23.2342,90.6673,HTW,168,Chittagong,Chandpur,Chandpur Sadar,Shologhar,Shologhar,NH4-N,mg/L,4.1
S98_04518,NOA-89,1998/07/28,22.8334,91.0955,HTW,11,Chittagong,Noakhali,Noakhali Sadar,Sonapur,Sonapur,NH4-N,mg/L,< 0.02
S98_04519,FENI-90,1998/07/28,23.0053,91.3866,HTW,13,Chittagong,Feni,Feni Sadar,Pachgadria,Feni Rest House,NH4-N,mg/L,< 0.02
S98_04520,MIR-91,1998/07/28,22.7761,91.5656,HTW,25,Chittagong,Chittagong,Mirsharai,PS,Miraswarai,NH4-N,mg/L,< 0.02
S98_04521,CTG-92,1998/07/29,22.4735,91.7891,DTW,110,Chittagong,Chittagong,Hathazari,Hathajani,University,NH4-N,mg/L,< 0.02
S98_04522,CTG-93,1998/07/29,22.3704,91.8442,DTW,146,Chittagong,Chittagong,Chandgaon,Chandgown,Chandgown,NH4-N,mg/L,< 0.02
S98_04523,ANWA-94,1998/07/29,22.2234,91.898,HTW,43,Chittagong,Chittagong,Anowara,Anwara,Thana Parishad Office,NH4-N,mg/L,0.03
S98_04524,SAT-95,1998/07/29,22.0721,92.0479,HTW,31,Chittagong,Chittagong,Satkania,Satkania,Satkania,NH4-N,mg/L,0.03
S98_04525,COX-99,1998/07/30,21.4349,91.9656,HTW,10,Chittagong,Cox's Bazar,Cox's Bazar Sadar,,BWDB rest house,NH4-N,mg/L,0.04
S98_04526,UKHI-100,1998/07/30,21.2432,92.1325,DTW,52,Chittagong,Cox's Bazar,Ukhia,Ukhia,Ukhia Bazar,NH4-N,mg/L,0.02
S99_00796,SAN-43(CS),1999/04/06,22.4815,91.4285,Piez,56.96,Chittagong,Chittagong,Sandwip,Rahamatpur,Rahamatpur,NH4-N,mg/L,0.03
S99_00797,SAN-42(CMD),1999/04/06,22.4815,91.4285,Piez,160.92,Chittagong,Chittagong,Sandwip,Rahamatpur,Rahamatpur,NH4-N,mg/L,0.05
S99_00798,SAN-41(CD),1999/04/06,22.4815,91.4285,Piez,261.94,Chittagong,Chittagong,Sandwip,Rahamatpur,Rahamatpur,NH4-N,mg/L,0.02
S99_00799,MOH-98,1999/05/28,21.517,91.9584,Piez,7.32,Chittagong,Cox's Bazar,Maheshkhali,Gorukghata,Gorukghata,NH4-N,mg/L,0.03
S99_00800,KUT-97,1999/05/30,21.8128,91.8449,Piez,542.68,Chittagong,Cox's Bazar,Kutubdia,Baraghope,Baraghope,NH4-N,mg/L,0.01
S99_00801,SAND-9,1999/03/06,22.4817,91.4332,Piez,329.26,Chittagong,Chittagong,Sandwip,BWDB Guest house,BWDB Guest house,NH4-N,mg/L,0.03
S99_00802,AKHA-82,1999/05/24,23.8659,91.201,HTW,18.3,Chittagong,Brahamanbaria,Akhaura,Railway station,Railway station,NH4-N,mg/L,0.04
S99_00803,MUR-83,1999/05/24,23.7627,90.9899,HTW,26.22,Chittagong,Comilla,Muradnagar,Kasimpur,Kasimpur,NH4-N,mg/L,0.03
S99_00804,CHU-81,1999/05/25,24.1945,91.5138,HTW,30.5,Sylhet,Habiganj,Chunarughat,Chunarughat Bazar,Chunarughat Bazar,NH4-N,mg/L,< 0.01
S99_00805,HABI-80,1999/05/25,24.3776,91.4083,HTW,36.59,Sylhet,Habiganj,Habiganj Sadar,Rajanagar,Rajanagar,NH4-N,mg/L,0.01
S99_00806,MVI-79,1999/05/25,24.4696,91.7603,HTW,30.5,Sylhet,Maulvibazar,Maulvi Bazar Sadar,Sultanpur,Sultanpur,NH4-N,mg/L,4.22
S99_00807,SYL-78,1998/05/25,24.8795,91.8605,HTW,30.5,Sylhet,Sylhet,Sylhet Sadar,Railway station,Railway station,NH4-N,mg/L,0.02
S98_01785,SAT-1,1998/07/23,26.479,88.514,HTW,9,Rajshahi,Panchagarh,Tetulia,Satmara,Satmara,Ni,ug/L,1.1
S98_01786,130DA-2,,25.7,88.5,HTW,15,Rajshahi,Panchagarh,Boda,Boda,Boda,Ni,ug/L,1
S98_01787,TA-2/B,1998/07/20,24.088,90.17,HTW,37,Dhaka,Tangail,Mirzapur,Gurai,Gurai,Ni,ug/L,11.6
S98_01788,BALI-3,1998/07/23,26.083,88.279,HTW,18,Rajshahi,Thakurgaon,Baliadangi,Baliadanga,Baliadanga,Ni,ug/L,1.4
S98_01789,SALN-4,1998/07/23,26.054,88.533,HTW,37,Rajshahi,Thakurgaon,Thakurgaon Sadar,Salander,Salander,Ni,ug/L,0.8
S98_01790,JA-4/B,1998/07/19,24.91,89.946,HTW,26,Dhaka,Jamalpur,Jamalpur Sadar,Jamalpur,Fulbaria,Ni,ug/L,2.4
S98_01791,KABIR-5,1998/07/24,25.903,88.6,HTW,30,Rajshahi,Dinajpur,Birganj,Birgong,Kbirashat,Ni,ug/L,1
S98_01792,RANI-6,1998/07/23,25.901,88.254,HTW,30,Rajshahi,Thakurgaon,Ranisankail,Ranisanwail,Ranisanwail,Ni,ug/L,1.7
S98_01793,SIBRM-7,1998/07/24,25.665,88.652,HTW,18,Rajshahi,Dinajpur,Dinajpur Sadar,Sibrampur,Sibrampur,Ni,ug/L,0.9
S98_01794,PARBT-8,1998/07/24,25.653,88.915,HTW,20,Rajshahi,Dinajpur,Parbatipur,Parbatipur,Parbatipur,Ni,ug/L,1.3
S98_01795,HAKM-9,1998/07/22,25.288,89.021,HTW,21,Rajshahi,Dinajpur,Hakimpur,Hakimpur,Hakimpur,Ni,ug/L,3.3
S98_01796,CHIL-10,1998/07/25,26.1,88.8,HTW,24,Rajshahi,Nilphamari,Domar,Chilahati,Chilahati,Ni,ug/L,0.7
S98_01797,NIL-11,1998/07/24,25.9,88.8,HTW,18,Rajshahi,Nilphamari,Nilphamari Sadar,Nilphamari,Nilphamari,Ni,ug/L,0.8
S98_01798,BRUT-12,1998/07/25,26.203,89.11,HTW,,Rajshahi,Lalmonirhat,Hatibandha,Barakhta,Barakhta,Ni,ug/L,1.2
S98_01799,JAL-13,1998/07/25,25.931,88.838,HTW,27,Rajshahi,Nilphamari,Jaldhaka,Jaldhaka,Jaldhaka,Ni,ug/L,0.5
S98_01800,RANG-14,1998/07/26,25.752,89.253,HTW,18,Rajshahi,Rangpur,Rangpur Sadar,Rangipur,Rangipur,Ni,ug/L,2.4
S98_01801,LALM-15,1998/07/25,25.913,89.436,HTW,14,Rajshahi,Lalmonirhat,Lalmonirhat Sadar,Lalmonihat,Lalmonihat,Ni,ug/L,1.3
S98_01802,NAGUR-16,1998/07/26,25.965,89.671,HTW,18,Rajshahi,Kurigram,Nageshwari,Nagieshwari,Nagieshwari,Ni,ug/L,3
S98_01803,ULI-17,1998/07/26,25.653,89.623,HTW,18,Rajshahi,Kurigram,Ulipur,Ulipur,Ulipur,Ni,ug/L,2
S98_01804,BAMAN,1998/07/26,25.532,89.446,,18,Rajshahi,Gaibandha,Sundarganj,Bamandaga,Bamandaga,Ni,ug/L,1.5
S98_01805,BOA-19,1998/07/27,25.318,89.55,HTW,18,Rajshahi,Gaibandha,Gaibandha Sadar,Boalia,Boalia,Ni,ug/L,1.1
S98_01806,GABIN-20,1998/07/27,25.134,89.387,,12,Rajshahi,Gaibandha,Gobindaganj,Gabindagons,Gabindagons,Ni,ug/L,1.5
S98_01807,MADR-21,1998/07/22,25.109,89.036,HTW,15,Rajshahi,Jaipurhat,Jaipurhat Sadar,Madergonj,Madergonj,Ni,ug/L,1.6
S98_01808,SANTA-22,1998/07/22,24.804,88.969,HTW,18,Rajshahi,Bogra,Adamdighi,Santahar,Santahar,Ni,ug/L,7.5
S98_01809,GIOKU-23,1998/07/27,24.933,89.348,HTW,18,Rajshahi,Bogra,Bogra Sadar,Giokul,Giokul,Ni,ug/L,1.1
S98_01810,PATNI-29,1998/07/22,25.05,88.75,HTW,15,Rajshahi,Naogaon,Patnitala,Patnitala,Patnitala,Ni,ug/L,2.1
S98_01811,MAND-25,1998/07/22,24.793,88.701,HTW,30,Rajshahi,Naogaon,Manda,Manda,Manda,Ni,ug/L,8
S98_01812,PIR-25,1998/07/27,22.365,89.933,,,Barisal,Pirojpur,Mathbaria,,Burirchar,Ni,ug/L,1.5
S98_01813,RAHAN-26,1998/07/21,24.8,88.2,HTW,30,Rajshahi,Nawabganj,Gomastapur,Rahandur,Rahandur,Ni,ug/L,2.1
S98_01814,PIR-26,1998/07/27,22.365,89.933,HTW,37,Barisal,Pirojpur,Mathbaria,,Burirchar,Ni,ug/L,4
S98_01815,SHIB-27,1998/07/21,24.684,88.157,Piez,61,Rajshahi,Nawabganj,Shibganj (N),Shibgong,Shibgong,Ni,ug/L,3.4
S98_01816,PIR-27,1998/07/27,22.365,89.933,HTW,27,Barisal,Pirojpur,Mathbaria,,Burirchar,Ni,ug/L,2.2
S98_01817,GIODA-28,1998/07/21,24.461,88.328,HTW,30,Rajshahi,Rajshahi,Godagari,Giodagari,Giodagari,Ni,ug/L,1.5
S98_01818,SAPU-29,1998/07/21,24.374,88.558,HTW,37,Rajshahi,Rajshahi,Rajpara,Sapura,Sapura,Ni,ug/L,4.5
S98_01819,CHAR-30,1998/07/20,24.304,88.738,HTW,18,Rajshahi,Rajshahi,Charghat,Charghat,Charghat,Ni,ug/L,3.5
S98_01820,NAT-31,1998/07/20,24.414,89.988,HTW,27,Rajshahi,Natore,Natore Sadar,Natore,Natore,Ni,ug/L,5.5
S98_01821,SING-32,1998/07/20,24.506,89.143,TARA,18,Rajshahi,Natore,Singra,Singra,Singra,Ni,ug/L,4.7
S98_01822,LAL-33,1998/07/20,24.179,88.966,HTW,27,Rajshahi,Natore,Lalpur,Lalpur,Lalpur,Ni,ug/L,3.9
S98_01823,ROYG-34,1998/07/27,24.507,89.526,HTW,15,Rajshahi,Sirajganj,Raiganj,Roygong,Roygong,Ni,ug/L,1
S98_01824,SIRA-35,1998/07/28,24.463,89.708,HTW,18,Rajshahi,Sirajganj,Sirajganj Sadar,Sirjgong,Sirjgong,Ni,ug/L,1
S98_01825,CHAT-36,1998/07/20,24.15,89.261,HTW,18,Rajshahi,Pabna,Chatmohar,Chatmohur,Chatmohur,Ni,ug/L,3.1
S98_01826,PAB-37,1998/07/19,24.006,89.235,HTW,30,Rajshahi,Pabna,Pabna Sadar,Pabna,Pabna,Ni,ug/L,8.9
S98_01827,SUJA-38,1998/07/19,23.94,89.408,HTW,18,Rajshahi,Pabna,Sujanagar,Sujanager,Sujanager,Ni,ug/L,3
S98_01828,NAGIR-39,1998/07/28,23.951,89.65,HTW,20,Rajshahi,Pabna,Bera,Nagierbari,Nagierbari,Ni,ug/L,3.5
S98_01829,JA-40,1998/07/19,25.156,89.751,HTW,27,Dhaka,Jamalpur,Dewanganj,Chukaibari,Batheshasaria,Ni,ug/L,1.7
S98_01830,PRAG-40,1998/07/19,24.005,88.765,TARA,113,Khulna,Kushtia,Daulatpur (Ku),Pragpur,Pragpur,Ni,ug/L,3.3
S98_01831,HYM-41,1998/07/18,25.117,90.335,,27,Dhaka,Mymensingh,Haluaghat, Haluagher,Haluaghatthana Compn,Ni,ug/L,0.8
S98_01832,VHAR-41,1998/07/19,24.019,88.992,HTW,,Khulna,Kushtia,Bheramara,Vharamara,Vharamara,Ni,ug/L,3.5
S98_01833,KUST-42,1998/07/19,23.909,89.128,HTW,49,Khulna,Kushtia,Kushtia Sadar,Kushtia,Kushtia,Ni,ug/L,3.4
S98_01834,SHER-42/A,1998/07/18,25.018,90.012,HTW,36,Rajshahi,Bogra,Sherpur,Sherpur,,Ni,ug/L,2.2
S98_01835,MEHER-43,1998/07/19,23.761,88.632,HTW,27,Khulna,Meherpur,Meherpur Sadar,Meherpur,Meherpur,Ni,ug/L,3
S98_01836,JAM-43,1998/07/20,24.758,89.835,HTW,20,Dhaka,Jamalpur,Sarishabari,Sharishabari,Sharishabari,Ni,ug/L,2.1
S98_01837,DAR-44,1998/07/19,23.529,88.81,HTW,18,Khulna,Chuadanga,Chuadanga Sadar,Darsana,Darsana,Ni,ug/L,4.9
S98_01838,MYM-44,1998/07/17,24.748,90.406,DTW,107,Dhaka,Mymensingh,Mymensingh Sadar,Sadar,Bagmera,Ni,ug/L,1.1
S98_01839,JHIN-45,1998/07/18,23.547,89.165,,122,Khulna,Jhenaidah,Jhenaidah Sadar,Jhinaidha,Jhinaidha,Ni,ug/L,2.5
S98_01840,NET-45,1998/07/17,24.866,90.722,HTW,65,Dhaka,Netrokona,Netrokona Sadar,Sadar,Netrokona,Ni,ug/L,1.5
S98_01841,MAGU-46,1998/07/15,23.488,89.429,HTW,21,Khulna,Magura,Magura Sadar,Magura,Magura,Ni,ug/L,3.9
S98_01842,KISH-46,1998/07/18,24.444,90.773,DTW,118,Dhaka,Kishoreganj,Kishoreganj Sadar,Goital,Kishorgorj,Ni,ug/L,1
S98_01843,JES-47,1998/07/18,23.167,89.219,DTW,133,Khulna,Jessore,Jessore Sadar,Jessore,Jessore,Ni,ug/L,3.2
S98_01844,MYM-47,1998/07/17,24.454,90.54,HTW,,Dhaka,Mymensingh,Gafargaon,Saltia,Sulhasia,Ni,ug/L,1.5
S98_01845,NAR-48,1998/07/18,23.173,89.513,HTW,24,Khulna,Narail,Narail Sadar,Narail,Narail,Ni,ug/L,4
S98_01846,KISH-48,1998/07/18,24.047,90.973,HTW,20,Dhaka,Kishoreganj,Bhairab,Bhairab,Bhairab Rly St,Ni,ug/L,2.2
S98_01847,GODKHA-49,1998/07/15,23.059,89.077,HTW,24,Khulna,Jessore,Jhikargachha,Godkhali,Godkhali,Ni,ug/L,3.2
S98_01848,TA-49,1998/07/20,24.605,90.024,HTW,34,Dhaka,Tangail,Madhupur,Madhupur,Madhupur,Ni,ug/L,1.3
S98_01849,KHUL-50,1998/07/15,22.812,89.561,DTW,274,Khulna,Khulna,Khulna Sadar,Khulna,Khulna,Ni,ug/L,1.3
S98_01850,TA-50,1998/07/20,24.24,89.909,HTW,27,Dhaka,Tangail,Tangail Sadar,Sadar,Bepari Para,Ni,ug/L,1.9
S98_01851,SATKHR-51,1998/07/17,22.718,89.07,DTW,183,Khulna,Satkhira,Satkhira Sadar,Satkhira,Satkhira,Ni,ug/L,4.9
S98_01852,TA-51,1998/07/20,24.108,90.076,HTW,27,Dhaka,Tangail,Mirzapur,Baithgram,Gurail,Ni,ug/L,3.5
S98_01853,CHAL-52,1998/07/18,22.586,89.504,HTW,18,Khulna,Bagerhat,Bagerhat Sadar,Chalna,Chalna,Ni,ug/L,0.9
S98_01854,GA-52,1998/07/17,24.197,90.474,HTW,29,Dhaka,Gazipur,Sripur,Sreepur,Sreepur,Ni,ug/L,2
S98_01855,BAGIER-53,1998/07/15,22.663,89.763,,38,Khulna,Bagerhat,Bagerhat Sadar,Bagierhat,Bagierhat,Ni,ug/L,3.9
S98_01856,NAR-53,1998/07/18,23.926,90.718,HTW,,Dhaka,Narsingdi,Narsingdi Sadar,Narshingdi,Norshindi Dak Hangloo,Ni,ug/L,2.3
S98_01857,KHALIS-54,1998/07/18,22.548,89.538,DTW,274,Khulna,Khulna,Khulna Sadar,Khalishpur,Khalishpur,Ni,ug/L,1.3
S98_01858,DA-54,1998/07/16,23.734,90.418,DTW,137,Dhaka,Dhaka,Motijheel,Motijheel,Pwd Colony,Ni,ug/L,2.4
S98_01859,RJB-69,1998/07/22,23.765,89.476,HTW,22,Dhaka,Rajbari,Pangsha,,Kalukhau,Ni,ug/L,2.2
S98_01860,RJB-70,1998/07/22,23.754,89.645,DTW,127,Dhaka,Rajbari,Rajbari Sadar,,Municipality,Ni,ug/L,3.1
S98_01861,FAR-71,1998/07/23,23.599,89.835,DTW,84,Dhaka,Faridpur,Faridpur Sadar,,Municipal,Ni,ug/L,3
S98_01862,GOP-72,1998/07/23,23.21,89.693,HTW,20,Dhaka,Gopalganj,Kashiani,,Bhatiapara,Ni,ug/L,4.1
S98_01863,GOP-73,1998/07/23,23.005,89.823,HTW,20,Dhaka,Gopalganj,Gopalganj Sadar,Municipality,Gopalganj,Ni,ug/L,2.9
S98_01864,MAD-74,1998/07/23,23.167,90.195,DTW,238,Dhaka,Madaripur,Madaripur Sadar,Municipality,Madaripur,Ni,ug/L,2.6
S98_01865,BAR-75,1998/07/25,22.7,90.369,DTW,610,Barisal,Barisal,Barisal Sadar,,Barisal,Ni,ug/L,< 0.4
S98_01866,PAT-77,1998/07/25,22.355,90.345,DTW,274,Barisal,Patuakhali,Patuakhali Sadar,Municipality,Patuakhali,Ni,ug/L,< 0.4
S98_01867,DA-101,1998/07/21,23.51,90.217,HTW,26,Dhaka,Munshiganj,Munshiganj Sadar,Bhaishakul,Bhaishakul T Inst,Ni,ug/L,4.1
S98_01868,DA-102,1998/07/16,23.769,90.364,DTW,53,Dhaka,Dhaka,Mohammadpur (D),Mohammedpur,Mohammedpur,Ni,ug/L,5
S98_04510,GOHI-44,1998/07/29,22.1467,91.8231,Piez,265,Chittagong,Chittagong,Anowara,Gohira,UC Office,Ni,ug/L,2.7
S98_04511,RUST-45,1998/07/29,22.1924,91.8562,HTW,146,Chittagong,Chittagong,Anowara,Battali,Battali,Ni,ug/L,1.7
S98_04512,GOHI-46,1998/07/29,22.1467,91.8231,Piez,68,Chittagong,Chittagong,Anowara,Gohira,UC Office,Ni,ug/L,1.4
S98_04513,COM-84,1998/07/28,23.4453,91.1722,HTW,32,Chittagong,Comilla,Comilla Sadar,Shaktala,Shaktala,Ni,ug/L,1.9
S98_04514,DAUD-85,1998/07/28,23.536,90.7104,HTW,32,Chittagong,Comilla,Daudkandi,Daudkandi,Daudkandi Bazar,Ni,ug/L,3.8
S98_04515,LAKS-86,1998/07/28,23.2499,91.115,HTW,23,Chittagong,Comilla,Laksam,Nabaratpur,Nabaratpur,Ni,ug/L,1.6
S98_04516,HAJ-87,1998/07/31,23.2484,90.8696,DTW,107,Chittagong,Chandpur,Hajiganj,Aligonj,Aligonj H complex,Ni,ug/L,3.1
S98_04517,CHAN-88,1998/07/31,23.2342,90.6673,HTW,168,Chittagong,Chandpur,Chandpur Sadar,Shologhar,Shologhar,Ni,ug/L,2.2
S98_04518,NOA-89,1998/07/28,22.8334,91.0955,HTW,11,Chittagong,Noakhali,Noakhali Sadar,Sonapur,Sonapur,Ni,ug/L,1.7
S98_04519,FENI-90,1998/07/28,23.0053,91.3866,HTW,13,Chittagong,Feni,Feni Sadar,Pachgadria,Feni Rest House,Ni,ug/L,1.1
S98_04520,MIR-91,1998/07/28,22.7761,91.5656,HTW,25,Chittagong,Chittagong,Mirsharai,PS,Miraswarai,Ni,ug/L,1.5
S98_04521,CTG-92,1998/07/29,22.4735,91.7891,DTW,110,Chittagong,Chittagong,Hathazari,Hathajani,University,Ni,ug/L,5.5
S98_04522,CTG-93,1998/07/29,22.3704,91.8442,DTW,146,Chittagong,Chittagong,Chandgaon,Chandgown,Chandgown,Ni,ug/L,1.7
S98_04523,ANWA-94,1998/07/29,22.2234,91.898,HTW,43,Chittagong,Chittagong,Anowara,Anwara,Thana Parishad Office,Ni,ug/L,1
S98_04524,SAT-95,1998/07/29,22.0721,92.0479,HTW,31,Chittagong,Chittagong,Satkania,Satkania,Satkania,Ni,ug/L,< 0.4
S98_04525,COX-99,1998/07/30,21.4349,91.9656,HTW,10,Chittagong,Cox's Bazar,Cox's Bazar Sadar,,BWDB rest house,Ni,ug/L,2.7
S98_04526,UKHI-100,1998/07/30,21.2432,92.1325,DTW,52,Chittagong,Cox's Bazar,Ukhia,Ukhia,Ukhia Bazar,Ni,ug/L,1.8
S99_00796,SAN-43(CS),1999/04/06,22.4815,91.4285,Piez,56.96,Chittagong,Chittagong,Sandwip,Rahamatpur,Rahamatpur,Ni,ug/L,
S99_00797,SAN-42(CMD),1999/04/06,22.4815,91.4285,Piez,160.92,Chittagong,Chittagong,Sandwip,Rahamatpur,Rahamatpur,Ni,ug/L,
S99_00798,SAN-41(CD),1999/04/06,22.4815,91.4285,Piez,261.94,Chittagong,Chittagong,Sandwip,Rahamatpur,Rahamatpur,Ni,ug/L,
S99_00799,MOH-98,1999/05/28,21.517,91.9584,Piez,7.32,Chittagong,Cox's Bazar,Maheshkhali,Gorukghata,Gorukghata,Ni,ug/L,
S99_00800,KUT-97,1999/05/30,21.8128,91.8449,Piez,542.68,Chittagong,Cox's Bazar,Kutubdia,Baraghope,Baraghope,Ni,ug/L,
S99_00801,SAND-9,1999/03/06,22.4817,91.4332,Piez,329.26,Chittagong,Chittagong,Sandwip,BWDB Guest house,BWDB Guest house,Ni,ug/L,
S99_00802,AKHA-82,1999/05/24,23.8659,91.201,HTW,18.3,Chittagong,Brahamanbaria,Akhaura,Railway station,Railway station,Ni,ug/L,
S99_00803,MUR-83,1999/05/24,23.7627,90.9899,HTW,26.22,Chittagong,Comilla,Muradnagar,Kasimpur,Kasimpur,Ni,ug/L,
S99_00804,CHU-81,1999/05/25,24.1945,91.5138,HTW,30.5,Sylhet,Habiganj,Chunarughat,Chunarughat Bazar,Chunarughat Bazar,Ni,ug/L,
S99_00805,HABI-80,1999/05/25,24.3776,91.4083,HTW,36.59,Sylhet,Habiganj,Habiganj Sadar,Rajanagar,Rajanagar,Ni,ug/L,
S99_00806,MVI-79,1999/05/25,24.4696,91.7603,HTW,30.5,Sylhet,Maulvibazar,Maulvi Bazar Sadar,Sultanpur,Sultanpur,Ni,ug/L,
S99_00807,SYL-78,1998/05/25,24.8795,91.8605,HTW,30.5,Sylhet,Sylhet,Sylhet Sadar,Railway station,Railway station,Ni,ug/L,
S98_01785,SAT-1,1998/07/23,26.479,88.514,HTW,9,Rajshahi,Panchagarh,Tetulia,Satmara,Satmara,NO2-N,mg/L,0.008
S98_01786,130DA-2,,25.7,88.5,HTW,15,Rajshahi,Panchagarh,Boda,Boda,Boda,NO2-N,mg/L,0.004
S98_01787,TA-2/B,1998/07/20,24.088,90.17,HTW,37,Dhaka,Tangail,Mirzapur,Gurai,Gurai,NO2-N,mg/L,< 0.004
S98_01788,BALI-3,1998/07/23,26.083,88.279,HTW,18,Rajshahi,Thakurgaon,Baliadangi,Baliadanga,Baliadanga,NO2-N,mg/L,0.018
S98_01789,SALN-4,1998/07/23,26.054,88.533,HTW,37,Rajshahi,Thakurgaon,Thakurgaon Sadar,Salander,Salander,NO2-N,mg/L,0.079
S98_01790,JA-4/B,1998/07/19,24.91,89.946,HTW,26,Dhaka,Jamalpur,Jamalpur Sadar,Jamalpur,Fulbaria,NO2-N,mg/L,< 0.004
S98_01791,KABIR-5,1998/07/24,25.903,88.6,HTW,30,Rajshahi,Dinajpur,Birganj,Birgong,Kbirashat,NO2-N,mg/L,0.008
S98_01792,RANI-6,1998/07/23,25.901,88.254,HTW,30,Rajshahi,Thakurgaon,Ranisankail,Ranisanwail,Ranisanwail,NO2-N,mg/L,0.028
S98_01793,SIBRM-7,1998/07/24,25.665,88.652,HTW,18,Rajshahi,Dinajpur,Dinajpur Sadar,Sibrampur,Sibrampur,NO2-N,mg/L,< 0.004
S98_01794,PARBT-8,1998/07/24,25.653,88.915,HTW,20,Rajshahi,Dinajpur,Parbatipur,Parbatipur,Parbatipur,NO2-N,mg/L,< 0.004
S98_01795,HAKM-9,1998/07/22,25.288,89.021,HTW,21,Rajshahi,Dinajpur,Hakimpur,Hakimpur,Hakimpur,NO2-N,mg/L,< 0.004
S98_01796,CHIL-10,1998/07/25,26.1,88.8,HTW,24,Rajshahi,Nilphamari,Domar,Chilahati,Chilahati,NO2-N,mg/L,< 0.004
S98_01797,NIL-11,1998/07/24,25.9,88.8,HTW,18,Rajshahi,Nilphamari,Nilphamari Sadar,Nilphamari,Nilphamari,NO2-N,mg/L,0.004
S98_01798,BRUT-12,1998/07/25,26.203,89.11,HTW,,Rajshahi,Lalmonirhat,Hatibandha,Barakhta,Barakhta,NO2-N,mg/L,0.015
S98_01799,JAL-13,1998/07/25,25.931,88.838,HTW,27,Rajshahi,Nilphamari,Jaldhaka,Jaldhaka,Jaldhaka,NO2-N,mg/L,< 0.004
S98_01800,RANG-14,1998/07/26,25.752,89.253,HTW,18,Rajshahi,Rangpur,Rangpur Sadar,Rangipur,Rangipur,NO2-N,mg/L,0.023
S98_01801,LALM-15,1998/07/25,25.913,89.436,HTW,14,Rajshahi,Lalmonirhat,Lalmonirhat Sadar,Lalmonihat,Lalmonihat,NO2-N,mg/L,< 0.004
S98_01802,NAGUR-16,1998/07/26,25.965,89.671,HTW,18,Rajshahi,Kurigram,Nageshwari,Nagieshwari,Nagieshwari,NO2-N,mg/L,0.015
S98_01803,ULI-17,1998/07/26,25.653,89.623,HTW,18,Rajshahi,Kurigram,Ulipur,Ulipur,Ulipur,NO2-N,mg/L,0.012
S98_01804,BAMAN,1998/07/26,25.532,89.446,,18,Rajshahi,Gaibandha,Sundarganj,Bamandaga,Bamandaga,NO2-N,mg/L,0.012
S98_01805,BOA-19,1998/07/27,25.318,89.55,HTW,18,Rajshahi,Gaibandha,Gaibandha Sadar,Boalia,Boalia,NO2-N,mg/L,0.044
S98_01806,GABIN-20,1998/07/27,25.134,89.387,,12,Rajshahi,Gaibandha,Gobindaganj,Gabindagons,Gabindagons,NO2-N,mg/L,< 0.004
S98_01807,MADR-21,1998/07/22,25.109,89.036,HTW,15,Rajshahi,Jaipurhat,Jaipurhat Sadar,Madergonj,Madergonj,NO2-N,mg/L,< 0.004
S98_01808,SANTA-22,1998/07/22,24.804,88.969,HTW,18,Rajshahi,Bogra,Adamdighi,Santahar,Santahar,NO2-N,mg/L,0.009
S98_01809,GIOKU-23,1998/07/27,24.933,89.348,HTW,18,Rajshahi,Bogra,Bogra Sadar,Giokul,Giokul,NO2-N,mg/L,< 0.004
S98_01810,PATNI-29,1998/07/22,25.05,88.75,HTW,15,Rajshahi,Naogaon,Patnitala,Patnitala,Patnitala,NO2-N,mg/L,< 0.004
S98_01811,MAND-25,1998/07/22,24.793,88.701,HTW,30,Rajshahi,Naogaon,Manda,Manda,Manda,NO2-N,mg/L,< 0.004
S98_01812,PIR-25,1998/07/27,22.365,89.933,,,Barisal,Pirojpur,Mathbaria,,Burirchar,NO2-N,mg/L,0.007
S98_01813,RAHAN-26,1998/07/21,24.8,88.2,HTW,30,Rajshahi,Nawabganj,Gomastapur,Rahandur,Rahandur,NO2-N,mg/L,< 0.004
S98_01814,PIR-26,1998/07/27,22.365,89.933,HTW,37,Barisal,Pirojpur,Mathbaria,,Burirchar,NO2-N,mg/L,0.561
S98_01815,SHIB-27,1998/07/21,24.684,88.157,Piez,61,Rajshahi,Nawabganj,Shibganj (N),Shibgong,Shibgong,NO2-N,mg/L,< 0.004
S98_01816,PIR-27,1998/07/27,22.365,89.933,HTW,27,Barisal,Pirojpur,Mathbaria,,Burirchar,NO2-N,mg/L,< 0.004
S98_01817,GIODA-28,1998/07/21,24.461,88.328,HTW,30,Rajshahi,Rajshahi,Godagari,Giodagari,Giodagari,NO2-N,mg/L,< 0.004
S98_01818,SAPU-29,1998/07/21,24.374,88.558,HTW,37,Rajshahi,Rajshahi,Rajpara,Sapura,Sapura,NO2-N,mg/L,< 0.004
S98_01819,CHAR-30,1998/07/20,24.304,88.738,HTW,18,Rajshahi,Rajshahi,Charghat,Charghat,Charghat,NO2-N,mg/L,< 0.004
S98_01820,NAT-31,1998/07/20,24.414,89.988,HTW,27,Rajshahi,Natore,Natore Sadar,Natore,Natore,NO2-N,mg/L,< 0.004
S98_01821,SING-32,1998/07/20,24.506,89.143,TARA,18,Rajshahi,Natore,Singra,Singra,Singra,NO2-N,mg/L,< 0.004
S98_01822,LAL-33,1998/07/20,24.179,88.966,HTW,27,Rajshahi,Natore,Lalpur,Lalpur,Lalpur,NO2-N,mg/L,< 0.004
S98_01823,ROYG-34,1998/07/27,24.507,89.526,HTW,15,Rajshahi,Sirajganj,Raiganj,Roygong,Roygong,NO2-N,mg/L,0.014
S98_01824,SIRA-35,1998/07/28,24.463,89.708,HTW,18,Rajshahi,Sirajganj,Sirajganj Sadar,Sirjgong,Sirjgong,NO2-N,mg/L,< 0.004
S98_01825,CHAT-36,1998/07/20,24.15,89.261,HTW,18,Rajshahi,Pabna,Chatmohar,Chatmohur,Chatmohur,NO2-N,mg/L,< 0.004
S98_01826,PAB-37,1998/07/19,24.006,89.235,HTW,30,Rajshahi,Pabna,Pabna Sadar,Pabna,Pabna,NO2-N,mg/L,< 0.004
S98_01827,SUJA-38,1998/07/19,23.94,89.408,HTW,18,Rajshahi,Pabna,Sujanagar,Sujanager,Sujanager,NO2-N,mg/L,< 0.004
S98_01828,NAGIR-39,1998/07/28,23.951,89.65,HTW,20,Rajshahi,Pabna,Bera,Nagierbari,Nagierbari,NO2-N,mg/L,0.094
S98_01829,JA-40,1998/07/19,25.156,89.751,HTW,27,Dhaka,Jamalpur,Dewanganj,Chukaibari,Batheshasaria,NO2-N,mg/L,< 0.004
S98_01830,PRAG-40,1998/07/19,24.005,88.765,TARA,113,Khulna,Kushtia,Daulatpur (Ku),Pragpur,Pragpur,NO2-N,mg/L,< 0.004
S98_01831,HYM-41,1998/07/18,25.117,90.335,,27,Dhaka,Mymensingh,Haluaghat, Haluagher,Haluaghatthana Compn,NO2-N,mg/L,< 0.004
S98_01832,VHAR-41,1998/07/19,24.019,88.992,HTW,,Khulna,Kushtia,Bheramara,Vharamara,Vharamara,NO2-N,mg/L,< 0.004
S98_01833,KUST-42,1998/07/19,23.909,89.128,HTW,49,Khulna,Kushtia,Kushtia Sadar,Kushtia,Kushtia,NO2-N,mg/L,0.044
S98_01834,SHER-42/A,1998/07/18,25.018,90.012,HTW,36,Rajshahi,Bogra,Sherpur,Sherpur,,NO2-N,mg/L,< 0.004
S98_01835,MEHER-43,1998/07/19,23.761,88.632,HTW,27,Khulna,Meherpur,Meherpur Sadar,Meherpur,Meherpur,NO2-N,mg/L,< 0.004
S98_01836,JAM-43,1998/07/20,24.758,89.835,HTW,20,Dhaka,Jamalpur,Sarishabari,Sharishabari,Sharishabari,NO2-N,mg/L,< 0.004
S98_01837,DAR-44,1998/07/19,23.529,88.81,HTW,18,Khulna,Chuadanga,Chuadanga Sadar,Darsana,Darsana,NO2-N,mg/L,< 0.004
S98_01838,MYM-44,1998/07/17,24.748,90.406,DTW,107,Dhaka,Mymensingh,Mymensingh Sadar,Sadar,Bagmera,NO2-N,mg/L,< 0.004
S98_01839,JHIN-45,1998/07/18,23.547,89.165,,122,Khulna,Jhenaidah,Jhenaidah Sadar,Jhinaidha,Jhinaidha,NO2-N,mg/L,< 0.004
S98_01840,NET-45,1998/07/17,24.866,90.722,HTW,65,Dhaka,Netrokona,Netrokona Sadar,Sadar,Netrokona,NO2-N,mg/L,< 0.004
S98_01841,MAGU-46,1998/07/15,23.488,89.429,HTW,21,Khulna,Magura,Magura Sadar,Magura,Magura,NO2-N,mg/L,< 0.004
S98_01842,KISH-46,1998/07/18,24.444,90.773,DTW,118,Dhaka,Kishoreganj,Kishoreganj Sadar,Goital,Kishorgorj,NO2-N,mg/L,< 0.004
S98_01843,JES-47,1998/07/18,23.167,89.219,DTW,133,Khulna,Jessore,Jessore Sadar,Jessore,Jessore,NO2-N,mg/L,0.004
S98_01844,MYM-47,1998/07/17,24.454,90.54,HTW,,Dhaka,Mymensingh,Gafargaon,Saltia,Sulhasia,NO2-N,mg/L,< 0.004
S98_01845,NAR-48,1998/07/18,23.173,89.513,HTW,24,Khulna,Narail,Narail Sadar,Narail,Narail,NO2-N,mg/L,< 0.004
S98_01846,KISH-48,1998/07/18,24.047,90.973,HTW,20,Dhaka,Kishoreganj,Bhairab,Bhairab,Bhairab Rly St,NO2-N,mg/L,< 0.004
S98_01847,GODKHA-49,1998/07/15,23.059,89.077,HTW,24,Khulna,Jessore,Jhikargachha,Godkhali,Godkhali,NO2-N,mg/L,< 0.004
S98_01848,TA-49,1998/07/20,24.605,90.024,HTW,34,Dhaka,Tangail,Madhupur,Madhupur,Madhupur,NO2-N,mg/L,< 0.004
S98_01849,KHUL-50,1998/07/15,22.812,89.561,DTW,274,Khulna,Khulna,Khulna Sadar,Khulna,Khulna,NO2-N,mg/L,< 0.004
S98_01850,TA-50,1998/07/20,24.24,89.909,HTW,27,Dhaka,Tangail,Tangail Sadar,Sadar,Bepari Para,NO2-N,mg/L,0.007
S98_01851,SATKHR-51,1998/07/17,22.718,89.07,DTW,183,Khulna,Satkhira,Satkhira Sadar,Satkhira,Satkhira,NO2-N,mg/L,< 0.004
S98_01852,TA-51,1998/07/20,24.108,90.076,HTW,27,Dhaka,Tangail,Mirzapur,Baithgram,Gurail,NO2-N,mg/L,< 0.004
S98_01853,CHAL-52,1998/07/18,22.586,89.504,HTW,18,Khulna,Bagerhat,Bagerhat Sadar,Chalna,Chalna,NO2-N,mg/L,1.35
S98_01854,GA-52,1998/07/17,24.197,90.474,HTW,29,Dhaka,Gazipur,Sripur,Sreepur,Sreepur,NO2-N,mg/L,< 0.004
S98_01855,BAGIER-53,1998/07/15,22.663,89.763,,38,Khulna,Bagerhat,Bagerhat Sadar,Bagierhat,Bagierhat,NO2-N,mg/L,0.011
S98_01856,NAR-53,1998/07/18,23.926,90.718,HTW,,Dhaka,Narsingdi,Narsingdi Sadar,Narshingdi,Norshindi Dak Hangloo,NO2-N,mg/L,0.004
S98_01857,KHALIS-54,1998/07/18,22.548,89.538,DTW,274,Khulna,Khulna,Khulna Sadar,Khalishpur,Khalishpur,NO2-N,mg/L,< 0.004
S98_01858,DA-54,1998/07/16,23.734,90.418,DTW,137,Dhaka,Dhaka,Motijheel,Motijheel,Pwd Colony,NO2-N,mg/L,< 0.004
S98_01859,RJB-69,1998/07/22,23.765,89.476,HTW,22,Dhaka,Rajbari,Pangsha,,Kalukhau,NO2-N,mg/L,< 0.004
S98_01860,RJB-70,1998/07/22,23.754,89.645,DTW,127,Dhaka,Rajbari,Rajbari Sadar,,Municipality,NO2-N,mg/L,< 0.004
S98_01861,FAR-71,1998/07/23,23.599,89.835,DTW,84,Dhaka,Faridpur,Faridpur Sadar,,Municipal,NO2-N,mg/L,< 0.004
S98_01862,GOP-72,1998/07/23,23.21,89.693,HTW,20,Dhaka,Gopalganj,Kashiani,,Bhatiapara,NO2-N,mg/L,< 0.004
S98_01863,GOP-73,1998/07/23,23.005,89.823,HTW,20,Dhaka,Gopalganj,Gopalganj Sadar,Municipality,Gopalganj,NO2-N,mg/L,< 0.004
S98_01864,MAD-74,1998/07/23,23.167,90.195,DTW,238,Dhaka,Madaripur,Madaripur Sadar,Municipality,Madaripur,NO2-N,mg/L,< 0.004
S98_01865,BAR-75,1998/07/25,22.7,90.369,DTW,610,Barisal,Barisal,Barisal Sadar,,Barisal,NO2-N,mg/L,< 0.004
S98_01866,PAT-77,1998/07/25,22.355,90.345,DTW,274,Barisal,Patuakhali,Patuakhali Sadar,Municipality,Patuakhali,NO2-N,mg/L,< 0.004
S98_01867,DA-101,1998/07/21,23.51,90.217,HTW,26,Dhaka,Munshiganj,Munshiganj Sadar,Bhaishakul,Bhaishakul T Inst,NO2-N,mg/L,< 0.004
S98_01868,DA-102,1998/07/16,23.769,90.364,DTW,53,Dhaka,Dhaka,Mohammadpur (D),Mohammedpur,Mohammedpur,NO2-N,mg/L,< 0.004
S98_04510,GOHI-44,1998/07/29,22.1467,91.8231,Piez,265,Chittagong,Chittagong,Anowara,Gohira,UC Office,NO2-N,mg/L,0.006
S98_04511,RUST-45,1998/07/29,22.1924,91.8562,HTW,146,Chittagong,Chittagong,Anowara,Battali,Battali,NO2-N,mg/L,< 0.003
S98_04512,GOHI-46,1998/07/29,22.1467,91.8231,Piez,68,Chittagong,Chittagong,Anowara,Gohira,UC Office,NO2-N,mg/L,< 0.003
S98_04513,COM-84,1998/07/28,23.4453,91.1722,HTW,32,Chittagong,Comilla,Comilla Sadar,Shaktala,Shaktala,NO2-N,mg/L,< 0.003
S98_04514,DAUD-85,1998/07/28,23.536,90.7104,HTW,32,Chittagong,Comilla,Daudkandi,Daudkandi,Daudkandi Bazar,NO2-N,mg/L,0.012
S98_04515,LAKS-86,1998/07/28,23.2499,91.115,HTW,23,Chittagong,Comilla,Laksam,Nabaratpur,Nabaratpur,NO2-N,mg/L,< 0.003
S98_04516,HAJ-87,1998/07/31,23.2484,90.8696,DTW,107,Chittagong,Chandpur,Hajiganj,Aligonj,Aligonj H complex,NO2-N,mg/L,< 0.003
S98_04517,CHAN-88,1998/07/31,23.2342,90.6673,HTW,168,Chittagong,Chandpur,Chandpur Sadar,Shologhar,Shologhar,NO2-N,mg/L,< 0.003
S98_04518,NOA-89,1998/07/28,22.8334,91.0955,HTW,11,Chittagong,Noakhali,Noakhali Sadar,Sonapur,Sonapur,NO2-N,mg/L,< 0.003
S98_04519,FENI-90,1998/07/28,23.0053,91.3866,HTW,13,Chittagong,Feni,Feni Sadar,Pachgadria,Feni Rest House,NO2-N,mg/L,< 0.003
S98_04520,MIR-91,1998/07/28,22.7761,91.5656,HTW,25,Chittagong,Chittagong,Mirsharai,PS,Miraswarai,NO2-N,mg/L,2.62
S98_04521,CTG-92,1998/07/29,22.4735,91.7891,DTW,110,Chittagong,Chittagong,Hathazari,Hathajani,University,NO2-N,mg/L,0.006
S98_04522,CTG-93,1998/07/29,22.3704,91.8442,DTW,146,Chittagong,Chittagong,Chandgaon,Chandgown,Chandgown,NO2-N,mg/L,< 0.003
S98_04523,ANWA-94,1998/07/29,22.2234,91.898,HTW,43,Chittagong,Chittagong,Anowara,Anwara,Thana Parishad Office,NO2-N,mg/L,0.003
S98_04524,SAT-95,1998/07/29,22.0721,92.0479,HTW,31,Chittagong,Chittagong,Satkania,Satkania,Satkania,NO2-N,mg/L,< 0.003
S98_04525,COX-99,1998/07/30,21.4349,91.9656,HTW,10,Chittagong,Cox's Bazar,Cox's Bazar Sadar,,BWDB rest house,NO2-N,mg/L,< 0.003
S98_04526,UKHI-100,1998/07/30,21.2432,92.1325,DTW,52,Chittagong,Cox's Bazar,Ukhia,Ukhia,Ukhia Bazar,NO2-N,mg/L,< 0.003
S99_00796,SAN-43(CS),1999/04/06,22.4815,91.4285,Piez,56.96,Chittagong,Chittagong,Sandwip,Rahamatpur,Rahamatpur,NO2-N,mg/L,< 0.003
S99_00797,SAN-42(CMD),1999/04/06,22.4815,91.4285,Piez,160.92,Chittagong,Chittagong,Sandwip,Rahamatpur,Rahamatpur,NO2-N,mg/L,0.015
S99_00798,SAN-41(CD),1999/04/06,22.4815,91.4285,Piez,261.94,Chittagong,Chittagong,Sandwip,Rahamatpur,Rahamatpur,NO2-N,mg/L,0.037
S99_00799,MOH-98,1999/05/28,21.517,91.9584,Piez,7.32,Chittagong,Cox's Bazar,Maheshkhali,Gorukghata,Gorukghata,NO2-N,mg/L,0.022
S99_00800,KUT-97,1999/05/30,21.8128,91.8449,Piez,542.68,Chittagong,Cox's Bazar,Kutubdia,Baraghope,Baraghope,NO2-N,mg/L,< 0.003
S99_00801,SAND-9,1999/03/06,22.4817,91.4332,Piez,329.26,Chittagong,Chittagong,Sandwip,BWDB Guest house,BWDB Guest house,NO2-N,mg/L,0.005
S99_00802,AKHA-82,1999/05/24,23.8659,91.201,HTW,18.3,Chittagong,Brahamanbaria,Akhaura,Railway station,Railway station,NO2-N,mg/L,< 0.003
S99_00803,MUR-83,1999/05/24,23.7627,90.9899,HTW,26.22,Chittagong,Comilla,Muradnagar,Kasimpur,Kasimpur,NO2-N,mg/L,0.013
S99_00804,CHU-81,1999/05/25,24.1945,91.5138,HTW,30.5,Sylhet,Habiganj,Chunarughat,Chunarughat Bazar,Chunarughat Bazar,NO2-N,mg/L,0.005
S99_00805,HABI-80,1999/05/25,24.3776,91.4083,HTW,36.59,Sylhet,Habiganj,Habiganj Sadar,Rajanagar,Rajanagar,NO2-N,mg/L,< 0.003
S99_00806,MVI-79,1999/05/25,24.4696,91.7603,HTW,30.5,Sylhet,Maulvibazar,Maulvi Bazar Sadar,Sultanpur,Sultanpur,NO2-N,mg/L,< 0.003
S99_00807,SYL-78,1998/05/25,24.8795,91.8605,HTW,30.5,Sylhet,Sylhet,Sylhet Sadar,Railway station,Railway station,NO2-N,mg/L,< 0.003
S98_01785,SAT-1,1998/07/23,26.479,88.514,HTW,9,Rajshahi,Panchagarh,Tetulia,Satmara,Satmara,NO3-N,mg/L,7.6
S98_01786,130DA-2,,25.7,88.5,HTW,15,Rajshahi,Panchagarh,Boda,Boda,Boda,NO3-N,mg/L,< 0.2
S98_01787,TA-2/B,1998/07/20,24.088,90.17,HTW,37,Dhaka,Tangail,Mirzapur,Gurai,Gurai,NO3-N,mg/L,< 0.2
S98_01788,BALI-3,1998/07/23,26.083,88.279,HTW,18,Rajshahi,Thakurgaon,Baliadangi,Baliadanga,Baliadanga,NO3-N,mg/L,3
S98_01789,SALN-4,1998/07/23,26.054,88.533,HTW,37,Rajshahi,Thakurgaon,Thakurgaon Sadar,Salander,Salander,NO3-N,mg/L,3.9
S98_01790,JA-4/B,1998/07/19,24.91,89.946,HTW,26,Dhaka,Jamalpur,Jamalpur Sadar,Jamalpur,Fulbaria,NO3-N,mg/L,< 0.2
S98_01791,KABIR-5,1998/07/24,25.903,88.6,HTW,30,Rajshahi,Dinajpur,Birganj,Birgong,Kbirashat,NO3-N,mg/L,3.3
S98_01792,RANI-6,1998/07/23,25.901,88.254,HTW,30,Rajshahi,Thakurgaon,Ranisankail,Ranisanwail,Ranisanwail,NO3-N,mg/L,12.5
S98_01793,SIBRM-7,1998/07/24,25.665,88.652,HTW,18,Rajshahi,Dinajpur,Dinajpur Sadar,Sibrampur,Sibrampur,NO3-N,mg/L,2.8
S98_01794,PARBT-8,1998/07/24,25.653,88.915,HTW,20,Rajshahi,Dinajpur,Parbatipur,Parbatipur,Parbatipur,NO3-N,mg/L,< 0.2
S98_01795,HAKM-9,1998/07/22,25.288,89.021,HTW,21,Rajshahi,Dinajpur,Hakimpur,Hakimpur,Hakimpur,NO3-N,mg/L,1.4
S98_01796,CHIL-10,1998/07/25,26.1,88.8,HTW,24,Rajshahi,Nilphamari,Domar,Chilahati,Chilahati,NO3-N,mg/L,< 0.2
S98_01797,NIL-11,1998/07/24,25.9,88.8,HTW,18,Rajshahi,Nilphamari,Nilphamari Sadar,Nilphamari,Nilphamari,NO3-N,mg/L,< 0.2
S98_01798,BRUT-12,1998/07/25,26.203,89.11,HTW,,Rajshahi,Lalmonirhat,Hatibandha,Barakhta,Barakhta,NO3-N,mg/L,8.3
S98_01799,JAL-13,1998/07/25,25.931,88.838,HTW,27,Rajshahi,Nilphamari,Jaldhaka,Jaldhaka,Jaldhaka,NO3-N,mg/L,< 0.2
S98_01800,RANG-14,1998/07/26,25.752,89.253,HTW,18,Rajshahi,Rangpur,Rangpur Sadar,Rangipur,Rangipur,NO3-N,mg/L,3.3
S98_01801,LALM-15,1998/07/25,25.913,89.436,HTW,14,Rajshahi,Lalmonirhat,Lalmonirhat Sadar,Lalmonihat,Lalmonihat,NO3-N,mg/L,< 0.2
S98_01802,NAGUR-16,1998/07/26,25.965,89.671,HTW,18,Rajshahi,Kurigram,Nageshwari,Nagieshwari,Nagieshwari,NO3-N,mg/L,2.9
S98_01803,ULI-17,1998/07/26,25.653,89.623,HTW,18,Rajshahi,Kurigram,Ulipur,Ulipur,Ulipur,NO3-N,mg/L,0.3
S98_01804,BAMAN,1998/07/26,25.532,89.446,,18,Rajshahi,Gaibandha,Sundarganj,Bamandaga,Bamandaga,NO3-N,mg/L,0.6
S98_01805,BOA-19,1998/07/27,25.318,89.55,HTW,18,Rajshahi,Gaibandha,Gaibandha Sadar,Boalia,Boalia,NO3-N,mg/L,< 0.2
S98_01806,GABIN-20,1998/07/27,25.134,89.387,,12,Rajshahi,Gaibandha,Gobindaganj,Gabindagons,Gabindagons,NO3-N,mg/L,1.5
S98_01807,MADR-21,1998/07/22,25.109,89.036,HTW,15,Rajshahi,Jaipurhat,Jaipurhat Sadar,Madergonj,Madergonj,NO3-N,mg/L,< 0.2
S98_01808,SANTA-22,1998/07/22,24.804,88.969,HTW,18,Rajshahi,Bogra,Adamdighi,Santahar,Santahar,NO3-N,mg/L,3.2
S98_01809,GIOKU-23,1998/07/27,24.933,89.348,HTW,18,Rajshahi,Bogra,Bogra Sadar,Giokul,Giokul,NO3-N,mg/L,< 0.2
S98_01810,PATNI-29,1998/07/22,25.05,88.75,HTW,15,Rajshahi,Naogaon,Patnitala,Patnitala,Patnitala,NO3-N,mg/L,< 0.2
S98_01811,MAND-25,1998/07/22,24.793,88.701,HTW,30,Rajshahi,Naogaon,Manda,Manda,Manda,NO3-N,mg/L,< 0.2
S98_01812,PIR-25,1998/07/27,22.365,89.933,,,Barisal,Pirojpur,Mathbaria,,Burirchar,NO3-N,mg/L,< 0.2
S98_01813,RAHAN-26,1998/07/21,24.8,88.2,HTW,30,Rajshahi,Nawabganj,Gomastapur,Rahandur,Rahandur,NO3-N,mg/L,< 0.2
S98_01814,PIR-26,1998/07/27,22.365,89.933,HTW,37,Barisal,Pirojpur,Mathbaria,,Burirchar,NO3-N,mg/L,0.5
S98_01815,SHIB-27,1998/07/21,24.684,88.157,Piez,61,Rajshahi,Nawabganj,Shibganj (N),Shibgong,Shibgong,NO3-N,mg/L,< 0.2
S98_01816,PIR-27,1998/07/27,22.365,89.933,HTW,27,Barisal,Pirojpur,Mathbaria,,Burirchar,NO3-N,mg/L,0.8
S98_01817,GIODA-28,1998/07/21,24.461,88.328,HTW,30,Rajshahi,Rajshahi,Godagari,Giodagari,Giodagari,NO3-N,mg/L,< 0.2
S98_01818,SAPU-29,1998/07/21,24.374,88.558,HTW,37,Rajshahi,Rajshahi,Rajpara,Sapura,Sapura,NO3-N,mg/L,< 0.2
S98_01819,CHAR-30,1998/07/20,24.304,88.738,HTW,18,Rajshahi,Rajshahi,Charghat,Charghat,Charghat,NO3-N,mg/L,< 0.2
S98_01820,NAT-31,1998/07/20,24.414,89.988,HTW,27,Rajshahi,Natore,Natore Sadar,Natore,Natore,NO3-N,mg/L,< 0.2
S98_01821,SING-32,1998/07/20,24.506,89.143,TARA,18,Rajshahi,Natore,Singra,Singra,Singra,NO3-N,mg/L,< 0.2
S98_01822,LAL-33,1998/07/20,24.179,88.966,HTW,27,Rajshahi,Natore,Lalpur,Lalpur,Lalpur,NO3-N,mg/L,< 0.2
S98_01823,ROYG-34,1998/07/27,24.507,89.526,HTW,15,Rajshahi,Sirajganj,Raiganj,Roygong,Roygong,NO3-N,mg/L,< 0.2
S98_01824,SIRA-35,1998/07/28,24.463,89.708,HTW,18,Rajshahi,Sirajganj,Sirajganj Sadar,Sirjgong,Sirjgong,NO3-N,mg/L,< 0.2
S98_01825,CHAT-36,1998/07/20,24.15,89.261,HTW,18,Rajshahi,Pabna,Chatmohar,Chatmohur,Chatmohur,NO3-N,mg/L,< 0.2
S98_01826,PAB-37,1998/07/19,24.006,89.235,HTW,30,Rajshahi,Pabna,Pabna Sadar,Pabna,Pabna,NO3-N,mg/L,< 0.2
S98_01827,SUJA-38,1998/07/19,23.94,89.408,HTW,18,Rajshahi,Pabna,Sujanagar,Sujanager,Sujanager,NO3-N,mg/L,< 0.2
S98_01828,NAGIR-39,1998/07/28,23.951,89.65,HTW,20,Rajshahi,Pabna,Bera,Nagierbari,Nagierbari,NO3-N,mg/L,0.7
S98_01829,JA-40,1998/07/19,25.156,89.751,HTW,27,Dhaka,Jamalpur,Dewanganj,Chukaibari,Batheshasaria,NO3-N,mg/L,< 0.2
S98_01830,PRAG-40,1998/07/19,24.005,88.765,TARA,113,Khulna,Kushtia,Daulatpur (Ku),Pragpur,Pragpur,NO3-N,mg/L,< 0.2
S98_01831,HYM-41,1998/07/18,25.117,90.335,,27,Dhaka,Mymensingh,Haluaghat, Haluagher,Haluaghatthana Compn,NO3-N,mg/L,< 0.2
S98_01832,VHAR-41,1998/07/19,24.019,88.992,HTW,,Khulna,Kushtia,Bheramara,Vharamara,Vharamara,NO3-N,mg/L,< 0.2
S98_01833,KUST-42,1998/07/19,23.909,89.128,HTW,49,Khulna,Kushtia,Kushtia Sadar,Kushtia,Kushtia,NO3-N,mg/L,< 0.2
S98_01834,SHER-42/A,1998/07/18,25.018,90.012,HTW,36,Rajshahi,Bogra,Sherpur,Sherpur,,NO3-N,mg/L,< 0.2
S98_01835,MEHER-43,1998/07/19,23.761,88.632,HTW,27,Khulna,Meherpur,Meherpur Sadar,Meherpur,Meherpur,NO3-N,mg/L,< 0.2
S98_01836,JAM-43,1998/07/20,24.758,89.835,HTW,20,Dhaka,Jamalpur,Sarishabari,Sharishabari,Sharishabari,NO3-N,mg/L,2.6
S98_01837,DAR-44,1998/07/19,23.529,88.81,HTW,18,Khulna,Chuadanga,Chuadanga Sadar,Darsana,Darsana,NO3-N,mg/L,41
S98_01838,MYM-44,1998/07/17,24.748,90.406,DTW,107,Dhaka,Mymensingh,Mymensingh Sadar,Sadar,Bagmera,NO3-N,mg/L,< 0.2
S98_01839,JHIN-45,1998/07/18,23.547,89.165,,122,Khulna,Jhenaidah,Jhenaidah Sadar,Jhinaidha,Jhinaidha,NO3-N,mg/L,< 0.2
S98_01840,NET-45,1998/07/17,24.866,90.722,HTW,65,Dhaka,Netrokona,Netrokona Sadar,Sadar,Netrokona,NO3-N,mg/L,< 0.2
S98_01841,MAGU-46,1998/07/15,23.488,89.429,HTW,21,Khulna,Magura,Magura Sadar,Magura,Magura,NO3-N,mg/L,< 0.2
S98_01842,KISH-46,1998/07/18,24.444,90.773,DTW,118,Dhaka,Kishoreganj,Kishoreganj Sadar,Goital,Kishorgorj,NO3-N,mg/L,< 0.2
S98_01843,JES-47,1998/07/18,23.167,89.219,DTW,133,Khulna,Jessore,Jessore Sadar,Jessore,Jessore,NO3-N,mg/L,< 0.2
S98_01844,MYM-47,1998/07/17,24.454,90.54,HTW,,Dhaka,Mymensingh,Gafargaon,Saltia,Sulhasia,NO3-N,mg/L,< 0.2
S98_01845,NAR-48,1998/07/18,23.173,89.513,HTW,24,Khulna,Narail,Narail Sadar,Narail,Narail,NO3-N,mg/L,< 0.2
S98_01846,KISH-48,1998/07/18,24.047,90.973,HTW,20,Dhaka,Kishoreganj,Bhairab,Bhairab,Bhairab Rly St,NO3-N,mg/L,< 0.2
S98_01847,GODKHA-49,1998/07/15,23.059,89.077,HTW,24,Khulna,Jessore,Jhikargachha,Godkhali,Godkhali,NO3-N,mg/L,< 0.2
S98_01848,TA-49,1998/07/20,24.605,90.024,HTW,34,Dhaka,Tangail,Madhupur,Madhupur,Madhupur,NO3-N,mg/L,< 0.2
S98_01849,KHUL-50,1998/07/15,22.812,89.561,DTW,274,Khulna,Khulna,Khulna Sadar,Khulna,Khulna,NO3-N,mg/L,0.6
S98_01850,TA-50,1998/07/20,24.24,89.909,HTW,27,Dhaka,Tangail,Tangail Sadar,Sadar,Bepari Para,NO3-N,mg/L,< 0.2
S98_01851,SATKHR-51,1998/07/17,22.718,89.07,DTW,183,Khulna,Satkhira,Satkhira Sadar,Satkhira,Satkhira,NO3-N,mg/L,1.1
S98_01852,TA-51,1998/07/20,24.108,90.076,HTW,27,Dhaka,Tangail,Mirzapur,Baithgram,Gurail,NO3-N,mg/L,< 0.2
S98_01853,CHAL-52,1998/07/18,22.586,89.504,HTW,18,Khulna,Bagerhat,Bagerhat Sadar,Chalna,Chalna,NO3-N,mg/L,1.1
S98_01854,GA-52,1998/07/17,24.197,90.474,HTW,29,Dhaka,Gazipur,Sripur,Sreepur,Sreepur,NO3-N,mg/L,< 0.2
S98_01855,BAGIER-53,1998/07/15,22.663,89.763,,38,Khulna,Bagerhat,Bagerhat Sadar,Bagierhat,Bagierhat,NO3-N,mg/L,< 0.2
S98_01856,NAR-53,1998/07/18,23.926,90.718,HTW,,Dhaka,Narsingdi,Narsingdi Sadar,Narshingdi,Norshindi Dak Hangloo,NO3-N,mg/L,< 0.2
S98_01857,KHALIS-54,1998/07/18,22.548,89.538,DTW,274,Khulna,Khulna,Khulna Sadar,Khalishpur,Khalishpur,NO3-N,mg/L,0.5
S98_01858,DA-54,1998/07/16,23.734,90.418,DTW,137,Dhaka,Dhaka,Motijheel,Motijheel,Pwd Colony,NO3-N,mg/L,2.3
S98_01859,RJB-69,1998/07/22,23.765,89.476,HTW,22,Dhaka,Rajbari,Pangsha,,Kalukhau,NO3-N,mg/L,2.5
S98_01860,RJB-70,1998/07/22,23.754,89.645,DTW,127,Dhaka,Rajbari,Rajbari Sadar,,Municipality,NO3-N,mg/L,0.7
S98_01861,FAR-71,1998/07/23,23.599,89.835,DTW,84,Dhaka,Faridpur,Faridpur Sadar,,Municipal,NO3-N,mg/L,2.4
S98_01862,GOP-72,1998/07/23,23.21,89.693,HTW,20,Dhaka,Gopalganj,Kashiani,,Bhatiapara,NO3-N,mg/L,1.4
S98_01863,GOP-73,1998/07/23,23.005,89.823,HTW,20,Dhaka,Gopalganj,Gopalganj Sadar,Municipality,Gopalganj,NO3-N,mg/L,2.2
S98_01864,MAD-74,1998/07/23,23.167,90.195,DTW,238,Dhaka,Madaripur,Madaripur Sadar,Municipality,Madaripur,NO3-N,mg/L,< 0.2
S98_01865,BAR-75,1998/07/25,22.7,90.369,DTW,610,Barisal,Barisal,Barisal Sadar,,Barisal,NO3-N,mg/L,< 0.2
S98_01866,PAT-77,1998/07/25,22.355,90.345,DTW,274,Barisal,Patuakhali,Patuakhali Sadar,Municipality,Patuakhali,NO3-N,mg/L,1.6
S98_01867,DA-101,1998/07/21,23.51,90.217,HTW,26,Dhaka,Munshiganj,Munshiganj Sadar,Bhaishakul,Bhaishakul T Inst,NO3-N,mg/L,3.8
S98_01868,DA-102,1998/07/16,23.769,90.364,DTW,53,Dhaka,Dhaka,Mohammadpur (D),Mohammedpur,Mohammedpur,NO3-N,mg/L,0.8
S98_04510,GOHI-44,1998/07/29,22.1467,91.8231,Piez,265,Chittagong,Chittagong,Anowara,Gohira,UC Office,NO3-N,mg/L,< 0.2
S98_04511,RUST-45,1998/07/29,22.1924,91.8562,HTW,146,Chittagong,Chittagong,Anowara,Battali,Battali,NO3-N,mg/L,< 0.2
S98_04512,GOHI-46,1998/07/29,22.1467,91.8231,Piez,68,Chittagong,Chittagong,Anowara,Gohira,UC Office,NO3-N,mg/L,0.4
S98_04513,COM-84,1998/07/28,23.4453,91.1722,HTW,32,Chittagong,Comilla,Comilla Sadar,Shaktala,Shaktala,NO3-N,mg/L,< 0.2
S98_04514,DAUD-85,1998/07/28,23.536,90.7104,HTW,32,Chittagong,Comilla,Daudkandi,Daudkandi,Daudkandi Bazar,NO3-N,mg/L,7.1
S98_04515,LAKS-86,1998/07/28,23.2499,91.115,HTW,23,Chittagong,Comilla,Laksam,Nabaratpur,Nabaratpur,NO3-N,mg/L,1.5
S98_04516,HAJ-87,1998/07/31,23.2484,90.8696,DTW,107,Chittagong,Chandpur,Hajiganj,Aligonj,Aligonj H complex,NO3-N,mg/L,< 0.2
S98_04517,CHAN-88,1998/07/31,23.2342,90.6673,HTW,168,Chittagong,Chandpur,Chandpur Sadar,Shologhar,Shologhar,NO3-N,mg/L,0.7
S98_04518,NOA-89,1998/07/28,22.8334,91.0955,HTW,11,Chittagong,Noakhali,Noakhali Sadar,Sonapur,Sonapur,NO3-N,mg/L,1.2
S98_04519,FENI-90,1998/07/28,23.0053,91.3866,HTW,13,Chittagong,Feni,Feni Sadar,Pachgadria,Feni Rest House,NO3-N,mg/L,1.3
S98_04520,MIR-91,1998/07/28,22.7761,91.5656,HTW,25,Chittagong,Chittagong,Mirsharai,PS,Miraswarai,NO3-N,mg/L,2.6
S98_04521,CTG-92,1998/07/29,22.4735,91.7891,DTW,110,Chittagong,Chittagong,Hathazari,Hathajani,University,NO3-N,mg/L,0.6
S98_04522,CTG-93,1998/07/29,22.3704,91.8442,DTW,146,Chittagong,Chittagong,Chandgaon,Chandgown,Chandgown,NO3-N,mg/L,< 0.2
S98_04523,ANWA-94,1998/07/29,22.2234,91.898,HTW,43,Chittagong,Chittagong,Anowara,Anwara,Thana Parishad Office,NO3-N,mg/L,< 0.2
S98_04524,SAT-95,1998/07/29,22.0721,92.0479,HTW,31,Chittagong,Chittagong,Satkania,Satkania,Satkania,NO3-N,mg/L,37.2
S98_04525,COX-99,1998/07/30,21.4349,91.9656,HTW,10,Chittagong,Cox's Bazar,Cox's Bazar Sadar,,BWDB rest house,NO3-N,mg/L,31.3
S98_04526,UKHI-100,1998/07/30,21.2432,92.1325,DTW,52,Chittagong,Cox's Bazar,Ukhia,Ukhia,Ukhia Bazar,NO3-N,mg/L,0.4
S99_00796,SAN-43(CS),1999/04/06,22.4815,91.4285,Piez,56.96,Chittagong,Chittagong,Sandwip,Rahamatpur,Rahamatpur,NO3-N,mg/L,3.1
S99_00797,SAN-42(CMD),1999/04/06,22.4815,91.4285,Piez,160.92,Chittagong,Chittagong,Sandwip,Rahamatpur,Rahamatpur,NO3-N,mg/L,23
S99_00798,SAN-41(CD),1999/04/06,22.4815,91.4285,Piez,261.94,Chittagong,Chittagong,Sandwip,Rahamatpur,Rahamatpur,NO3-N,mg/L,8.5
S99_00799,MOH-98,1999/05/28,21.517,91.9584,Piez,7.32,Chittagong,Cox's Bazar,Maheshkhali,Gorukghata,Gorukghata,NO3-N,mg/L,0.2
S99_00800,KUT-97,1999/05/30,21.8128,91.8449,Piez,542.68,Chittagong,Cox's Bazar,Kutubdia,Baraghope,Baraghope,NO3-N,mg/L,0.2
S99_00801,SAND-9,1999/03/06,22.4817,91.4332,Piez,329.26,Chittagong,Chittagong,Sandwip,BWDB Guest house,BWDB Guest house,NO3-N,mg/L,3.9
S99_00802,AKHA-82,1999/05/24,23.8659,91.201,HTW,18.3,Chittagong,Brahamanbaria,Akhaura,Railway station,Railway station,NO3-N,mg/L,0.2
S99_00803,MUR-83,1999/05/24,23.7627,90.9899,HTW,26.22,Chittagong,Comilla,Muradnagar,Kasimpur,Kasimpur,NO3-N,mg/L,11.3
S99_00804,CHU-81,1999/05/25,24.1945,91.5138,HTW,30.5,Sylhet,Habiganj,Chunarughat,Chunarughat Bazar,Chunarughat Bazar,NO3-N,mg/L,1.2
S99_00805,HABI-80,1999/05/25,24.3776,91.4083,HTW,36.59,Sylhet,Habiganj,Habiganj Sadar,Rajanagar,Rajanagar,NO3-N,mg/L,0.9
S99_00806,MVI-79,1999/05/25,24.4696,91.7603,HTW,30.5,Sylhet,Maulvibazar,Maulvi Bazar Sadar,Sultanpur,Sultanpur,NO3-N,mg/L,< 0.02
S99_00807,SYL-78,1998/05/25,24.8795,91.8605,HTW,30.5,Sylhet,Sylhet,Sylhet Sadar,Railway station,Railway station,NO3-N,mg/L,3.7
S98_01785,SAT-1,1998/07/23,26.479,88.514,HTW,9,Rajshahi,Panchagarh,Tetulia,Satmara,Satmara,P,mg/L,< 0.2
S98_01786,130DA-2,,25.7,88.5,HTW,15,Rajshahi,Panchagarh,Boda,Boda,Boda,P,mg/L,< 0.2
S98_01787,TA-2/B,1998/07/20,24.088,90.17,HTW,37,Dhaka,Tangail,Mirzapur,Gurai,Gurai,P,mg/L,< 0.2
S98_01788,BALI-3,1998/07/23,26.083,88.279,HTW,18,Rajshahi,Thakurgaon,Baliadangi,Baliadanga,Baliadanga,P,mg/L,< 0.2
S98_01789,SALN-4,1998/07/23,26.054,88.533,HTW,37,Rajshahi,Thakurgaon,Thakurgaon Sadar,Salander,Salander,P,mg/L,< 0.2
S98_01790,JA-4/B,1998/07/19,24.91,89.946,HTW,26,Dhaka,Jamalpur,Jamalpur Sadar,Jamalpur,Fulbaria,P,mg/L,0.2
S98_01791,KABIR-5,1998/07/24,25.903,88.6,HTW,30,Rajshahi,Dinajpur,Birganj,Birgong,Kbirashat,P,mg/L,< 0.2
S98_01792,RANI-6,1998/07/23,25.901,88.254,HTW,30,Rajshahi,Thakurgaon,Ranisankail,Ranisanwail,Ranisanwail,P,mg/L,< 0.2
S98_01793,SIBRM-7,1998/07/24,25.665,88.652,HTW,18,Rajshahi,Dinajpur,Dinajpur Sadar,Sibrampur,Sibrampur,P,mg/L,< 0.2
S98_01794,PARBT-8,1998/07/24,25.653,88.915,HTW,20,Rajshahi,Dinajpur,Parbatipur,Parbatipur,Parbatipur,P,mg/L,< 0.2
S98_01795,HAKM-9,1998/07/22,25.288,89.021,HTW,21,Rajshahi,Dinajpur,Hakimpur,Hakimpur,Hakimpur,P,mg/L,< 0.2
S98_01796,CHIL-10,1998/07/25,26.1,88.8,HTW,24,Rajshahi,Nilphamari,Domar,Chilahati,Chilahati,P,mg/L,< 0.2
S98_01797,NIL-11,1998/07/24,25.9,88.8,HTW,18,Rajshahi,Nilphamari,Nilphamari Sadar,Nilphamari,Nilphamari,P,mg/L,< 0.2
S98_01798,BRUT-12,1998/07/25,26.203,89.11,HTW,,Rajshahi,Lalmonirhat,Hatibandha,Barakhta,Barakhta,P,mg/L,< 0.2
S98_01799,JAL-13,1998/07/25,25.931,88.838,HTW,27,Rajshahi,Nilphamari,Jaldhaka,Jaldhaka,Jaldhaka,P,mg/L,< 0.2
S98_01800,RANG-14,1998/07/26,25.752,89.253,HTW,18,Rajshahi,Rangpur,Rangpur Sadar,Rangipur,Rangipur,P,mg/L,< 0.2
S98_01801,LALM-15,1998/07/25,25.913,89.436,HTW,14,Rajshahi,Lalmonirhat,Lalmonirhat Sadar,Lalmonihat,Lalmonihat,P,mg/L,0.5
S98_01802,NAGUR-16,1998/07/26,25.965,89.671,HTW,18,Rajshahi,Kurigram,Nageshwari,Nagieshwari,Nagieshwari,P,mg/L,< 0.2
S98_01803,ULI-17,1998/07/26,25.653,89.623,HTW,18,Rajshahi,Kurigram,Ulipur,Ulipur,Ulipur,P,mg/L,< 0.2
S98_01804,BAMAN,1998/07/26,25.532,89.446,,18,Rajshahi,Gaibandha,Sundarganj,Bamandaga,Bamandaga,P,mg/L,< 0.2
S98_01805,BOA-19,1998/07/27,25.318,89.55,HTW,18,Rajshahi,Gaibandha,Gaibandha Sadar,Boalia,Boalia,P,mg/L,< 0.2
S98_01806,GABIN-20,1998/07/27,25.134,89.387,,12,Rajshahi,Gaibandha,Gobindaganj,Gabindagons,Gabindagons,P,mg/L,< 0.2
S98_01807,MADR-21,1998/07/22,25.109,89.036,HTW,15,Rajshahi,Jaipurhat,Jaipurhat Sadar,Madergonj,Madergonj,P,mg/L,< 0.2
S98_01808,SANTA-22,1998/07/22,24.804,88.969,HTW,18,Rajshahi,Bogra,Adamdighi,Santahar,Santahar,P,mg/L,< 0.2
S98_01809,GIOKU-23,1998/07/27,24.933,89.348,HTW,18,Rajshahi,Bogra,Bogra Sadar,Giokul,Giokul,P,mg/L,< 0.2
S98_01810,PATNI-29,1998/07/22,25.05,88.75,HTW,15,Rajshahi,Naogaon,Patnitala,Patnitala,Patnitala,P,mg/L,< 0.2
S98_01811,MAND-25,1998/07/22,24.793,88.701,HTW,30,Rajshahi,Naogaon,Manda,Manda,Manda,P,mg/L,0.2
S98_01812,PIR-25,1998/07/27,22.365,89.933,,,Barisal,Pirojpur,Mathbaria,,Burirchar,P,mg/L,5.3
S98_01813,RAHAN-26,1998/07/21,24.8,88.2,HTW,30,Rajshahi,Nawabganj,Gomastapur,Rahandur,Rahandur,P,mg/L,0.2
S98_01814,PIR-26,1998/07/27,22.365,89.933,HTW,37,Barisal,Pirojpur,Mathbaria,,Burirchar,P,mg/L,1.1
S98_01815,SHIB-27,1998/07/21,24.684,88.157,Piez,61,Rajshahi,Nawabganj,Shibganj (N),Shibgong,Shibgong,P,mg/L,0.2
S98_01816,PIR-27,1998/07/27,22.365,89.933,HTW,27,Barisal,Pirojpur,Mathbaria,,Burirchar,P,mg/L,7.9
S98_01817,GIODA-28,1998/07/21,24.461,88.328,HTW,30,Rajshahi,Rajshahi,Godagari,Giodagari,Giodagari,P,mg/L,< 0.2
S98_01818,SAPU-29,1998/07/21,24.374,88.558,HTW,37,Rajshahi,Rajshahi,Rajpara,Sapura,Sapura,P,mg/L,< 0.2
S98_01819,CHAR-30,1998/07/20,24.304,88.738,HTW,18,Rajshahi,Rajshahi,Charghat,Charghat,Charghat,P,mg/L,< 0.2
S98_01820,NAT-31,1998/07/20,24.414,89.988,HTW,27,Rajshahi,Natore,Natore Sadar,Natore,Natore,P,mg/L,< 0.2
S98_01821,SING-32,1998/07/20,24.506,89.143,TARA,18,Rajshahi,Natore,Singra,Singra,Singra,P,mg/L,< 0.2
S98_01822,LAL-33,1998/07/20,24.179,88.966,HTW,27,Rajshahi,Natore,Lalpur,Lalpur,Lalpur,P,mg/L,< 0.2
S98_01823,ROYG-34,1998/07/27,24.507,89.526,HTW,15,Rajshahi,Sirajganj,Raiganj,Roygong,Roygong,P,mg/L,< 0.2
S98_01824,SIRA-35,1998/07/28,24.463,89.708,HTW,18,Rajshahi,Sirajganj,Sirajganj Sadar,Sirjgong,Sirjgong,P,mg/L,< 0.2
S98_01825,CHAT-36,1998/07/20,24.15,89.261,HTW,18,Rajshahi,Pabna,Chatmohar,Chatmohur,Chatmohur,P,mg/L,< 0.2
S98_01826,PAB-37,1998/07/19,24.006,89.235,HTW,30,Rajshahi,Pabna,Pabna Sadar,Pabna,Pabna,P,mg/L,< 0.2
S98_01827,SUJA-38,1998/07/19,23.94,89.408,HTW,18,Rajshahi,Pabna,Sujanagar,Sujanager,Sujanager,P,mg/L,0.3
S98_01828,NAGIR-39,1998/07/28,23.951,89.65,HTW,20,Rajshahi,Pabna,Bera,Nagierbari,Nagierbari,P,mg/L,< 0.2
S98_01829,JA-40,1998/07/19,25.156,89.751,HTW,27,Dhaka,Jamalpur,Dewanganj,Chukaibari,Batheshasaria,P,mg/L,1.6
S98_01830,PRAG-40,1998/07/19,24.005,88.765,TARA,113,Khulna,Kushtia,Daulatpur (Ku),Pragpur,Pragpur,P,mg/L,< 0.2
S98_01831,HYM-41,1998/07/18,25.117,90.335,,27,Dhaka,Mymensingh,Haluaghat, Haluagher,Haluaghatthana Compn,P,mg/L,0.4
S98_01832,VHAR-41,1998/07/19,24.019,88.992,HTW,,Khulna,Kushtia,Bheramara,Vharamara,Vharamara,P,mg/L,< 0.2
S98_01833,KUST-42,1998/07/19,23.909,89.128,HTW,49,Khulna,Kushtia,Kushtia Sadar,Kushtia,Kushtia,P,mg/L,< 0.2
S98_01834,SHER-42/A,1998/07/18,25.018,90.012,HTW,36,Rajshahi,Bogra,Sherpur,Sherpur,,P,mg/L,1.4
S98_01835,MEHER-43,1998/07/19,23.761,88.632,HTW,27,Khulna,Meherpur,Meherpur Sadar,Meherpur,Meherpur,P,mg/L,< 0.2
S98_01836,JAM-43,1998/07/20,24.758,89.835,HTW,20,Dhaka,Jamalpur,Sarishabari,Sharishabari,Sharishabari,P,mg/L,< 0.2
S98_01837,DAR-44,1998/07/19,23.529,88.81,HTW,18,Khulna,Chuadanga,Chuadanga Sadar,Darsana,Darsana,P,mg/L,0.4
S98_01838,MYM-44,1998/07/17,24.748,90.406,DTW,107,Dhaka,Mymensingh,Mymensingh Sadar,Sadar,Bagmera,P,mg/L,< 0.2
S98_01839,JHIN-45,1998/07/18,23.547,89.165,,122,Khulna,Jhenaidah,Jhenaidah Sadar,Jhinaidha,Jhinaidha,P,mg/L,0.5
S98_01840,NET-45,1998/07/17,24.866,90.722,HTW,65,Dhaka,Netrokona,Netrokona Sadar,Sadar,Netrokona,P,mg/L,0.3
S98_01841,MAGU-46,1998/07/15,23.488,89.429,HTW,21,Khulna,Magura,Magura Sadar,Magura,Magura,P,mg/L,< 0.2
S98_01842,KISH-46,1998/07/18,24.444,90.773,DTW,118,Dhaka,Kishoreganj,Kishoreganj Sadar,Goital,Kishorgorj,P,mg/L,0.3
S98_01843,JES-47,1998/07/18,23.167,89.219,DTW,133,Khulna,Jessore,Jessore Sadar,Jessore,Jessore,P,mg/L,< 0.2
S98_01844,MYM-47,1998/07/17,24.454,90.54,HTW,,Dhaka,Mymensingh,Gafargaon,Saltia,Sulhasia,P,mg/L,0.3
S98_01845,NAR-48,1998/07/18,23.173,89.513,HTW,24,Khulna,Narail,Narail Sadar,Narail,Narail,P,mg/L,0.2
S98_01846,KISH-48,1998/07/18,24.047,90.973,HTW,20,Dhaka,Kishoreganj,Bhairab,Bhairab,Bhairab Rly St,P,mg/L,0.6
S98_01847,GODKHA-49,1998/07/15,23.059,89.077,HTW,24,Khulna,Jessore,Jhikargachha,Godkhali,Godkhali,P,mg/L,0.3
S98_01848,TA-49,1998/07/20,24.605,90.024,HTW,34,Dhaka,Tangail,Madhupur,Madhupur,Madhupur,P,mg/L,0.2
S98_01849,KHUL-50,1998/07/15,22.812,89.561,DTW,274,Khulna,Khulna,Khulna Sadar,Khulna,Khulna,P,mg/L,< 0.2
S98_01850,TA-50,1998/07/20,24.24,89.909,HTW,27,Dhaka,Tangail,Tangail Sadar,Sadar,Bepari Para,P,mg/L,1.5
S98_01851,SATKHR-51,1998/07/17,22.718,89.07,DTW,183,Khulna,Satkhira,Satkhira Sadar,Satkhira,Satkhira,P,mg/L,< 0.2
S98_01852,TA-51,1998/07/20,24.108,90.076,HTW,27,Dhaka,Tangail,Mirzapur,Baithgram,Gurail,P,mg/L,0.6
S98_01853,CHAL-52,1998/07/18,22.586,89.504,HTW,18,Khulna,Bagerhat,Bagerhat Sadar,Chalna,Chalna,P,mg/L,0.4
S98_01854,GA-52,1998/07/17,24.197,90.474,HTW,29,Dhaka,Gazipur,Sripur,Sreepur,Sreepur,P,mg/L,0.4
S98_01855,BAGIER-53,1998/07/15,22.663,89.763,,38,Khulna,Bagerhat,Bagerhat Sadar,Bagierhat,Bagierhat,P,mg/L,< 0.2
S98_01856,NAR-53,1998/07/18,23.926,90.718,HTW,,Dhaka,Narsingdi,Narsingdi Sadar,Narshingdi,Norshindi Dak Hangloo,P,mg/L,0.3
S98_01857,KHALIS-54,1998/07/18,22.548,89.538,DTW,274,Khulna,Khulna,Khulna Sadar,Khalishpur,Khalishpur,P,mg/L,< 0.2
S98_01858,DA-54,1998/07/16,23.734,90.418,DTW,137,Dhaka,Dhaka,Motijheel,Motijheel,Pwd Colony,P,mg/L,< 0.2
S98_01859,RJB-69,1998/07/22,23.765,89.476,HTW,22,Dhaka,Rajbari,Pangsha,,Kalukhau,P,mg/L,0.5
S98_01860,RJB-70,1998/07/22,23.754,89.645,DTW,127,Dhaka,Rajbari,Rajbari Sadar,,Municipality,P,mg/L,0.5
S98_01861,FAR-71,1998/07/23,23.599,89.835,DTW,84,Dhaka,Faridpur,Faridpur Sadar,,Municipal,P,mg/L,0.8
S98_01862,GOP-72,1998/07/23,23.21,89.693,HTW,20,Dhaka,Gopalganj,Kashiani,,Bhatiapara,P,mg/L,0.7
S98_01863,GOP-73,1998/07/23,23.005,89.823,HTW,20,Dhaka,Gopalganj,Gopalganj Sadar,Municipality,Gopalganj,P,mg/L,0.5
S98_01864,MAD-74,1998/07/23,23.167,90.195,DTW,238,Dhaka,Madaripur,Madaripur Sadar,Municipality,Madaripur,P,mg/L,0.3
S98_01865,BAR-75,1998/07/25,22.7,90.369,DTW,610,Barisal,Barisal,Barisal Sadar,,Barisal,P,mg/L,0.3
S98_01866,PAT-77,1998/07/25,22.355,90.345,DTW,274,Barisal,Patuakhali,Patuakhali Sadar,Municipality,Patuakhali,P,mg/L,0.8
S98_01867,DA-101,1998/07/21,23.51,90.217,HTW,26,Dhaka,Munshiganj,Munshiganj Sadar,Bhaishakul,Bhaishakul T Inst,P,mg/L,1.1
S98_01868,DA-102,1998/07/16,23.769,90.364,DTW,53,Dhaka,Dhaka,Mohammadpur (D),Mohammedpur,Mohammedpur,P,mg/L,< 0.2
S98_04510,GOHI-44,1998/07/29,22.1467,91.8231,Piez,265,Chittagong,Chittagong,Anowara,Gohira,UC Office,P,mg/L,0.3
S98_04511,RUST-45,1998/07/29,22.1924,91.8562,HTW,146,Chittagong,Chittagong,Anowara,Battali,Battali,P,mg/L,< 0.2
S98_04512,GOHI-46,1998/07/29,22.1467,91.8231,Piez,68,Chittagong,Chittagong,Anowara,Gohira,UC Office,P,mg/L,0.4
S98_04513,COM-84,1998/07/28,23.4453,91.1722,HTW,32,Chittagong,Comilla,Comilla Sadar,Shaktala,Shaktala,P,mg/L,< 0.2
S98_04514,DAUD-85,1998/07/28,23.536,90.7104,HTW,32,Chittagong,Comilla,Daudkandi,Daudkandi,Daudkandi Bazar,P,mg/L,1.2
S98_04515,LAKS-86,1998/07/28,23.2499,91.115,HTW,23,Chittagong,Comilla,Laksam,Nabaratpur,Nabaratpur,P,mg/L,0.8
S98_04516,HAJ-87,1998/07/31,23.2484,90.8696,DTW,107,Chittagong,Chandpur,Hajiganj,Aligonj,Aligonj H complex,P,mg/L,< 0.2
S98_04517,CHAN-88,1998/07/31,23.2342,90.6673,HTW,168,Chittagong,Chandpur,Chandpur Sadar,Shologhar,Shologhar,P,mg/L,1.7
S98_04518,NOA-89,1998/07/28,22.8334,91.0955,HTW,11,Chittagong,Noakhali,Noakhali Sadar,Sonapur,Sonapur,P,mg/L,1
S98_04519,FENI-90,1998/07/28,23.0053,91.3866,HTW,13,Chittagong,Feni,Feni Sadar,Pachgadria,Feni Rest House,P,mg/L,0.6
S98_04520,MIR-91,1998/07/28,22.7761,91.5656,HTW,25,Chittagong,Chittagong,Mirsharai,PS,Miraswarai,P,mg/L,1.7
S98_04521,CTG-92,1998/07/29,22.4735,91.7891,DTW,110,Chittagong,Chittagong,Hathazari,Hathajani,University,P,mg/L,< 0.2
S98_04522,CTG-93,1998/07/29,22.3704,91.8442,DTW,146,Chittagong,Chittagong,Chandgaon,Chandgown,Chandgown,P,mg/L,< 0.2
S98_04523,ANWA-94,1998/07/29,22.2234,91.898,HTW,43,Chittagong,Chittagong,Anowara,Anwara,Thana Parishad Office,P,mg/L,6.4
S98_04524,SAT-95,1998/07/29,22.0721,92.0479,HTW,31,Chittagong,Chittagong,Satkania,Satkania,Satkania,P,mg/L,2.4
S98_04525,COX-99,1998/07/30,21.4349,91.9656,HTW,10,Chittagong,Cox's Bazar,Cox's Bazar Sadar,,BWDB rest house,P,mg/L,< 0.2
S98_04526,UKHI-100,1998/07/30,21.2432,92.1325,DTW,52,Chittagong,Cox's Bazar,Ukhia,Ukhia,Ukhia Bazar,P,mg/L,< 0.2
S99_00796,SAN-43(CS),1999/04/06,22.4815,91.4285,Piez,56.96,Chittagong,Chittagong,Sandwip,Rahamatpur,Rahamatpur,P,mg/L,0.2
S99_00797,SAN-42(CMD),1999/04/06,22.4815,91.4285,Piez,160.92,Chittagong,Chittagong,Sandwip,Rahamatpur,Rahamatpur,P,mg/L,0.2
S99_00798,SAN-41(CD),1999/04/06,22.4815,91.4285,Piez,261.94,Chittagong,Chittagong,Sandwip,Rahamatpur,Rahamatpur,P,mg/L,0.3
S99_00799,MOH-98,1999/05/28,21.517,91.9584,Piez,7.32,Chittagong,Cox's Bazar,Maheshkhali,Gorukghata,Gorukghata,P,mg/L,2.9
S99_00800,KUT-97,1999/05/30,21.8128,91.8449,Piez,542.68,Chittagong,Cox's Bazar,Kutubdia,Baraghope,Baraghope,P,mg/L,< 0.1
S99_00801,SAND-9,1999/03/06,22.4817,91.4332,Piez,329.26,Chittagong,Chittagong,Sandwip,BWDB Guest house,BWDB Guest house,P,mg/L,0.3
S99_00802,AKHA-82,1999/05/24,23.8659,91.201,HTW,18.3,Chittagong,Brahamanbaria,Akhaura,Railway station,Railway station,P,mg/L,0.2
S99_00803,MUR-83,1999/05/24,23.7627,90.9899,HTW,26.22,Chittagong,Comilla,Muradnagar,Kasimpur,Kasimpur,P,mg/L,1.3
S99_00804,CHU-81,1999/05/25,24.1945,91.5138,HTW,30.5,Sylhet,Habiganj,Chunarughat,Chunarughat Bazar,Chunarughat Bazar,P,mg/L,< 0.1
S99_00805,HABI-80,1999/05/25,24.3776,91.4083,HTW,36.59,Sylhet,Habiganj,Habiganj Sadar,Rajanagar,Rajanagar,P,mg/L,0.2
S99_00806,MVI-79,1999/05/25,24.4696,91.7603,HTW,30.5,Sylhet,Maulvibazar,Maulvi Bazar Sadar,Sultanpur,Sultanpur,P,mg/L,< 0.1
S99_00807,SYL-78,1998/05/25,24.8795,91.8605,HTW,30.5,Sylhet,Sylhet,Sylhet Sadar,Railway station,Railway station,P,mg/L,0.4
S98_01785,SAT-1,1998/07/23,26.479,88.514,HTW,9,Rajshahi,Panchagarh,Tetulia,Satmara,Satmara,Pb,ug/L,2.58
S98_01786,130DA-2,,25.7,88.5,HTW,15,Rajshahi,Panchagarh,Boda,Boda,Boda,Pb,ug/L,0.5
S98_01787,TA-2/B,1998/07/20,24.088,90.17,HTW,37,Dhaka,Tangail,Mirzapur,Gurai,Gurai,Pb,ug/L,0.43
S98_01788,BALI-3,1998/07/23,26.083,88.279,HTW,18,Rajshahi,Thakurgaon,Baliadangi,Baliadanga,Baliadanga,Pb,ug/L,2.84
S98_01789,SALN-4,1998/07/23,26.054,88.533,HTW,37,Rajshahi,Thakurgaon,Thakurgaon Sadar,Salander,Salander,Pb,ug/L,0.78
S98_01790,JA-4/B,1998/07/19,24.91,89.946,HTW,26,Dhaka,Jamalpur,Jamalpur Sadar,Jamalpur,Fulbaria,Pb,ug/L,2.95
S98_01791,KABIR-5,1998/07/24,25.903,88.6,HTW,30,Rajshahi,Dinajpur,Birganj,Birgong,Kbirashat,Pb,ug/L,0.65
S98_01792,RANI-6,1998/07/23,25.901,88.254,HTW,30,Rajshahi,Thakurgaon,Ranisankail,Ranisanwail,Ranisanwail,Pb,ug/L,1.23
S98_01793,SIBRM-7,1998/07/24,25.665,88.652,HTW,18,Rajshahi,Dinajpur,Dinajpur Sadar,Sibrampur,Sibrampur,Pb,ug/L,2.37
S98_01794,PARBT-8,1998/07/24,25.653,88.915,HTW,20,Rajshahi,Dinajpur,Parbatipur,Parbatipur,Parbatipur,Pb,ug/L,0.97
S98_01795,HAKM-9,1998/07/22,25.288,89.021,HTW,21,Rajshahi,Dinajpur,Hakimpur,Hakimpur,Hakimpur,Pb,ug/L,0.16
S98_01796,CHIL-10,1998/07/25,26.1,88.8,HTW,24,Rajshahi,Nilphamari,Domar,Chilahati,Chilahati,Pb,ug/L,0.24
S98_01797,NIL-11,1998/07/24,25.9,88.8,HTW,18,Rajshahi,Nilphamari,Nilphamari Sadar,Nilphamari,Nilphamari,Pb,ug/L,0.33
S98_01798,BRUT-12,1998/07/25,26.203,89.11,HTW,,Rajshahi,Lalmonirhat,Hatibandha,Barakhta,Barakhta,Pb,ug/L,7.58
S98_01799,JAL-13,1998/07/25,25.931,88.838,HTW,27,Rajshahi,Nilphamari,Jaldhaka,Jaldhaka,Jaldhaka,Pb,ug/L,0.35
S98_01800,RANG-14,1998/07/26,25.752,89.253,HTW,18,Rajshahi,Rangpur,Rangpur Sadar,Rangipur,Rangipur,Pb,ug/L,0.71
S98_01801,LALM-15,1998/07/25,25.913,89.436,HTW,14,Rajshahi,Lalmonirhat,Lalmonirhat Sadar,Lalmonihat,Lalmonihat,Pb,ug/L,1.31
S98_01802,NAGUR-16,1998/07/26,25.965,89.671,HTW,18,Rajshahi,Kurigram,Nageshwari,Nagieshwari,Nagieshwari,Pb,ug/L,0.8
S98_01803,ULI-17,1998/07/26,25.653,89.623,HTW,18,Rajshahi,Kurigram,Ulipur,Ulipur,Ulipur,Pb,ug/L,0.96
S98_01804,BAMAN,1998/07/26,25.532,89.446,,18,Rajshahi,Gaibandha,Sundarganj,Bamandaga,Bamandaga,Pb,ug/L,1.06
S98_01805,BOA-19,1998/07/27,25.318,89.55,HTW,18,Rajshahi,Gaibandha,Gaibandha Sadar,Boalia,Boalia,Pb,ug/L,0.34
S98_01806,GABIN-20,1998/07/27,25.134,89.387,,12,Rajshahi,Gaibandha,Gobindaganj,Gabindagons,Gabindagons,Pb,ug/L,0.48
S98_01807,MADR-21,1998/07/22,25.109,89.036,HTW,15,Rajshahi,Jaipurhat,Jaipurhat Sadar,Madergonj,Madergonj,Pb,ug/L,0.23
S98_01808,SANTA-22,1998/07/22,24.804,88.969,HTW,18,Rajshahi,Bogra,Adamdighi,Santahar,Santahar,Pb,ug/L,0.39
S98_01809,GIOKU-23,1998/07/27,24.933,89.348,HTW,18,Rajshahi,Bogra,Bogra Sadar,Giokul,Giokul,Pb,ug/L,0.58
S98_01810,PATNI-29,1998/07/22,25.05,88.75,HTW,15,Rajshahi,Naogaon,Patnitala,Patnitala,Patnitala,Pb,ug/L,0.2
S98_01811,MAND-25,1998/07/22,24.793,88.701,HTW,30,Rajshahi,Naogaon,Manda,Manda,Manda,Pb,ug/L,0.34
S98_01812,PIR-25,1998/07/27,22.365,89.933,,,Barisal,Pirojpur,Mathbaria,,Burirchar,Pb,ug/L,1.5
S98_01813,RAHAN-26,1998/07/21,24.8,88.2,HTW,30,Rajshahi,Nawabganj,Gomastapur,Rahandur,Rahandur,Pb,ug/L,0.27
S98_01814,PIR-26,1998/07/27,22.365,89.933,HTW,37,Barisal,Pirojpur,Mathbaria,,Burirchar,Pb,ug/L,0.65
S98_01815,SHIB-27,1998/07/21,24.684,88.157,Piez,61,Rajshahi,Nawabganj,Shibganj (N),Shibgong,Shibgong,Pb,ug/L,0.23
S98_01816,PIR-27,1998/07/27,22.365,89.933,HTW,27,Barisal,Pirojpur,Mathbaria,,Burirchar,Pb,ug/L,1.49
S98_01817,GIODA-28,1998/07/21,24.461,88.328,HTW,30,Rajshahi,Rajshahi,Godagari,Giodagari,Giodagari,Pb,ug/L,0.19
S98_01818,SAPU-29,1998/07/21,24.374,88.558,HTW,37,Rajshahi,Rajshahi,Rajpara,Sapura,Sapura,Pb,ug/L,0.26
S98_01819,CHAR-30,1998/07/20,24.304,88.738,HTW,18,Rajshahi,Rajshahi,Charghat,Charghat,Charghat,Pb,ug/L,0.2
S98_01820,NAT-31,1998/07/20,24.414,89.988,HTW,27,Rajshahi,Natore,Natore Sadar,Natore,Natore,Pb,ug/L,0.21
S98_01821,SING-32,1998/07/20,24.506,89.143,TARA,18,Rajshahi,Natore,Singra,Singra,Singra,Pb,ug/L,0.16
S98_01822,LAL-33,1998/07/20,24.179,88.966,HTW,27,Rajshahi,Natore,Lalpur,Lalpur,Lalpur,Pb,ug/L,0.72
S98_01823,ROYG-34,1998/07/27,24.507,89.526,HTW,15,Rajshahi,Sirajganj,Raiganj,Roygong,Roygong,Pb,ug/L,0.39
S98_01824,SIRA-35,1998/07/28,24.463,89.708,HTW,18,Rajshahi,Sirajganj,Sirajganj Sadar,Sirjgong,Sirjgong,Pb,ug/L,0.88
S98_01825,CHAT-36,1998/07/20,24.15,89.261,HTW,18,Rajshahi,Pabna,Chatmohar,Chatmohur,Chatmohur,Pb,ug/L,0.17
S98_01826,PAB-37,1998/07/19,24.006,89.235,HTW,30,Rajshahi,Pabna,Pabna Sadar,Pabna,Pabna,Pb,ug/L,0.17
S98_01827,SUJA-38,1998/07/19,23.94,89.408,HTW,18,Rajshahi,Pabna,Sujanagar,Sujanager,Sujanager,Pb,ug/L,0.19
S98_01828,NAGIR-39,1998/07/28,23.951,89.65,HTW,20,Rajshahi,Pabna,Bera,Nagierbari,Nagierbari,Pb,ug/L,0.71
S98_01829,JA-40,1998/07/19,25.156,89.751,HTW,27,Dhaka,Jamalpur,Dewanganj,Chukaibari,Batheshasaria,Pb,ug/L,0.38
S98_01830,PRAG-40,1998/07/19,24.005,88.765,TARA,113,Khulna,Kushtia,Daulatpur (Ku),Pragpur,Pragpur,Pb,ug/L,0.21
S98_01831,HYM-41,1998/07/18,25.117,90.335,,27,Dhaka,Mymensingh,Haluaghat, Haluagher,Haluaghatthana Compn,Pb,ug/L,0.48
S98_01832,VHAR-41,1998/07/19,24.019,88.992,HTW,,Khulna,Kushtia,Bheramara,Vharamara,Vharamara,Pb,ug/L,0.18
S98_01833,KUST-42,1998/07/19,23.909,89.128,HTW,49,Khulna,Kushtia,Kushtia Sadar,Kushtia,Kushtia,Pb,ug/L,0.19
S98_01834,SHER-42/A,1998/07/18,25.018,90.012,HTW,36,Rajshahi,Bogra,Sherpur,Sherpur,,Pb,ug/L,0.47
S98_01835,MEHER-43,1998/07/19,23.761,88.632,HTW,27,Khulna,Meherpur,Meherpur Sadar,Meherpur,Meherpur,Pb,ug/L,0.14
S98_01836,JAM-43,1998/07/20,24.758,89.835,HTW,20,Dhaka,Jamalpur,Sarishabari,Sharishabari,Sharishabari,Pb,ug/L,0.59
S98_01837,DAR-44,1998/07/19,23.529,88.81,HTW,18,Khulna,Chuadanga,Chuadanga Sadar,Darsana,Darsana,Pb,ug/L,1.18
S98_01838,MYM-44,1998/07/17,24.748,90.406,DTW,107,Dhaka,Mymensingh,Mymensingh Sadar,Sadar,Bagmera,Pb,ug/L,0.25
S98_01839,JHIN-45,1998/07/18,23.547,89.165,,122,Khulna,Jhenaidah,Jhenaidah Sadar,Jhinaidha,Jhinaidha,Pb,ug/L,0.7
S98_01840,NET-45,1998/07/17,24.866,90.722,HTW,65,Dhaka,Netrokona,Netrokona Sadar,Sadar,Netrokona,Pb,ug/L,0.29
S98_01841,MAGU-46,1998/07/15,23.488,89.429,HTW,21,Khulna,Magura,Magura Sadar,Magura,Magura,Pb,ug/L,0.25
S98_01842,KISH-46,1998/07/18,24.444,90.773,DTW,118,Dhaka,Kishoreganj,Kishoreganj Sadar,Goital,Kishorgorj,Pb,ug/L,0.55
S98_01843,JES-47,1998/07/18,23.167,89.219,DTW,133,Khulna,Jessore,Jessore Sadar,Jessore,Jessore,Pb,ug/L,0.21
S98_01844,MYM-47,1998/07/17,24.454,90.54,HTW,,Dhaka,Mymensingh,Gafargaon,Saltia,Sulhasia,Pb,ug/L,0.39
S98_01845,NAR-48,1998/07/18,23.173,89.513,HTW,24,Khulna,Narail,Narail Sadar,Narail,Narail,Pb,ug/L,0.34
S98_01846,KISH-48,1998/07/18,24.047,90.973,HTW,20,Dhaka,Kishoreganj,Bhairab,Bhairab,Bhairab Rly St,Pb,ug/L,0.5
S98_01847,GODKHA-49,1998/07/15,23.059,89.077,HTW,24,Khulna,Jessore,Jhikargachha,Godkhali,Godkhali,Pb,ug/L,0.24
S98_01848,TA-49,1998/07/20,24.605,90.024,HTW,34,Dhaka,Tangail,Madhupur,Madhupur,Madhupur,Pb,ug/L,1
S98_01849,KHUL-50,1998/07/15,22.812,89.561,DTW,274,Khulna,Khulna,Khulna Sadar,Khulna,Khulna,Pb,ug/L,0.18
S98_01850,TA-50,1998/07/20,24.24,89.909,HTW,27,Dhaka,Tangail,Tangail Sadar,Sadar,Bepari Para,Pb,ug/L,0.52
S98_01851,SATKHR-51,1998/07/17,22.718,89.07,DTW,183,Khulna,Satkhira,Satkhira Sadar,Satkhira,Satkhira,Pb,ug/L,0.09
S98_01852,TA-51,1998/07/20,24.108,90.076,HTW,27,Dhaka,Tangail,Mirzapur,Baithgram,Gurail,Pb,ug/L,0.48
S98_01853,CHAL-52,1998/07/18,22.586,89.504,HTW,18,Khulna,Bagerhat,Bagerhat Sadar,Chalna,Chalna,Pb,ug/L,0.19
S98_01854,GA-52,1998/07/17,24.197,90.474,HTW,29,Dhaka,Gazipur,Sripur,Sreepur,Sreepur,Pb,ug/L,1.44
S98_01855,BAGIER-53,1998/07/15,22.663,89.763,,38,Khulna,Bagerhat,Bagerhat Sadar,Bagierhat,Bagierhat,Pb,ug/L,0.34
S98_01856,NAR-53,1998/07/18,23.926,90.718,HTW,,Dhaka,Narsingdi,Narsingdi Sadar,Narshingdi,Norshindi Dak Hangloo,Pb,ug/L,0.35
S98_01857,KHALIS-54,1998/07/18,22.548,89.538,DTW,274,Khulna,Khulna,Khulna Sadar,Khalishpur,Khalishpur,Pb,ug/L,2
S98_01858,DA-54,1998/07/16,23.734,90.418,DTW,137,Dhaka,Dhaka,Motijheel,Motijheel,Pwd Colony,Pb,ug/L,0.88
S98_01859,RJB-69,1998/07/22,23.765,89.476,HTW,22,Dhaka,Rajbari,Pangsha,,Kalukhau,Pb,ug/L,0.42
S98_01860,RJB-70,1998/07/22,23.754,89.645,DTW,127,Dhaka,Rajbari,Rajbari Sadar,,Municipality,Pb,ug/L,0.41
S98_01861,FAR-71,1998/07/23,23.599,89.835,DTW,84,Dhaka,Faridpur,Faridpur Sadar,,Municipal,Pb,ug/L,0.32
S98_01862,GOP-72,1998/07/23,23.21,89.693,HTW,20,Dhaka,Gopalganj,Kashiani,,Bhatiapara,Pb,ug/L,0.39
S98_01863,GOP-73,1998/07/23,23.005,89.823,HTW,20,Dhaka,Gopalganj,Gopalganj Sadar,Municipality,Gopalganj,Pb,ug/L,0.43
S98_01864,MAD-74,1998/07/23,23.167,90.195,DTW,238,Dhaka,Madaripur,Madaripur Sadar,Municipality,Madaripur,Pb,ug/L,0.7
S98_01865,BAR-75,1998/07/25,22.7,90.369,DTW,610,Barisal,Barisal,Barisal Sadar,,Barisal,Pb,ug/L,0.69
S98_01866,PAT-77,1998/07/25,22.355,90.345,DTW,274,Barisal,Patuakhali,Patuakhali Sadar,Municipality,Patuakhali,Pb,ug/L,0.79
S98_01867,DA-101,1998/07/21,23.51,90.217,HTW,26,Dhaka,Munshiganj,Munshiganj Sadar,Bhaishakul,Bhaishakul T Inst,Pb,ug/L,0.54
S98_01868,DA-102,1998/07/16,23.769,90.364,DTW,53,Dhaka,Dhaka,Mohammadpur (D),Mohammedpur,Mohammedpur,Pb,ug/L,0.53
S98_04510,GOHI-44,1998/07/29,22.1467,91.8231,Piez,265,Chittagong,Chittagong,Anowara,Gohira,UC Office,Pb,ug/L,1.81
S98_04511,RUST-45,1998/07/29,22.1924,91.8562,HTW,146,Chittagong,Chittagong,Anowara,Battali,Battali,Pb,ug/L,0.65
S98_04512,GOHI-46,1998/07/29,22.1467,91.8231,Piez,68,Chittagong,Chittagong,Anowara,Gohira,UC Office,Pb,ug/L,0.41
S98_04513,COM-84,1998/07/28,23.4453,91.1722,HTW,32,Chittagong,Comilla,Comilla Sadar,Shaktala,Shaktala,Pb,ug/L,0.31
S98_04514,DAUD-85,1998/07/28,23.536,90.7104,HTW,32,Chittagong,Comilla,Daudkandi,Daudkandi,Daudkandi Bazar,Pb,ug/L,0.32
S98_04515,LAKS-86,1998/07/28,23.2499,91.115,HTW,23,Chittagong,Comilla,Laksam,Nabaratpur,Nabaratpur,Pb,ug/L,0.38
S98_04516,HAJ-87,1998/07/31,23.2484,90.8696,DTW,107,Chittagong,Chandpur,Hajiganj,Aligonj,Aligonj H complex,Pb,ug/L,2.2
S98_04517,CHAN-88,1998/07/31,23.2342,90.6673,HTW,168,Chittagong,Chandpur,Chandpur Sadar,Shologhar,Shologhar,Pb,ug/L,2.19
S98_04518,NOA-89,1998/07/28,22.8334,91.0955,HTW,11,Chittagong,Noakhali,Noakhali Sadar,Sonapur,Sonapur,Pb,ug/L,1.2
S98_04519,FENI-90,1998/07/28,23.0053,91.3866,HTW,13,Chittagong,Feni,Feni Sadar,Pachgadria,Feni Rest House,Pb,ug/L,0.46
S98_04520,MIR-91,1998/07/28,22.7761,91.5656,HTW,25,Chittagong,Chittagong,Mirsharai,PS,Miraswarai,Pb,ug/L,8.17
S98_04521,CTG-92,1998/07/29,22.4735,91.7891,DTW,110,Chittagong,Chittagong,Hathazari,Hathajani,University,Pb,ug/L,3.07
S98_04522,CTG-93,1998/07/29,22.3704,91.8442,DTW,146,Chittagong,Chittagong,Chandgaon,Chandgown,Chandgown,Pb,ug/L,1.93
S98_04523,ANWA-94,1998/07/29,22.2234,91.898,HTW,43,Chittagong,Chittagong,Anowara,Anwara,Thana Parishad Office,Pb,ug/L,0.39
S98_04524,SAT-95,1998/07/29,22.0721,92.0479,HTW,31,Chittagong,Chittagong,Satkania,Satkania,Satkania,Pb,ug/L,0.41
S98_04525,COX-99,1998/07/30,21.4349,91.9656,HTW,10,Chittagong,Cox's Bazar,Cox's Bazar Sadar,,BWDB rest house,Pb,ug/L,0.64
S98_04526,UKHI-100,1998/07/30,21.2432,92.1325,DTW,52,Chittagong,Cox's Bazar,Ukhia,Ukhia,Ukhia Bazar,Pb,ug/L,0.44
S99_00796,SAN-43(CS),1999/04/06,22.4815,91.4285,Piez,56.96,Chittagong,Chittagong,Sandwip,Rahamatpur,Rahamatpur,Pb,ug/L,
S99_00797,SAN-42(CMD),1999/04/06,22.4815,91.4285,Piez,160.92,Chittagong,Chittagong,Sandwip,Rahamatpur,Rahamatpur,Pb,ug/L,
S99_00798,SAN-41(CD),1999/04/06,22.4815,91.4285,Piez,261.94,Chittagong,Chittagong,Sandwip,Rahamatpur,Rahamatpur,Pb,ug/L,
S99_00799,MOH-98,1999/05/28,21.517,91.9584,Piez,7.32,Chittagong,Cox's Bazar,Maheshkhali,Gorukghata,Gorukghata,Pb,ug/L,
S99_00800,KUT-97,1999/05/30,21.8128,91.8449,Piez,542.68,Chittagong,Cox's Bazar,Kutubdia,Baraghope,Baraghope,Pb,ug/L,
S99_00801,SAND-9,1999/03/06,22.4817,91.4332,Piez,329.26,Chittagong,Chittagong,Sandwip,BWDB Guest house,BWDB Guest house,Pb,ug/L,
S99_00802,AKHA-82,1999/05/24,23.8659,91.201,HTW,18.3,Chittagong,Brahamanbaria,Akhaura,Railway station,Railway station,Pb,ug/L,
S99_00803,MUR-83,1999/05/24,23.7627,90.9899,HTW,26.22,Chittagong,Comilla,Muradnagar,Kasimpur,Kasimpur,Pb,ug/L,
S99_00804,CHU-81,1999/05/25,24.1945,91.5138,HTW,30.5,Sylhet,Habiganj,Chunarughat,Chunarughat Bazar,Chunarughat Bazar,Pb,ug/L,
S99_00805,HABI-80,1999/05/25,24.3776,91.4083,HTW,36.59,Sylhet,Habiganj,Habiganj Sadar,Rajanagar,Rajanagar,Pb,ug/L,
S99_00806,MVI-79,1999/05/25,24.4696,91.7603,HTW,30.5,Sylhet,Maulvibazar,Maulvi Bazar Sadar,Sultanpur,Sultanpur,Pb,ug/L,
S99_00807,SYL-78,1998/05/25,24.8795,91.8605,HTW,30.5,Sylhet,Sylhet,Sylhet Sadar,Railway station,Railway station,Pb,ug/L,
S98_01785,SAT-1,1998/07/23,26.479,88.514,HTW,9,Rajshahi,Panchagarh,Tetulia,Satmara,Satmara,Pr,ug/L,< 0.005
S98_01786,130DA-2,,25.7,88.5,HTW,15,Rajshahi,Panchagarh,Boda,Boda,Boda,Pr,ug/L,< 0.005
S98_01787,TA-2/B,1998/07/20,24.088,90.17,HTW,37,Dhaka,Tangail,Mirzapur,Gurai,Gurai,Pr,ug/L,0.006
S98_01788,BALI-3,1998/07/23,26.083,88.279,HTW,18,Rajshahi,Thakurgaon,Baliadangi,Baliadanga,Baliadanga,Pr,ug/L,< 0.005
S98_01789,SALN-4,1998/07/23,26.054,88.533,HTW,37,Rajshahi,Thakurgaon,Thakurgaon Sadar,Salander,Salander,Pr,ug/L,< 0.005
S98_01790,JA-4/B,1998/07/19,24.91,89.946,HTW,26,Dhaka,Jamalpur,Jamalpur Sadar,Jamalpur,Fulbaria,Pr,ug/L,< 0.005
S98_01791,KABIR-5,1998/07/24,25.903,88.6,HTW,30,Rajshahi,Dinajpur,Birganj,Birgong,Kbirashat,Pr,ug/L,< 0.005
S98_01792,RANI-6,1998/07/23,25.901,88.254,HTW,30,Rajshahi,Thakurgaon,Ranisankail,Ranisanwail,Ranisanwail,Pr,ug/L,< 0.005
S98_01793,SIBRM-7,1998/07/24,25.665,88.652,HTW,18,Rajshahi,Dinajpur,Dinajpur Sadar,Sibrampur,Sibrampur,Pr,ug/L,< 0.005
S98_01794,PARBT-8,1998/07/24,25.653,88.915,HTW,20,Rajshahi,Dinajpur,Parbatipur,Parbatipur,Parbatipur,Pr,ug/L,< 0.005
S98_01795,HAKM-9,1998/07/22,25.288,89.021,HTW,21,Rajshahi,Dinajpur,Hakimpur,Hakimpur,Hakimpur,Pr,ug/L,< 0.005
S98_01796,CHIL-10,1998/07/25,26.1,88.8,HTW,24,Rajshahi,Nilphamari,Domar,Chilahati,Chilahati,Pr,ug/L,< 0.005
S98_01797,NIL-11,1998/07/24,25.9,88.8,HTW,18,Rajshahi,Nilphamari,Nilphamari Sadar,Nilphamari,Nilphamari,Pr,ug/L,< 0.005
S98_01798,BRUT-12,1998/07/25,26.203,89.11,HTW,,Rajshahi,Lalmonirhat,Hatibandha,Barakhta,Barakhta,Pr,ug/L,< 0.005
S98_01799,JAL-13,1998/07/25,25.931,88.838,HTW,27,Rajshahi,Nilphamari,Jaldhaka,Jaldhaka,Jaldhaka,Pr,ug/L,< 0.005
S98_01800,RANG-14,1998/07/26,25.752,89.253,HTW,18,Rajshahi,Rangpur,Rangpur Sadar,Rangipur,Rangipur,Pr,ug/L,< 0.005
S98_01801,LALM-15,1998/07/25,25.913,89.436,HTW,14,Rajshahi,Lalmonirhat,Lalmonirhat Sadar,Lalmonihat,Lalmonihat,Pr,ug/L,0.005
S98_01802,NAGUR-16,1998/07/26,25.965,89.671,HTW,18,Rajshahi,Kurigram,Nageshwari,Nagieshwari,Nagieshwari,Pr,ug/L,0.011
S98_01803,ULI-17,1998/07/26,25.653,89.623,HTW,18,Rajshahi,Kurigram,Ulipur,Ulipur,Ulipur,Pr,ug/L,< 0.005
S98_01804,BAMAN,1998/07/26,25.532,89.446,,18,Rajshahi,Gaibandha,Sundarganj,Bamandaga,Bamandaga,Pr,ug/L,< 0.005
S98_01805,BOA-19,1998/07/27,25.318,89.55,HTW,18,Rajshahi,Gaibandha,Gaibandha Sadar,Boalia,Boalia,Pr,ug/L,< 0.005
S98_01806,GABIN-20,1998/07/27,25.134,89.387,,12,Rajshahi,Gaibandha,Gobindaganj,Gabindagons,Gabindagons,Pr,ug/L,< 0.005
S98_01807,MADR-21,1998/07/22,25.109,89.036,HTW,15,Rajshahi,Jaipurhat,Jaipurhat Sadar,Madergonj,Madergonj,Pr,ug/L,< 0.005
S98_01808,SANTA-22,1998/07/22,24.804,88.969,HTW,18,Rajshahi,Bogra,Adamdighi,Santahar,Santahar,Pr,ug/L,< 0.005
S98_01809,GIOKU-23,1998/07/27,24.933,89.348,HTW,18,Rajshahi,Bogra,Bogra Sadar,Giokul,Giokul,Pr,ug/L,< 0.005
S98_01810,PATNI-29,1998/07/22,25.05,88.75,HTW,15,Rajshahi,Naogaon,Patnitala,Patnitala,Patnitala,Pr,ug/L,< 0.005
S98_01811,MAND-25,1998/07/22,24.793,88.701,HTW,30,Rajshahi,Naogaon,Manda,Manda,Manda,Pr,ug/L,< 0.005
S98_01812,PIR-25,1998/07/27,22.365,89.933,,,Barisal,Pirojpur,Mathbaria,,Burirchar,Pr,ug/L,0.008
S98_01813,RAHAN-26,1998/07/21,24.8,88.2,HTW,30,Rajshahi,Nawabganj,Gomastapur,Rahandur,Rahandur,Pr,ug/L,< 0.005
S98_01814,PIR-26,1998/07/27,22.365,89.933,HTW,37,Barisal,Pirojpur,Mathbaria,,Burirchar,Pr,ug/L,0.017
S98_01815,SHIB-27,1998/07/21,24.684,88.157,Piez,61,Rajshahi,Nawabganj,Shibganj (N),Shibgong,Shibgong,Pr,ug/L,< 0.005
S98_01816,PIR-27,1998/07/27,22.365,89.933,HTW,27,Barisal,Pirojpur,Mathbaria,,Burirchar,Pr,ug/L,0.053
S98_01817,GIODA-28,1998/07/21,24.461,88.328,HTW,30,Rajshahi,Rajshahi,Godagari,Giodagari,Giodagari,Pr,ug/L,< 0.005
S98_01818,SAPU-29,1998/07/21,24.374,88.558,HTW,37,Rajshahi,Rajshahi,Rajpara,Sapura,Sapura,Pr,ug/L,< 0.005
S98_01819,CHAR-30,1998/07/20,24.304,88.738,HTW,18,Rajshahi,Rajshahi,Charghat,Charghat,Charghat,Pr,ug/L,< 0.005
S98_01820,NAT-31,1998/07/20,24.414,89.988,HTW,27,Rajshahi,Natore,Natore Sadar,Natore,Natore,Pr,ug/L,< 0.005
S98_01821,SING-32,1998/07/20,24.506,89.143,TARA,18,Rajshahi,Natore,Singra,Singra,Singra,Pr,ug/L,< 0.005
S98_01822,LAL-33,1998/07/20,24.179,88.966,HTW,27,Rajshahi,Natore,Lalpur,Lalpur,Lalpur,Pr,ug/L,< 0.005
S98_01823,ROYG-34,1998/07/27,24.507,89.526,HTW,15,Rajshahi,Sirajganj,Raiganj,Roygong,Roygong,Pr,ug/L,< 0.005
S98_01824,SIRA-35,1998/07/28,24.463,89.708,HTW,18,Rajshahi,Sirajganj,Sirajganj Sadar,Sirjgong,Sirjgong,Pr,ug/L,< 0.005
S98_01825,CHAT-36,1998/07/20,24.15,89.261,HTW,18,Rajshahi,Pabna,Chatmohar,Chatmohur,Chatmohur,Pr,ug/L,< 0.005
S98_01826,PAB-37,1998/07/19,24.006,89.235,HTW,30,Rajshahi,Pabna,Pabna Sadar,Pabna,Pabna,Pr,ug/L,< 0.005
S98_01827,SUJA-38,1998/07/19,23.94,89.408,HTW,18,Rajshahi,Pabna,Sujanagar,Sujanager,Sujanager,Pr,ug/L,< 0.005
S98_01828,NAGIR-39,1998/07/28,23.951,89.65,HTW,20,Rajshahi,Pabna,Bera,Nagierbari,Nagierbari,Pr,ug/L,< 0.005
S98_01829,JA-40,1998/07/19,25.156,89.751,HTW,27,Dhaka,Jamalpur,Dewanganj,Chukaibari,Batheshasaria,Pr,ug/L,< 0.005
S98_01830,PRAG-40,1998/07/19,24.005,88.765,TARA,113,Khulna,Kushtia,Daulatpur (Ku),Pragpur,Pragpur,Pr,ug/L,< 0.005
S98_01831,HYM-41,1998/07/18,25.117,90.335,,27,Dhaka,Mymensingh,Haluaghat, Haluagher,Haluaghatthana Compn,Pr,ug/L,< 0.005
S98_01832,VHAR-41,1998/07/19,24.019,88.992,HTW,,Khulna,Kushtia,Bheramara,Vharamara,Vharamara,Pr,ug/L,< 0.005
S98_01833,KUST-42,1998/07/19,23.909,89.128,HTW,49,Khulna,Kushtia,Kushtia Sadar,Kushtia,Kushtia,Pr,ug/L,< 0.005
S98_01834,SHER-42/A,1998/07/18,25.018,90.012,HTW,36,Rajshahi,Bogra,Sherpur,Sherpur,,Pr,ug/L,< 0.005
S98_01835,MEHER-43,1998/07/19,23.761,88.632,HTW,27,Khulna,Meherpur,Meherpur Sadar,Meherpur,Meherpur,Pr,ug/L,< 0.005
S98_01836,JAM-43,1998/07/20,24.758,89.835,HTW,20,Dhaka,Jamalpur,Sarishabari,Sharishabari,Sharishabari,Pr,ug/L,< 0.005
S98_01837,DAR-44,1998/07/19,23.529,88.81,HTW,18,Khulna,Chuadanga,Chuadanga Sadar,Darsana,Darsana,Pr,ug/L,< 0.005
S98_01838,MYM-44,1998/07/17,24.748,90.406,DTW,107,Dhaka,Mymensingh,Mymensingh Sadar,Sadar,Bagmera,Pr,ug/L,< 0.005
S98_01839,JHIN-45,1998/07/18,23.547,89.165,,122,Khulna,Jhenaidah,Jhenaidah Sadar,Jhinaidha,Jhinaidha,Pr,ug/L,< 0.005
S98_01840,NET-45,1998/07/17,24.866,90.722,HTW,65,Dhaka,Netrokona,Netrokona Sadar,Sadar,Netrokona,Pr,ug/L,< 0.005
S98_01841,MAGU-46,1998/07/15,23.488,89.429,HTW,21,Khulna,Magura,Magura Sadar,Magura,Magura,Pr,ug/L,< 0.005
S98_01842,KISH-46,1998/07/18,24.444,90.773,DTW,118,Dhaka,Kishoreganj,Kishoreganj Sadar,Goital,Kishorgorj,Pr,ug/L,< 0.005
S98_01843,JES-47,1998/07/18,23.167,89.219,DTW,133,Khulna,Jessore,Jessore Sadar,Jessore,Jessore,Pr,ug/L,< 0.005
S98_01844,MYM-47,1998/07/17,24.454,90.54,HTW,,Dhaka,Mymensingh,Gafargaon,Saltia,Sulhasia,Pr,ug/L,< 0.005
S98_01845,NAR-48,1998/07/18,23.173,89.513,HTW,24,Khulna,Narail,Narail Sadar,Narail,Narail,Pr,ug/L,< 0.005
S98_01846,KISH-48,1998/07/18,24.047,90.973,HTW,20,Dhaka,Kishoreganj,Bhairab,Bhairab,Bhairab Rly St,Pr,ug/L,< 0.005
S98_01847,GODKHA-49,1998/07/15,23.059,89.077,HTW,24,Khulna,Jessore,Jhikargachha,Godkhali,Godkhali,Pr,ug/L,< 0.005
S98_01848,TA-49,1998/07/20,24.605,90.024,HTW,34,Dhaka,Tangail,Madhupur,Madhupur,Madhupur,Pr,ug/L,< 0.005
S98_01849,KHUL-50,1998/07/15,22.812,89.561,DTW,274,Khulna,Khulna,Khulna Sadar,Khulna,Khulna,Pr,ug/L,< 0.005
S98_01850,TA-50,1998/07/20,24.24,89.909,HTW,27,Dhaka,Tangail,Tangail Sadar,Sadar,Bepari Para,Pr,ug/L,< 0.005
S98_01851,SATKHR-51,1998/07/17,22.718,89.07,DTW,183,Khulna,Satkhira,Satkhira Sadar,Satkhira,Satkhira,Pr,ug/L,< 0.005
S98_01852,TA-51,1998/07/20,24.108,90.076,HTW,27,Dhaka,Tangail,Mirzapur,Baithgram,Gurail,Pr,ug/L,< 0.005
S98_01853,CHAL-52,1998/07/18,22.586,89.504,HTW,18,Khulna,Bagerhat,Bagerhat Sadar,Chalna,Chalna,Pr,ug/L,< 0.005
S98_01854,GA-52,1998/07/17,24.197,90.474,HTW,29,Dhaka,Gazipur,Sripur,Sreepur,Sreepur,Pr,ug/L,0.016
S98_01855,BAGIER-53,1998/07/15,22.663,89.763,,38,Khulna,Bagerhat,Bagerhat Sadar,Bagierhat,Bagierhat,Pr,ug/L,< 0.005
S98_01856,NAR-53,1998/07/18,23.926,90.718,HTW,,Dhaka,Narsingdi,Narsingdi Sadar,Narshingdi,Norshindi Dak Hangloo,Pr,ug/L,< 0.005
S98_01857,KHALIS-54,1998/07/18,22.548,89.538,DTW,274,Khulna,Khulna,Khulna Sadar,Khalishpur,Khalishpur,Pr,ug/L,< 0.005
S98_01858,DA-54,1998/07/16,23.734,90.418,DTW,137,Dhaka,Dhaka,Motijheel,Motijheel,Pwd Colony,Pr,ug/L,< 0.005
S98_01859,RJB-69,1998/07/22,23.765,89.476,HTW,22,Dhaka,Rajbari,Pangsha,,Kalukhau,Pr,ug/L,< 0.005
S98_01860,RJB-70,1998/07/22,23.754,89.645,DTW,127,Dhaka,Rajbari,Rajbari Sadar,,Municipality,Pr,ug/L,< 0.005
S98_01861,FAR-71,1998/07/23,23.599,89.835,DTW,84,Dhaka,Faridpur,Faridpur Sadar,,Municipal,Pr,ug/L,< 0.005
S98_01862,GOP-72,1998/07/23,23.21,89.693,HTW,20,Dhaka,Gopalganj,Kashiani,,Bhatiapara,Pr,ug/L,< 0.005
S98_01863,GOP-73,1998/07/23,23.005,89.823,HTW,20,Dhaka,Gopalganj,Gopalganj Sadar,Municipality,Gopalganj,Pr,ug/L,< 0.005
S98_01864,MAD-74,1998/07/23,23.167,90.195,DTW,238,Dhaka,Madaripur,Madaripur Sadar,Municipality,Madaripur,Pr,ug/L,< 0.005
S98_01865,BAR-75,1998/07/25,22.7,90.369,DTW,610,Barisal,Barisal,Barisal Sadar,,Barisal,Pr,ug/L,< 0.005
S98_01866,PAT-77,1998/07/25,22.355,90.345,DTW,274,Barisal,Patuakhali,Patuakhali Sadar,Municipality,Patuakhali,Pr,ug/L,0.018
S98_01867,DA-101,1998/07/21,23.51,90.217,HTW,26,Dhaka,Munshiganj,Munshiganj Sadar,Bhaishakul,Bhaishakul T Inst,Pr,ug/L,< 0.005
S98_01868,DA-102,1998/07/16,23.769,90.364,DTW,53,Dhaka,Dhaka,Mohammadpur (D),Mohammedpur,Mohammedpur,Pr,ug/L,< 0.005
S98_04510,GOHI-44,1998/07/29,22.1467,91.8231,Piez,265,Chittagong,Chittagong,Anowara,Gohira,UC Office,Pr,ug/L,0.007
S98_04511,RUST-45,1998/07/29,22.1924,91.8562,HTW,146,Chittagong,Chittagong,Anowara,Battali,Battali,Pr,ug/L,< 0.005
S98_04512,GOHI-46,1998/07/29,22.1467,91.8231,Piez,68,Chittagong,Chittagong,Anowara,Gohira,UC Office,Pr,ug/L,< 0.005
S98_04513,COM-84,1998/07/28,23.4453,91.1722,HTW,32,Chittagong,Comilla,Comilla Sadar,Shaktala,Shaktala,Pr,ug/L,0.005
S98_04514,DAUD-85,1998/07/28,23.536,90.7104,HTW,32,Chittagong,Comilla,Daudkandi,Daudkandi,Daudkandi Bazar,Pr,ug/L,< 0.005
S98_04515,LAKS-86,1998/07/28,23.2499,91.115,HTW,23,Chittagong,Comilla,Laksam,Nabaratpur,Nabaratpur,Pr,ug/L,< 0.005
S98_04516,HAJ-87,1998/07/31,23.2484,90.8696,DTW,107,Chittagong,Chandpur,Hajiganj,Aligonj,Aligonj H complex,Pr,ug/L,0.006
S98_04517,CHAN-88,1998/07/31,23.2342,90.6673,HTW,168,Chittagong,Chandpur,Chandpur Sadar,Shologhar,Shologhar,Pr,ug/L,< 0.005
S98_04518,NOA-89,1998/07/28,22.8334,91.0955,HTW,11,Chittagong,Noakhali,Noakhali Sadar,Sonapur,Sonapur,Pr,ug/L,0.006
S98_04519,FENI-90,1998/07/28,23.0053,91.3866,HTW,13,Chittagong,Feni,Feni Sadar,Pachgadria,Feni Rest House,Pr,ug/L,< 0.005
S98_04520,MIR-91,1998/07/28,22.7761,91.5656,HTW,25,Chittagong,Chittagong,Mirsharai,PS,Miraswarai,Pr,ug/L,0.008
S98_04521,CTG-92,1998/07/29,22.4735,91.7891,DTW,110,Chittagong,Chittagong,Hathazari,Hathajani,University,Pr,ug/L,0.005
S98_04522,CTG-93,1998/07/29,22.3704,91.8442,DTW,146,Chittagong,Chittagong,Chandgaon,Chandgown,Chandgown,Pr,ug/L,0.008
S98_04523,ANWA-94,1998/07/29,22.2234,91.898,HTW,43,Chittagong,Chittagong,Anowara,Anwara,Thana Parishad Office,Pr,ug/L,< 0.005
S98_04524,SAT-95,1998/07/29,22.0721,92.0479,HTW,31,Chittagong,Chittagong,Satkania,Satkania,Satkania,Pr,ug/L,0.006
S98_04525,COX-99,1998/07/30,21.4349,91.9656,HTW,10,Chittagong,Cox's Bazar,Cox's Bazar Sadar,,BWDB rest house,Pr,ug/L,< 0.005
S98_04526,UKHI-100,1998/07/30,21.2432,92.1325,DTW,52,Chittagong,Cox's Bazar,Ukhia,Ukhia,Ukhia Bazar,Pr,ug/L,0.01
S99_00796,SAN-43(CS),1999/04/06,22.4815,91.4285,Piez,56.96,Chittagong,Chittagong,Sandwip,Rahamatpur,Rahamatpur,Pr,ug/L,
S99_00797,SAN-42(CMD),1999/04/06,22.4815,91.4285,Piez,160.92,Chittagong,Chittagong,Sandwip,Rahamatpur,Rahamatpur,Pr,ug/L,
S99_00798,SAN-41(CD),1999/04/06,22.4815,91.4285,Piez,261.94,Chittagong,Chittagong,Sandwip,Rahamatpur,Rahamatpur,Pr,ug/L,
S99_00799,MOH-98,1999/05/28,21.517,91.9584,Piez,7.32,Chittagong,Cox's Bazar,Maheshkhali,Gorukghata,Gorukghata,Pr,ug/L,
S99_00800,KUT-97,1999/05/30,21.8128,91.8449,Piez,542.68,Chittagong,Cox's Bazar,Kutubdia,Baraghope,Baraghope,Pr,ug/L,
S99_00801,SAND-9,1999/03/06,22.4817,91.4332,Piez,329.26,Chittagong,Chittagong,Sandwip,BWDB Guest house,BWDB Guest house,Pr,ug/L,
S99_00802,AKHA-82,1999/05/24,23.8659,91.201,HTW,18.3,Chittagong,Brahamanbaria,Akhaura,Railway station,Railway station,Pr,ug/L,
S99_00803,MUR-83,1999/05/24,23.7627,90.9899,HTW,26.22,Chittagong,Comilla,Muradnagar,Kasimpur,Kasimpur,Pr,ug/L,
S99_00804,CHU-81,1999/05/25,24.1945,91.5138,HTW,30.5,Sylhet,Habiganj,Chunarughat,Chunarughat Bazar,Chunarughat Bazar,Pr,ug/L,
S99_00805,HABI-80,1999/05/25,24.3776,91.4083,HTW,36.59,Sylhet,Habiganj,Habiganj Sadar,Rajanagar,Rajanagar,Pr,ug/L,
S99_00806,MVI-79,1999/05/25,24.4696,91.7603,HTW,30.5,Sylhet,Maulvibazar,Maulvi Bazar Sadar,Sultanpur,Sultanpur,Pr,ug/L,
S99_00807,SYL-78,1998/05/25,24.8795,91.8605,HTW,30.5,Sylhet,Sylhet,Sylhet Sadar,Railway station,Railway station,Pr,ug/L,
S98_01785,SAT-1,1998/07/23,26.479,88.514,HTW,9,Rajshahi,Panchagarh,Tetulia,Satmara,Satmara,Rb,ug/L,32
S98_01786,130DA-2,,25.7,88.5,HTW,15,Rajshahi,Panchagarh,Boda,Boda,Boda,Rb,ug/L,5.7
S98_01787,TA-2/B,1998/07/20,24.088,90.17,HTW,37,Dhaka,Tangail,Mirzapur,Gurai,Gurai,Rb,ug/L,0.7
S98_01788,BALI-3,1998/07/23,26.083,88.279,HTW,18,Rajshahi,Thakurgaon,Baliadangi,Baliadanga,Baliadanga,Rb,ug/L,1
S98_01789,SALN-4,1998/07/23,26.054,88.533,HTW,37,Rajshahi,Thakurgaon,Thakurgaon Sadar,Salander,Salander,Rb,ug/L,1.7
S98_01790,JA-4/B,1998/07/19,24.91,89.946,HTW,26,Dhaka,Jamalpur,Jamalpur Sadar,Jamalpur,Fulbaria,Rb,ug/L,0.3
S98_01791,KABIR-5,1998/07/24,25.903,88.6,HTW,30,Rajshahi,Dinajpur,Birganj,Birgong,Kbirashat,Rb,ug/L,0.3
S98_01792,RANI-6,1998/07/23,25.901,88.254,HTW,30,Rajshahi,Thakurgaon,Ranisankail,Ranisanwail,Ranisanwail,Rb,ug/L,0.3
S98_01793,SIBRM-7,1998/07/24,25.665,88.652,HTW,18,Rajshahi,Dinajpur,Dinajpur Sadar,Sibrampur,Sibrampur,Rb,ug/L,0.9
S98_01794,PARBT-8,1998/07/24,25.653,88.915,HTW,20,Rajshahi,Dinajpur,Parbatipur,Parbatipur,Parbatipur,Rb,ug/L,8.2
S98_01795,HAKM-9,1998/07/22,25.288,89.021,HTW,21,Rajshahi,Dinajpur,Hakimpur,Hakimpur,Hakimpur,Rb,ug/L,0.2
S98_01796,CHIL-10,1998/07/25,26.1,88.8,HTW,24,Rajshahi,Nilphamari,Domar,Chilahati,Chilahati,Rb,ug/L,0.2
S98_01797,NIL-11,1998/07/24,25.9,88.8,HTW,18,Rajshahi,Nilphamari,Nilphamari Sadar,Nilphamari,Nilphamari,Rb,ug/L,2.7
S98_01798,BRUT-12,1998/07/25,26.203,89.11,HTW,,Rajshahi,Lalmonirhat,Hatibandha,Barakhta,Barakhta,Rb,ug/L,38.2
S98_01799,JAL-13,1998/07/25,25.931,88.838,HTW,27,Rajshahi,Nilphamari,Jaldhaka,Jaldhaka,Jaldhaka,Rb,ug/L,3.5
S98_01800,RANG-14,1998/07/26,25.752,89.253,HTW,18,Rajshahi,Rangpur,Rangpur Sadar,Rangipur,Rangipur,Rb,ug/L,5.4
S98_01801,LALM-15,1998/07/25,25.913,89.436,HTW,14,Rajshahi,Lalmonirhat,Lalmonirhat Sadar,Lalmonihat,Lalmonihat,Rb,ug/L,14.3
S98_01802,NAGUR-16,1998/07/26,25.965,89.671,HTW,18,Rajshahi,Kurigram,Nageshwari,Nagieshwari,Nagieshwari,Rb,ug/L,0.2
S98_01803,ULI-17,1998/07/26,25.653,89.623,HTW,18,Rajshahi,Kurigram,Ulipur,Ulipur,Ulipur,Rb,ug/L,0.6
S98_01804,BAMAN,1998/07/26,25.532,89.446,,18,Rajshahi,Gaibandha,Sundarganj,Bamandaga,Bamandaga,Rb,ug/L,0.2
S98_01805,BOA-19,1998/07/27,25.318,89.55,HTW,18,Rajshahi,Gaibandha,Gaibandha Sadar,Boalia,Boalia,Rb,ug/L,2.3
S98_01806,GABIN-20,1998/07/27,25.134,89.387,,12,Rajshahi,Gaibandha,Gobindaganj,Gabindagons,Gabindagons,Rb,ug/L,0.5
S98_01807,MADR-21,1998/07/22,25.109,89.036,HTW,15,Rajshahi,Jaipurhat,Jaipurhat Sadar,Madergonj,Madergonj,Rb,ug/L,4.4
S98_01808,SANTA-22,1998/07/22,24.804,88.969,HTW,18,Rajshahi,Bogra,Adamdighi,Santahar,Santahar,Rb,ug/L,0.2
S98_01809,GIOKU-23,1998/07/27,24.933,89.348,HTW,18,Rajshahi,Bogra,Bogra Sadar,Giokul,Giokul,Rb,ug/L,< 0.1
S98_01810,PATNI-29,1998/07/22,25.05,88.75,HTW,15,Rajshahi,Naogaon,Patnitala,Patnitala,Patnitala,Rb,ug/L,< 0.1
S98_01811,MAND-25,1998/07/22,24.793,88.701,HTW,30,Rajshahi,Naogaon,Manda,Manda,Manda,Rb,ug/L,< 0.1
S98_01812,PIR-25,1998/07/27,22.365,89.933,,,Barisal,Pirojpur,Mathbaria,,Burirchar,Rb,ug/L,19.4
S98_01813,RAHAN-26,1998/07/21,24.8,88.2,HTW,30,Rajshahi,Nawabganj,Gomastapur,Rahandur,Rahandur,Rb,ug/L,0.3
S98_01814,PIR-26,1998/07/27,22.365,89.933,HTW,37,Barisal,Pirojpur,Mathbaria,,Burirchar,Rb,ug/L,11.1
S98_01815,SHIB-27,1998/07/21,24.684,88.157,Piez,61,Rajshahi,Nawabganj,Shibganj (N),Shibgong,Shibgong,Rb,ug/L,0.4
S98_01816,PIR-27,1998/07/27,22.365,89.933,HTW,27,Barisal,Pirojpur,Mathbaria,,Burirchar,Rb,ug/L,3.1
S98_01817,GIODA-28,1998/07/21,24.461,88.328,HTW,30,Rajshahi,Rajshahi,Godagari,Giodagari,Giodagari,Rb,ug/L,0.2
S98_01818,SAPU-29,1998/07/21,24.374,88.558,HTW,37,Rajshahi,Rajshahi,Rajpara,Sapura,Sapura,Rb,ug/L,0.2
S98_01819,CHAR-30,1998/07/20,24.304,88.738,HTW,18,Rajshahi,Rajshahi,Charghat,Charghat,Charghat,Rb,ug/L,7.1
S98_01820,NAT-31,1998/07/20,24.414,89.988,HTW,27,Rajshahi,Natore,Natore Sadar,Natore,Natore,Rb,ug/L,1.2
S98_01821,SING-32,1998/07/20,24.506,89.143,TARA,18,Rajshahi,Natore,Singra,Singra,Singra,Rb,ug/L,0.2
S98_01822,LAL-33,1998/07/20,24.179,88.966,HTW,27,Rajshahi,Natore,Lalpur,Lalpur,Lalpur,Rb,ug/L,< 0.1
S98_01823,ROYG-34,1998/07/27,24.507,89.526,HTW,15,Rajshahi,Sirajganj,Raiganj,Roygong,Roygong,Rb,ug/L,2.6
S98_01824,SIRA-35,1998/07/28,24.463,89.708,HTW,18,Rajshahi,Sirajganj,Sirajganj Sadar,Sirjgong,Sirjgong,Rb,ug/L,1.7
S98_01825,CHAT-36,1998/07/20,24.15,89.261,HTW,18,Rajshahi,Pabna,Chatmohar,Chatmohur,Chatmohur,Rb,ug/L,< 0.1
S98_01826,PAB-37,1998/07/19,24.006,89.235,HTW,30,Rajshahi,Pabna,Pabna Sadar,Pabna,Pabna,Rb,ug/L,0.1
S98_01827,SUJA-38,1998/07/19,23.94,89.408,HTW,18,Rajshahi,Pabna,Sujanagar,Sujanager,Sujanager,Rb,ug/L,0.1
S98_01828,NAGIR-39,1998/07/28,23.951,89.65,HTW,20,Rajshahi,Pabna,Bera,Nagierbari,Nagierbari,Rb,ug/L,3.1
S98_01829,JA-40,1998/07/19,25.156,89.751,HTW,27,Dhaka,Jamalpur,Dewanganj,Chukaibari,Batheshasaria,Rb,ug/L,2.9
S98_01830,PRAG-40,1998/07/19,24.005,88.765,TARA,113,Khulna,Kushtia,Daulatpur (Ku),Pragpur,Pragpur,Rb,ug/L,1.1
S98_01831,HYM-41,1998/07/18,25.117,90.335,,27,Dhaka,Mymensingh,Haluaghat, Haluagher,Haluaghatthana Compn,Rb,ug/L,2.2
S98_01832,VHAR-41,1998/07/19,24.019,88.992,HTW,,Khulna,Kushtia,Bheramara,Vharamara,Vharamara,Rb,ug/L,0.3
S98_01833,KUST-42,1998/07/19,23.909,89.128,HTW,49,Khulna,Kushtia,Kushtia Sadar,Kushtia,Kushtia,Rb,ug/L,< 0.1
S98_01834,SHER-42/A,1998/07/18,25.018,90.012,HTW,36,Rajshahi,Bogra,Sherpur,Sherpur,,Rb,ug/L,1.8
S98_01835,MEHER-43,1998/07/19,23.761,88.632,HTW,27,Khulna,Meherpur,Meherpur Sadar,Meherpur,Meherpur,Rb,ug/L,1
S98_01836,JAM-43,1998/07/20,24.758,89.835,HTW,20,Dhaka,Jamalpur,Sarishabari,Sharishabari,Sharishabari,Rb,ug/L,0.4
S98_01837,DAR-44,1998/07/19,23.529,88.81,HTW,18,Khulna,Chuadanga,Chuadanga Sadar,Darsana,Darsana,Rb,ug/L,9.2
S98_01838,MYM-44,1998/07/17,24.748,90.406,DTW,107,Dhaka,Mymensingh,Mymensingh Sadar,Sadar,Bagmera,Rb,ug/L,1.8
S98_01839,JHIN-45,1998/07/18,23.547,89.165,,122,Khulna,Jhenaidah,Jhenaidah Sadar,Jhinaidha,Jhinaidha,Rb,ug/L,1.5
S98_01840,NET-45,1998/07/17,24.866,90.722,HTW,65,Dhaka,Netrokona,Netrokona Sadar,Sadar,Netrokona,Rb,ug/L,0.2
S98_01841,MAGU-46,1998/07/15,23.488,89.429,HTW,21,Khulna,Magura,Magura Sadar,Magura,Magura,Rb,ug/L,6.9
S98_01842,KISH-46,1998/07/18,24.444,90.773,DTW,118,Dhaka,Kishoreganj,Kishoreganj Sadar,Goital,Kishorgorj,Rb,ug/L,1.5
S98_01843,JES-47,1998/07/18,23.167,89.219,DTW,133,Khulna,Jessore,Jessore Sadar,Jessore,Jessore,Rb,ug/L,4.2
S98_01844,MYM-47,1998/07/17,24.454,90.54,HTW,,Dhaka,Mymensingh,Gafargaon,Saltia,Sulhasia,Rb,ug/L,0.2
S98_01845,NAR-48,1998/07/18,23.173,89.513,HTW,24,Khulna,Narail,Narail Sadar,Narail,Narail,Rb,ug/L,0.1
S98_01846,KISH-48,1998/07/18,24.047,90.973,HTW,20,Dhaka,Kishoreganj,Bhairab,Bhairab,Bhairab Rly St,Rb,ug/L,1.2
S98_01847,GODKHA-49,1998/07/15,23.059,89.077,HTW,24,Khulna,Jessore,Jhikargachha,Godkhali,Godkhali,Rb,ug/L,1.3
S98_01848,TA-49,1998/07/20,24.605,90.024,HTW,34,Dhaka,Tangail,Madhupur,Madhupur,Madhupur,Rb,ug/L,0.2
S98_01849,KHUL-50,1998/07/15,22.812,89.561,DTW,274,Khulna,Khulna,Khulna Sadar,Khulna,Khulna,Rb,ug/L,3.5
S98_01850,TA-50,1998/07/20,24.24,89.909,HTW,27,Dhaka,Tangail,Tangail Sadar,Sadar,Bepari Para,Rb,ug/L,3.7
S98_01851,SATKHR-51,1998/07/17,22.718,89.07,DTW,183,Khulna,Satkhira,Satkhira Sadar,Satkhira,Satkhira,Rb,ug/L,5.9
S98_01852,TA-51,1998/07/20,24.108,90.076,HTW,27,Dhaka,Tangail,Mirzapur,Baithgram,Gurail,Rb,ug/L,3
S98_01853,CHAL-52,1998/07/18,22.586,89.504,HTW,18,Khulna,Bagerhat,Bagerhat Sadar,Chalna,Chalna,Rb,ug/L,4.2
S98_01854,GA-52,1998/07/17,24.197,90.474,HTW,29,Dhaka,Gazipur,Sripur,Sreepur,Sreepur,Rb,ug/L,0.4
S98_01855,BAGIER-53,1998/07/15,22.663,89.763,,38,Khulna,Bagerhat,Bagerhat Sadar,Bagierhat,Bagierhat,Rb,ug/L,2.3
S98_01856,NAR-53,1998/07/18,23.926,90.718,HTW,,Dhaka,Narsingdi,Narsingdi Sadar,Narshingdi,Norshindi Dak Hangloo,Rb,ug/L,1.4
S98_01857,KHALIS-54,1998/07/18,22.548,89.538,DTW,274,Khulna,Khulna,Khulna Sadar,Khalishpur,Khalishpur,Rb,ug/L,3.2
S98_01858,DA-54,1998/07/16,23.734,90.418,DTW,137,Dhaka,Dhaka,Motijheel,Motijheel,Pwd Colony,Rb,ug/L,0.8
S98_01859,RJB-69,1998/07/22,23.765,89.476,HTW,22,Dhaka,Rajbari,Pangsha,,Kalukhau,Rb,ug/L,0.8
S98_01860,RJB-70,1998/07/22,23.754,89.645,DTW,127,Dhaka,Rajbari,Rajbari Sadar,,Municipality,Rb,ug/L,3.5
S98_01861,FAR-71,1998/07/23,23.599,89.835,DTW,84,Dhaka,Faridpur,Faridpur Sadar,,Municipal,Rb,ug/L,5.6
S98_01862,GOP-72,1998/07/23,23.21,89.693,HTW,20,Dhaka,Gopalganj,Kashiani,,Bhatiapara,Rb,ug/L,3.2
S98_01863,GOP-73,1998/07/23,23.005,89.823,HTW,20,Dhaka,Gopalganj,Gopalganj Sadar,Municipality,Gopalganj,Rb,ug/L,3.4
S98_01864,MAD-74,1998/07/23,23.167,90.195,DTW,238,Dhaka,Madaripur,Madaripur Sadar,Municipality,Madaripur,Rb,ug/L,5
S98_01865,BAR-75,1998/07/25,22.7,90.369,DTW,610,Barisal,Barisal,Barisal Sadar,,Barisal,Rb,ug/L,2
S98_01866,PAT-77,1998/07/25,22.355,90.345,DTW,274,Barisal,Patuakhali,Patuakhali Sadar,Municipality,Patuakhali,Rb,ug/L,1.7
S98_01867,DA-101,1998/07/21,23.51,90.217,HTW,26,Dhaka,Munshiganj,Munshiganj Sadar,Bhaishakul,Bhaishakul T Inst,Rb,ug/L,3.8
S98_01868,DA-102,1998/07/16,23.769,90.364,DTW,53,Dhaka,Dhaka,Mohammadpur (D),Mohammedpur,Mohammedpur,Rb,ug/L,1.2
S98_04510,GOHI-44,1998/07/29,22.1467,91.8231,Piez,265,Chittagong,Chittagong,Anowara,Gohira,UC Office,Rb,ug/L,5.1
S98_04511,RUST-45,1998/07/29,22.1924,91.8562,HTW,146,Chittagong,Chittagong,Anowara,Battali,Battali,Rb,ug/L,3.8
S98_04512,GOHI-46,1998/07/29,22.1467,91.8231,Piez,68,Chittagong,Chittagong,Anowara,Gohira,UC Office,Rb,ug/L,2.8
S98_04513,COM-84,1998/07/28,23.4453,91.1722,HTW,32,Chittagong,Comilla,Comilla Sadar,Shaktala,Shaktala,Rb,ug/L,1.3
S98_04514,DAUD-85,1998/07/28,23.536,90.7104,HTW,32,Chittagong,Comilla,Daudkandi,Daudkandi,Daudkandi Bazar,Rb,ug/L,5.3
S98_04515,LAKS-86,1998/07/28,23.2499,91.115,HTW,23,Chittagong,Comilla,Laksam,Nabaratpur,Nabaratpur,Rb,ug/L,5.9
S98_04516,HAJ-87,1998/07/31,23.2484,90.8696,DTW,107,Chittagong,Chandpur,Hajiganj,Aligonj,Aligonj H complex,Rb,ug/L,5.5
S98_04517,CHAN-88,1998/07/31,23.2342,90.6673,HTW,168,Chittagong,Chandpur,Chandpur Sadar,Shologhar,Shologhar,Rb,ug/L,4
S98_04518,NOA-89,1998/07/28,22.8334,91.0955,HTW,11,Chittagong,Noakhali,Noakhali Sadar,Sonapur,Sonapur,Rb,ug/L,3.1
S98_04519,FENI-90,1998/07/28,23.0053,91.3866,HTW,13,Chittagong,Feni,Feni Sadar,Pachgadria,Feni Rest House,Rb,ug/L,5.6
S98_04520,MIR-91,1998/07/28,22.7761,91.5656,HTW,25,Chittagong,Chittagong,Mirsharai,PS,Miraswarai,Rb,ug/L,6.8
S98_04521,CTG-92,1998/07/29,22.4735,91.7891,DTW,110,Chittagong,Chittagong,Hathazari,Hathajani,University,Rb,ug/L,9.7
S98_04522,CTG-93,1998/07/29,22.3704,91.8442,DTW,146,Chittagong,Chittagong,Chandgaon,Chandgown,Chandgown,Rb,ug/L,1.5
S98_04523,ANWA-94,1998/07/29,22.2234,91.898,HTW,43,Chittagong,Chittagong,Anowara,Anwara,Thana Parishad Office,Rb,ug/L,13.4
S98_04524,SAT-95,1998/07/29,22.0721,92.0479,HTW,31,Chittagong,Chittagong,Satkania,Satkania,Satkania,Rb,ug/L,3.5
S98_04525,COX-99,1998/07/30,21.4349,91.9656,HTW,10,Chittagong,Cox's Bazar,Cox's Bazar Sadar,,BWDB rest house,Rb,ug/L,11.7
S98_04526,UKHI-100,1998/07/30,21.2432,92.1325,DTW,52,Chittagong,Cox's Bazar,Ukhia,Ukhia,Ukhia Bazar,Rb,ug/L,8.2
S99_00796,SAN-43(CS),1999/04/06,22.4815,91.4285,Piez,56.96,Chittagong,Chittagong,Sandwip,Rahamatpur,Rahamatpur,Rb,ug/L,
S99_00797,SAN-42(CMD),1999/04/06,22.4815,91.4285,Piez,160.92,Chittagong,Chittagong,Sandwip,Rahamatpur,Rahamatpur,Rb,ug/L,
S99_00798,SAN-41(CD),1999/04/06,22.4815,91.4285,Piez,261.94,Chittagong,Chittagong,Sandwip,Rahamatpur,Rahamatpur,Rb,ug/L,
S99_00799,MOH-98,1999/05/28,21.517,91.9584,Piez,7.32,Chittagong,Cox's Bazar,Maheshkhali,Gorukghata,Gorukghata,Rb,ug/L,
S99_00800,KUT-97,1999/05/30,21.8128,91.8449,Piez,542.68,Chittagong,Cox's Bazar,Kutubdia,Baraghope,Baraghope,Rb,ug/L,
S99_00801,SAND-9,1999/03/06,22.4817,91.4332,Piez,329.26,Chittagong,Chittagong,Sandwip,BWDB Guest house,BWDB Guest house,Rb,ug/L,
S99_00802,AKHA-82,1999/05/24,23.8659,91.201,HTW,18.3,Chittagong,Brahamanbaria,Akhaura,Railway station,Railway station,Rb,ug/L,
S99_00803,MUR-83,1999/05/24,23.7627,90.9899,HTW,26.22,Chittagong,Comilla,Muradnagar,Kasimpur,Kasimpur,Rb,ug/L,
S99_00804,CHU-81,1999/05/25,24.1945,91.5138,HTW,30.5,Sylhet,Habiganj,Chunarughat,Chunarughat Bazar,Chunarughat Bazar,Rb,ug/L,
S99_00805,HABI-80,1999/05/25,24.3776,91.4083,HTW,36.59,Sylhet,Habiganj,Habiganj Sadar,Rajanagar,Rajanagar,Rb,ug/L,
S99_00806,MVI-79,1999/05/25,24.4696,91.7603,HTW,30.5,Sylhet,Maulvibazar,Maulvi Bazar Sadar,Sultanpur,Sultanpur,Rb,ug/L,
S99_00807,SYL-78,1998/05/25,24.8795,91.8605,HTW,30.5,Sylhet,Sylhet,Sylhet Sadar,Railway station,Railway station,Rb,ug/L,
S98_01785,SAT-1,1998/07/23,26.479,88.514,HTW,9,Rajshahi,Panchagarh,Tetulia,Satmara,Satmara,Sb,ug/L,0.05
S98_01786,130DA-2,,25.7,88.5,HTW,15,Rajshahi,Panchagarh,Boda,Boda,Boda,Sb,ug/L,< 0.02
S98_01787,TA-2/B,1998/07/20,24.088,90.17,HTW,37,Dhaka,Tangail,Mirzapur,Gurai,Gurai,Sb,ug/L,0.03
S98_01788,BALI-3,1998/07/23,26.083,88.279,HTW,18,Rajshahi,Thakurgaon,Baliadangi,Baliadanga,Baliadanga,Sb,ug/L,< 0.02
S98_01789,SALN-4,1998/07/23,26.054,88.533,HTW,37,Rajshahi,Thakurgaon,Thakurgaon Sadar,Salander,Salander,Sb,ug/L,< 0.02
S98_01790,JA-4/B,1998/07/19,24.91,89.946,HTW,26,Dhaka,Jamalpur,Jamalpur Sadar,Jamalpur,Fulbaria,Sb,ug/L,0.04
S98_01791,KABIR-5,1998/07/24,25.903,88.6,HTW,30,Rajshahi,Dinajpur,Birganj,Birgong,Kbirashat,Sb,ug/L,< 0.02
S98_01792,RANI-6,1998/07/23,25.901,88.254,HTW,30,Rajshahi,Thakurgaon,Ranisankail,Ranisanwail,Ranisanwail,Sb,ug/L,< 0.02
S98_01793,SIBRM-7,1998/07/24,25.665,88.652,HTW,18,Rajshahi,Dinajpur,Dinajpur Sadar,Sibrampur,Sibrampur,Sb,ug/L,< 0.02
S98_01794,PARBT-8,1998/07/24,25.653,88.915,HTW,20,Rajshahi,Dinajpur,Parbatipur,Parbatipur,Parbatipur,Sb,ug/L,< 0.02
S98_01795,HAKM-9,1998/07/22,25.288,89.021,HTW,21,Rajshahi,Dinajpur,Hakimpur,Hakimpur,Hakimpur,Sb,ug/L,< 0.02
S98_01796,CHIL-10,1998/07/25,26.1,88.8,HTW,24,Rajshahi,Nilphamari,Domar,Chilahati,Chilahati,Sb,ug/L,< 0.02
S98_01797,NIL-11,1998/07/24,25.9,88.8,HTW,18,Rajshahi,Nilphamari,Nilphamari Sadar,Nilphamari,Nilphamari,Sb,ug/L,0.03
S98_01798,BRUT-12,1998/07/25,26.203,89.11,HTW,,Rajshahi,Lalmonirhat,Hatibandha,Barakhta,Barakhta,Sb,ug/L,0.11
S98_01799,JAL-13,1998/07/25,25.931,88.838,HTW,27,Rajshahi,Nilphamari,Jaldhaka,Jaldhaka,Jaldhaka,Sb,ug/L,0.03
S98_01800,RANG-14,1998/07/26,25.752,89.253,HTW,18,Rajshahi,Rangpur,Rangpur Sadar,Rangipur,Rangipur,Sb,ug/L,0.27
S98_01801,LALM-15,1998/07/25,25.913,89.436,HTW,14,Rajshahi,Lalmonirhat,Lalmonirhat Sadar,Lalmonihat,Lalmonihat,Sb,ug/L,0.03
S98_01802,NAGUR-16,1998/07/26,25.965,89.671,HTW,18,Rajshahi,Kurigram,Nageshwari,Nagieshwari,Nagieshwari,Sb,ug/L,0.05
S98_01803,ULI-17,1998/07/26,25.653,89.623,HTW,18,Rajshahi,Kurigram,Ulipur,Ulipur,Ulipur,Sb,ug/L,0.04
S98_01804,BAMAN,1998/07/26,25.532,89.446,,18,Rajshahi,Gaibandha,Sundarganj,Bamandaga,Bamandaga,Sb,ug/L,0.05
S98_01805,BOA-19,1998/07/27,25.318,89.55,HTW,18,Rajshahi,Gaibandha,Gaibandha Sadar,Boalia,Boalia,Sb,ug/L,0.02
S98_01806,GABIN-20,1998/07/27,25.134,89.387,,12,Rajshahi,Gaibandha,Gobindaganj,Gabindagons,Gabindagons,Sb,ug/L,0.03
S98_01807,MADR-21,1998/07/22,25.109,89.036,HTW,15,Rajshahi,Jaipurhat,Jaipurhat Sadar,Madergonj,Madergonj,Sb,ug/L,< 0.02
S98_01808,SANTA-22,1998/07/22,24.804,88.969,HTW,18,Rajshahi,Bogra,Adamdighi,Santahar,Santahar,Sb,ug/L,0.03
S98_01809,GIOKU-23,1998/07/27,24.933,89.348,HTW,18,Rajshahi,Bogra,Bogra Sadar,Giokul,Giokul,Sb,ug/L,< 0.02
S98_01810,PATNI-29,1998/07/22,25.05,88.75,HTW,15,Rajshahi,Naogaon,Patnitala,Patnitala,Patnitala,Sb,ug/L,0.02
S98_01811,MAND-25,1998/07/22,24.793,88.701,HTW,30,Rajshahi,Naogaon,Manda,Manda,Manda,Sb,ug/L,< 0.02
S98_01812,PIR-25,1998/07/27,22.365,89.933,,,Barisal,Pirojpur,Mathbaria,,Burirchar,Sb,ug/L,0.23
S98_01813,RAHAN-26,1998/07/21,24.8,88.2,HTW,30,Rajshahi,Nawabganj,Gomastapur,Rahandur,Rahandur,Sb,ug/L,< 0.02
S98_01814,PIR-26,1998/07/27,22.365,89.933,HTW,37,Barisal,Pirojpur,Mathbaria,,Burirchar,Sb,ug/L,0.17
S98_01815,SHIB-27,1998/07/21,24.684,88.157,Piez,61,Rajshahi,Nawabganj,Shibganj (N),Shibgong,Shibgong,Sb,ug/L,0.03
S98_01816,PIR-27,1998/07/27,22.365,89.933,HTW,27,Barisal,Pirojpur,Mathbaria,,Burirchar,Sb,ug/L,0.13
S98_01817,GIODA-28,1998/07/21,24.461,88.328,HTW,30,Rajshahi,Rajshahi,Godagari,Giodagari,Giodagari,Sb,ug/L,< 0.02
S98_01818,SAPU-29,1998/07/21,24.374,88.558,HTW,37,Rajshahi,Rajshahi,Rajpara,Sapura,Sapura,Sb,ug/L,< 0.02
S98_01819,CHAR-30,1998/07/20,24.304,88.738,HTW,18,Rajshahi,Rajshahi,Charghat,Charghat,Charghat,Sb,ug/L,< 0.02
S98_01820,NAT-31,1998/07/20,24.414,89.988,HTW,27,Rajshahi,Natore,Natore Sadar,Natore,Natore,Sb,ug/L,0.04
S98_01821,SING-32,1998/07/20,24.506,89.143,TARA,18,Rajshahi,Natore,Singra,Singra,Singra,Sb,ug/L,0.03
S98_01822,LAL-33,1998/07/20,24.179,88.966,HTW,27,Rajshahi,Natore,Lalpur,Lalpur,Lalpur,Sb,ug/L,0.04
S98_01823,ROYG-34,1998/07/27,24.507,89.526,HTW,15,Rajshahi,Sirajganj,Raiganj,Roygong,Roygong,Sb,ug/L,< 0.02
S98_01824,SIRA-35,1998/07/28,24.463,89.708,HTW,18,Rajshahi,Sirajganj,Sirajganj Sadar,Sirjgong,Sirjgong,Sb,ug/L,< 0.02
S98_01825,CHAT-36,1998/07/20,24.15,89.261,HTW,18,Rajshahi,Pabna,Chatmohar,Chatmohur,Chatmohur,Sb,ug/L,< 0.02
S98_01826,PAB-37,1998/07/19,24.006,89.235,HTW,30,Rajshahi,Pabna,Pabna Sadar,Pabna,Pabna,Sb,ug/L,0.31
S98_01827,SUJA-38,1998/07/19,23.94,89.408,HTW,18,Rajshahi,Pabna,Sujanagar,Sujanager,Sujanager,Sb,ug/L,< 0.02
S98_01828,NAGIR-39,1998/07/28,23.951,89.65,HTW,20,Rajshahi,Pabna,Bera,Nagierbari,Nagierbari,Sb,ug/L,0.03
S98_01829,JA-40,1998/07/19,25.156,89.751,HTW,27,Dhaka,Jamalpur,Dewanganj,Chukaibari,Batheshasaria,Sb,ug/L,< 0.02
S98_01830,PRAG-40,1998/07/19,24.005,88.765,TARA,113,Khulna,Kushtia,Daulatpur (Ku),Pragpur,Pragpur,Sb,ug/L,< 0.02
S98_01831,HYM-41,1998/07/18,25.117,90.335,,27,Dhaka,Mymensingh,Haluaghat, Haluagher,Haluaghatthana Compn,Sb,ug/L,0.03
S98_01832,VHAR-41,1998/07/19,24.019,88.992,HTW,,Khulna,Kushtia,Bheramara,Vharamara,Vharamara,Sb,ug/L,0.03
S98_01833,KUST-42,1998/07/19,23.909,89.128,HTW,49,Khulna,Kushtia,Kushtia Sadar,Kushtia,Kushtia,Sb,ug/L,0.03
S98_01834,SHER-42/A,1998/07/18,25.018,90.012,HTW,36,Rajshahi,Bogra,Sherpur,Sherpur,,Sb,ug/L,0.03
S98_01835,MEHER-43,1998/07/19,23.761,88.632,HTW,27,Khulna,Meherpur,Meherpur Sadar,Meherpur,Meherpur,Sb,ug/L,0.02
S98_01836,JAM-43,1998/07/20,24.758,89.835,HTW,20,Dhaka,Jamalpur,Sarishabari,Sharishabari,Sharishabari,Sb,ug/L,0.03
S98_01837,DAR-44,1998/07/19,23.529,88.81,HTW,18,Khulna,Chuadanga,Chuadanga Sadar,Darsana,Darsana,Sb,ug/L,0.16
S98_01838,MYM-44,1998/07/17,24.748,90.406,DTW,107,Dhaka,Mymensingh,Mymensingh Sadar,Sadar,Bagmera,Sb,ug/L,< 0.02
S98_01839,JHIN-45,1998/07/18,23.547,89.165,,122,Khulna,Jhenaidah,Jhenaidah Sadar,Jhinaidha,Jhinaidha,Sb,ug/L,0.06
S98_01840,NET-45,1998/07/17,24.866,90.722,HTW,65,Dhaka,Netrokona,Netrokona Sadar,Sadar,Netrokona,Sb,ug/L,0.06
S98_01841,MAGU-46,1998/07/15,23.488,89.429,HTW,21,Khulna,Magura,Magura Sadar,Magura,Magura,Sb,ug/L,0.16
S98_01842,KISH-46,1998/07/18,24.444,90.773,DTW,118,Dhaka,Kishoreganj,Kishoreganj Sadar,Goital,Kishorgorj,Sb,ug/L,0.02
S98_01843,JES-47,1998/07/18,23.167,89.219,DTW,133,Khulna,Jessore,Jessore Sadar,Jessore,Jessore,Sb,ug/L,0.03
S98_01844,MYM-47,1998/07/17,24.454,90.54,HTW,,Dhaka,Mymensingh,Gafargaon,Saltia,Sulhasia,Sb,ug/L,0.02
S98_01845,NAR-48,1998/07/18,23.173,89.513,HTW,24,Khulna,Narail,Narail Sadar,Narail,Narail,Sb,ug/L,0.15
S98_01846,KISH-48,1998/07/18,24.047,90.973,HTW,20,Dhaka,Kishoreganj,Bhairab,Bhairab,Bhairab Rly St,Sb,ug/L,0.03
S98_01847,GODKHA-49,1998/07/15,23.059,89.077,HTW,24,Khulna,Jessore,Jhikargachha,Godkhali,Godkhali,Sb,ug/L,0.03
S98_01848,TA-49,1998/07/20,24.605,90.024,HTW,34,Dhaka,Tangail,Madhupur,Madhupur,Madhupur,Sb,ug/L,< 0.02
S98_01849,KHUL-50,1998/07/15,22.812,89.561,DTW,274,Khulna,Khulna,Khulna Sadar,Khulna,Khulna,Sb,ug/L,< 0.02
S98_01850,TA-50,1998/07/20,24.24,89.909,HTW,27,Dhaka,Tangail,Tangail Sadar,Sadar,Bepari Para,Sb,ug/L,0.04
S98_01851,SATKHR-51,1998/07/17,22.718,89.07,DTW,183,Khulna,Satkhira,Satkhira Sadar,Satkhira,Satkhira,Sb,ug/L,< 0.02
S98_01852,TA-51,1998/07/20,24.108,90.076,HTW,27,Dhaka,Tangail,Mirzapur,Baithgram,Gurail,Sb,ug/L,0.02
S98_01853,CHAL-52,1998/07/18,22.586,89.504,HTW,18,Khulna,Bagerhat,Bagerhat Sadar,Chalna,Chalna,Sb,ug/L,< 0.02
S98_01854,GA-52,1998/07/17,24.197,90.474,HTW,29,Dhaka,Gazipur,Sripur,Sreepur,Sreepur,Sb,ug/L,0.04
S98_01855,BAGIER-53,1998/07/15,22.663,89.763,,38,Khulna,Bagerhat,Bagerhat Sadar,Bagierhat,Bagierhat,Sb,ug/L,< 0.02
S98_01856,NAR-53,1998/07/18,23.926,90.718,HTW,,Dhaka,Narsingdi,Narsingdi Sadar,Narshingdi,Norshindi Dak Hangloo,Sb,ug/L,0.03
S98_01857,KHALIS-54,1998/07/18,22.548,89.538,DTW,274,Khulna,Khulna,Khulna Sadar,Khalishpur,Khalishpur,Sb,ug/L,< 0.02
S98_01858,DA-54,1998/07/16,23.734,90.418,DTW,137,Dhaka,Dhaka,Motijheel,Motijheel,Pwd Colony,Sb,ug/L,0.03
S98_01859,RJB-69,1998/07/22,23.765,89.476,HTW,22,Dhaka,Rajbari,Pangsha,,Kalukhau,Sb,ug/L,0.02
S98_01860,RJB-70,1998/07/22,23.754,89.645,DTW,127,Dhaka,Rajbari,Rajbari Sadar,,Municipality,Sb,ug/L,0.04
S98_01861,FAR-71,1998/07/23,23.599,89.835,DTW,84,Dhaka,Faridpur,Faridpur Sadar,,Municipal,Sb,ug/L,0.04
S98_01862,GOP-72,1998/07/23,23.21,89.693,HTW,20,Dhaka,Gopalganj,Kashiani,,Bhatiapara,Sb,ug/L,0.04
S98_01863,GOP-73,1998/07/23,23.005,89.823,HTW,20,Dhaka,Gopalganj,Gopalganj Sadar,Municipality,Gopalganj,Sb,ug/L,0.04
S98_01864,MAD-74,1998/07/23,23.167,90.195,DTW,238,Dhaka,Madaripur,Madaripur Sadar,Municipality,Madaripur,Sb,ug/L,0.05
S98_01865,BAR-75,1998/07/25,22.7,90.369,DTW,610,Barisal,Barisal,Barisal Sadar,,Barisal,Sb,ug/L,0.03
S98_01866,PAT-77,1998/07/25,22.355,90.345,DTW,274,Barisal,Patuakhali,Patuakhali Sadar,Municipality,Patuakhali,Sb,ug/L,0.03
S98_01867,DA-101,1998/07/21,23.51,90.217,HTW,26,Dhaka,Munshiganj,Munshiganj Sadar,Bhaishakul,Bhaishakul T Inst,Sb,ug/L,0.15
S98_01868,DA-102,1998/07/16,23.769,90.364,DTW,53,Dhaka,Dhaka,Mohammadpur (D),Mohammedpur,Mohammedpur,Sb,ug/L,0.05
S98_04510,GOHI-44,1998/07/29,22.1467,91.8231,Piez,265,Chittagong,Chittagong,Anowara,Gohira,UC Office,Sb,ug/L,0.07
S98_04511,RUST-45,1998/07/29,22.1924,91.8562,HTW,146,Chittagong,Chittagong,Anowara,Battali,Battali,Sb,ug/L,0.06
S98_04512,GOHI-46,1998/07/29,22.1467,91.8231,Piez,68,Chittagong,Chittagong,Anowara,Gohira,UC Office,Sb,ug/L,0.05
S98_04513,COM-84,1998/07/28,23.4453,91.1722,HTW,32,Chittagong,Comilla,Comilla Sadar,Shaktala,Shaktala,Sb,ug/L,0.05
S98_04514,DAUD-85,1998/07/28,23.536,90.7104,HTW,32,Chittagong,Comilla,Daudkandi,Daudkandi,Daudkandi Bazar,Sb,ug/L,0.04
S98_04515,LAKS-86,1998/07/28,23.2499,91.115,HTW,23,Chittagong,Comilla,Laksam,Nabaratpur,Nabaratpur,Sb,ug/L,0.02
S98_04516,HAJ-87,1998/07/31,23.2484,90.8696,DTW,107,Chittagong,Chandpur,Hajiganj,Aligonj,Aligonj H complex,Sb,ug/L,0.11
S98_04517,CHAN-88,1998/07/31,23.2342,90.6673,HTW,168,Chittagong,Chandpur,Chandpur Sadar,Shologhar,Shologhar,Sb,ug/L,0.06
S98_04518,NOA-89,1998/07/28,22.8334,91.0955,HTW,11,Chittagong,Noakhali,Noakhali Sadar,Sonapur,Sonapur,Sb,ug/L,0.06
S98_04519,FENI-90,1998/07/28,23.0053,91.3866,HTW,13,Chittagong,Feni,Feni Sadar,Pachgadria,Feni Rest House,Sb,ug/L,0.05
S98_04520,MIR-91,1998/07/28,22.7761,91.5656,HTW,25,Chittagong,Chittagong,Mirsharai,PS,Miraswarai,Sb,ug/L,0.12
S98_04521,CTG-92,1998/07/29,22.4735,91.7891,DTW,110,Chittagong,Chittagong,Hathazari,Hathajani,University,Sb,ug/L,0.04
S98_04522,CTG-93,1998/07/29,22.3704,91.8442,DTW,146,Chittagong,Chittagong,Chandgaon,Chandgown,Chandgown,Sb,ug/L,0.06
S98_04523,ANWA-94,1998/07/29,22.2234,91.898,HTW,43,Chittagong,Chittagong,Anowara,Anwara,Thana Parishad Office,Sb,ug/L,0.07
S98_04524,SAT-95,1998/07/29,22.0721,92.0479,HTW,31,Chittagong,Chittagong,Satkania,Satkania,Satkania,Sb,ug/L,0.05
S98_04525,COX-99,1998/07/30,21.4349,91.9656,HTW,10,Chittagong,Cox's Bazar,Cox's Bazar Sadar,,BWDB rest house,Sb,ug/L,0.17
S98_04526,UKHI-100,1998/07/30,21.2432,92.1325,DTW,52,Chittagong,Cox's Bazar,Ukhia,Ukhia,Ukhia Bazar,Sb,ug/L,0.03
S99_00796,SAN-43(CS),1999/04/06,22.4815,91.4285,Piez,56.96,Chittagong,Chittagong,Sandwip,Rahamatpur,Rahamatpur,Sb,ug/L,
S99_00797,SAN-42(CMD),1999/04/06,22.4815,91.4285,Piez,160.92,Chittagong,Chittagong,Sandwip,Rahamatpur,Rahamatpur,Sb,ug/L,
S99_00798,SAN-41(CD),1999/04/06,22.4815,91.4285,Piez,261.94,Chittagong,Chittagong,Sandwip,Rahamatpur,Rahamatpur,Sb,ug/L,
S99_00799,MOH-98,1999/05/28,21.517,91.9584,Piez,7.32,Chittagong,Cox's Bazar,Maheshkhali,Gorukghata,Gorukghata,Sb,ug/L,
S99_00800,KUT-97,1999/05/30,21.8128,91.8449,Piez,542.68,Chittagong,Cox's Bazar,Kutubdia,Baraghope,Baraghope,Sb,ug/L,
S99_00801,SAND-9,1999/03/06,22.4817,91.4332,Piez,329.26,Chittagong,Chittagong,Sandwip,BWDB Guest house,BWDB Guest house,Sb,ug/L,
S99_00802,AKHA-82,1999/05/24,23.8659,91.201,HTW,18.3,Chittagong,Brahamanbaria,Akhaura,Railway station,Railway station,Sb,ug/L,
S99_00803,MUR-83,1999/05/24,23.7627,90.9899,HTW,26.22,Chittagong,Comilla,Muradnagar,Kasimpur,Kasimpur,Sb,ug/L,
S99_00804,CHU-81,1999/05/25,24.1945,91.5138,HTW,30.5,Sylhet,Habiganj,Chunarughat,Chunarughat Bazar,Chunarughat Bazar,Sb,ug/L,
S99_00805,HABI-80,1999/05/25,24.3776,91.4083,HTW,36.59,Sylhet,Habiganj,Habiganj Sadar,Rajanagar,Rajanagar,Sb,ug/L,
S99_00806,MVI-79,1999/05/25,24.4696,91.7603,HTW,30.5,Sylhet,Maulvibazar,Maulvi Bazar Sadar,Sultanpur,Sultanpur,Sb,ug/L,
S99_00807,SYL-78,1998/05/25,24.8795,91.8605,HTW,30.5,Sylhet,Sylhet,Sylhet Sadar,Railway station,Railway station,Sb,ug/L,
S98_01785,SAT-1,1998/07/23,26.479,88.514,HTW,9,Rajshahi,Panchagarh,Tetulia,Satmara,Satmara,Si,mg/L,12.3
S98_01786,130DA-2,,25.7,88.5,HTW,15,Rajshahi,Panchagarh,Boda,Boda,Boda,Si,mg/L,22
S98_01787,TA-2/B,1998/07/20,24.088,90.17,HTW,37,Dhaka,Tangail,Mirzapur,Gurai,Gurai,Si,mg/L,25.1
S98_01788,BALI-3,1998/07/23,26.083,88.279,HTW,18,Rajshahi,Thakurgaon,Baliadangi,Baliadanga,Baliadanga,Si,mg/L,11.5
S98_01789,SALN-4,1998/07/23,26.054,88.533,HTW,37,Rajshahi,Thakurgaon,Thakurgaon Sadar,Salander,Salander,Si,mg/L,15.5
S98_01790,JA-4/B,1998/07/19,24.91,89.946,HTW,26,Dhaka,Jamalpur,Jamalpur Sadar,Jamalpur,Fulbaria,Si,mg/L,26.6
S98_01791,KABIR-5,1998/07/24,25.903,88.6,HTW,30,Rajshahi,Dinajpur,Birganj,Birgong,Kbirashat,Si,mg/L,15.1
S98_01792,RANI-6,1998/07/23,25.901,88.254,HTW,30,Rajshahi,Thakurgaon,Ranisankail,Ranisanwail,Ranisanwail,Si,mg/L,15.1
S98_01793,SIBRM-7,1998/07/24,25.665,88.652,HTW,18,Rajshahi,Dinajpur,Dinajpur Sadar,Sibrampur,Sibrampur,Si,mg/L,8.05
S98_01794,PARBT-8,1998/07/24,25.653,88.915,HTW,20,Rajshahi,Dinajpur,Parbatipur,Parbatipur,Parbatipur,Si,mg/L,22
S98_01795,HAKM-9,1998/07/22,25.288,89.021,HTW,21,Rajshahi,Dinajpur,Hakimpur,Hakimpur,Hakimpur,Si,mg/L,12.7
S98_01796,CHIL-10,1998/07/25,26.1,88.8,HTW,24,Rajshahi,Nilphamari,Domar,Chilahati,Chilahati,Si,mg/L,12.9
S98_01797,NIL-11,1998/07/24,25.9,88.8,HTW,18,Rajshahi,Nilphamari,Nilphamari Sadar,Nilphamari,Nilphamari,Si,mg/L,15.8
S98_01798,BRUT-12,1998/07/25,26.203,89.11,HTW,,Rajshahi,Lalmonirhat,Hatibandha,Barakhta,Barakhta,Si,mg/L,8.12
S98_01799,JAL-13,1998/07/25,25.931,88.838,HTW,27,Rajshahi,Nilphamari,Jaldhaka,Jaldhaka,Jaldhaka,Si,mg/L,9.56
S98_01800,RANG-14,1998/07/26,25.752,89.253,HTW,18,Rajshahi,Rangpur,Rangpur Sadar,Rangipur,Rangipur,Si,mg/L,11.5
S98_01801,LALM-15,1998/07/25,25.913,89.436,HTW,14,Rajshahi,Lalmonirhat,Lalmonirhat Sadar,Lalmonihat,Lalmonihat,Si,mg/L,11.7
S98_01802,NAGUR-16,1998/07/26,25.965,89.671,HTW,18,Rajshahi,Kurigram,Nageshwari,Nagieshwari,Nagieshwari,Si,mg/L,14.2
S98_01803,ULI-17,1998/07/26,25.653,89.623,HTW,18,Rajshahi,Kurigram,Ulipur,Ulipur,Ulipur,Si,mg/L,16.8
S98_01804,BAMAN,1998/07/26,25.532,89.446,,18,Rajshahi,Gaibandha,Sundarganj,Bamandaga,Bamandaga,Si,mg/L,9.53
S98_01805,BOA-19,1998/07/27,25.318,89.55,HTW,18,Rajshahi,Gaibandha,Gaibandha Sadar,Boalia,Boalia,Si,mg/L,17.5
S98_01806,GABIN-20,1998/07/27,25.134,89.387,,12,Rajshahi,Gaibandha,Gobindaganj,Gabindagons,Gabindagons,Si,mg/L,12.6
S98_01807,MADR-21,1998/07/22,25.109,89.036,HTW,15,Rajshahi,Jaipurhat,Jaipurhat Sadar,Madergonj,Madergonj,Si,mg/L,25.4
S98_01808,SANTA-22,1998/07/22,24.804,88.969,HTW,18,Rajshahi,Bogra,Adamdighi,Santahar,Santahar,Si,mg/L,20.4
S98_01809,GIOKU-23,1998/07/27,24.933,89.348,HTW,18,Rajshahi,Bogra,Bogra Sadar,Giokul,Giokul,Si,mg/L,20.1
S98_01810,PATNI-29,1998/07/22,25.05,88.75,HTW,15,Rajshahi,Naogaon,Patnitala,Patnitala,Patnitala,Si,mg/L,17.5
S98_01811,MAND-25,1998/07/22,24.793,88.701,HTW,30,Rajshahi,Naogaon,Manda,Manda,Manda,Si,mg/L,20.7
S98_01812,PIR-25,1998/07/27,22.365,89.933,,,Barisal,Pirojpur,Mathbaria,,Burirchar,Si,mg/L,0.19
S98_01813,RAHAN-26,1998/07/21,24.8,88.2,HTW,30,Rajshahi,Nawabganj,Gomastapur,Rahandur,Rahandur,Si,mg/L,19.2
S98_01814,PIR-26,1998/07/27,22.365,89.933,HTW,37,Barisal,Pirojpur,Mathbaria,,Burirchar,Si,mg/L,0.08
S98_01815,SHIB-27,1998/07/21,24.684,88.157,Piez,61,Rajshahi,Nawabganj,Shibganj (N),Shibgong,Shibgong,Si,mg/L,15.8
S98_01816,PIR-27,1998/07/27,22.365,89.933,HTW,27,Barisal,Pirojpur,Mathbaria,,Burirchar,Si,mg/L,19.7
S98_01817,GIODA-28,1998/07/21,24.461,88.328,HTW,30,Rajshahi,Rajshahi,Godagari,Giodagari,Giodagari,Si,mg/L,19.7
S98_01818,SAPU-29,1998/07/21,24.374,88.558,HTW,37,Rajshahi,Rajshahi,Rajpara,Sapura,Sapura,Si,mg/L,16.1
S98_01819,CHAR-30,1998/07/20,24.304,88.738,HTW,18,Rajshahi,Rajshahi,Charghat,Charghat,Charghat,Si,mg/L,17.9
S98_01820,NAT-31,1998/07/20,24.414,89.988,HTW,27,Rajshahi,Natore,Natore Sadar,Natore,Natore,Si,mg/L,17
S98_01821,SING-32,1998/07/20,24.506,89.143,TARA,18,Rajshahi,Natore,Singra,Singra,Singra,Si,mg/L,18
S98_01822,LAL-33,1998/07/20,24.179,88.966,HTW,27,Rajshahi,Natore,Lalpur,Lalpur,Lalpur,Si,mg/L,15.7
S98_01823,ROYG-34,1998/07/27,24.507,89.526,HTW,15,Rajshahi,Sirajganj,Raiganj,Roygong,Roygong,Si,mg/L,21.6
S98_01824,SIRA-35,1998/07/28,24.463,89.708,HTW,18,Rajshahi,Sirajganj,Sirajganj Sadar,Sirjgong,Sirjgong,Si,mg/L,15.5
S98_01825,CHAT-36,1998/07/20,24.15,89.261,HTW,18,Rajshahi,Pabna,Chatmohar,Chatmohur,Chatmohur,Si,mg/L,19.4
S98_01826,PAB-37,1998/07/19,24.006,89.235,HTW,30,Rajshahi,Pabna,Pabna Sadar,Pabna,Pabna,Si,mg/L,16.8
S98_01827,SUJA-38,1998/07/19,23.94,89.408,HTW,18,Rajshahi,Pabna,Sujanagar,Sujanager,Sujanager,Si,mg/L,20.3
S98_01828,NAGIR-39,1998/07/28,23.951,89.65,HTW,20,Rajshahi,Pabna,Bera,Nagierbari,Nagierbari,Si,mg/L,18.6
S98_01829,JA-40,1998/07/19,25.156,89.751,HTW,27,Dhaka,Jamalpur,Dewanganj,Chukaibari,Batheshasaria,Si,mg/L,26.5
S98_01830,PRAG-40,1998/07/19,24.005,88.765,TARA,113,Khulna,Kushtia,Daulatpur (Ku),Pragpur,Pragpur,Si,mg/L,11.1
S98_01831,HYM-41,1998/07/18,25.117,90.335,,27,Dhaka,Mymensingh,Haluaghat, Haluagher,Haluaghatthana Compn,Si,mg/L,18.4
S98_01832,VHAR-41,1998/07/19,24.019,88.992,HTW,,Khulna,Kushtia,Bheramara,Vharamara,Vharamara,Si,mg/L,18.4
S98_01833,KUST-42,1998/07/19,23.909,89.128,HTW,49,Khulna,Kushtia,Kushtia Sadar,Kushtia,Kushtia,Si,mg/L,18.6
S98_01834,SHER-42/A,1998/07/18,25.018,90.012,HTW,36,Rajshahi,Bogra,Sherpur,Sherpur,,Si,mg/L,23.2
S98_01835,MEHER-43,1998/07/19,23.761,88.632,HTW,27,Khulna,Meherpur,Meherpur Sadar,Meherpur,Meherpur,Si,mg/L,10.8
S98_01836,JAM-43,1998/07/20,24.758,89.835,HTW,20,Dhaka,Jamalpur,Sarishabari,Sharishabari,Sharishabari,Si,mg/L,13.4
S98_01837,DAR-44,1998/07/19,23.529,88.81,HTW,18,Khulna,Chuadanga,Chuadanga Sadar,Darsana,Darsana,Si,mg/L,15.5
S98_01838,MYM-44,1998/07/17,24.748,90.406,DTW,107,Dhaka,Mymensingh,Mymensingh Sadar,Sadar,Bagmera,Si,mg/L,23.4
S98_01839,JHIN-45,1998/07/18,23.547,89.165,,122,Khulna,Jhenaidah,Jhenaidah Sadar,Jhinaidha,Jhinaidha,Si,mg/L,15.5
S98_01840,NET-45,1998/07/17,24.866,90.722,HTW,65,Dhaka,Netrokona,Netrokona Sadar,Sadar,Netrokona,Si,mg/L,16.4
S98_01841,MAGU-46,1998/07/15,23.488,89.429,HTW,21,Khulna,Magura,Magura Sadar,Magura,Magura,Si,mg/L,15.8
S98_01842,KISH-46,1998/07/18,24.444,90.773,DTW,118,Dhaka,Kishoreganj,Kishoreganj Sadar,Goital,Kishorgorj,Si,mg/L,20.9
S98_01843,JES-47,1998/07/18,23.167,89.219,DTW,133,Khulna,Jessore,Jessore Sadar,Jessore,Jessore,Si,mg/L,17.6
S98_01844,MYM-47,1998/07/17,24.454,90.54,HTW,,Dhaka,Mymensingh,Gafargaon,Saltia,Sulhasia,Si,mg/L,22
S98_01845,NAR-48,1998/07/18,23.173,89.513,HTW,24,Khulna,Narail,Narail Sadar,Narail,Narail,Si,mg/L,15.1
S98_01846,KISH-48,1998/07/18,24.047,90.973,HTW,20,Dhaka,Kishoreganj,Bhairab,Bhairab,Bhairab Rly St,Si,mg/L,16.8
S98_01847,GODKHA-49,1998/07/15,23.059,89.077,HTW,24,Khulna,Jessore,Jhikargachha,Godkhali,Godkhali,Si,mg/L,11.2
S98_01848,TA-49,1998/07/20,24.605,90.024,HTW,34,Dhaka,Tangail,Madhupur,Madhupur,Madhupur,Si,mg/L,28.4
S98_01849,KHUL-50,1998/07/15,22.812,89.561,DTW,274,Khulna,Khulna,Khulna Sadar,Khulna,Khulna,Si,mg/L,12.1
S98_01850,TA-50,1998/07/20,24.24,89.909,HTW,27,Dhaka,Tangail,Tangail Sadar,Sadar,Bepari Para,Si,mg/L,19.1
S98_01851,SATKHR-51,1998/07/17,22.718,89.07,DTW,183,Khulna,Satkhira,Satkhira Sadar,Satkhira,Satkhira,Si,mg/L,15.4
S98_01852,TA-51,1998/07/20,24.108,90.076,HTW,27,Dhaka,Tangail,Mirzapur,Baithgram,Gurail,Si,mg/L,20.3
S98_01853,CHAL-52,1998/07/18,22.586,89.504,HTW,18,Khulna,Bagerhat,Bagerhat Sadar,Chalna,Chalna,Si,mg/L,8.22
S98_01854,GA-52,1998/07/17,24.197,90.474,HTW,29,Dhaka,Gazipur,Sripur,Sreepur,Sreepur,Si,mg/L,27.3
S98_01855,BAGIER-53,1998/07/15,22.663,89.763,,38,Khulna,Bagerhat,Bagerhat Sadar,Bagierhat,Bagierhat,Si,mg/L,9.01
S98_01856,NAR-53,1998/07/18,23.926,90.718,HTW,,Dhaka,Narsingdi,Narsingdi Sadar,Narshingdi,Norshindi Dak Hangloo,Si,mg/L,16.2
S98_01857,KHALIS-54,1998/07/18,22.548,89.538,DTW,274,Khulna,Khulna,Khulna Sadar,Khalishpur,Khalishpur,Si,mg/L,11.5
S98_01858,DA-54,1998/07/16,23.734,90.418,DTW,137,Dhaka,Dhaka,Motijheel,Motijheel,Pwd Colony,Si,mg/L,32.2
S98_01859,RJB-69,1998/07/22,23.765,89.476,HTW,22,Dhaka,Rajbari,Pangsha,,Kalukhau,Si,mg/L,10.9
S98_01860,RJB-70,1998/07/22,23.754,89.645,DTW,127,Dhaka,Rajbari,Rajbari Sadar,,Municipality,Si,mg/L,19.1
S98_01861,FAR-71,1998/07/23,23.599,89.835,DTW,84,Dhaka,Faridpur,Faridpur Sadar,,Municipal,Si,mg/L,17.4
S98_01862,GOP-72,1998/07/23,23.21,89.693,HTW,20,Dhaka,Gopalganj,Kashiani,,Bhatiapara,Si,mg/L,16.8
S98_01863,GOP-73,1998/07/23,23.005,89.823,HTW,20,Dhaka,Gopalganj,Gopalganj Sadar,Municipality,Gopalganj,Si,mg/L,11.7
S98_01864,MAD-74,1998/07/23,23.167,90.195,DTW,238,Dhaka,Madaripur,Madaripur Sadar,Municipality,Madaripur,Si,mg/L,17.9
S98_01865,BAR-75,1998/07/25,22.7,90.369,DTW,610,Barisal,Barisal,Barisal Sadar,,Barisal,Si,mg/L,9.57
S98_01866,PAT-77,1998/07/25,22.355,90.345,DTW,274,Barisal,Patuakhali,Patuakhali Sadar,Municipality,Patuakhali,Si,mg/L,9.13
S98_01867,DA-101,1998/07/21,23.51,90.217,HTW,26,Dhaka,Munshiganj,Munshiganj Sadar,Bhaishakul,Bhaishakul T Inst,Si,mg/L,12.6
S98_01868,DA-102,1998/07/16,23.769,90.364,DTW,53,Dhaka,Dhaka,Mohammadpur (D),Mohammedpur,Mohammedpur,Si,mg/L,30.4
S98_04510,GOHI-44,1998/07/29,22.1467,91.8231,Piez,265,Chittagong,Chittagong,Anowara,Gohira,UC Office,Si,mg/L,24.6
S98_04511,RUST-45,1998/07/29,22.1924,91.8562,HTW,146,Chittagong,Chittagong,Anowara,Battali,Battali,Si,mg/L,13.2
S98_04512,GOHI-46,1998/07/29,22.1467,91.8231,Piez,68,Chittagong,Chittagong,Anowara,Gohira,UC Office,Si,mg/L,28.1
S98_04513,COM-84,1998/07/28,23.4453,91.1722,HTW,32,Chittagong,Comilla,Comilla Sadar,Shaktala,Shaktala,Si,mg/L,20.6
S98_04514,DAUD-85,1998/07/28,23.536,90.7104,HTW,32,Chittagong,Comilla,Daudkandi,Daudkandi,Daudkandi Bazar,Si,mg/L,16.2
S98_04515,LAKS-86,1998/07/28,23.2499,91.115,HTW,23,Chittagong,Comilla,Laksam,Nabaratpur,Nabaratpur,Si,mg/L,14
S98_04516,HAJ-87,1998/07/31,23.2484,90.8696,DTW,107,Chittagong,Chandpur,Hajiganj,Aligonj,Aligonj H complex,Si,mg/L,28.3
S98_04517,CHAN-88,1998/07/31,23.2342,90.6673,HTW,168,Chittagong,Chandpur,Chandpur Sadar,Shologhar,Shologhar,Si,mg/L,18.7
S98_04518,NOA-89,1998/07/28,22.8334,91.0955,HTW,11,Chittagong,Noakhali,Noakhali Sadar,Sonapur,Sonapur,Si,mg/L,16
S98_04519,FENI-90,1998/07/28,23.0053,91.3866,HTW,13,Chittagong,Feni,Feni Sadar,Pachgadria,Feni Rest House,Si,mg/L,15.4
S98_04520,MIR-91,1998/07/28,22.7761,91.5656,HTW,25,Chittagong,Chittagong,Mirsharai,PS,Miraswarai,Si,mg/L,11
S98_04521,CTG-92,1998/07/29,22.4735,91.7891,DTW,110,Chittagong,Chittagong,Hathazari,Hathajani,University,Si,mg/L,12
S98_04522,CTG-93,1998/07/29,22.3704,91.8442,DTW,146,Chittagong,Chittagong,Chandgaon,Chandgown,Chandgown,Si,mg/L,21.1
S98_04523,ANWA-94,1998/07/29,22.2234,91.898,HTW,43,Chittagong,Chittagong,Anowara,Anwara,Thana Parishad Office,Si,mg/L,27.7
S98_04524,SAT-95,1998/07/29,22.0721,92.0479,HTW,31,Chittagong,Chittagong,Satkania,Satkania,Satkania,Si,mg/L,12.2
S98_04525,COX-99,1998/07/30,21.4349,91.9656,HTW,10,Chittagong,Cox's Bazar,Cox's Bazar Sadar,,BWDB rest house,Si,mg/L,7.9
S98_04526,UKHI-100,1998/07/30,21.2432,92.1325,DTW,52,Chittagong,Cox's Bazar,Ukhia,Ukhia,Ukhia Bazar,Si,mg/L,13.9
S99_00796,SAN-43(CS),1999/04/06,22.4815,91.4285,Piez,56.96,Chittagong,Chittagong,Sandwip,Rahamatpur,Rahamatpur,Si,mg/L,16.9
S99_00797,SAN-42(CMD),1999/04/06,22.4815,91.4285,Piez,160.92,Chittagong,Chittagong,Sandwip,Rahamatpur,Rahamatpur,Si,mg/L,16.6
S99_00798,SAN-41(CD),1999/04/06,22.4815,91.4285,Piez,261.94,Chittagong,Chittagong,Sandwip,Rahamatpur,Rahamatpur,Si,mg/L,15.4
S99_00799,MOH-98,1999/05/28,21.517,91.9584,Piez,7.32,Chittagong,Cox's Bazar,Maheshkhali,Gorukghata,Gorukghata,Si,mg/L,9.86
S99_00800,KUT-97,1999/05/30,21.8128,91.8449,Piez,542.68,Chittagong,Cox's Bazar,Kutubdia,Baraghope,Baraghope,Si,mg/L,12
S99_00801,SAND-9,1999/03/06,22.4817,91.4332,Piez,329.26,Chittagong,Chittagong,Sandwip,BWDB Guest house,BWDB Guest house,Si,mg/L,15.8
S99_00802,AKHA-82,1999/05/24,23.8659,91.201,HTW,18.3,Chittagong,Brahamanbaria,Akhaura,Railway station,Railway station,Si,mg/L,33.9
S99_00803,MUR-83,1999/05/24,23.7627,90.9899,HTW,26.22,Chittagong,Comilla,Muradnagar,Kasimpur,Kasimpur,Si,mg/L,26.2
S99_00804,CHU-81,1999/05/25,24.1945,91.5138,HTW,30.5,Sylhet,Habiganj,Chunarughat,Chunarughat Bazar,Chunarughat Bazar,Si,mg/L,16.9
S99_00805,HABI-80,1999/05/25,24.3776,91.4083,HTW,36.59,Sylhet,Habiganj,Habiganj Sadar,Rajanagar,Rajanagar,Si,mg/L,27.4
S99_00806,MVI-79,1999/05/25,24.4696,91.7603,HTW,30.5,Sylhet,Maulvibazar,Maulvi Bazar Sadar,Sultanpur,Sultanpur,Si,mg/L,15.9
S99_00807,SYL-78,1998/05/25,24.8795,91.8605,HTW,30.5,Sylhet,Sylhet,Sylhet Sadar,Railway station,Railway station,Si,mg/L,10.7
S98_01785,SAT-1,1998/07/23,26.479,88.514,HTW,9,Rajshahi,Panchagarh,Tetulia,Satmara,Satmara,Sm,ug/L,< 0.01
S98_01786,130DA-2,,25.7,88.5,HTW,15,Rajshahi,Panchagarh,Boda,Boda,Boda,Sm,ug/L,< 0.01
S98_01787,TA-2/B,1998/07/20,24.088,90.17,HTW,37,Dhaka,Tangail,Mirzapur,Gurai,Gurai,Sm,ug/L,< 0.01
S98_01788,BALI-3,1998/07/23,26.083,88.279,HTW,18,Rajshahi,Thakurgaon,Baliadangi,Baliadanga,Baliadanga,Sm,ug/L,< 0.01
S98_01789,SALN-4,1998/07/23,26.054,88.533,HTW,37,Rajshahi,Thakurgaon,Thakurgaon Sadar,Salander,Salander,Sm,ug/L,< 0.01
S98_01790,JA-4/B,1998/07/19,24.91,89.946,HTW,26,Dhaka,Jamalpur,Jamalpur Sadar,Jamalpur,Fulbaria,Sm,ug/L,< 0.01
S98_01791,KABIR-5,1998/07/24,25.903,88.6,HTW,30,Rajshahi,Dinajpur,Birganj,Birgong,Kbirashat,Sm,ug/L,< 0.01
S98_01792,RANI-6,1998/07/23,25.901,88.254,HTW,30,Rajshahi,Thakurgaon,Ranisankail,Ranisanwail,Ranisanwail,Sm,ug/L,< 0.01
S98_01793,SIBRM-7,1998/07/24,25.665,88.652,HTW,18,Rajshahi,Dinajpur,Dinajpur Sadar,Sibrampur,Sibrampur,Sm,ug/L,< 0.01
S98_01794,PARBT-8,1998/07/24,25.653,88.915,HTW,20,Rajshahi,Dinajpur,Parbatipur,Parbatipur,Parbatipur,Sm,ug/L,< 0.01
S98_01795,HAKM-9,1998/07/22,25.288,89.021,HTW,21,Rajshahi,Dinajpur,Hakimpur,Hakimpur,Hakimpur,Sm,ug/L,< 0.01
S98_01796,CHIL-10,1998/07/25,26.1,88.8,HTW,24,Rajshahi,Nilphamari,Domar,Chilahati,Chilahati,Sm,ug/L,0.01
S98_01797,NIL-11,1998/07/24,25.9,88.8,HTW,18,Rajshahi,Nilphamari,Nilphamari Sadar,Nilphamari,Nilphamari,Sm,ug/L,< 0.01
S98_01798,BRUT-12,1998/07/25,26.203,89.11,HTW,,Rajshahi,Lalmonirhat,Hatibandha,Barakhta,Barakhta,Sm,ug/L,< 0.01
S98_01799,JAL-13,1998/07/25,25.931,88.838,HTW,27,Rajshahi,Nilphamari,Jaldhaka,Jaldhaka,Jaldhaka,Sm,ug/L,< 0.01
S98_01800,RANG-14,1998/07/26,25.752,89.253,HTW,18,Rajshahi,Rangpur,Rangpur Sadar,Rangipur,Rangipur,Sm,ug/L,< 0.01
S98_01801,LALM-15,1998/07/25,25.913,89.436,HTW,14,Rajshahi,Lalmonirhat,Lalmonirhat Sadar,Lalmonihat,Lalmonihat,Sm,ug/L,0.01
S98_01802,NAGUR-16,1998/07/26,25.965,89.671,HTW,18,Rajshahi,Kurigram,Nageshwari,Nagieshwari,Nagieshwari,Sm,ug/L,< 0.01
S98_01803,ULI-17,1998/07/26,25.653,89.623,HTW,18,Rajshahi,Kurigram,Ulipur,Ulipur,Ulipur,Sm,ug/L,< 0.01
S98_01804,BAMAN,1998/07/26,25.532,89.446,,18,Rajshahi,Gaibandha,Sundarganj,Bamandaga,Bamandaga,Sm,ug/L,< 0.01
S98_01805,BOA-19,1998/07/27,25.318,89.55,HTW,18,Rajshahi,Gaibandha,Gaibandha Sadar,Boalia,Boalia,Sm,ug/L,< 0.01
S98_01806,GABIN-20,1998/07/27,25.134,89.387,,12,Rajshahi,Gaibandha,Gobindaganj,Gabindagons,Gabindagons,Sm,ug/L,< 0.01
S98_01807,MADR-21,1998/07/22,25.109,89.036,HTW,15,Rajshahi,Jaipurhat,Jaipurhat Sadar,Madergonj,Madergonj,Sm,ug/L,< 0.01
S98_01808,SANTA-22,1998/07/22,24.804,88.969,HTW,18,Rajshahi,Bogra,Adamdighi,Santahar,Santahar,Sm,ug/L,0.01
S98_01809,GIOKU-23,1998/07/27,24.933,89.348,HTW,18,Rajshahi,Bogra,Bogra Sadar,Giokul,Giokul,Sm,ug/L,< 0.01
S98_01810,PATNI-29,1998/07/22,25.05,88.75,HTW,15,Rajshahi,Naogaon,Patnitala,Patnitala,Patnitala,Sm,ug/L,< 0.01
S98_01811,MAND-25,1998/07/22,24.793,88.701,HTW,30,Rajshahi,Naogaon,Manda,Manda,Manda,Sm,ug/L,< 0.01
S98_01812,PIR-25,1998/07/27,22.365,89.933,,,Barisal,Pirojpur,Mathbaria,,Burirchar,Sm,ug/L,0.02
S98_01813,RAHAN-26,1998/07/21,24.8,88.2,HTW,30,Rajshahi,Nawabganj,Gomastapur,Rahandur,Rahandur,Sm,ug/L,< 0.01
S98_01814,PIR-26,1998/07/27,22.365,89.933,HTW,37,Barisal,Pirojpur,Mathbaria,,Burirchar,Sm,ug/L,0.05
S98_01815,SHIB-27,1998/07/21,24.684,88.157,Piez,61,Rajshahi,Nawabganj,Shibganj (N),Shibgong,Shibgong,Sm,ug/L,< 0.01
S98_01816,PIR-27,1998/07/27,22.365,89.933,HTW,27,Barisal,Pirojpur,Mathbaria,,Burirchar,Sm,ug/L,0.06
S98_01817,GIODA-28,1998/07/21,24.461,88.328,HTW,30,Rajshahi,Rajshahi,Godagari,Giodagari,Giodagari,Sm,ug/L,< 0.01
S98_01818,SAPU-29,1998/07/21,24.374,88.558,HTW,37,Rajshahi,Rajshahi,Rajpara,Sapura,Sapura,Sm,ug/L,< 0.01
S98_01819,CHAR-30,1998/07/20,24.304,88.738,HTW,18,Rajshahi,Rajshahi,Charghat,Charghat,Charghat,Sm,ug/L,< 0.01
S98_01820,NAT-31,1998/07/20,24.414,89.988,HTW,27,Rajshahi,Natore,Natore Sadar,Natore,Natore,Sm,ug/L,0.02
S98_01821,SING-32,1998/07/20,24.506,89.143,TARA,18,Rajshahi,Natore,Singra,Singra,Singra,Sm,ug/L,< 0.01
S98_01822,LAL-33,1998/07/20,24.179,88.966,HTW,27,Rajshahi,Natore,Lalpur,Lalpur,Lalpur,Sm,ug/L,< 0.01
S98_01823,ROYG-34,1998/07/27,24.507,89.526,HTW,15,Rajshahi,Sirajganj,Raiganj,Roygong,Roygong,Sm,ug/L,< 0.01
S98_01824,SIRA-35,1998/07/28,24.463,89.708,HTW,18,Rajshahi,Sirajganj,Sirajganj Sadar,Sirjgong,Sirjgong,Sm,ug/L,< 0.01
S98_01825,CHAT-36,1998/07/20,24.15,89.261,HTW,18,Rajshahi,Pabna,Chatmohar,Chatmohur,Chatmohur,Sm,ug/L,< 0.01
S98_01826,PAB-37,1998/07/19,24.006,89.235,HTW,30,Rajshahi,Pabna,Pabna Sadar,Pabna,Pabna,Sm,ug/L,0.01
S98_01827,SUJA-38,1998/07/19,23.94,89.408,HTW,18,Rajshahi,Pabna,Sujanagar,Sujanager,Sujanager,Sm,ug/L,< 0.01
S98_01828,NAGIR-39,1998/07/28,23.951,89.65,HTW,20,Rajshahi,Pabna,Bera,Nagierbari,Nagierbari,Sm,ug/L,< 0.01
S98_01829,JA-40,1998/07/19,25.156,89.751,HTW,27,Dhaka,Jamalpur,Dewanganj,Chukaibari,Batheshasaria,Sm,ug/L,0.01
S98_01830,PRAG-40,1998/07/19,24.005,88.765,TARA,113,Khulna,Kushtia,Daulatpur (Ku),Pragpur,Pragpur,Sm,ug/L,< 0.01
S98_01831,HYM-41,1998/07/18,25.117,90.335,,27,Dhaka,Mymensingh,Haluaghat, Haluagher,Haluaghatthana Compn,Sm,ug/L,< 0.01
S98_01832,VHAR-41,1998/07/19,24.019,88.992,HTW,,Khulna,Kushtia,Bheramara,Vharamara,Vharamara,Sm,ug/L,< 0.01
S98_01833,KUST-42,1998/07/19,23.909,89.128,HTW,49,Khulna,Kushtia,Kushtia Sadar,Kushtia,Kushtia,Sm,ug/L,< 0.01
S98_01834,SHER-42/A,1998/07/18,25.018,90.012,HTW,36,Rajshahi,Bogra,Sherpur,Sherpur,,Sm,ug/L,0.02
S98_01835,MEHER-43,1998/07/19,23.761,88.632,HTW,27,Khulna,Meherpur,Meherpur Sadar,Meherpur,Meherpur,Sm,ug/L,< 0.01
S98_01836,JAM-43,1998/07/20,24.758,89.835,HTW,20,Dhaka,Jamalpur,Sarishabari,Sharishabari,Sharishabari,Sm,ug/L,< 0.01
S98_01837,DAR-44,1998/07/19,23.529,88.81,HTW,18,Khulna,Chuadanga,Chuadanga Sadar,Darsana,Darsana,Sm,ug/L,< 0.01
S98_01838,MYM-44,1998/07/17,24.748,90.406,DTW,107,Dhaka,Mymensingh,Mymensingh Sadar,Sadar,Bagmera,Sm,ug/L,< 0.01
S98_01839,JHIN-45,1998/07/18,23.547,89.165,,122,Khulna,Jhenaidah,Jhenaidah Sadar,Jhinaidha,Jhinaidha,Sm,ug/L,0.01
S98_01840,NET-45,1998/07/17,24.866,90.722,HTW,65,Dhaka,Netrokona,Netrokona Sadar,Sadar,Netrokona,Sm,ug/L,< 0.01
S98_01841,MAGU-46,1998/07/15,23.488,89.429,HTW,21,Khulna,Magura,Magura Sadar,Magura,Magura,Sm,ug/L,< 0.01
S98_01842,KISH-46,1998/07/18,24.444,90.773,DTW,118,Dhaka,Kishoreganj,Kishoreganj Sadar,Goital,Kishorgorj,Sm,ug/L,0.02
S98_01843,JES-47,1998/07/18,23.167,89.219,DTW,133,Khulna,Jessore,Jessore Sadar,Jessore,Jessore,Sm,ug/L,< 0.01
S98_01844,MYM-47,1998/07/17,24.454,90.54,HTW,,Dhaka,Mymensingh,Gafargaon,Saltia,Sulhasia,Sm,ug/L,< 0.01
S98_01845,NAR-48,1998/07/18,23.173,89.513,HTW,24,Khulna,Narail,Narail Sadar,Narail,Narail,Sm,ug/L,< 0.01
S98_01846,KISH-48,1998/07/18,24.047,90.973,HTW,20,Dhaka,Kishoreganj,Bhairab,Bhairab,Bhairab Rly St,Sm,ug/L,< 0.01
S98_01847,GODKHA-49,1998/07/15,23.059,89.077,HTW,24,Khulna,Jessore,Jhikargachha,Godkhali,Godkhali,Sm,ug/L,< 0.01
S98_01848,TA-49,1998/07/20,24.605,90.024,HTW,34,Dhaka,Tangail,Madhupur,Madhupur,Madhupur,Sm,ug/L,< 0.01
S98_01849,KHUL-50,1998/07/15,22.812,89.561,DTW,274,Khulna,Khulna,Khulna Sadar,Khulna,Khulna,Sm,ug/L,< 0.01
S98_01850,TA-50,1998/07/20,24.24,89.909,HTW,27,Dhaka,Tangail,Tangail Sadar,Sadar,Bepari Para,Sm,ug/L,< 0.01
S98_01851,SATKHR-51,1998/07/17,22.718,89.07,DTW,183,Khulna,Satkhira,Satkhira Sadar,Satkhira,Satkhira,Sm,ug/L,< 0.01
S98_01852,TA-51,1998/07/20,24.108,90.076,HTW,27,Dhaka,Tangail,Mirzapur,Baithgram,Gurail,Sm,ug/L,< 0.01
S98_01853,CHAL-52,1998/07/18,22.586,89.504,HTW,18,Khulna,Bagerhat,Bagerhat Sadar,Chalna,Chalna,Sm,ug/L,< 0.01
S98_01854,GA-52,1998/07/17,24.197,90.474,HTW,29,Dhaka,Gazipur,Sripur,Sreepur,Sreepur,Sm,ug/L,0.01
S98_01855,BAGIER-53,1998/07/15,22.663,89.763,,38,Khulna,Bagerhat,Bagerhat Sadar,Bagierhat,Bagierhat,Sm,ug/L,< 0.01
S98_01856,NAR-53,1998/07/18,23.926,90.718,HTW,,Dhaka,Narsingdi,Narsingdi Sadar,Narshingdi,Norshindi Dak Hangloo,Sm,ug/L,0.02
S98_01857,KHALIS-54,1998/07/18,22.548,89.538,DTW,274,Khulna,Khulna,Khulna Sadar,Khalishpur,Khalishpur,Sm,ug/L,< 0.01
S98_01858,DA-54,1998/07/16,23.734,90.418,DTW,137,Dhaka,Dhaka,Motijheel,Motijheel,Pwd Colony,Sm,ug/L,< 0.01
S98_01859,RJB-69,1998/07/22,23.765,89.476,HTW,22,Dhaka,Rajbari,Pangsha,,Kalukhau,Sm,ug/L,< 0.01
S98_01860,RJB-70,1998/07/22,23.754,89.645,DTW,127,Dhaka,Rajbari,Rajbari Sadar,,Municipality,Sm,ug/L,< 0.01
S98_01861,FAR-71,1998/07/23,23.599,89.835,DTW,84,Dhaka,Faridpur,Faridpur Sadar,,Municipal,Sm,ug/L,< 0.01
S98_01862,GOP-72,1998/07/23,23.21,89.693,HTW,20,Dhaka,Gopalganj,Kashiani,,Bhatiapara,Sm,ug/L,< 0.01
S98_01863,GOP-73,1998/07/23,23.005,89.823,HTW,20,Dhaka,Gopalganj,Gopalganj Sadar,Municipality,Gopalganj,Sm,ug/L,< 0.01
S98_01864,MAD-74,1998/07/23,23.167,90.195,DTW,238,Dhaka,Madaripur,Madaripur Sadar,Municipality,Madaripur,Sm,ug/L,0.01
S98_01865,BAR-75,1998/07/25,22.7,90.369,DTW,610,Barisal,Barisal,Barisal Sadar,,Barisal,Sm,ug/L,< 0.01
S98_01866,PAT-77,1998/07/25,22.355,90.345,DTW,274,Barisal,Patuakhali,Patuakhali Sadar,Municipality,Patuakhali,Sm,ug/L,0.01
S98_01867,DA-101,1998/07/21,23.51,90.217,HTW,26,Dhaka,Munshiganj,Munshiganj Sadar,Bhaishakul,Bhaishakul T Inst,Sm,ug/L,< 0.01
S98_01868,DA-102,1998/07/16,23.769,90.364,DTW,53,Dhaka,Dhaka,Mohammadpur (D),Mohammedpur,Mohammedpur,Sm,ug/L,< 0.01
S98_04510,GOHI-44,1998/07/29,22.1467,91.8231,Piez,265,Chittagong,Chittagong,Anowara,Gohira,UC Office,Sm,ug/L,0.02
S98_04511,RUST-45,1998/07/29,22.1924,91.8562,HTW,146,Chittagong,Chittagong,Anowara,Battali,Battali,Sm,ug/L,< 0.01
S98_04512,GOHI-46,1998/07/29,22.1467,91.8231,Piez,68,Chittagong,Chittagong,Anowara,Gohira,UC Office,Sm,ug/L,< 0.01
S98_04513,COM-84,1998/07/28,23.4453,91.1722,HTW,32,Chittagong,Comilla,Comilla Sadar,Shaktala,Shaktala,Sm,ug/L,< 0.01
S98_04514,DAUD-85,1998/07/28,23.536,90.7104,HTW,32,Chittagong,Comilla,Daudkandi,Daudkandi,Daudkandi Bazar,Sm,ug/L,0.02
S98_04515,LAKS-86,1998/07/28,23.2499,91.115,HTW,23,Chittagong,Comilla,Laksam,Nabaratpur,Nabaratpur,Sm,ug/L,< 0.01
S98_04516,HAJ-87,1998/07/31,23.2484,90.8696,DTW,107,Chittagong,Chandpur,Hajiganj,Aligonj,Aligonj H complex,Sm,ug/L,< 0.01
S98_04517,CHAN-88,1998/07/31,23.2342,90.6673,HTW,168,Chittagong,Chandpur,Chandpur Sadar,Shologhar,Shologhar,Sm,ug/L,< 0.01
S98_04518,NOA-89,1998/07/28,22.8334,91.0955,HTW,11,Chittagong,Noakhali,Noakhali Sadar,Sonapur,Sonapur,Sm,ug/L,< 0.01
S98_04519,FENI-90,1998/07/28,23.0053,91.3866,HTW,13,Chittagong,Feni,Feni Sadar,Pachgadria,Feni Rest House,Sm,ug/L,< 0.01
S98_04520,MIR-91,1998/07/28,22.7761,91.5656,HTW,25,Chittagong,Chittagong,Mirsharai,PS,Miraswarai,Sm,ug/L,< 0.01
S98_04521,CTG-92,1998/07/29,22.4735,91.7891,DTW,110,Chittagong,Chittagong,Hathazari,Hathajani,University,Sm,ug/L,< 0.01
S98_04522,CTG-93,1998/07/29,22.3704,91.8442,DTW,146,Chittagong,Chittagong,Chandgaon,Chandgown,Chandgown,Sm,ug/L,< 0.01
S98_04523,ANWA-94,1998/07/29,22.2234,91.898,HTW,43,Chittagong,Chittagong,Anowara,Anwara,Thana Parishad Office,Sm,ug/L,< 0.01
S98_04524,SAT-95,1998/07/29,22.0721,92.0479,HTW,31,Chittagong,Chittagong,Satkania,Satkania,Satkania,Sm,ug/L,< 0.01
S98_04525,COX-99,1998/07/30,21.4349,91.9656,HTW,10,Chittagong,Cox's Bazar,Cox's Bazar Sadar,,BWDB rest house,Sm,ug/L,< 0.01
S98_04526,UKHI-100,1998/07/30,21.2432,92.1325,DTW,52,Chittagong,Cox's Bazar,Ukhia,Ukhia,Ukhia Bazar,Sm,ug/L,< 0.01
S99_00796,SAN-43(CS),1999/04/06,22.4815,91.4285,Piez,56.96,Chittagong,Chittagong,Sandwip,Rahamatpur,Rahamatpur,Sm,ug/L,
S99_00797,SAN-42(CMD),1999/04/06,22.4815,91.4285,Piez,160.92,Chittagong,Chittagong,Sandwip,Rahamatpur,Rahamatpur,Sm,ug/L,
S99_00798,SAN-41(CD),1999/04/06,22.4815,91.4285,Piez,261.94,Chittagong,Chittagong,Sandwip,Rahamatpur,Rahamatpur,Sm,ug/L,
S99_00799,MOH-98,1999/05/28,21.517,91.9584,Piez,7.32,Chittagong,Cox's Bazar,Maheshkhali,Gorukghata,Gorukghata,Sm,ug/L,
S99_00800,KUT-97,1999/05/30,21.8128,91.8449,Piez,542.68,Chittagong,Cox's Bazar,Kutubdia,Baraghope,Baraghope,Sm,ug/L,
S99_00801,SAND-9,1999/03/06,22.4817,91.4332,Piez,329.26,Chittagong,Chittagong,Sandwip,BWDB Guest house,BWDB Guest house,Sm,ug/L,
S99_00802,AKHA-82,1999/05/24,23.8659,91.201,HTW,18.3,Chittagong,Brahamanbaria,Akhaura,Railway station,Railway station,Sm,ug/L,
S99_00803,MUR-83,1999/05/24,23.7627,90.9899,HTW,26.22,Chittagong,Comilla,Muradnagar,Kasimpur,Kasimpur,Sm,ug/L,
S99_00804,CHU-81,1999/05/25,24.1945,91.5138,HTW,30.5,Sylhet,Habiganj,Chunarughat,Chunarughat Bazar,Chunarughat Bazar,Sm,ug/L,
S99_00805,HABI-80,1999/05/25,24.3776,91.4083,HTW,36.59,Sylhet,Habiganj,Habiganj Sadar,Rajanagar,Rajanagar,Sm,ug/L,
S99_00806,MVI-79,1999/05/25,24.4696,91.7603,HTW,30.5,Sylhet,Maulvibazar,Maulvi Bazar Sadar,Sultanpur,Sultanpur,Sm,ug/L,
S99_00807,SYL-78,1998/05/25,24.8795,91.8605,HTW,30.5,Sylhet,Sylhet,Sylhet Sadar,Railway station,Railway station,Sm,ug/L,
S98_01785,SAT-1,1998/07/23,26.479,88.514,HTW,9,Rajshahi,Panchagarh,Tetulia,Satmara,Satmara,Sn,ug/L,1
S98_01786,130DA-2,,25.7,88.5,HTW,15,Rajshahi,Panchagarh,Boda,Boda,Boda,Sn,ug/L,0.8
S98_01787,TA-2/B,1998/07/20,24.088,90.17,HTW,37,Dhaka,Tangail,Mirzapur,Gurai,Gurai,Sn,ug/L,1.9
S98_01788,BALI-3,1998/07/23,26.083,88.279,HTW,18,Rajshahi,Thakurgaon,Baliadangi,Baliadanga,Baliadanga,Sn,ug/L,1.3
S98_01789,SALN-4,1998/07/23,26.054,88.533,HTW,37,Rajshahi,Thakurgaon,Thakurgaon Sadar,Salander,Salander,Sn,ug/L,0.8
S98_01790,JA-4/B,1998/07/19,24.91,89.946,HTW,26,Dhaka,Jamalpur,Jamalpur Sadar,Jamalpur,Fulbaria,Sn,ug/L,1
S98_01791,KABIR-5,1998/07/24,25.903,88.6,HTW,30,Rajshahi,Dinajpur,Birganj,Birgong,Kbirashat,Sn,ug/L,1.2
S98_01792,RANI-6,1998/07/23,25.901,88.254,HTW,30,Rajshahi,Thakurgaon,Ranisankail,Ranisanwail,Ranisanwail,Sn,ug/L,0.7
S98_01793,SIBRM-7,1998/07/24,25.665,88.652,HTW,18,Rajshahi,Dinajpur,Dinajpur Sadar,Sibrampur,Sibrampur,Sn,ug/L,1.3
S98_01794,PARBT-8,1998/07/24,25.653,88.915,HTW,20,Rajshahi,Dinajpur,Parbatipur,Parbatipur,Parbatipur,Sn,ug/L,1.3
S98_01795,HAKM-9,1998/07/22,25.288,89.021,HTW,21,Rajshahi,Dinajpur,Hakimpur,Hakimpur,Hakimpur,Sn,ug/L,1
S98_01796,CHIL-10,1998/07/25,26.1,88.8,HTW,24,Rajshahi,Nilphamari,Domar,Chilahati,Chilahati,Sn,ug/L,1.5
S98_01797,NIL-11,1998/07/24,25.9,88.8,HTW,18,Rajshahi,Nilphamari,Nilphamari Sadar,Nilphamari,Nilphamari,Sn,ug/L,1.3
S98_01798,BRUT-12,1998/07/25,26.203,89.11,HTW,,Rajshahi,Lalmonirhat,Hatibandha,Barakhta,Barakhta,Sn,ug/L,1.3
S98_01799,JAL-13,1998/07/25,25.931,88.838,HTW,27,Rajshahi,Nilphamari,Jaldhaka,Jaldhaka,Jaldhaka,Sn,ug/L,0.8
S98_01800,RANG-14,1998/07/26,25.752,89.253,HTW,18,Rajshahi,Rangpur,Rangpur Sadar,Rangipur,Rangipur,Sn,ug/L,1.4
S98_01801,LALM-15,1998/07/25,25.913,89.436,HTW,14,Rajshahi,Lalmonirhat,Lalmonirhat Sadar,Lalmonihat,Lalmonihat,Sn,ug/L,1.5
S98_01802,NAGUR-16,1998/07/26,25.965,89.671,HTW,18,Rajshahi,Kurigram,Nageshwari,Nagieshwari,Nagieshwari,Sn,ug/L,1.1
S98_01803,ULI-17,1998/07/26,25.653,89.623,HTW,18,Rajshahi,Kurigram,Ulipur,Ulipur,Ulipur,Sn,ug/L,1.1
S98_01804,BAMAN,1998/07/26,25.532,89.446,,18,Rajshahi,Gaibandha,Sundarganj,Bamandaga,Bamandaga,Sn,ug/L,0.9
S98_01805,BOA-19,1998/07/27,25.318,89.55,HTW,18,Rajshahi,Gaibandha,Gaibandha Sadar,Boalia,Boalia,Sn,ug/L,1.7
S98_01806,GABIN-20,1998/07/27,25.134,89.387,,12,Rajshahi,Gaibandha,Gobindaganj,Gabindagons,Gabindagons,Sn,ug/L,1.1
S98_01807,MADR-21,1998/07/22,25.109,89.036,HTW,15,Rajshahi,Jaipurhat,Jaipurhat Sadar,Madergonj,Madergonj,Sn,ug/L,3.3
S98_01808,SANTA-22,1998/07/22,24.804,88.969,HTW,18,Rajshahi,Bogra,Adamdighi,Santahar,Santahar,Sn,ug/L,0.9
S98_01809,GIOKU-23,1998/07/27,24.933,89.348,HTW,18,Rajshahi,Bogra,Bogra Sadar,Giokul,Giokul,Sn,ug/L,1.3
S98_01810,PATNI-29,1998/07/22,25.05,88.75,HTW,15,Rajshahi,Naogaon,Patnitala,Patnitala,Patnitala,Sn,ug/L,1.1
S98_01811,MAND-25,1998/07/22,24.793,88.701,HTW,30,Rajshahi,Naogaon,Manda,Manda,Manda,Sn,ug/L,1.7
S98_01812,PIR-25,1998/07/27,22.365,89.933,,,Barisal,Pirojpur,Mathbaria,,Burirchar,Sn,ug/L,0.5
S98_01813,RAHAN-26,1998/07/21,24.8,88.2,HTW,30,Rajshahi,Nawabganj,Gomastapur,Rahandur,Rahandur,Sn,ug/L,2.4
S98_01814,PIR-26,1998/07/27,22.365,89.933,HTW,37,Barisal,Pirojpur,Mathbaria,,Burirchar,Sn,ug/L,0.7
S98_01815,SHIB-27,1998/07/21,24.684,88.157,Piez,61,Rajshahi,Nawabganj,Shibganj (N),Shibgong,Shibgong,Sn,ug/L,1.4
S98_01816,PIR-27,1998/07/27,22.365,89.933,HTW,27,Barisal,Pirojpur,Mathbaria,,Burirchar,Sn,ug/L,0.8
S98_01817,GIODA-28,1998/07/21,24.461,88.328,HTW,30,Rajshahi,Rajshahi,Godagari,Giodagari,Giodagari,Sn,ug/L,1.2
S98_01818,SAPU-29,1998/07/21,24.374,88.558,HTW,37,Rajshahi,Rajshahi,Rajpara,Sapura,Sapura,Sn,ug/L,0.9
S98_01819,CHAR-30,1998/07/20,24.304,88.738,HTW,18,Rajshahi,Rajshahi,Charghat,Charghat,Charghat,Sn,ug/L,1.2
S98_01820,NAT-31,1998/07/20,24.414,89.988,HTW,27,Rajshahi,Natore,Natore Sadar,Natore,Natore,Sn,ug/L,0.8
S98_01821,SING-32,1998/07/20,24.506,89.143,TARA,18,Rajshahi,Natore,Singra,Singra,Singra,Sn,ug/L,1.1
S98_01822,LAL-33,1998/07/20,24.179,88.966,HTW,27,Rajshahi,Natore,Lalpur,Lalpur,Lalpur,Sn,ug/L,0.9
S98_01823,ROYG-34,1998/07/27,24.507,89.526,HTW,15,Rajshahi,Sirajganj,Raiganj,Roygong,Roygong,Sn,ug/L,1.2
S98_01824,SIRA-35,1998/07/28,24.463,89.708,HTW,18,Rajshahi,Sirajganj,Sirajganj Sadar,Sirjgong,Sirjgong,Sn,ug/L,1.5
S98_01825,CHAT-36,1998/07/20,24.15,89.261,HTW,18,Rajshahi,Pabna,Chatmohar,Chatmohur,Chatmohur,Sn,ug/L,1.4
S98_01826,PAB-37,1998/07/19,24.006,89.235,HTW,30,Rajshahi,Pabna,Pabna Sadar,Pabna,Pabna,Sn,ug/L,1.4
S98_01827,SUJA-38,1998/07/19,23.94,89.408,HTW,18,Rajshahi,Pabna,Sujanagar,Sujanager,Sujanager,Sn,ug/L,1.3
S98_01828,NAGIR-39,1998/07/28,23.951,89.65,HTW,20,Rajshahi,Pabna,Bera,Nagierbari,Nagierbari,Sn,ug/L,1.1
S98_01829,JA-40,1998/07/19,25.156,89.751,HTW,27,Dhaka,Jamalpur,Dewanganj,Chukaibari,Batheshasaria,Sn,ug/L,2.5
S98_01830,PRAG-40,1998/07/19,24.005,88.765,TARA,113,Khulna,Kushtia,Daulatpur (Ku),Pragpur,Pragpur,Sn,ug/L,1.1
S98_01831,HYM-41,1998/07/18,25.117,90.335,,27,Dhaka,Mymensingh,Haluaghat, Haluagher,Haluaghatthana Compn,Sn,ug/L,1.3
S98_01832,VHAR-41,1998/07/19,24.019,88.992,HTW,,Khulna,Kushtia,Bheramara,Vharamara,Vharamara,Sn,ug/L,1.1
S98_01833,KUST-42,1998/07/19,23.909,89.128,HTW,49,Khulna,Kushtia,Kushtia Sadar,Kushtia,Kushtia,Sn,ug/L,3.2
S98_01834,SHER-42/A,1998/07/18,25.018,90.012,HTW,36,Rajshahi,Bogra,Sherpur,Sherpur,,Sn,ug/L,0.7
S98_01835,MEHER-43,1998/07/19,23.761,88.632,HTW,27,Khulna,Meherpur,Meherpur Sadar,Meherpur,Meherpur,Sn,ug/L,1.9
S98_01836,JAM-43,1998/07/20,24.758,89.835,HTW,20,Dhaka,Jamalpur,Sarishabari,Sharishabari,Sharishabari,Sn,ug/L,0.7
S98_01837,DAR-44,1998/07/19,23.529,88.81,HTW,18,Khulna,Chuadanga,Chuadanga Sadar,Darsana,Darsana,Sn,ug/L,1
S98_01838,MYM-44,1998/07/17,24.748,90.406,DTW,107,Dhaka,Mymensingh,Mymensingh Sadar,Sadar,Bagmera,Sn,ug/L,1.4
S98_01839,JHIN-45,1998/07/18,23.547,89.165,,122,Khulna,Jhenaidah,Jhenaidah Sadar,Jhinaidha,Jhinaidha,Sn,ug/L,1.3
S98_01840,NET-45,1998/07/17,24.866,90.722,HTW,65,Dhaka,Netrokona,Netrokona Sadar,Sadar,Netrokona,Sn,ug/L,0.6
S98_01841,MAGU-46,1998/07/15,23.488,89.429,HTW,21,Khulna,Magura,Magura Sadar,Magura,Magura,Sn,ug/L,1.4
S98_01842,KISH-46,1998/07/18,24.444,90.773,DTW,118,Dhaka,Kishoreganj,Kishoreganj Sadar,Goital,Kishorgorj,Sn,ug/L,1.1
S98_01843,JES-47,1998/07/18,23.167,89.219,DTW,133,Khulna,Jessore,Jessore Sadar,Jessore,Jessore,Sn,ug/L,0.6
S98_01844,MYM-47,1998/07/17,24.454,90.54,HTW,,Dhaka,Mymensingh,Gafargaon,Saltia,Sulhasia,Sn,ug/L,1.1
S98_01845,NAR-48,1998/07/18,23.173,89.513,HTW,24,Khulna,Narail,Narail Sadar,Narail,Narail,Sn,ug/L,1.6
S98_01846,KISH-48,1998/07/18,24.047,90.973,HTW,20,Dhaka,Kishoreganj,Bhairab,Bhairab,Bhairab Rly St,Sn,ug/L,0.7
S98_01847,GODKHA-49,1998/07/15,23.059,89.077,HTW,24,Khulna,Jessore,Jhikargachha,Godkhali,Godkhali,Sn,ug/L,2
S98_01848,TA-49,1998/07/20,24.605,90.024,HTW,34,Dhaka,Tangail,Madhupur,Madhupur,Madhupur,Sn,ug/L,1
S98_01849,KHUL-50,1998/07/15,22.812,89.561,DTW,274,Khulna,Khulna,Khulna Sadar,Khulna,Khulna,Sn,ug/L,0.7
S98_01850,TA-50,1998/07/20,24.24,89.909,HTW,27,Dhaka,Tangail,Tangail Sadar,Sadar,Bepari Para,Sn,ug/L,1.9
S98_01851,SATKHR-51,1998/07/17,22.718,89.07,DTW,183,Khulna,Satkhira,Satkhira Sadar,Satkhira,Satkhira,Sn,ug/L,0.7
S98_01852,TA-51,1998/07/20,24.108,90.076,HTW,27,Dhaka,Tangail,Mirzapur,Baithgram,Gurail,Sn,ug/L,2.1
S98_01853,CHAL-52,1998/07/18,22.586,89.504,HTW,18,Khulna,Bagerhat,Bagerhat Sadar,Chalna,Chalna,Sn,ug/L,0.4
S98_01854,GA-52,1998/07/17,24.197,90.474,HTW,29,Dhaka,Gazipur,Sripur,Sreepur,Sreepur,Sn,ug/L,1
S98_01855,BAGIER-53,1998/07/15,22.663,89.763,,38,Khulna,Bagerhat,Bagerhat Sadar,Bagierhat,Bagierhat,Sn,ug/L,0.8
S98_01856,NAR-53,1998/07/18,23.926,90.718,HTW,,Dhaka,Narsingdi,Narsingdi Sadar,Narshingdi,Norshindi Dak Hangloo,Sn,ug/L,0.5
S98_01857,KHALIS-54,1998/07/18,22.548,89.538,DTW,274,Khulna,Khulna,Khulna Sadar,Khalishpur,Khalishpur,Sn,ug/L,0.5
S98_01858,DA-54,1998/07/16,23.734,90.418,DTW,137,Dhaka,Dhaka,Motijheel,Motijheel,Pwd Colony,Sn,ug/L,1.2
S98_01859,RJB-69,1998/07/22,23.765,89.476,HTW,22,Dhaka,Rajbari,Pangsha,,Kalukhau,Sn,ug/L,1
S98_01860,RJB-70,1998/07/22,23.754,89.645,DTW,127,Dhaka,Rajbari,Rajbari Sadar,,Municipality,Sn,ug/L,1
S98_01861,FAR-71,1998/07/23,23.599,89.835,DTW,84,Dhaka,Faridpur,Faridpur Sadar,,Municipal,Sn,ug/L,0.9
S98_01862,GOP-72,1998/07/23,23.21,89.693,HTW,20,Dhaka,Gopalganj,Kashiani,,Bhatiapara,Sn,ug/L,0.8
S98_01863,GOP-73,1998/07/23,23.005,89.823,HTW,20,Dhaka,Gopalganj,Gopalganj Sadar,Municipality,Gopalganj,Sn,ug/L,1
S98_01864,MAD-74,1998/07/23,23.167,90.195,DTW,238,Dhaka,Madaripur,Madaripur Sadar,Municipality,Madaripur,Sn,ug/L,0.5
S98_01865,BAR-75,1998/07/25,22.7,90.369,DTW,610,Barisal,Barisal,Barisal Sadar,,Barisal,Sn,ug/L,2.2
S98_01866,PAT-77,1998/07/25,22.355,90.345,DTW,274,Barisal,Patuakhali,Patuakhali Sadar,Municipality,Patuakhali,Sn,ug/L,3.1
S98_01867,DA-101,1998/07/21,23.51,90.217,HTW,26,Dhaka,Munshiganj,Munshiganj Sadar,Bhaishakul,Bhaishakul T Inst,Sn,ug/L,0.9
S98_01868,DA-102,1998/07/16,23.769,90.364,DTW,53,Dhaka,Dhaka,Mohammadpur (D),Mohammedpur,Mohammedpur,Sn,ug/L,1.4
S98_04510,GOHI-44,1998/07/29,22.1467,91.8231,Piez,265,Chittagong,Chittagong,Anowara,Gohira,UC Office,Sn,ug/L,< 0.1
S98_04511,RUST-45,1998/07/29,22.1924,91.8562,HTW,146,Chittagong,Chittagong,Anowara,Battali,Battali,Sn,ug/L,2.5
S98_04512,GOHI-46,1998/07/29,22.1467,91.8231,Piez,68,Chittagong,Chittagong,Anowara,Gohira,UC Office,Sn,ug/L,0.3
S98_04513,COM-84,1998/07/28,23.4453,91.1722,HTW,32,Chittagong,Comilla,Comilla Sadar,Shaktala,Shaktala,Sn,ug/L,1.1
S98_04514,DAUD-85,1998/07/28,23.536,90.7104,HTW,32,Chittagong,Comilla,Daudkandi,Daudkandi,Daudkandi Bazar,Sn,ug/L,0.4
S98_04515,LAKS-86,1998/07/28,23.2499,91.115,HTW,23,Chittagong,Comilla,Laksam,Nabaratpur,Nabaratpur,Sn,ug/L,0.6
S98_04516,HAJ-87,1998/07/31,23.2484,90.8696,DTW,107,Chittagong,Chandpur,Hajiganj,Aligonj,Aligonj H complex,Sn,ug/L,0.2
S98_04517,CHAN-88,1998/07/31,23.2342,90.6673,HTW,168,Chittagong,Chandpur,Chandpur Sadar,Shologhar,Shologhar,Sn,ug/L,0.9
S98_04518,NOA-89,1998/07/28,22.8334,91.0955,HTW,11,Chittagong,Noakhali,Noakhali Sadar,Sonapur,Sonapur,Sn,ug/L,0.2
S98_04519,FENI-90,1998/07/28,23.0053,91.3866,HTW,13,Chittagong,Feni,Feni Sadar,Pachgadria,Feni Rest House,Sn,ug/L,0.7
S98_04520,MIR-91,1998/07/28,22.7761,91.5656,HTW,25,Chittagong,Chittagong,Mirsharai,PS,Miraswarai,Sn,ug/L,0.7
S98_04521,CTG-92,1998/07/29,22.4735,91.7891,DTW,110,Chittagong,Chittagong,Hathazari,Hathajani,University,Sn,ug/L,1.3
S98_04522,CTG-93,1998/07/29,22.3704,91.8442,DTW,146,Chittagong,Chittagong,Chandgaon,Chandgown,Chandgown,Sn,ug/L,1.2
S98_04523,ANWA-94,1998/07/29,22.2234,91.898,HTW,43,Chittagong,Chittagong,Anowara,Anwara,Thana Parishad Office,Sn,ug/L,0.1
S98_04524,SAT-95,1998/07/29,22.0721,92.0479,HTW,31,Chittagong,Chittagong,Satkania,Satkania,Satkania,Sn,ug/L,0.3
S98_04525,COX-99,1998/07/30,21.4349,91.9656,HTW,10,Chittagong,Cox's Bazar,Cox's Bazar Sadar,,BWDB rest house,Sn,ug/L,0.3
S98_04526,UKHI-100,1998/07/30,21.2432,92.1325,DTW,52,Chittagong,Cox's Bazar,Ukhia,Ukhia,Ukhia Bazar,Sn,ug/L,1.1
S99_00796,SAN-43(CS),1999/04/06,22.4815,91.4285,Piez,56.96,Chittagong,Chittagong,Sandwip,Rahamatpur,Rahamatpur,Sn,ug/L,
S99_00797,SAN-42(CMD),1999/04/06,22.4815,91.4285,Piez,160.92,Chittagong,Chittagong,Sandwip,Rahamatpur,Rahamatpur,Sn,ug/L,
S99_00798,SAN-41(CD),1999/04/06,22.4815,91.4285,Piez,261.94,Chittagong,Chittagong,Sandwip,Rahamatpur,Rahamatpur,Sn,ug/L,
S99_00799,MOH-98,1999/05/28,21.517,91.9584,Piez,7.32,Chittagong,Cox's Bazar,Maheshkhali,Gorukghata,Gorukghata,Sn,ug/L,
S99_00800,KUT-97,1999/05/30,21.8128,91.8449,Piez,542.68,Chittagong,Cox's Bazar,Kutubdia,Baraghope,Baraghope,Sn,ug/L,
S99_00801,SAND-9,1999/03/06,22.4817,91.4332,Piez,329.26,Chittagong,Chittagong,Sandwip,BWDB Guest house,BWDB Guest house,Sn,ug/L,
S99_00802,AKHA-82,1999/05/24,23.8659,91.201,HTW,18.3,Chittagong,Brahamanbaria,Akhaura,Railway station,Railway station,Sn,ug/L,
S99_00803,MUR-83,1999/05/24,23.7627,90.9899,HTW,26.22,Chittagong,Comilla,Muradnagar,Kasimpur,Kasimpur,Sn,ug/L,
S99_00804,CHU-81,1999/05/25,24.1945,91.5138,HTW,30.5,Sylhet,Habiganj,Chunarughat,Chunarughat Bazar,Chunarughat Bazar,Sn,ug/L,
S99_00805,HABI-80,1999/05/25,24.3776,91.4083,HTW,36.59,Sylhet,Habiganj,Habiganj Sadar,Rajanagar,Rajanagar,Sn,ug/L,
S99_00806,MVI-79,1999/05/25,24.4696,91.7603,HTW,30.5,Sylhet,Maulvibazar,Maulvi Bazar Sadar,Sultanpur,Sultanpur,Sn,ug/L,
S99_00807,SYL-78,1998/05/25,24.8795,91.8605,HTW,30.5,Sylhet,Sylhet,Sylhet Sadar,Railway station,Railway station,Sn,ug/L,
S98_01785,SAT-1,1998/07/23,26.479,88.514,HTW,9,Rajshahi,Panchagarh,Tetulia,Satmara,Satmara,SO4,mg/L,9.7
S98_01786,130DA-2,,25.7,88.5,HTW,15,Rajshahi,Panchagarh,Boda,Boda,Boda,SO4,mg/L,2.4
S98_01787,TA-2/B,1998/07/20,24.088,90.17,HTW,37,Dhaka,Tangail,Mirzapur,Gurai,Gurai,SO4,mg/L,1.1
S98_01788,BALI-3,1998/07/23,26.083,88.279,HTW,18,Rajshahi,Thakurgaon,Baliadangi,Baliadanga,Baliadanga,SO4,mg/L,6.3
S98_01789,SALN-4,1998/07/23,26.054,88.533,HTW,37,Rajshahi,Thakurgaon,Thakurgaon Sadar,Salander,Salander,SO4,mg/L,4.4
S98_01790,JA-4/B,1998/07/19,24.91,89.946,HTW,26,Dhaka,Jamalpur,Jamalpur Sadar,Jamalpur,Fulbaria,SO4,mg/L,1.9
S98_01791,KABIR-5,1998/07/24,25.903,88.6,HTW,30,Rajshahi,Dinajpur,Birganj,Birgong,Kbirashat,SO4,mg/L,1.6
S98_01792,RANI-6,1998/07/23,25.901,88.254,HTW,30,Rajshahi,Thakurgaon,Ranisankail,Ranisanwail,Ranisanwail,SO4,mg/L,4.8
S98_01793,SIBRM-7,1998/07/24,25.665,88.652,HTW,18,Rajshahi,Dinajpur,Dinajpur Sadar,Sibrampur,Sibrampur,SO4,mg/L,4.5
S98_01794,PARBT-8,1998/07/24,25.653,88.915,HTW,20,Rajshahi,Dinajpur,Parbatipur,Parbatipur,Parbatipur,SO4,mg/L,15.4
S98_01795,HAKM-9,1998/07/22,25.288,89.021,HTW,21,Rajshahi,Dinajpur,Hakimpur,Hakimpur,Hakimpur,SO4,mg/L,7.3
S98_01796,CHIL-10,1998/07/25,26.1,88.8,HTW,24,Rajshahi,Nilphamari,Domar,Chilahati,Chilahati,SO4,mg/L,< 0.2
S98_01797,NIL-11,1998/07/24,25.9,88.8,HTW,18,Rajshahi,Nilphamari,Nilphamari Sadar,Nilphamari,Nilphamari,SO4,mg/L,4.3
S98_01798,BRUT-12,1998/07/25,26.203,89.11,HTW,,Rajshahi,Lalmonirhat,Hatibandha,Barakhta,Barakhta,SO4,mg/L,6.9
S98_01799,JAL-13,1998/07/25,25.931,88.838,HTW,27,Rajshahi,Nilphamari,Jaldhaka,Jaldhaka,Jaldhaka,SO4,mg/L,1.6
S98_01800,RANG-14,1998/07/26,25.752,89.253,HTW,18,Rajshahi,Rangpur,Rangpur Sadar,Rangipur,Rangipur,SO4,mg/L,27.6
S98_01801,LALM-15,1998/07/25,25.913,89.436,HTW,14,Rajshahi,Lalmonirhat,Lalmonirhat Sadar,Lalmonihat,Lalmonihat,SO4,mg/L,3.1
S98_01802,NAGUR-16,1998/07/26,25.965,89.671,HTW,18,Rajshahi,Kurigram,Nageshwari,Nagieshwari,Nagieshwari,SO4,mg/L,13.7
S98_01803,ULI-17,1998/07/26,25.653,89.623,HTW,18,Rajshahi,Kurigram,Ulipur,Ulipur,Ulipur,SO4,mg/L,6.5
S98_01804,BAMAN,1998/07/26,25.532,89.446,,18,Rajshahi,Gaibandha,Sundarganj,Bamandaga,Bamandaga,SO4,mg/L,21.1
S98_01805,BOA-19,1998/07/27,25.318,89.55,HTW,18,Rajshahi,Gaibandha,Gaibandha Sadar,Boalia,Boalia,SO4,mg/L,2.2
S98_01806,GABIN-20,1998/07/27,25.134,89.387,,12,Rajshahi,Gaibandha,Gobindaganj,Gabindagons,Gabindagons,SO4,mg/L,11.5
S98_01807,MADR-21,1998/07/22,25.109,89.036,HTW,15,Rajshahi,Jaipurhat,Jaipurhat Sadar,Madergonj,Madergonj,SO4,mg/L,2.7
S98_01808,SANTA-22,1998/07/22,24.804,88.969,HTW,18,Rajshahi,Bogra,Adamdighi,Santahar,Santahar,SO4,mg/L,48.8
S98_01809,GIOKU-23,1998/07/27,24.933,89.348,HTW,18,Rajshahi,Bogra,Bogra Sadar,Giokul,Giokul,SO4,mg/L,3.2
S98_01810,PATNI-29,1998/07/22,25.05,88.75,HTW,15,Rajshahi,Naogaon,Patnitala,Patnitala,Patnitala,SO4,mg/L,2.2
S98_01811,MAND-25,1998/07/22,24.793,88.701,HTW,30,Rajshahi,Naogaon,Manda,Manda,Manda,SO4,mg/L,0.7
S98_01812,PIR-25,1998/07/27,22.365,89.933,,,Barisal,Pirojpur,Mathbaria,,Burirchar,SO4,mg/L,0.6
S98_01813,RAHAN-26,1998/07/21,24.8,88.2,HTW,30,Rajshahi,Nawabganj,Gomastapur,Rahandur,Rahandur,SO4,mg/L,6.2
S98_01814,PIR-26,1998/07/27,22.365,89.933,HTW,37,Barisal,Pirojpur,Mathbaria,,Burirchar,SO4,mg/L,< 0.2
S98_01815,SHIB-27,1998/07/21,24.684,88.157,Piez,61,Rajshahi,Nawabganj,Shibganj (N),Shibgong,Shibgong,SO4,mg/L,46.4
S98_01816,PIR-27,1998/07/27,22.365,89.933,HTW,27,Barisal,Pirojpur,Mathbaria,,Burirchar,SO4,mg/L,12.3
S98_01817,GIODA-28,1998/07/21,24.461,88.328,HTW,30,Rajshahi,Rajshahi,Godagari,Giodagari,Giodagari,SO4,mg/L,5.2
S98_01818,SAPU-29,1998/07/21,24.374,88.558,HTW,37,Rajshahi,Rajshahi,Rajpara,Sapura,Sapura,SO4,mg/L,14.9
S98_01819,CHAR-30,1998/07/20,24.304,88.738,HTW,18,Rajshahi,Rajshahi,Charghat,Charghat,Charghat,SO4,mg/L,1.8
S98_01820,NAT-31,1998/07/20,24.414,89.988,HTW,27,Rajshahi,Natore,Natore Sadar,Natore,Natore,SO4,mg/L,11.9
S98_01821,SING-32,1998/07/20,24.506,89.143,TARA,18,Rajshahi,Natore,Singra,Singra,Singra,SO4,mg/L,31
S98_01822,LAL-33,1998/07/20,24.179,88.966,HTW,27,Rajshahi,Natore,Lalpur,Lalpur,Lalpur,SO4,mg/L,2.4
S98_01823,ROYG-34,1998/07/27,24.507,89.526,HTW,15,Rajshahi,Sirajganj,Raiganj,Roygong,Roygong,SO4,mg/L,1
S98_01824,SIRA-35,1998/07/28,24.463,89.708,HTW,18,Rajshahi,Sirajganj,Sirajganj Sadar,Sirjgong,Sirjgong,SO4,mg/L,0.2
S98_01825,CHAT-36,1998/07/20,24.15,89.261,HTW,18,Rajshahi,Pabna,Chatmohar,Chatmohur,Chatmohur,SO4,mg/L,4.7
S98_01826,PAB-37,1998/07/19,24.006,89.235,HTW,30,Rajshahi,Pabna,Pabna Sadar,Pabna,Pabna,SO4,mg/L,0.6
S98_01827,SUJA-38,1998/07/19,23.94,89.408,HTW,18,Rajshahi,Pabna,Sujanagar,Sujanager,Sujanager,SO4,mg/L,< 0.2
S98_01828,NAGIR-39,1998/07/28,23.951,89.65,HTW,20,Rajshahi,Pabna,Bera,Nagierbari,Nagierbari,SO4,mg/L,0.7
S98_01829,JA-40,1998/07/19,25.156,89.751,HTW,27,Dhaka,Jamalpur,Dewanganj,Chukaibari,Batheshasaria,SO4,mg/L,< 0.2
S98_01830,PRAG-40,1998/07/19,24.005,88.765,TARA,113,Khulna,Kushtia,Daulatpur (Ku),Pragpur,Pragpur,SO4,mg/L,13.8
S98_01831,HYM-41,1998/07/18,25.117,90.335,,27,Dhaka,Mymensingh,Haluaghat, Haluagher,Haluaghatthana Compn,SO4,mg/L,< 0.2
S98_01832,VHAR-41,1998/07/19,24.019,88.992,HTW,,Khulna,Kushtia,Bheramara,Vharamara,Vharamara,SO4,mg/L,14.6
S98_01833,KUST-42,1998/07/19,23.909,89.128,HTW,49,Khulna,Kushtia,Kushtia Sadar,Kushtia,Kushtia,SO4,mg/L,< 0.2
S98_01834,SHER-42/A,1998/07/18,25.018,90.012,HTW,36,Rajshahi,Bogra,Sherpur,Sherpur,,SO4,mg/L,0.5
S98_01835,MEHER-43,1998/07/19,23.761,88.632,HTW,27,Khulna,Meherpur,Meherpur Sadar,Meherpur,Meherpur,SO4,mg/L,19.3
S98_01836,JAM-43,1998/07/20,24.758,89.835,HTW,20,Dhaka,Jamalpur,Sarishabari,Sharishabari,Sharishabari,SO4,mg/L,11.5
S98_01837,DAR-44,1998/07/19,23.529,88.81,HTW,18,Khulna,Chuadanga,Chuadanga Sadar,Darsana,Darsana,SO4,mg/L,47.6
S98_01838,MYM-44,1998/07/17,24.748,90.406,DTW,107,Dhaka,Mymensingh,Mymensingh Sadar,Sadar,Bagmera,SO4,mg/L,1.8
S98_01839,JHIN-45,1998/07/18,23.547,89.165,,122,Khulna,Jhenaidah,Jhenaidah Sadar,Jhinaidha,Jhinaidha,SO4,mg/L,< 0.2
S98_01840,NET-45,1998/07/17,24.866,90.722,HTW,65,Dhaka,Netrokona,Netrokona Sadar,Sadar,Netrokona,SO4,mg/L,< 0.2
S98_01841,MAGU-46,1998/07/15,23.488,89.429,HTW,21,Khulna,Magura,Magura Sadar,Magura,Magura,SO4,mg/L,< 0.2
S98_01842,KISH-46,1998/07/18,24.444,90.773,DTW,118,Dhaka,Kishoreganj,Kishoreganj Sadar,Goital,Kishorgorj,SO4,mg/L,< 0.2
S98_01843,JES-47,1998/07/18,23.167,89.219,DTW,133,Khulna,Jessore,Jessore Sadar,Jessore,Jessore,SO4,mg/L,< 0.2
S98_01844,MYM-47,1998/07/17,24.454,90.54,HTW,,Dhaka,Mymensingh,Gafargaon,Saltia,Sulhasia,SO4,mg/L,3.3
S98_01845,NAR-48,1998/07/18,23.173,89.513,HTW,24,Khulna,Narail,Narail Sadar,Narail,Narail,SO4,mg/L,< 0.2
S98_01846,KISH-48,1998/07/18,24.047,90.973,HTW,20,Dhaka,Kishoreganj,Bhairab,Bhairab,Bhairab Rly St,SO4,mg/L,2.7
S98_01847,GODKHA-49,1998/07/15,23.059,89.077,HTW,24,Khulna,Jessore,Jhikargachha,Godkhali,Godkhali,SO4,mg/L,2.5
S98_01848,TA-49,1998/07/20,24.605,90.024,HTW,34,Dhaka,Tangail,Madhupur,Madhupur,Madhupur,SO4,mg/L,0.8
S98_01849,KHUL-50,1998/07/15,22.812,89.561,DTW,274,Khulna,Khulna,Khulna Sadar,Khulna,Khulna,SO4,mg/L,< 0.2
S98_01850,TA-50,1998/07/20,24.24,89.909,HTW,27,Dhaka,Tangail,Tangail Sadar,Sadar,Bepari Para,SO4,mg/L,< 0.2
S98_01851,SATKHR-51,1998/07/17,22.718,89.07,DTW,183,Khulna,Satkhira,Satkhira Sadar,Satkhira,Satkhira,SO4,mg/L,10.1
S98_01852,TA-51,1998/07/20,24.108,90.076,HTW,27,Dhaka,Tangail,Mirzapur,Baithgram,Gurail,SO4,mg/L,12.8
S98_01853,CHAL-52,1998/07/18,22.586,89.504,HTW,18,Khulna,Bagerhat,Bagerhat Sadar,Chalna,Chalna,SO4,mg/L,< 0.2
S98_01854,GA-52,1998/07/17,24.197,90.474,HTW,29,Dhaka,Gazipur,Sripur,Sreepur,Sreepur,SO4,mg/L,0.7
S98_01855,BAGIER-53,1998/07/15,22.663,89.763,,38,Khulna,Bagerhat,Bagerhat Sadar,Bagierhat,Bagierhat,SO4,mg/L,20.4
S98_01856,NAR-53,1998/07/18,23.926,90.718,HTW,,Dhaka,Narsingdi,Narsingdi Sadar,Narshingdi,Norshindi Dak Hangloo,SO4,mg/L,< 0.2
S98_01857,KHALIS-54,1998/07/18,22.548,89.538,DTW,274,Khulna,Khulna,Khulna Sadar,Khalishpur,Khalishpur,SO4,mg/L,< 0.2
S98_01858,DA-54,1998/07/16,23.734,90.418,DTW,137,Dhaka,Dhaka,Motijheel,Motijheel,Pwd Colony,SO4,mg/L,4.3
S98_01859,RJB-69,1998/07/22,23.765,89.476,HTW,22,Dhaka,Rajbari,Pangsha,,Kalukhau,SO4,mg/L,< 0.2
S98_01860,RJB-70,1998/07/22,23.754,89.645,DTW,127,Dhaka,Rajbari,Rajbari Sadar,,Municipality,SO4,mg/L,0.7
S98_01861,FAR-71,1998/07/23,23.599,89.835,DTW,84,Dhaka,Faridpur,Faridpur Sadar,,Municipal,SO4,mg/L,< 0.2
S98_01862,GOP-72,1998/07/23,23.21,89.693,HTW,20,Dhaka,Gopalganj,Kashiani,,Bhatiapara,SO4,mg/L,< 0.2
S98_01863,GOP-73,1998/07/23,23.005,89.823,HTW,20,Dhaka,Gopalganj,Gopalganj Sadar,Municipality,Gopalganj,SO4,mg/L,< 0.2
S98_01864,MAD-74,1998/07/23,23.167,90.195,DTW,238,Dhaka,Madaripur,Madaripur Sadar,Municipality,Madaripur,SO4,mg/L,< 0.2
S98_01865,BAR-75,1998/07/25,22.7,90.369,DTW,610,Barisal,Barisal,Barisal Sadar,,Barisal,SO4,mg/L,0.2
S98_01866,PAT-77,1998/07/25,22.355,90.345,DTW,274,Barisal,Patuakhali,Patuakhali Sadar,Municipality,Patuakhali,SO4,mg/L,0.4
S98_01867,DA-101,1998/07/21,23.51,90.217,HTW,26,Dhaka,Munshiganj,Munshiganj Sadar,Bhaishakul,Bhaishakul T Inst,SO4,mg/L,0.3
S98_01868,DA-102,1998/07/16,23.769,90.364,DTW,53,Dhaka,Dhaka,Mohammadpur (D),Mohammedpur,Mohammedpur,SO4,mg/L,4.9
S98_04510,GOHI-44,1998/07/29,22.1467,91.8231,Piez,265,Chittagong,Chittagong,Anowara,Gohira,UC Office,SO4,mg/L,261
S98_04511,RUST-45,1998/07/29,22.1924,91.8562,HTW,146,Chittagong,Chittagong,Anowara,Battali,Battali,SO4,mg/L,0.8
S98_04512,GOHI-46,1998/07/29,22.1467,91.8231,Piez,68,Chittagong,Chittagong,Anowara,Gohira,UC Office,SO4,mg/L,0.4
S98_04513,COM-84,1998/07/28,23.4453,91.1722,HTW,32,Chittagong,Comilla,Comilla Sadar,Shaktala,Shaktala,SO4,mg/L,0.7
S98_04514,DAUD-85,1998/07/28,23.536,90.7104,HTW,32,Chittagong,Comilla,Daudkandi,Daudkandi,Daudkandi Bazar,SO4,mg/L,< 0.2
S98_04515,LAKS-86,1998/07/28,23.2499,91.115,HTW,23,Chittagong,Comilla,Laksam,Nabaratpur,Nabaratpur,SO4,mg/L,4.4
S98_04516,HAJ-87,1998/07/31,23.2484,90.8696,DTW,107,Chittagong,Chandpur,Hajiganj,Aligonj,Aligonj H complex,SO4,mg/L,< 0.2
S98_04517,CHAN-88,1998/07/31,23.2342,90.6673,HTW,168,Chittagong,Chandpur,Chandpur Sadar,Shologhar,Shologhar,SO4,mg/L,< 0.2
S98_04518,NOA-89,1998/07/28,22.8334,91.0955,HTW,11,Chittagong,Noakhali,Noakhali Sadar,Sonapur,Sonapur,SO4,mg/L,4.3
S98_04519,FENI-90,1998/07/28,23.0053,91.3866,HTW,13,Chittagong,Feni,Feni Sadar,Pachgadria,Feni Rest House,SO4,mg/L,10.6
S98_04520,MIR-91,1998/07/28,22.7761,91.5656,HTW,25,Chittagong,Chittagong,Mirsharai,PS,Miraswarai,SO4,mg/L,0.8
S98_04521,CTG-92,1998/07/29,22.4735,91.7891,DTW,110,Chittagong,Chittagong,Hathazari,Hathajani,University,SO4,mg/L,1.3
S98_04522,CTG-93,1998/07/29,22.3704,91.8442,DTW,146,Chittagong,Chittagong,Chandgaon,Chandgown,Chandgown,SO4,mg/L,0.5
S98_04523,ANWA-94,1998/07/29,22.2234,91.898,HTW,43,Chittagong,Chittagong,Anowara,Anwara,Thana Parishad Office,SO4,mg/L,0.7
S98_04524,SAT-95,1998/07/29,22.0721,92.0479,HTW,31,Chittagong,Chittagong,Satkania,Satkania,Satkania,SO4,mg/L,0.4
S98_04525,COX-99,1998/07/30,21.4349,91.9656,HTW,10,Chittagong,Cox's Bazar,Cox's Bazar Sadar,,BWDB rest house,SO4,mg/L,47.6
S98_04526,UKHI-100,1998/07/30,21.2432,92.1325,DTW,52,Chittagong,Cox's Bazar,Ukhia,Ukhia,Ukhia Bazar,SO4,mg/L,3.7
S99_00796,SAN-43(CS),1999/04/06,22.4815,91.4285,Piez,56.96,Chittagong,Chittagong,Sandwip,Rahamatpur,Rahamatpur,SO4,mg/L,1.2
S99_00797,SAN-42(CMD),1999/04/06,22.4815,91.4285,Piez,160.92,Chittagong,Chittagong,Sandwip,Rahamatpur,Rahamatpur,SO4,mg/L,2.2
S99_00798,SAN-41(CD),1999/04/06,22.4815,91.4285,Piez,261.94,Chittagong,Chittagong,Sandwip,Rahamatpur,Rahamatpur,SO4,mg/L,59.4
S99_00799,MOH-98,1999/05/28,21.517,91.9584,Piez,7.32,Chittagong,Cox's Bazar,Maheshkhali,Gorukghata,Gorukghata,SO4,mg/L,144
S99_00800,KUT-97,1999/05/30,21.8128,91.8449,Piez,542.68,Chittagong,Cox's Bazar,Kutubdia,Baraghope,Baraghope,SO4,mg/L,2.7
S99_00801,SAND-9,1999/03/06,22.4817,91.4332,Piez,329.26,Chittagong,Chittagong,Sandwip,BWDB Guest house,BWDB Guest house,SO4,mg/L,68.4
S99_00802,AKHA-82,1999/05/24,23.8659,91.201,HTW,18.3,Chittagong,Brahamanbaria,Akhaura,Railway station,Railway station,SO4,mg/L,4.4
S99_00803,MUR-83,1999/05/24,23.7627,90.9899,HTW,26.22,Chittagong,Comilla,Muradnagar,Kasimpur,Kasimpur,SO4,mg/L,1.5
S99_00804,CHU-81,1999/05/25,24.1945,91.5138,HTW,30.5,Sylhet,Habiganj,Chunarughat,Chunarughat Bazar,Chunarughat Bazar,SO4,mg/L,< 0.2
S99_00805,HABI-80,1999/05/25,24.3776,91.4083,HTW,36.59,Sylhet,Habiganj,Habiganj Sadar,Rajanagar,Rajanagar,SO4,mg/L,0.7
S99_00806,MVI-79,1999/05/25,24.4696,91.7603,HTW,30.5,Sylhet,Maulvibazar,Maulvi Bazar Sadar,Sultanpur,Sultanpur,SO4,mg/L,< 0.2
S99_00807,SYL-78,1998/05/25,24.8795,91.8605,HTW,30.5,Sylhet,Sylhet,Sylhet Sadar,Railway station,Railway station,SO4,mg/L,0.5
S98_01785,SAT-1,1998/07/23,26.479,88.514,HTW,9,Rajshahi,Panchagarh,Tetulia,Satmara,Satmara,Sr,mg/L,0.0786
S98_01786,130DA-2,,25.7,88.5,HTW,15,Rajshahi,Panchagarh,Boda,Boda,Boda,Sr,mg/L,0.071
S98_01787,TA-2/B,1998/07/20,24.088,90.17,HTW,37,Dhaka,Tangail,Mirzapur,Gurai,Gurai,Sr,mg/L,0.18
S98_01788,BALI-3,1998/07/23,26.083,88.279,HTW,18,Rajshahi,Thakurgaon,Baliadangi,Baliadanga,Baliadanga,Sr,mg/L,0.0545
S98_01789,SALN-4,1998/07/23,26.054,88.533,HTW,37,Rajshahi,Thakurgaon,Thakurgaon Sadar,Salander,Salander,Sr,mg/L,0.0477
S98_01790,JA-4/B,1998/07/19,24.91,89.946,HTW,26,Dhaka,Jamalpur,Jamalpur Sadar,Jamalpur,Fulbaria,Sr,mg/L,0.18
S98_01791,KABIR-5,1998/07/24,25.903,88.6,HTW,30,Rajshahi,Dinajpur,Birganj,Birgong,Kbirashat,Sr,mg/L,0.078
S98_01792,RANI-6,1998/07/23,25.901,88.254,HTW,30,Rajshahi,Thakurgaon,Ranisankail,Ranisanwail,Ranisanwail,Sr,mg/L,0.0951
S98_01793,SIBRM-7,1998/07/24,25.665,88.652,HTW,18,Rajshahi,Dinajpur,Dinajpur Sadar,Sibrampur,Sibrampur,Sr,mg/L,0.0199
S98_01794,PARBT-8,1998/07/24,25.653,88.915,HTW,20,Rajshahi,Dinajpur,Parbatipur,Parbatipur,Parbatipur,Sr,mg/L,0.157
S98_01795,HAKM-9,1998/07/22,25.288,89.021,HTW,21,Rajshahi,Dinajpur,Hakimpur,Hakimpur,Hakimpur,Sr,mg/L,0.188
S98_01796,CHIL-10,1998/07/25,26.1,88.8,HTW,24,Rajshahi,Nilphamari,Domar,Chilahati,Chilahati,Sr,mg/L,0.115
S98_01797,NIL-11,1998/07/24,25.9,88.8,HTW,18,Rajshahi,Nilphamari,Nilphamari Sadar,Nilphamari,Nilphamari,Sr,mg/L,0.0652
S98_01798,BRUT-12,1998/07/25,26.203,89.11,HTW,,Rajshahi,Lalmonirhat,Hatibandha,Barakhta,Barakhta,Sr,mg/L,0.0693
S98_01799,JAL-13,1998/07/25,25.931,88.838,HTW,27,Rajshahi,Nilphamari,Jaldhaka,Jaldhaka,Jaldhaka,Sr,mg/L,0.0356
S98_01800,RANG-14,1998/07/26,25.752,89.253,HTW,18,Rajshahi,Rangpur,Rangpur Sadar,Rangipur,Rangipur,Sr,mg/L,0.0248
S98_01801,LALM-15,1998/07/25,25.913,89.436,HTW,14,Rajshahi,Lalmonirhat,Lalmonirhat Sadar,Lalmonihat,Lalmonihat,Sr,mg/L,0.0463
S98_01802,NAGUR-16,1998/07/26,25.965,89.671,HTW,18,Rajshahi,Kurigram,Nageshwari,Nagieshwari,Nagieshwari,Sr,mg/L,0.201
S98_01803,ULI-17,1998/07/26,25.653,89.623,HTW,18,Rajshahi,Kurigram,Ulipur,Ulipur,Ulipur,Sr,mg/L,0.0806
S98_01804,BAMAN,1998/07/26,25.532,89.446,,18,Rajshahi,Gaibandha,Sundarganj,Bamandaga,Bamandaga,Sr,mg/L,0.114
S98_01805,BOA-19,1998/07/27,25.318,89.55,HTW,18,Rajshahi,Gaibandha,Gaibandha Sadar,Boalia,Boalia,Sr,mg/L,0.098
S98_01806,GABIN-20,1998/07/27,25.134,89.387,,12,Rajshahi,Gaibandha,Gobindaganj,Gabindagons,Gabindagons,Sr,mg/L,0.0787
S98_01807,MADR-21,1998/07/22,25.109,89.036,HTW,15,Rajshahi,Jaipurhat,Jaipurhat Sadar,Madergonj,Madergonj,Sr,mg/L,0.114
S98_01808,SANTA-22,1998/07/22,24.804,88.969,HTW,18,Rajshahi,Bogra,Adamdighi,Santahar,Santahar,Sr,mg/L,0.266
S98_01809,GIOKU-23,1998/07/27,24.933,89.348,HTW,18,Rajshahi,Bogra,Bogra Sadar,Giokul,Giokul,Sr,mg/L,0.0872
S98_01810,PATNI-29,1998/07/22,25.05,88.75,HTW,15,Rajshahi,Naogaon,Patnitala,Patnitala,Patnitala,Sr,mg/L,0.0289
S98_01811,MAND-25,1998/07/22,24.793,88.701,HTW,30,Rajshahi,Naogaon,Manda,Manda,Manda,Sr,mg/L,0.0723
S98_01812,PIR-25,1998/07/27,22.365,89.933,,,Barisal,Pirojpur,Mathbaria,,Burirchar,Sr,mg/L,4.01
S98_01813,RAHAN-26,1998/07/21,24.8,88.2,HTW,30,Rajshahi,Nawabganj,Gomastapur,Rahandur,Rahandur,Sr,mg/L,0.243
S98_01814,PIR-26,1998/07/27,22.365,89.933,HTW,37,Barisal,Pirojpur,Mathbaria,,Burirchar,Sr,mg/L,2.39
S98_01815,SHIB-27,1998/07/21,24.684,88.157,Piez,61,Rajshahi,Nawabganj,Shibganj (N),Shibgong,Shibgong,Sr,mg/L,0.461
S98_01816,PIR-27,1998/07/27,22.365,89.933,HTW,27,Barisal,Pirojpur,Mathbaria,,Burirchar,Sr,mg/L,0.146
S98_01817,GIODA-28,1998/07/21,24.461,88.328,HTW,30,Rajshahi,Rajshahi,Godagari,Giodagari,Giodagari,Sr,mg/L,0.173
S98_01818,SAPU-29,1998/07/21,24.374,88.558,HTW,37,Rajshahi,Rajshahi,Rajpara,Sapura,Sapura,Sr,mg/L,0.476
S98_01819,CHAR-30,1998/07/20,24.304,88.738,HTW,18,Rajshahi,Rajshahi,Charghat,Charghat,Charghat,Sr,mg/L,0.371
S98_01820,NAT-31,1998/07/20,24.414,89.988,HTW,27,Rajshahi,Natore,Natore Sadar,Natore,Natore,Sr,mg/L,0.831
S98_01821,SING-32,1998/07/20,24.506,89.143,TARA,18,Rajshahi,Natore,Singra,Singra,Singra,Sr,mg/L,0.361
S98_01822,LAL-33,1998/07/20,24.179,88.966,HTW,27,Rajshahi,Natore,Lalpur,Lalpur,Lalpur,Sr,mg/L,0.291
S98_01823,ROYG-34,1998/07/27,24.507,89.526,HTW,15,Rajshahi,Sirajganj,Raiganj,Roygong,Roygong,Sr,mg/L,0.0687
S98_01824,SIRA-35,1998/07/28,24.463,89.708,HTW,18,Rajshahi,Sirajganj,Sirajganj Sadar,Sirjgong,Sirjgong,Sr,mg/L,0.0781
S98_01825,CHAT-36,1998/07/20,24.15,89.261,HTW,18,Rajshahi,Pabna,Chatmohar,Chatmohur,Chatmohur,Sr,mg/L,0.526
S98_01826,PAB-37,1998/07/19,24.006,89.235,HTW,30,Rajshahi,Pabna,Pabna Sadar,Pabna,Pabna,Sr,mg/L,0.447
S98_01827,SUJA-38,1998/07/19,23.94,89.408,HTW,18,Rajshahi,Pabna,Sujanagar,Sujanager,Sujanager,Sr,mg/L,0.391
S98_01828,NAGIR-39,1998/07/28,23.951,89.65,HTW,20,Rajshahi,Pabna,Bera,Nagierbari,Nagierbari,Sr,mg/L,0.338
S98_01829,JA-40,1998/07/19,25.156,89.751,HTW,27,Dhaka,Jamalpur,Dewanganj,Chukaibari,Batheshasaria,Sr,mg/L,0.169
S98_01830,PRAG-40,1998/07/19,24.005,88.765,TARA,113,Khulna,Kushtia,Daulatpur (Ku),Pragpur,Pragpur,Sr,mg/L,0.364
S98_01831,HYM-41,1998/07/18,25.117,90.335,,27,Dhaka,Mymensingh,Haluaghat, Haluagher,Haluaghatthana Compn,Sr,mg/L,0.114
S98_01832,VHAR-41,1998/07/19,24.019,88.992,HTW,,Khulna,Kushtia,Bheramara,Vharamara,Vharamara,Sr,mg/L,0.338
S98_01833,KUST-42,1998/07/19,23.909,89.128,HTW,49,Khulna,Kushtia,Kushtia Sadar,Kushtia,Kushtia,Sr,mg/L,0.255
S98_01834,SHER-42/A,1998/07/18,25.018,90.012,HTW,36,Rajshahi,Bogra,Sherpur,Sherpur,,Sr,mg/L,0.181
S98_01835,MEHER-43,1998/07/19,23.761,88.632,HTW,27,Khulna,Meherpur,Meherpur Sadar,Meherpur,Meherpur,Sr,mg/L,0.302
S98_01836,JAM-43,1998/07/20,24.758,89.835,HTW,20,Dhaka,Jamalpur,Sarishabari,Sharishabari,Sharishabari,Sr,mg/L,0.139
S98_01837,DAR-44,1998/07/19,23.529,88.81,HTW,18,Khulna,Chuadanga,Chuadanga Sadar,Darsana,Darsana,Sr,mg/L,0.456
S98_01838,MYM-44,1998/07/17,24.748,90.406,DTW,107,Dhaka,Mymensingh,Mymensingh Sadar,Sadar,Bagmera,Sr,mg/L,0.154
S98_01839,JHIN-45,1998/07/18,23.547,89.165,,122,Khulna,Jhenaidah,Jhenaidah Sadar,Jhinaidha,Jhinaidha,Sr,mg/L,0.18
S98_01840,NET-45,1998/07/17,24.866,90.722,HTW,65,Dhaka,Netrokona,Netrokona Sadar,Sadar,Netrokona,Sr,mg/L,0.195
S98_01841,MAGU-46,1998/07/15,23.488,89.429,HTW,21,Khulna,Magura,Magura Sadar,Magura,Magura,Sr,mg/L,0.551
S98_01842,KISH-46,1998/07/18,24.444,90.773,DTW,118,Dhaka,Kishoreganj,Kishoreganj Sadar,Goital,Kishorgorj,Sr,mg/L,0.15
S98_01843,JES-47,1998/07/18,23.167,89.219,DTW,133,Khulna,Jessore,Jessore Sadar,Jessore,Jessore,Sr,mg/L,0.398
S98_01844,MYM-47,1998/07/17,24.454,90.54,HTW,,Dhaka,Mymensingh,Gafargaon,Saltia,Sulhasia,Sr,mg/L,0.2
S98_01845,NAR-48,1998/07/18,23.173,89.513,HTW,24,Khulna,Narail,Narail Sadar,Narail,Narail,Sr,mg/L,0.34
S98_01846,KISH-48,1998/07/18,24.047,90.973,HTW,20,Dhaka,Kishoreganj,Bhairab,Bhairab,Bhairab Rly St,Sr,mg/L,0.253
S98_01847,GODKHA-49,1998/07/15,23.059,89.077,HTW,24,Khulna,Jessore,Jhikargachha,Godkhali,Godkhali,Sr,mg/L,0.295
S98_01848,TA-49,1998/07/20,24.605,90.024,HTW,34,Dhaka,Tangail,Madhupur,Madhupur,Madhupur,Sr,mg/L,0.131
S98_01849,KHUL-50,1998/07/15,22.812,89.561,DTW,274,Khulna,Khulna,Khulna Sadar,Khulna,Khulna,Sr,mg/L,0.417
S98_01850,TA-50,1998/07/20,24.24,89.909,HTW,27,Dhaka,Tangail,Tangail Sadar,Sadar,Bepari Para,Sr,mg/L,0.175
S98_01851,SATKHR-51,1998/07/17,22.718,89.07,DTW,183,Khulna,Satkhira,Satkhira Sadar,Satkhira,Satkhira,Sr,mg/L,0.52
S98_01852,TA-51,1998/07/20,24.108,90.076,HTW,27,Dhaka,Tangail,Mirzapur,Baithgram,Gurail,Sr,mg/L,0.123
S98_01853,CHAL-52,1998/07/18,22.586,89.504,HTW,18,Khulna,Bagerhat,Bagerhat Sadar,Chalna,Chalna,Sr,mg/L,0.373
S98_01854,GA-52,1998/07/17,24.197,90.474,HTW,29,Dhaka,Gazipur,Sripur,Sreepur,Sreepur,Sr,mg/L,0.119
S98_01855,BAGIER-53,1998/07/15,22.663,89.763,,38,Khulna,Bagerhat,Bagerhat Sadar,Bagierhat,Bagierhat,Sr,mg/L,0.358
S98_01856,NAR-53,1998/07/18,23.926,90.718,HTW,,Dhaka,Narsingdi,Narsingdi Sadar,Narshingdi,Norshindi Dak Hangloo,Sr,mg/L,0.347
S98_01857,KHALIS-54,1998/07/18,22.548,89.538,DTW,274,Khulna,Khulna,Khulna Sadar,Khalishpur,Khalishpur,Sr,mg/L,0.364
S98_01858,DA-54,1998/07/16,23.734,90.418,DTW,137,Dhaka,Dhaka,Motijheel,Motijheel,Pwd Colony,Sr,mg/L,0.17
S98_01859,RJB-69,1998/07/22,23.765,89.476,HTW,22,Dhaka,Rajbari,Pangsha,,Kalukhau,Sr,mg/L,0.233
S98_01860,RJB-70,1998/07/22,23.754,89.645,DTW,127,Dhaka,Rajbari,Rajbari Sadar,,Municipality,Sr,mg/L,0.434
S98_01861,FAR-71,1998/07/23,23.599,89.835,DTW,84,Dhaka,Faridpur,Faridpur Sadar,,Municipal,Sr,mg/L,0.432
S98_01862,GOP-72,1998/07/23,23.21,89.693,HTW,20,Dhaka,Gopalganj,Kashiani,,Bhatiapara,Sr,mg/L,0.739
S98_01863,GOP-73,1998/07/23,23.005,89.823,HTW,20,Dhaka,Gopalganj,Gopalganj Sadar,Municipality,Gopalganj,Sr,mg/L,0.39
S98_01864,MAD-74,1998/07/23,23.167,90.195,DTW,238,Dhaka,Madaripur,Madaripur Sadar,Municipality,Madaripur,Sr,mg/L,0.453
S98_01865,BAR-75,1998/07/25,22.7,90.369,DTW,610,Barisal,Barisal,Barisal Sadar,,Barisal,Sr,mg/L,0.108
S98_01866,PAT-77,1998/07/25,22.355,90.345,DTW,274,Barisal,Patuakhali,Patuakhali Sadar,Municipality,Patuakhali,Sr,mg/L,0.0905
S98_01867,DA-101,1998/07/21,23.51,90.217,HTW,26,Dhaka,Munshiganj,Munshiganj Sadar,Bhaishakul,Bhaishakul T Inst,Sr,mg/L,0.439
S98_01868,DA-102,1998/07/16,23.769,90.364,DTW,53,Dhaka,Dhaka,Mohammadpur (D),Mohammedpur,Mohammedpur,Sr,mg/L,0.222
S98_04510,GOHI-44,1998/07/29,22.1467,91.8231,Piez,265,Chittagong,Chittagong,Anowara,Gohira,UC Office,Sr,mg/L,0.564
S98_04511,RUST-45,1998/07/29,22.1924,91.8562,HTW,146,Chittagong,Chittagong,Anowara,Battali,Battali,Sr,mg/L,0.194
S98_04512,GOHI-46,1998/07/29,22.1467,91.8231,Piez,68,Chittagong,Chittagong,Anowara,Gohira,UC Office,Sr,mg/L,0.297
S98_04513,COM-84,1998/07/28,23.4453,91.1722,HTW,32,Chittagong,Comilla,Comilla Sadar,Shaktala,Shaktala,Sr,mg/L,0.298
S98_04514,DAUD-85,1998/07/28,23.536,90.7104,HTW,32,Chittagong,Comilla,Daudkandi,Daudkandi,Daudkandi Bazar,Sr,mg/L,0.492
S98_04515,LAKS-86,1998/07/28,23.2499,91.115,HTW,23,Chittagong,Comilla,Laksam,Nabaratpur,Nabaratpur,Sr,mg/L,0.333
S98_04516,HAJ-87,1998/07/31,23.2484,90.8696,DTW,107,Chittagong,Chandpur,Hajiganj,Aligonj,Aligonj H complex,Sr,mg/L,0.303
S98_04517,CHAN-88,1998/07/31,23.2342,90.6673,HTW,168,Chittagong,Chandpur,Chandpur Sadar,Shologhar,Shologhar,Sr,mg/L,0.26
S98_04518,NOA-89,1998/07/28,22.8334,91.0955,HTW,11,Chittagong,Noakhali,Noakhali Sadar,Sonapur,Sonapur,Sr,mg/L,0.32
S98_04519,FENI-90,1998/07/28,23.0053,91.3866,HTW,13,Chittagong,Feni,Feni Sadar,Pachgadria,Feni Rest House,Sr,mg/L,0.241
S98_04520,MIR-91,1998/07/28,22.7761,91.5656,HTW,25,Chittagong,Chittagong,Mirsharai,PS,Miraswarai,Sr,mg/L,0.266
S98_04521,CTG-92,1998/07/29,22.4735,91.7891,DTW,110,Chittagong,Chittagong,Hathazari,Hathajani,University,Sr,mg/L,0.0352
S98_04522,CTG-93,1998/07/29,22.3704,91.8442,DTW,146,Chittagong,Chittagong,Chandgaon,Chandgown,Chandgown,Sr,mg/L,0.0764
S98_04523,ANWA-94,1998/07/29,22.2234,91.898,HTW,43,Chittagong,Chittagong,Anowara,Anwara,Thana Parishad Office,Sr,mg/L,0.453
S98_04524,SAT-95,1998/07/29,22.0721,92.0479,HTW,31,Chittagong,Chittagong,Satkania,Satkania,Satkania,Sr,mg/L,0.0547
S98_04525,COX-99,1998/07/30,21.4349,91.9656,HTW,10,Chittagong,Cox's Bazar,Cox's Bazar Sadar,,BWDB rest house,Sr,mg/L,0.566
S98_04526,UKHI-100,1998/07/30,21.2432,92.1325,DTW,52,Chittagong,Cox's Bazar,Ukhia,Ukhia,Ukhia Bazar,Sr,mg/L,0.047
S99_00796,SAN-43(CS),1999/04/06,22.4815,91.4285,Piez,56.96,Chittagong,Chittagong,Sandwip,Rahamatpur,Rahamatpur,Sr,mg/L,0.334
S99_00797,SAN-42(CMD),1999/04/06,22.4815,91.4285,Piez,160.92,Chittagong,Chittagong,Sandwip,Rahamatpur,Rahamatpur,Sr,mg/L,0.309
S99_00798,SAN-41(CD),1999/04/06,22.4815,91.4285,Piez,261.94,Chittagong,Chittagong,Sandwip,Rahamatpur,Rahamatpur,Sr,mg/L,1.09
S99_00799,MOH-98,1999/05/28,21.517,91.9584,Piez,7.32,Chittagong,Cox's Bazar,Maheshkhali,Gorukghata,Gorukghata,Sr,mg/L,0.3
S99_00800,KUT-97,1999/05/30,21.8128,91.8449,Piez,542.68,Chittagong,Cox's Bazar,Kutubdia,Baraghope,Baraghope,Sr,mg/L,0.34
S99_00801,SAND-9,1999/03/06,22.4817,91.4332,Piez,329.26,Chittagong,Chittagong,Sandwip,BWDB Guest house,BWDB Guest house,Sr,mg/L,1.24
S99_00802,AKHA-82,1999/05/24,23.8659,91.201,HTW,18.3,Chittagong,Brahamanbaria,Akhaura,Railway station,Railway station,Sr,mg/L,0.114
S99_00803,MUR-83,1999/05/24,23.7627,90.9899,HTW,26.22,Chittagong,Comilla,Muradnagar,Kasimpur,Kasimpur,Sr,mg/L,0.332
S99_00804,CHU-81,1999/05/25,24.1945,91.5138,HTW,30.5,Sylhet,Habiganj,Chunarughat,Chunarughat Bazar,Chunarughat Bazar,Sr,mg/L,0.0635
S99_00805,HABI-80,1999/05/25,24.3776,91.4083,HTW,36.59,Sylhet,Habiganj,Habiganj Sadar,Rajanagar,Rajanagar,Sr,mg/L,0.115
S99_00806,MVI-79,1999/05/25,24.4696,91.7603,HTW,30.5,Sylhet,Maulvibazar,Maulvi Bazar Sadar,Sultanpur,Sultanpur,Sr,mg/L,0.0734
S99_00807,SYL-78,1998/05/25,24.8795,91.8605,HTW,30.5,Sylhet,Sylhet,Sylhet Sadar,Railway station,Railway station,Sr,mg/L,0.0228
S98_01785,SAT-1,1998/07/23,26.479,88.514,HTW,9,Rajshahi,Panchagarh,Tetulia,Satmara,Satmara,Tb,ug/L,< 0.005
S98_01786,130DA-2,,25.7,88.5,HTW,15,Rajshahi,Panchagarh,Boda,Boda,Boda,Tb,ug/L,< 0.005
S98_01787,TA-2/B,1998/07/20,24.088,90.17,HTW,37,Dhaka,Tangail,Mirzapur,Gurai,Gurai,Tb,ug/L,< 0.005
S98_01788,BALI-3,1998/07/23,26.083,88.279,HTW,18,Rajshahi,Thakurgaon,Baliadangi,Baliadanga,Baliadanga,Tb,ug/L,< 0.005
S98_01789,SALN-4,1998/07/23,26.054,88.533,HTW,37,Rajshahi,Thakurgaon,Thakurgaon Sadar,Salander,Salander,Tb,ug/L,< 0.005
S98_01790,JA-4/B,1998/07/19,24.91,89.946,HTW,26,Dhaka,Jamalpur,Jamalpur Sadar,Jamalpur,Fulbaria,Tb,ug/L,< 0.005
S98_01791,KABIR-5,1998/07/24,25.903,88.6,HTW,30,Rajshahi,Dinajpur,Birganj,Birgong,Kbirashat,Tb,ug/L,< 0.005
S98_01792,RANI-6,1998/07/23,25.901,88.254,HTW,30,Rajshahi,Thakurgaon,Ranisankail,Ranisanwail,Ranisanwail,Tb,ug/L,< 0.005
S98_01793,SIBRM-7,1998/07/24,25.665,88.652,HTW,18,Rajshahi,Dinajpur,Dinajpur Sadar,Sibrampur,Sibrampur,Tb,ug/L,< 0.005
S98_01794,PARBT-8,1998/07/24,25.653,88.915,HTW,20,Rajshahi,Dinajpur,Parbatipur,Parbatipur,Parbatipur,Tb,ug/L,< 0.005
S98_01795,HAKM-9,1998/07/22,25.288,89.021,HTW,21,Rajshahi,Dinajpur,Hakimpur,Hakimpur,Hakimpur,Tb,ug/L,< 0.005
S98_01796,CHIL-10,1998/07/25,26.1,88.8,HTW,24,Rajshahi,Nilphamari,Domar,Chilahati,Chilahati,Tb,ug/L,< 0.005
S98_01797,NIL-11,1998/07/24,25.9,88.8,HTW,18,Rajshahi,Nilphamari,Nilphamari Sadar,Nilphamari,Nilphamari,Tb,ug/L,< 0.005
S98_01798,BRUT-12,1998/07/25,26.203,89.11,HTW,,Rajshahi,Lalmonirhat,Hatibandha,Barakhta,Barakhta,Tb,ug/L,< 0.005
S98_01799,JAL-13,1998/07/25,25.931,88.838,HTW,27,Rajshahi,Nilphamari,Jaldhaka,Jaldhaka,Jaldhaka,Tb,ug/L,< 0.005
S98_01800,RANG-14,1998/07/26,25.752,89.253,HTW,18,Rajshahi,Rangpur,Rangpur Sadar,Rangipur,Rangipur,Tb,ug/L,< 0.005
S98_01801,LALM-15,1998/07/25,25.913,89.436,HTW,14,Rajshahi,Lalmonirhat,Lalmonirhat Sadar,Lalmonihat,Lalmonihat,Tb,ug/L,< 0.005
S98_01802,NAGUR-16,1998/07/26,25.965,89.671,HTW,18,Rajshahi,Kurigram,Nageshwari,Nagieshwari,Nagieshwari,Tb,ug/L,< 0.005
S98_01803,ULI-17,1998/07/26,25.653,89.623,HTW,18,Rajshahi,Kurigram,Ulipur,Ulipur,Ulipur,Tb,ug/L,< 0.005
S98_01804,BAMAN,1998/07/26,25.532,89.446,,18,Rajshahi,Gaibandha,Sundarganj,Bamandaga,Bamandaga,Tb,ug/L,< 0.005
S98_01805,BOA-19,1998/07/27,25.318,89.55,HTW,18,Rajshahi,Gaibandha,Gaibandha Sadar,Boalia,Boalia,Tb,ug/L,< 0.005
S98_01806,GABIN-20,1998/07/27,25.134,89.387,,12,Rajshahi,Gaibandha,Gobindaganj,Gabindagons,Gabindagons,Tb,ug/L,< 0.005
S98_01807,MADR-21,1998/07/22,25.109,89.036,HTW,15,Rajshahi,Jaipurhat,Jaipurhat Sadar,Madergonj,Madergonj,Tb,ug/L,< 0.005
S98_01808,SANTA-22,1998/07/22,24.804,88.969,HTW,18,Rajshahi,Bogra,Adamdighi,Santahar,Santahar,Tb,ug/L,< 0.005
S98_01809,GIOKU-23,1998/07/27,24.933,89.348,HTW,18,Rajshahi,Bogra,Bogra Sadar,Giokul,Giokul,Tb,ug/L,< 0.005
S98_01810,PATNI-29,1998/07/22,25.05,88.75,HTW,15,Rajshahi,Naogaon,Patnitala,Patnitala,Patnitala,Tb,ug/L,< 0.005
S98_01811,MAND-25,1998/07/22,24.793,88.701,HTW,30,Rajshahi,Naogaon,Manda,Manda,Manda,Tb,ug/L,< 0.005
S98_01812,PIR-25,1998/07/27,22.365,89.933,,,Barisal,Pirojpur,Mathbaria,,Burirchar,Tb,ug/L,< 0.005
S98_01813,RAHAN-26,1998/07/21,24.8,88.2,HTW,30,Rajshahi,Nawabganj,Gomastapur,Rahandur,Rahandur,Tb,ug/L,< 0.005
S98_01814,PIR-26,1998/07/27,22.365,89.933,HTW,37,Barisal,Pirojpur,Mathbaria,,Burirchar,Tb,ug/L,0.016
S98_01815,SHIB-27,1998/07/21,24.684,88.157,Piez,61,Rajshahi,Nawabganj,Shibganj (N),Shibgong,Shibgong,Tb,ug/L,< 0.005
S98_01816,PIR-27,1998/07/27,22.365,89.933,HTW,27,Barisal,Pirojpur,Mathbaria,,Burirchar,Tb,ug/L,0.007
S98_01817,GIODA-28,1998/07/21,24.461,88.328,HTW,30,Rajshahi,Rajshahi,Godagari,Giodagari,Giodagari,Tb,ug/L,< 0.005
S98_01818,SAPU-29,1998/07/21,24.374,88.558,HTW,37,Rajshahi,Rajshahi,Rajpara,Sapura,Sapura,Tb,ug/L,< 0.005
S98_01819,CHAR-30,1998/07/20,24.304,88.738,HTW,18,Rajshahi,Rajshahi,Charghat,Charghat,Charghat,Tb,ug/L,< 0.005
S98_01820,NAT-31,1998/07/20,24.414,89.988,HTW,27,Rajshahi,Natore,Natore Sadar,Natore,Natore,Tb,ug/L,< 0.005
S98_01821,SING-32,1998/07/20,24.506,89.143,TARA,18,Rajshahi,Natore,Singra,Singra,Singra,Tb,ug/L,< 0.005
S98_01822,LAL-33,1998/07/20,24.179,88.966,HTW,27,Rajshahi,Natore,Lalpur,Lalpur,Lalpur,Tb,ug/L,< 0.005
S98_01823,ROYG-34,1998/07/27,24.507,89.526,HTW,15,Rajshahi,Sirajganj,Raiganj,Roygong,Roygong,Tb,ug/L,< 0.005
S98_01824,SIRA-35,1998/07/28,24.463,89.708,HTW,18,Rajshahi,Sirajganj,Sirajganj Sadar,Sirjgong,Sirjgong,Tb,ug/L,< 0.005
S98_01825,CHAT-36,1998/07/20,24.15,89.261,HTW,18,Rajshahi,Pabna,Chatmohar,Chatmohur,Chatmohur,Tb,ug/L,< 0.005
S98_01826,PAB-37,1998/07/19,24.006,89.235,HTW,30,Rajshahi,Pabna,Pabna Sadar,Pabna,Pabna,Tb,ug/L,< 0.005
S98_01827,SUJA-38,1998/07/19,23.94,89.408,HTW,18,Rajshahi,Pabna,Sujanagar,Sujanager,Sujanager,Tb,ug/L,< 0.005
S98_01828,NAGIR-39,1998/07/28,23.951,89.65,HTW,20,Rajshahi,Pabna,Bera,Nagierbari,Nagierbari,Tb,ug/L,< 0.005
S98_01829,JA-40,1998/07/19,25.156,89.751,HTW,27,Dhaka,Jamalpur,Dewanganj,Chukaibari,Batheshasaria,Tb,ug/L,< 0.005
S98_01830,PRAG-40,1998/07/19,24.005,88.765,TARA,113,Khulna,Kushtia,Daulatpur (Ku),Pragpur,Pragpur,Tb,ug/L,< 0.005
S98_01831,HYM-41,1998/07/18,25.117,90.335,,27,Dhaka,Mymensingh,Haluaghat, Haluagher,Haluaghatthana Compn,Tb,ug/L,< 0.005
S98_01832,VHAR-41,1998/07/19,24.019,88.992,HTW,,Khulna,Kushtia,Bheramara,Vharamara,Vharamara,Tb,ug/L,< 0.005
S98_01833,KUST-42,1998/07/19,23.909,89.128,HTW,49,Khulna,Kushtia,Kushtia Sadar,Kushtia,Kushtia,Tb,ug/L,< 0.005
S98_01834,SHER-42/A,1998/07/18,25.018,90.012,HTW,36,Rajshahi,Bogra,Sherpur,Sherpur,,Tb,ug/L,< 0.005
S98_01835,MEHER-43,1998/07/19,23.761,88.632,HTW,27,Khulna,Meherpur,Meherpur Sadar,Meherpur,Meherpur,Tb,ug/L,< 0.005
S98_01836,JAM-43,1998/07/20,24.758,89.835,HTW,20,Dhaka,Jamalpur,Sarishabari,Sharishabari,Sharishabari,Tb,ug/L,< 0.005
S98_01837,DAR-44,1998/07/19,23.529,88.81,HTW,18,Khulna,Chuadanga,Chuadanga Sadar,Darsana,Darsana,Tb,ug/L,< 0.005
S98_01838,MYM-44,1998/07/17,24.748,90.406,DTW,107,Dhaka,Mymensingh,Mymensingh Sadar,Sadar,Bagmera,Tb,ug/L,< 0.005
S98_01839,JHIN-45,1998/07/18,23.547,89.165,,122,Khulna,Jhenaidah,Jhenaidah Sadar,Jhinaidha,Jhinaidha,Tb,ug/L,< 0.005
S98_01840,NET-45,1998/07/17,24.866,90.722,HTW,65,Dhaka,Netrokona,Netrokona Sadar,Sadar,Netrokona,Tb,ug/L,< 0.005
S98_01841,MAGU-46,1998/07/15,23.488,89.429,HTW,21,Khulna,Magura,Magura Sadar,Magura,Magura,Tb,ug/L,< 0.005
S98_01842,KISH-46,1998/07/18,24.444,90.773,DTW,118,Dhaka,Kishoreganj,Kishoreganj Sadar,Goital,Kishorgorj,Tb,ug/L,< 0.005
S98_01843,JES-47,1998/07/18,23.167,89.219,DTW,133,Khulna,Jessore,Jessore Sadar,Jessore,Jessore,Tb,ug/L,< 0.005
S98_01844,MYM-47,1998/07/17,24.454,90.54,HTW,,Dhaka,Mymensingh,Gafargaon,Saltia,Sulhasia,Tb,ug/L,< 0.005
S98_01845,NAR-48,1998/07/18,23.173,89.513,HTW,24,Khulna,Narail,Narail Sadar,Narail,Narail,Tb,ug/L,< 0.005
S98_01846,KISH-48,1998/07/18,24.047,90.973,HTW,20,Dhaka,Kishoreganj,Bhairab,Bhairab,Bhairab Rly St,Tb,ug/L,< 0.005
S98_01847,GODKHA-49,1998/07/15,23.059,89.077,HTW,24,Khulna,Jessore,Jhikargachha,Godkhali,Godkhali,Tb,ug/L,< 0.005
S98_01848,TA-49,1998/07/20,24.605,90.024,HTW,34,Dhaka,Tangail,Madhupur,Madhupur,Madhupur,Tb,ug/L,< 0.005
S98_01849,KHUL-50,1998/07/15,22.812,89.561,DTW,274,Khulna,Khulna,Khulna Sadar,Khulna,Khulna,Tb,ug/L,< 0.005
S98_01850,TA-50,1998/07/20,24.24,89.909,HTW,27,Dhaka,Tangail,Tangail Sadar,Sadar,Bepari Para,Tb,ug/L,< 0.005
S98_01851,SATKHR-51,1998/07/17,22.718,89.07,DTW,183,Khulna,Satkhira,Satkhira Sadar,Satkhira,Satkhira,Tb,ug/L,< 0.005
S98_01852,TA-51,1998/07/20,24.108,90.076,HTW,27,Dhaka,Tangail,Mirzapur,Baithgram,Gurail,Tb,ug/L,< 0.005
S98_01853,CHAL-52,1998/07/18,22.586,89.504,HTW,18,Khulna,Bagerhat,Bagerhat Sadar,Chalna,Chalna,Tb,ug/L,< 0.005
S98_01854,GA-52,1998/07/17,24.197,90.474,HTW,29,Dhaka,Gazipur,Sripur,Sreepur,Sreepur,Tb,ug/L,< 0.005
S98_01855,BAGIER-53,1998/07/15,22.663,89.763,,38,Khulna,Bagerhat,Bagerhat Sadar,Bagierhat,Bagierhat,Tb,ug/L,< 0.005
S98_01856,NAR-53,1998/07/18,23.926,90.718,HTW,,Dhaka,Narsingdi,Narsingdi Sadar,Narshingdi,Norshindi Dak Hangloo,Tb,ug/L,< 0.005
S98_01857,KHALIS-54,1998/07/18,22.548,89.538,DTW,274,Khulna,Khulna,Khulna Sadar,Khalishpur,Khalishpur,Tb,ug/L,< 0.005
S98_01858,DA-54,1998/07/16,23.734,90.418,DTW,137,Dhaka,Dhaka,Motijheel,Motijheel,Pwd Colony,Tb,ug/L,< 0.005
S98_01859,RJB-69,1998/07/22,23.765,89.476,HTW,22,Dhaka,Rajbari,Pangsha,,Kalukhau,Tb,ug/L,< 0.005
S98_01860,RJB-70,1998/07/22,23.754,89.645,DTW,127,Dhaka,Rajbari,Rajbari Sadar,,Municipality,Tb,ug/L,< 0.005
S98_01861,FAR-71,1998/07/23,23.599,89.835,DTW,84,Dhaka,Faridpur,Faridpur Sadar,,Municipal,Tb,ug/L,< 0.005
S98_01862,GOP-72,1998/07/23,23.21,89.693,HTW,20,Dhaka,Gopalganj,Kashiani,,Bhatiapara,Tb,ug/L,< 0.005
S98_01863,GOP-73,1998/07/23,23.005,89.823,HTW,20,Dhaka,Gopalganj,Gopalganj Sadar,Municipality,Gopalganj,Tb,ug/L,< 0.005
S98_01864,MAD-74,1998/07/23,23.167,90.195,DTW,238,Dhaka,Madaripur,Madaripur Sadar,Municipality,Madaripur,Tb,ug/L,< 0.005
S98_01865,BAR-75,1998/07/25,22.7,90.369,DTW,610,Barisal,Barisal,Barisal Sadar,,Barisal,Tb,ug/L,< 0.005
S98_01866,PAT-77,1998/07/25,22.355,90.345,DTW,274,Barisal,Patuakhali,Patuakhali Sadar,Municipality,Patuakhali,Tb,ug/L,< 0.005
S98_01867,DA-101,1998/07/21,23.51,90.217,HTW,26,Dhaka,Munshiganj,Munshiganj Sadar,Bhaishakul,Bhaishakul T Inst,Tb,ug/L,< 0.005
S98_01868,DA-102,1998/07/16,23.769,90.364,DTW,53,Dhaka,Dhaka,Mohammadpur (D),Mohammedpur,Mohammedpur,Tb,ug/L,< 0.005
S98_04510,GOHI-44,1998/07/29,22.1467,91.8231,Piez,265,Chittagong,Chittagong,Anowara,Gohira,UC Office,Tb,ug/L,< 0.005
S98_04511,RUST-45,1998/07/29,22.1924,91.8562,HTW,146,Chittagong,Chittagong,Anowara,Battali,Battali,Tb,ug/L,< 0.005
S98_04512,GOHI-46,1998/07/29,22.1467,91.8231,Piez,68,Chittagong,Chittagong,Anowara,Gohira,UC Office,Tb,ug/L,< 0.005
S98_04513,COM-84,1998/07/28,23.4453,91.1722,HTW,32,Chittagong,Comilla,Comilla Sadar,Shaktala,Shaktala,Tb,ug/L,< 0.005
S98_04514,DAUD-85,1998/07/28,23.536,90.7104,HTW,32,Chittagong,Comilla,Daudkandi,Daudkandi,Daudkandi Bazar,Tb,ug/L,< 0.005
S98_04515,LAKS-86,1998/07/28,23.2499,91.115,HTW,23,Chittagong,Comilla,Laksam,Nabaratpur,Nabaratpur,Tb,ug/L,< 0.005
S98_04516,HAJ-87,1998/07/31,23.2484,90.8696,DTW,107,Chittagong,Chandpur,Hajiganj,Aligonj,Aligonj H complex,Tb,ug/L,< 0.005
S98_04517,CHAN-88,1998/07/31,23.2342,90.6673,HTW,168,Chittagong,Chandpur,Chandpur Sadar,Shologhar,Shologhar,Tb,ug/L,< 0.005
S98_04518,NOA-89,1998/07/28,22.8334,91.0955,HTW,11,Chittagong,Noakhali,Noakhali Sadar,Sonapur,Sonapur,Tb,ug/L,< 0.005
S98_04519,FENI-90,1998/07/28,23.0053,91.3866,HTW,13,Chittagong,Feni,Feni Sadar,Pachgadria,Feni Rest House,Tb,ug/L,< 0.005
S98_04520,MIR-91,1998/07/28,22.7761,91.5656,HTW,25,Chittagong,Chittagong,Mirsharai,PS,Miraswarai,Tb,ug/L,< 0.005
S98_04521,CTG-92,1998/07/29,22.4735,91.7891,DTW,110,Chittagong,Chittagong,Hathazari,Hathajani,University,Tb,ug/L,< 0.005
S98_04522,CTG-93,1998/07/29,22.3704,91.8442,DTW,146,Chittagong,Chittagong,Chandgaon,Chandgown,Chandgown,Tb,ug/L,< 0.005
S98_04523,ANWA-94,1998/07/29,22.2234,91.898,HTW,43,Chittagong,Chittagong,Anowara,Anwara,Thana Parishad Office,Tb,ug/L,< 0.005
S98_04524,SAT-95,1998/07/29,22.0721,92.0479,HTW,31,Chittagong,Chittagong,Satkania,Satkania,Satkania,Tb,ug/L,< 0.005
S98_04525,COX-99,1998/07/30,21.4349,91.9656,HTW,10,Chittagong,Cox's Bazar,Cox's Bazar Sadar,,BWDB rest house,Tb,ug/L,< 0.005
S98_04526,UKHI-100,1998/07/30,21.2432,92.1325,DTW,52,Chittagong,Cox's Bazar,Ukhia,Ukhia,Ukhia Bazar,Tb,ug/L,< 0.005
S99_00796,SAN-43(CS),1999/04/06,22.4815,91.4285,Piez,56.96,Chittagong,Chittagong,Sandwip,Rahamatpur,Rahamatpur,Tb,ug/L,
S99_00797,SAN-42(CMD),1999/04/06,22.4815,91.4285,Piez,160.92,Chittagong,Chittagong,Sandwip,Rahamatpur,Rahamatpur,Tb,ug/L,
S99_00798,SAN-41(CD),1999/04/06,22.4815,91.4285,Piez,261.94,Chittagong,Chittagong,Sandwip,Rahamatpur,Rahamatpur,Tb,ug/L,
S99_00799,MOH-98,1999/05/28,21.517,91.9584,Piez,7.32,Chittagong,Cox's Bazar,Maheshkhali,Gorukghata,Gorukghata,Tb,ug/L,
S99_00800,KUT-97,1999/05/30,21.8128,91.8449,Piez,542.68,Chittagong,Cox's Bazar,Kutubdia,Baraghope,Baraghope,Tb,ug/L,
S99_00801,SAND-9,1999/03/06,22.4817,91.4332,Piez,329.26,Chittagong,Chittagong,Sandwip,BWDB Guest house,BWDB Guest house,Tb,ug/L,
S99_00802,AKHA-82,1999/05/24,23.8659,91.201,HTW,18.3,Chittagong,Brahamanbaria,Akhaura,Railway station,Railway station,Tb,ug/L,
S99_00803,MUR-83,1999/05/24,23.7627,90.9899,HTW,26.22,Chittagong,Comilla,Muradnagar,Kasimpur,Kasimpur,Tb,ug/L,
S99_00804,CHU-81,1999/05/25,24.1945,91.5138,HTW,30.5,Sylhet,Habiganj,Chunarughat,Chunarughat Bazar,Chunarughat Bazar,Tb,ug/L,
S99_00805,HABI-80,1999/05/25,24.3776,91.4083,HTW,36.59,Sylhet,Habiganj,Habiganj Sadar,Rajanagar,Rajanagar,Tb,ug/L,
S99_00806,MVI-79,1999/05/25,24.4696,91.7603,HTW,30.5,Sylhet,Maulvibazar,Maulvi Bazar Sadar,Sultanpur,Sultanpur,Tb,ug/L,
S99_00807,SYL-78,1998/05/25,24.8795,91.8605,HTW,30.5,Sylhet,Sylhet,Sylhet Sadar,Railway station,Railway station,Tb,ug/L,
S98_01785,SAT-1,1998/07/23,26.479,88.514,HTW,9,Rajshahi,Panchagarh,Tetulia,Satmara,Satmara,Tl,ug/L,0.06
S98_01786,130DA-2,,25.7,88.5,HTW,15,Rajshahi,Panchagarh,Boda,Boda,Boda,Tl,ug/L,< 0.01
S98_01787,TA-2/B,1998/07/20,24.088,90.17,HTW,37,Dhaka,Tangail,Mirzapur,Gurai,Gurai,Tl,ug/L,< 0.01
S98_01788,BALI-3,1998/07/23,26.083,88.279,HTW,18,Rajshahi,Thakurgaon,Baliadangi,Baliadanga,Baliadanga,Tl,ug/L,< 0.01
S98_01789,SALN-4,1998/07/23,26.054,88.533,HTW,37,Rajshahi,Thakurgaon,Thakurgaon Sadar,Salander,Salander,Tl,ug/L,< 0.01
S98_01790,JA-4/B,1998/07/19,24.91,89.946,HTW,26,Dhaka,Jamalpur,Jamalpur Sadar,Jamalpur,Fulbaria,Tl,ug/L,< 0.01
S98_01791,KABIR-5,1998/07/24,25.903,88.6,HTW,30,Rajshahi,Dinajpur,Birganj,Birgong,Kbirashat,Tl,ug/L,< 0.01
S98_01792,RANI-6,1998/07/23,25.901,88.254,HTW,30,Rajshahi,Thakurgaon,Ranisankail,Ranisanwail,Ranisanwail,Tl,ug/L,< 0.01
S98_01793,SIBRM-7,1998/07/24,25.665,88.652,HTW,18,Rajshahi,Dinajpur,Dinajpur Sadar,Sibrampur,Sibrampur,Tl,ug/L,< 0.01
S98_01794,PARBT-8,1998/07/24,25.653,88.915,HTW,20,Rajshahi,Dinajpur,Parbatipur,Parbatipur,Parbatipur,Tl,ug/L,0.02
S98_01795,HAKM-9,1998/07/22,25.288,89.021,HTW,21,Rajshahi,Dinajpur,Hakimpur,Hakimpur,Hakimpur,Tl,ug/L,< 0.01
S98_01796,CHIL-10,1998/07/25,26.1,88.8,HTW,24,Rajshahi,Nilphamari,Domar,Chilahati,Chilahati,Tl,ug/L,< 0.01
S98_01797,NIL-11,1998/07/24,25.9,88.8,HTW,18,Rajshahi,Nilphamari,Nilphamari Sadar,Nilphamari,Nilphamari,Tl,ug/L,< 0.01
S98_01798,BRUT-12,1998/07/25,26.203,89.11,HTW,,Rajshahi,Lalmonirhat,Hatibandha,Barakhta,Barakhta,Tl,ug/L,0.11
S98_01799,JAL-13,1998/07/25,25.931,88.838,HTW,27,Rajshahi,Nilphamari,Jaldhaka,Jaldhaka,Jaldhaka,Tl,ug/L,0.03
S98_01800,RANG-14,1998/07/26,25.752,89.253,HTW,18,Rajshahi,Rangpur,Rangpur Sadar,Rangipur,Rangipur,Tl,ug/L,0.01
S98_01801,LALM-15,1998/07/25,25.913,89.436,HTW,14,Rajshahi,Lalmonirhat,Lalmonirhat Sadar,Lalmonihat,Lalmonihat,Tl,ug/L,0.05
S98_01802,NAGUR-16,1998/07/26,25.965,89.671,HTW,18,Rajshahi,Kurigram,Nageshwari,Nagieshwari,Nagieshwari,Tl,ug/L,< 0.01
S98_01803,ULI-17,1998/07/26,25.653,89.623,HTW,18,Rajshahi,Kurigram,Ulipur,Ulipur,Ulipur,Tl,ug/L,< 0.01
S98_01804,BAMAN,1998/07/26,25.532,89.446,,18,Rajshahi,Gaibandha,Sundarganj,Bamandaga,Bamandaga,Tl,ug/L,< 0.01
S98_01805,BOA-19,1998/07/27,25.318,89.55,HTW,18,Rajshahi,Gaibandha,Gaibandha Sadar,Boalia,Boalia,Tl,ug/L,< 0.01
S98_01806,GABIN-20,1998/07/27,25.134,89.387,,12,Rajshahi,Gaibandha,Gobindaganj,Gabindagons,Gabindagons,Tl,ug/L,< 0.01
S98_01807,MADR-21,1998/07/22,25.109,89.036,HTW,15,Rajshahi,Jaipurhat,Jaipurhat Sadar,Madergonj,Madergonj,Tl,ug/L,0.01
S98_01808,SANTA-22,1998/07/22,24.804,88.969,HTW,18,Rajshahi,Bogra,Adamdighi,Santahar,Santahar,Tl,ug/L,< 0.01
S98_01809,GIOKU-23,1998/07/27,24.933,89.348,HTW,18,Rajshahi,Bogra,Bogra Sadar,Giokul,Giokul,Tl,ug/L,< 0.01
S98_01810,PATNI-29,1998/07/22,25.05,88.75,HTW,15,Rajshahi,Naogaon,Patnitala,Patnitala,Patnitala,Tl,ug/L,< 0.01
S98_01811,MAND-25,1998/07/22,24.793,88.701,HTW,30,Rajshahi,Naogaon,Manda,Manda,Manda,Tl,ug/L,< 0.01
S98_01812,PIR-25,1998/07/27,22.365,89.933,,,Barisal,Pirojpur,Mathbaria,,Burirchar,Tl,ug/L,0.3
S98_01813,RAHAN-26,1998/07/21,24.8,88.2,HTW,30,Rajshahi,Nawabganj,Gomastapur,Rahandur,Rahandur,Tl,ug/L,< 0.01
S98_01814,PIR-26,1998/07/27,22.365,89.933,HTW,37,Barisal,Pirojpur,Mathbaria,,Burirchar,Tl,ug/L,8.76
S98_01815,SHIB-27,1998/07/21,24.684,88.157,Piez,61,Rajshahi,Nawabganj,Shibganj (N),Shibgong,Shibgong,Tl,ug/L,< 0.01
S98_01816,PIR-27,1998/07/27,22.365,89.933,HTW,27,Barisal,Pirojpur,Mathbaria,,Burirchar,Tl,ug/L,0.14
S98_01817,GIODA-28,1998/07/21,24.461,88.328,HTW,30,Rajshahi,Rajshahi,Godagari,Giodagari,Giodagari,Tl,ug/L,< 0.01
S98_01818,SAPU-29,1998/07/21,24.374,88.558,HTW,37,Rajshahi,Rajshahi,Rajpara,Sapura,Sapura,Tl,ug/L,< 0.01
S98_01819,CHAR-30,1998/07/20,24.304,88.738,HTW,18,Rajshahi,Rajshahi,Charghat,Charghat,Charghat,Tl,ug/L,0.02
S98_01820,NAT-31,1998/07/20,24.414,89.988,HTW,27,Rajshahi,Natore,Natore Sadar,Natore,Natore,Tl,ug/L,< 0.01
S98_01821,SING-32,1998/07/20,24.506,89.143,TARA,18,Rajshahi,Natore,Singra,Singra,Singra,Tl,ug/L,< 0.01
S98_01822,LAL-33,1998/07/20,24.179,88.966,HTW,27,Rajshahi,Natore,Lalpur,Lalpur,Lalpur,Tl,ug/L,< 0.01
S98_01823,ROYG-34,1998/07/27,24.507,89.526,HTW,15,Rajshahi,Sirajganj,Raiganj,Roygong,Roygong,Tl,ug/L,< 0.01
S98_01824,SIRA-35,1998/07/28,24.463,89.708,HTW,18,Rajshahi,Sirajganj,Sirajganj Sadar,Sirjgong,Sirjgong,Tl,ug/L,< 0.01
S98_01825,CHAT-36,1998/07/20,24.15,89.261,HTW,18,Rajshahi,Pabna,Chatmohar,Chatmohur,Chatmohur,Tl,ug/L,< 0.01
S98_01826,PAB-37,1998/07/19,24.006,89.235,HTW,30,Rajshahi,Pabna,Pabna Sadar,Pabna,Pabna,Tl,ug/L,< 0.01
S98_01827,SUJA-38,1998/07/19,23.94,89.408,HTW,18,Rajshahi,Pabna,Sujanagar,Sujanager,Sujanager,Tl,ug/L,< 0.01
S98_01828,NAGIR-39,1998/07/28,23.951,89.65,HTW,20,Rajshahi,Pabna,Bera,Nagierbari,Nagierbari,Tl,ug/L,< 0.01
S98_01829,JA-40,1998/07/19,25.156,89.751,HTW,27,Dhaka,Jamalpur,Dewanganj,Chukaibari,Batheshasaria,Tl,ug/L,< 0.01
S98_01830,PRAG-40,1998/07/19,24.005,88.765,TARA,113,Khulna,Kushtia,Daulatpur (Ku),Pragpur,Pragpur,Tl,ug/L,< 0.01
S98_01831,HYM-41,1998/07/18,25.117,90.335,,27,Dhaka,Mymensingh,Haluaghat, Haluagher,Haluaghatthana Compn,Tl,ug/L,< 0.01
S98_01832,VHAR-41,1998/07/19,24.019,88.992,HTW,,Khulna,Kushtia,Bheramara,Vharamara,Vharamara,Tl,ug/L,< 0.01
S98_01833,KUST-42,1998/07/19,23.909,89.128,HTW,49,Khulna,Kushtia,Kushtia Sadar,Kushtia,Kushtia,Tl,ug/L,< 0.01
S98_01834,SHER-42/A,1998/07/18,25.018,90.012,HTW,36,Rajshahi,Bogra,Sherpur,Sherpur,,Tl,ug/L,< 0.01
S98_01835,MEHER-43,1998/07/19,23.761,88.632,HTW,27,Khulna,Meherpur,Meherpur Sadar,Meherpur,Meherpur,Tl,ug/L,< 0.01
S98_01836,JAM-43,1998/07/20,24.758,89.835,HTW,20,Dhaka,Jamalpur,Sarishabari,Sharishabari,Sharishabari,Tl,ug/L,< 0.01
S98_01837,DAR-44,1998/07/19,23.529,88.81,HTW,18,Khulna,Chuadanga,Chuadanga Sadar,Darsana,Darsana,Tl,ug/L,< 0.01
S98_01838,MYM-44,1998/07/17,24.748,90.406,DTW,107,Dhaka,Mymensingh,Mymensingh Sadar,Sadar,Bagmera,Tl,ug/L,< 0.01
S98_01839,JHIN-45,1998/07/18,23.547,89.165,,122,Khulna,Jhenaidah,Jhenaidah Sadar,Jhinaidha,Jhinaidha,Tl,ug/L,< 0.01
S98_01840,NET-45,1998/07/17,24.866,90.722,HTW,65,Dhaka,Netrokona,Netrokona Sadar,Sadar,Netrokona,Tl,ug/L,< 0.01
S98_01841,MAGU-46,1998/07/15,23.488,89.429,HTW,21,Khulna,Magura,Magura Sadar,Magura,Magura,Tl,ug/L,< 0.01
S98_01842,KISH-46,1998/07/18,24.444,90.773,DTW,118,Dhaka,Kishoreganj,Kishoreganj Sadar,Goital,Kishorgorj,Tl,ug/L,< 0.01
S98_01843,JES-47,1998/07/18,23.167,89.219,DTW,133,Khulna,Jessore,Jessore Sadar,Jessore,Jessore,Tl,ug/L,< 0.01
S98_01844,MYM-47,1998/07/17,24.454,90.54,HTW,,Dhaka,Mymensingh,Gafargaon,Saltia,Sulhasia,Tl,ug/L,< 0.01
S98_01845,NAR-48,1998/07/18,23.173,89.513,HTW,24,Khulna,Narail,Narail Sadar,Narail,Narail,Tl,ug/L,< 0.01
S98_01846,KISH-48,1998/07/18,24.047,90.973,HTW,20,Dhaka,Kishoreganj,Bhairab,Bhairab,Bhairab Rly St,Tl,ug/L,< 0.01
S98_01847,GODKHA-49,1998/07/15,23.059,89.077,HTW,24,Khulna,Jessore,Jhikargachha,Godkhali,Godkhali,Tl,ug/L,< 0.01
S98_01848,TA-49,1998/07/20,24.605,90.024,HTW,34,Dhaka,Tangail,Madhupur,Madhupur,Madhupur,Tl,ug/L,< 0.01
S98_01849,KHUL-50,1998/07/15,22.812,89.561,DTW,274,Khulna,Khulna,Khulna Sadar,Khulna,Khulna,Tl,ug/L,< 0.01
S98_01850,TA-50,1998/07/20,24.24,89.909,HTW,27,Dhaka,Tangail,Tangail Sadar,Sadar,Bepari Para,Tl,ug/L,< 0.01
S98_01851,SATKHR-51,1998/07/17,22.718,89.07,DTW,183,Khulna,Satkhira,Satkhira Sadar,Satkhira,Satkhira,Tl,ug/L,< 0.01
S98_01852,TA-51,1998/07/20,24.108,90.076,HTW,27,Dhaka,Tangail,Mirzapur,Baithgram,Gurail,Tl,ug/L,< 0.01
S98_01853,CHAL-52,1998/07/18,22.586,89.504,HTW,18,Khulna,Bagerhat,Bagerhat Sadar,Chalna,Chalna,Tl,ug/L,< 0.01
S98_01854,GA-52,1998/07/17,24.197,90.474,HTW,29,Dhaka,Gazipur,Sripur,Sreepur,Sreepur,Tl,ug/L,< 0.01
S98_01855,BAGIER-53,1998/07/15,22.663,89.763,,38,Khulna,Bagerhat,Bagerhat Sadar,Bagierhat,Bagierhat,Tl,ug/L,< 0.01
S98_01856,NAR-53,1998/07/18,23.926,90.718,HTW,,Dhaka,Narsingdi,Narsingdi Sadar,Narshingdi,Norshindi Dak Hangloo,Tl,ug/L,< 0.01
S98_01857,KHALIS-54,1998/07/18,22.548,89.538,DTW,274,Khulna,Khulna,Khulna Sadar,Khalishpur,Khalishpur,Tl,ug/L,< 0.01
S98_01858,DA-54,1998/07/16,23.734,90.418,DTW,137,Dhaka,Dhaka,Motijheel,Motijheel,Pwd Colony,Tl,ug/L,0.01
S98_01859,RJB-69,1998/07/22,23.765,89.476,HTW,22,Dhaka,Rajbari,Pangsha,,Kalukhau,Tl,ug/L,< 0.01
S98_01860,RJB-70,1998/07/22,23.754,89.645,DTW,127,Dhaka,Rajbari,Rajbari Sadar,,Municipality,Tl,ug/L,0.01
S98_01861,FAR-71,1998/07/23,23.599,89.835,DTW,84,Dhaka,Faridpur,Faridpur Sadar,,Municipal,Tl,ug/L,< 0.01
S98_01862,GOP-72,1998/07/23,23.21,89.693,HTW,20,Dhaka,Gopalganj,Kashiani,,Bhatiapara,Tl,ug/L,< 0.01
S98_01863,GOP-73,1998/07/23,23.005,89.823,HTW,20,Dhaka,Gopalganj,Gopalganj Sadar,Municipality,Gopalganj,Tl,ug/L,< 0.01
S98_01864,MAD-74,1998/07/23,23.167,90.195,DTW,238,Dhaka,Madaripur,Madaripur Sadar,Municipality,Madaripur,Tl,ug/L,< 0.01
S98_01865,BAR-75,1998/07/25,22.7,90.369,DTW,610,Barisal,Barisal,Barisal Sadar,,Barisal,Tl,ug/L,0.03
S98_01866,PAT-77,1998/07/25,22.355,90.345,DTW,274,Barisal,Patuakhali,Patuakhali Sadar,Municipality,Patuakhali,Tl,ug/L,0.02
S98_01867,DA-101,1998/07/21,23.51,90.217,HTW,26,Dhaka,Munshiganj,Munshiganj Sadar,Bhaishakul,Bhaishakul T Inst,Tl,ug/L,< 0.01
S98_01868,DA-102,1998/07/16,23.769,90.364,DTW,53,Dhaka,Dhaka,Mohammadpur (D),Mohammedpur,Mohammedpur,Tl,ug/L,< 0.01
S98_04510,GOHI-44,1998/07/29,22.1467,91.8231,Piez,265,Chittagong,Chittagong,Anowara,Gohira,UC Office,Tl,ug/L,0.05
S98_04511,RUST-45,1998/07/29,22.1924,91.8562,HTW,146,Chittagong,Chittagong,Anowara,Battali,Battali,Tl,ug/L,0.07
S98_04512,GOHI-46,1998/07/29,22.1467,91.8231,Piez,68,Chittagong,Chittagong,Anowara,Gohira,UC Office,Tl,ug/L,0.02
S98_04513,COM-84,1998/07/28,23.4453,91.1722,HTW,32,Chittagong,Comilla,Comilla Sadar,Shaktala,Shaktala,Tl,ug/L,0.13
S98_04514,DAUD-85,1998/07/28,23.536,90.7104,HTW,32,Chittagong,Comilla,Daudkandi,Daudkandi,Daudkandi Bazar,Tl,ug/L,0.08
S98_04515,LAKS-86,1998/07/28,23.2499,91.115,HTW,23,Chittagong,Comilla,Laksam,Nabaratpur,Nabaratpur,Tl,ug/L,0.05
S98_04516,HAJ-87,1998/07/31,23.2484,90.8696,DTW,107,Chittagong,Chandpur,Hajiganj,Aligonj,Aligonj H complex,Tl,ug/L,0.01
S98_04517,CHAN-88,1998/07/31,23.2342,90.6673,HTW,168,Chittagong,Chandpur,Chandpur Sadar,Shologhar,Shologhar,Tl,ug/L,0.01
S98_04518,NOA-89,1998/07/28,22.8334,91.0955,HTW,11,Chittagong,Noakhali,Noakhali Sadar,Sonapur,Sonapur,Tl,ug/L,0.07
S98_04519,FENI-90,1998/07/28,23.0053,91.3866,HTW,13,Chittagong,Feni,Feni Sadar,Pachgadria,Feni Rest House,Tl,ug/L,0.03
S98_04520,MIR-91,1998/07/28,22.7761,91.5656,HTW,25,Chittagong,Chittagong,Mirsharai,PS,Miraswarai,Tl,ug/L,0.03
S98_04521,CTG-92,1998/07/29,22.4735,91.7891,DTW,110,Chittagong,Chittagong,Hathazari,Hathajani,University,Tl,ug/L,0.03
S98_04522,CTG-93,1998/07/29,22.3704,91.8442,DTW,146,Chittagong,Chittagong,Chandgaon,Chandgown,Chandgown,Tl,ug/L,0.02
S98_04523,ANWA-94,1998/07/29,22.2234,91.898,HTW,43,Chittagong,Chittagong,Anowara,Anwara,Thana Parishad Office,Tl,ug/L,0.07
S98_04524,SAT-95,1998/07/29,22.0721,92.0479,HTW,31,Chittagong,Chittagong,Satkania,Satkania,Satkania,Tl,ug/L,< 0.01
S98_04525,COX-99,1998/07/30,21.4349,91.9656,HTW,10,Chittagong,Cox's Bazar,Cox's Bazar Sadar,,BWDB rest house,Tl,ug/L,0.03
S98_04526,UKHI-100,1998/07/30,21.2432,92.1325,DTW,52,Chittagong,Cox's Bazar,Ukhia,Ukhia,Ukhia Bazar,Tl,ug/L,0.02
S99_00796,SAN-43(CS),1999/04/06,22.4815,91.4285,Piez,56.96,Chittagong,Chittagong,Sandwip,Rahamatpur,Rahamatpur,Tl,ug/L,
S99_00797,SAN-42(CMD),1999/04/06,22.4815,91.4285,Piez,160.92,Chittagong,Chittagong,Sandwip,Rahamatpur,Rahamatpur,Tl,ug/L,
S99_00798,SAN-41(CD),1999/04/06,22.4815,91.4285,Piez,261.94,Chittagong,Chittagong,Sandwip,Rahamatpur,Rahamatpur,Tl,ug/L,
S99_00799,MOH-98,1999/05/28,21.517,91.9584,Piez,7.32,Chittagong,Cox's Bazar,Maheshkhali,Gorukghata,Gorukghata,Tl,ug/L,
S99_00800,KUT-97,1999/05/30,21.8128,91.8449,Piez,542.68,Chittagong,Cox's Bazar,Kutubdia,Baraghope,Baraghope,Tl,ug/L,
S99_00801,SAND-9,1999/03/06,22.4817,91.4332,Piez,329.26,Chittagong,Chittagong,Sandwip,BWDB Guest house,BWDB Guest house,Tl,ug/L,
S99_00802,AKHA-82,1999/05/24,23.8659,91.201,HTW,18.3,Chittagong,Brahamanbaria,Akhaura,Railway station,Railway station,Tl,ug/L,
S99_00803,MUR-83,1999/05/24,23.7627,90.9899,HTW,26.22,Chittagong,Comilla,Muradnagar,Kasimpur,Kasimpur,Tl,ug/L,
S99_00804,CHU-81,1999/05/25,24.1945,91.5138,HTW,30.5,Sylhet,Habiganj,Chunarughat,Chunarughat Bazar,Chunarughat Bazar,Tl,ug/L,
S99_00805,HABI-80,1999/05/25,24.3776,91.4083,HTW,36.59,Sylhet,Habiganj,Habiganj Sadar,Rajanagar,Rajanagar,Tl,ug/L,
S99_00806,MVI-79,1999/05/25,24.4696,91.7603,HTW,30.5,Sylhet,Maulvibazar,Maulvi Bazar Sadar,Sultanpur,Sultanpur,Tl,ug/L,
S99_00807,SYL-78,1998/05/25,24.8795,91.8605,HTW,30.5,Sylhet,Sylhet,Sylhet Sadar,Railway station,Railway station,Tl,ug/L,
S98_01785,SAT-1,1998/07/23,26.479,88.514,HTW,9,Rajshahi,Panchagarh,Tetulia,Satmara,Satmara,Tm,ug/L,< 0.005
S98_01786,130DA-2,,25.7,88.5,HTW,15,Rajshahi,Panchagarh,Boda,Boda,Boda,Tm,ug/L,< 0.005
S98_01787,TA-2/B,1998/07/20,24.088,90.17,HTW,37,Dhaka,Tangail,Mirzapur,Gurai,Gurai,Tm,ug/L,< 0.005
S98_01788,BALI-3,1998/07/23,26.083,88.279,HTW,18,Rajshahi,Thakurgaon,Baliadangi,Baliadanga,Baliadanga,Tm,ug/L,< 0.005
S98_01789,SALN-4,1998/07/23,26.054,88.533,HTW,37,Rajshahi,Thakurgaon,Thakurgaon Sadar,Salander,Salander,Tm,ug/L,< 0.005
S98_01790,JA-4/B,1998/07/19,24.91,89.946,HTW,26,Dhaka,Jamalpur,Jamalpur Sadar,Jamalpur,Fulbaria,Tm,ug/L,< 0.005
S98_01791,KABIR-5,1998/07/24,25.903,88.6,HTW,30,Rajshahi,Dinajpur,Birganj,Birgong,Kbirashat,Tm,ug/L,< 0.005
S98_01792,RANI-6,1998/07/23,25.901,88.254,HTW,30,Rajshahi,Thakurgaon,Ranisankail,Ranisanwail,Ranisanwail,Tm,ug/L,< 0.005
S98_01793,SIBRM-7,1998/07/24,25.665,88.652,HTW,18,Rajshahi,Dinajpur,Dinajpur Sadar,Sibrampur,Sibrampur,Tm,ug/L,< 0.005
S98_01794,PARBT-8,1998/07/24,25.653,88.915,HTW,20,Rajshahi,Dinajpur,Parbatipur,Parbatipur,Parbatipur,Tm,ug/L,< 0.005
S98_01795,HAKM-9,1998/07/22,25.288,89.021,HTW,21,Rajshahi,Dinajpur,Hakimpur,Hakimpur,Hakimpur,Tm,ug/L,< 0.005
S98_01796,CHIL-10,1998/07/25,26.1,88.8,HTW,24,Rajshahi,Nilphamari,Domar,Chilahati,Chilahati,Tm,ug/L,< 0.005
S98_01797,NIL-11,1998/07/24,25.9,88.8,HTW,18,Rajshahi,Nilphamari,Nilphamari Sadar,Nilphamari,Nilphamari,Tm,ug/L,< 0.005
S98_01798,BRUT-12,1998/07/25,26.203,89.11,HTW,,Rajshahi,Lalmonirhat,Hatibandha,Barakhta,Barakhta,Tm,ug/L,< 0.005
S98_01799,JAL-13,1998/07/25,25.931,88.838,HTW,27,Rajshahi,Nilphamari,Jaldhaka,Jaldhaka,Jaldhaka,Tm,ug/L,< 0.005
S98_01800,RANG-14,1998/07/26,25.752,89.253,HTW,18,Rajshahi,Rangpur,Rangpur Sadar,Rangipur,Rangipur,Tm,ug/L,< 0.005
S98_01801,LALM-15,1998/07/25,25.913,89.436,HTW,14,Rajshahi,Lalmonirhat,Lalmonirhat Sadar,Lalmonihat,Lalmonihat,Tm,ug/L,< 0.005
S98_01802,NAGUR-16,1998/07/26,25.965,89.671,HTW,18,Rajshahi,Kurigram,Nageshwari,Nagieshwari,Nagieshwari,Tm,ug/L,< 0.005
S98_01803,ULI-17,1998/07/26,25.653,89.623,HTW,18,Rajshahi,Kurigram,Ulipur,Ulipur,Ulipur,Tm,ug/L,< 0.005
S98_01804,BAMAN,1998/07/26,25.532,89.446,,18,Rajshahi,Gaibandha,Sundarganj,Bamandaga,Bamandaga,Tm,ug/L,< 0.005
S98_01805,BOA-19,1998/07/27,25.318,89.55,HTW,18,Rajshahi,Gaibandha,Gaibandha Sadar,Boalia,Boalia,Tm,ug/L,< 0.005
S98_01806,GABIN-20,1998/07/27,25.134,89.387,,12,Rajshahi,Gaibandha,Gobindaganj,Gabindagons,Gabindagons,Tm,ug/L,< 0.005
S98_01807,MADR-21,1998/07/22,25.109,89.036,HTW,15,Rajshahi,Jaipurhat,Jaipurhat Sadar,Madergonj,Madergonj,Tm,ug/L,< 0.005
S98_01808,SANTA-22,1998/07/22,24.804,88.969,HTW,18,Rajshahi,Bogra,Adamdighi,Santahar,Santahar,Tm,ug/L,< 0.005
S98_01809,GIOKU-23,1998/07/27,24.933,89.348,HTW,18,Rajshahi,Bogra,Bogra Sadar,Giokul,Giokul,Tm,ug/L,< 0.005
S98_01810,PATNI-29,1998/07/22,25.05,88.75,HTW,15,Rajshahi,Naogaon,Patnitala,Patnitala,Patnitala,Tm,ug/L,< 0.005
S98_01811,MAND-25,1998/07/22,24.793,88.701,HTW,30,Rajshahi,Naogaon,Manda,Manda,Manda,Tm,ug/L,< 0.005
S98_01812,PIR-25,1998/07/27,22.365,89.933,,,Barisal,Pirojpur,Mathbaria,,Burirchar,Tm,ug/L,0.006
S98_01813,RAHAN-26,1998/07/21,24.8,88.2,HTW,30,Rajshahi,Nawabganj,Gomastapur,Rahandur,Rahandur,Tm,ug/L,< 0.005
S98_01814,PIR-26,1998/07/27,22.365,89.933,HTW,37,Barisal,Pirojpur,Mathbaria,,Burirchar,Tm,ug/L,0.011
S98_01815,SHIB-27,1998/07/21,24.684,88.157,Piez,61,Rajshahi,Nawabganj,Shibganj (N),Shibgong,Shibgong,Tm,ug/L,< 0.005
S98_01816,PIR-27,1998/07/27,22.365,89.933,HTW,27,Barisal,Pirojpur,Mathbaria,,Burirchar,Tm,ug/L,< 0.005
S98_01817,GIODA-28,1998/07/21,24.461,88.328,HTW,30,Rajshahi,Rajshahi,Godagari,Giodagari,Giodagari,Tm,ug/L,< 0.005
S98_01818,SAPU-29,1998/07/21,24.374,88.558,HTW,37,Rajshahi,Rajshahi,Rajpara,Sapura,Sapura,Tm,ug/L,< 0.005
S98_01819,CHAR-30,1998/07/20,24.304,88.738,HTW,18,Rajshahi,Rajshahi,Charghat,Charghat,Charghat,Tm,ug/L,< 0.005
S98_01820,NAT-31,1998/07/20,24.414,89.988,HTW,27,Rajshahi,Natore,Natore Sadar,Natore,Natore,Tm,ug/L,< 0.005
S98_01821,SING-32,1998/07/20,24.506,89.143,TARA,18,Rajshahi,Natore,Singra,Singra,Singra,Tm,ug/L,< 0.005
S98_01822,LAL-33,1998/07/20,24.179,88.966,HTW,27,Rajshahi,Natore,Lalpur,Lalpur,Lalpur,Tm,ug/L,< 0.005
S98_01823,ROYG-34,1998/07/27,24.507,89.526,HTW,15,Rajshahi,Sirajganj,Raiganj,Roygong,Roygong,Tm,ug/L,< 0.005
S98_01824,SIRA-35,1998/07/28,24.463,89.708,HTW,18,Rajshahi,Sirajganj,Sirajganj Sadar,Sirjgong,Sirjgong,Tm,ug/L,< 0.005
S98_01825,CHAT-36,1998/07/20,24.15,89.261,HTW,18,Rajshahi,Pabna,Chatmohar,Chatmohur,Chatmohur,Tm,ug/L,< 0.005
S98_01826,PAB-37,1998/07/19,24.006,89.235,HTW,30,Rajshahi,Pabna,Pabna Sadar,Pabna,Pabna,Tm,ug/L,< 0.005
S98_01827,SUJA-38,1998/07/19,23.94,89.408,HTW,18,Rajshahi,Pabna,Sujanagar,Sujanager,Sujanager,Tm,ug/L,< 0.005
S98_01828,NAGIR-39,1998/07/28,23.951,89.65,HTW,20,Rajshahi,Pabna,Bera,Nagierbari,Nagierbari,Tm,ug/L,< 0.005
S98_01829,JA-40,1998/07/19,25.156,89.751,HTW,27,Dhaka,Jamalpur,Dewanganj,Chukaibari,Batheshasaria,Tm,ug/L,< 0.005
S98_01830,PRAG-40,1998/07/19,24.005,88.765,TARA,113,Khulna,Kushtia,Daulatpur (Ku),Pragpur,Pragpur,Tm,ug/L,< 0.005
S98_01831,HYM-41,1998/07/18,25.117,90.335,,27,Dhaka,Mymensingh,Haluaghat, Haluagher,Haluaghatthana Compn,Tm,ug/L,< 0.005
S98_01832,VHAR-41,1998/07/19,24.019,88.992,HTW,,Khulna,Kushtia,Bheramara,Vharamara,Vharamara,Tm,ug/L,< 0.005
S98_01833,KUST-42,1998/07/19,23.909,89.128,HTW,49,Khulna,Kushtia,Kushtia Sadar,Kushtia,Kushtia,Tm,ug/L,< 0.005
S98_01834,SHER-42/A,1998/07/18,25.018,90.012,HTW,36,Rajshahi,Bogra,Sherpur,Sherpur,,Tm,ug/L,< 0.005
S98_01835,MEHER-43,1998/07/19,23.761,88.632,HTW,27,Khulna,Meherpur,Meherpur Sadar,Meherpur,Meherpur,Tm,ug/L,< 0.005
S98_01836,JAM-43,1998/07/20,24.758,89.835,HTW,20,Dhaka,Jamalpur,Sarishabari,Sharishabari,Sharishabari,Tm,ug/L,< 0.005
S98_01837,DAR-44,1998/07/19,23.529,88.81,HTW,18,Khulna,Chuadanga,Chuadanga Sadar,Darsana,Darsana,Tm,ug/L,< 0.005
S98_01838,MYM-44,1998/07/17,24.748,90.406,DTW,107,Dhaka,Mymensingh,Mymensingh Sadar,Sadar,Bagmera,Tm,ug/L,< 0.005
S98_01839,JHIN-45,1998/07/18,23.547,89.165,,122,Khulna,Jhenaidah,Jhenaidah Sadar,Jhinaidha,Jhinaidha,Tm,ug/L,< 0.005
S98_01840,NET-45,1998/07/17,24.866,90.722,HTW,65,Dhaka,Netrokona,Netrokona Sadar,Sadar,Netrokona,Tm,ug/L,< 0.005
S98_01841,MAGU-46,1998/07/15,23.488,89.429,HTW,21,Khulna,Magura,Magura Sadar,Magura,Magura,Tm,ug/L,< 0.005
S98_01842,KISH-46,1998/07/18,24.444,90.773,DTW,118,Dhaka,Kishoreganj,Kishoreganj Sadar,Goital,Kishorgorj,Tm,ug/L,< 0.005
S98_01843,JES-47,1998/07/18,23.167,89.219,DTW,133,Khulna,Jessore,Jessore Sadar,Jessore,Jessore,Tm,ug/L,< 0.005
S98_01844,MYM-47,1998/07/17,24.454,90.54,HTW,,Dhaka,Mymensingh,Gafargaon,Saltia,Sulhasia,Tm,ug/L,< 0.005
S98_01845,NAR-48,1998/07/18,23.173,89.513,HTW,24,Khulna,Narail,Narail Sadar,Narail,Narail,Tm,ug/L,< 0.005
S98_01846,KISH-48,1998/07/18,24.047,90.973,HTW,20,Dhaka,Kishoreganj,Bhairab,Bhairab,Bhairab Rly St,Tm,ug/L,< 0.005
S98_01847,GODKHA-49,1998/07/15,23.059,89.077,HTW,24,Khulna,Jessore,Jhikargachha,Godkhali,Godkhali,Tm,ug/L,< 0.005
S98_01848,TA-49,1998/07/20,24.605,90.024,HTW,34,Dhaka,Tangail,Madhupur,Madhupur,Madhupur,Tm,ug/L,< 0.005
S98_01849,KHUL-50,1998/07/15,22.812,89.561,DTW,274,Khulna,Khulna,Khulna Sadar,Khulna,Khulna,Tm,ug/L,< 0.005
S98_01850,TA-50,1998/07/20,24.24,89.909,HTW,27,Dhaka,Tangail,Tangail Sadar,Sadar,Bepari Para,Tm,ug/L,< 0.005
S98_01851,SATKHR-51,1998/07/17,22.718,89.07,DTW,183,Khulna,Satkhira,Satkhira Sadar,Satkhira,Satkhira,Tm,ug/L,< 0.005
S98_01852,TA-51,1998/07/20,24.108,90.076,HTW,27,Dhaka,Tangail,Mirzapur,Baithgram,Gurail,Tm,ug/L,< 0.005
S98_01853,CHAL-52,1998/07/18,22.586,89.504,HTW,18,Khulna,Bagerhat,Bagerhat Sadar,Chalna,Chalna,Tm,ug/L,< 0.005
S98_01854,GA-52,1998/07/17,24.197,90.474,HTW,29,Dhaka,Gazipur,Sripur,Sreepur,Sreepur,Tm,ug/L,< 0.005
S98_01855,BAGIER-53,1998/07/15,22.663,89.763,,38,Khulna,Bagerhat,Bagerhat Sadar,Bagierhat,Bagierhat,Tm,ug/L,< 0.005
S98_01856,NAR-53,1998/07/18,23.926,90.718,HTW,,Dhaka,Narsingdi,Narsingdi Sadar,Narshingdi,Norshindi Dak Hangloo,Tm,ug/L,< 0.005
S98_01857,KHALIS-54,1998/07/18,22.548,89.538,DTW,274,Khulna,Khulna,Khulna Sadar,Khalishpur,Khalishpur,Tm,ug/L,< 0.005
S98_01858,DA-54,1998/07/16,23.734,90.418,DTW,137,Dhaka,Dhaka,Motijheel,Motijheel,Pwd Colony,Tm,ug/L,< 0.005
S98_01859,RJB-69,1998/07/22,23.765,89.476,HTW,22,Dhaka,Rajbari,Pangsha,,Kalukhau,Tm,ug/L,< 0.005
S98_01860,RJB-70,1998/07/22,23.754,89.645,DTW,127,Dhaka,Rajbari,Rajbari Sadar,,Municipality,Tm,ug/L,< 0.005
S98_01861,FAR-71,1998/07/23,23.599,89.835,DTW,84,Dhaka,Faridpur,Faridpur Sadar,,Municipal,Tm,ug/L,< 0.005
S98_01862,GOP-72,1998/07/23,23.21,89.693,HTW,20,Dhaka,Gopalganj,Kashiani,,Bhatiapara,Tm,ug/L,< 0.005
S98_01863,GOP-73,1998/07/23,23.005,89.823,HTW,20,Dhaka,Gopalganj,Gopalganj Sadar,Municipality,Gopalganj,Tm,ug/L,< 0.005
S98_01864,MAD-74,1998/07/23,23.167,90.195,DTW,238,Dhaka,Madaripur,Madaripur Sadar,Municipality,Madaripur,Tm,ug/L,< 0.005
S98_01865,BAR-75,1998/07/25,22.7,90.369,DTW,610,Barisal,Barisal,Barisal Sadar,,Barisal,Tm,ug/L,< 0.005
S98_01866,PAT-77,1998/07/25,22.355,90.345,DTW,274,Barisal,Patuakhali,Patuakhali Sadar,Municipality,Patuakhali,Tm,ug/L,< 0.005
S98_01867,DA-101,1998/07/21,23.51,90.217,HTW,26,Dhaka,Munshiganj,Munshiganj Sadar,Bhaishakul,Bhaishakul T Inst,Tm,ug/L,< 0.005
S98_01868,DA-102,1998/07/16,23.769,90.364,DTW,53,Dhaka,Dhaka,Mohammadpur (D),Mohammedpur,Mohammedpur,Tm,ug/L,< 0.005
S98_04510,GOHI-44,1998/07/29,22.1467,91.8231,Piez,265,Chittagong,Chittagong,Anowara,Gohira,UC Office,Tm,ug/L,< 0.005
S98_04511,RUST-45,1998/07/29,22.1924,91.8562,HTW,146,Chittagong,Chittagong,Anowara,Battali,Battali,Tm,ug/L,< 0.005
S98_04512,GOHI-46,1998/07/29,22.1467,91.8231,Piez,68,Chittagong,Chittagong,Anowara,Gohira,UC Office,Tm,ug/L,< 0.005
S98_04513,COM-84,1998/07/28,23.4453,91.1722,HTW,32,Chittagong,Comilla,Comilla Sadar,Shaktala,Shaktala,Tm,ug/L,< 0.005
S98_04514,DAUD-85,1998/07/28,23.536,90.7104,HTW,32,Chittagong,Comilla,Daudkandi,Daudkandi,Daudkandi Bazar,Tm,ug/L,< 0.005
S98_04515,LAKS-86,1998/07/28,23.2499,91.115,HTW,23,Chittagong,Comilla,Laksam,Nabaratpur,Nabaratpur,Tm,ug/L,< 0.005
S98_04516,HAJ-87,1998/07/31,23.2484,90.8696,DTW,107,Chittagong,Chandpur,Hajiganj,Aligonj,Aligonj H complex,Tm,ug/L,< 0.005
S98_04517,CHAN-88,1998/07/31,23.2342,90.6673,HTW,168,Chittagong,Chandpur,Chandpur Sadar,Shologhar,Shologhar,Tm,ug/L,< 0.005
S98_04518,NOA-89,1998/07/28,22.8334,91.0955,HTW,11,Chittagong,Noakhali,Noakhali Sadar,Sonapur,Sonapur,Tm,ug/L,< 0.005
S98_04519,FENI-90,1998/07/28,23.0053,91.3866,HTW,13,Chittagong,Feni,Feni Sadar,Pachgadria,Feni Rest House,Tm,ug/L,< 0.005
S98_04520,MIR-91,1998/07/28,22.7761,91.5656,HTW,25,Chittagong,Chittagong,Mirsharai,PS,Miraswarai,Tm,ug/L,< 0.005
S98_04521,CTG-92,1998/07/29,22.4735,91.7891,DTW,110,Chittagong,Chittagong,Hathazari,Hathajani,University,Tm,ug/L,< 0.005
S98_04522,CTG-93,1998/07/29,22.3704,91.8442,DTW,146,Chittagong,Chittagong,Chandgaon,Chandgown,Chandgown,Tm,ug/L,< 0.005
S98_04523,ANWA-94,1998/07/29,22.2234,91.898,HTW,43,Chittagong,Chittagong,Anowara,Anwara,Thana Parishad Office,Tm,ug/L,< 0.005
S98_04524,SAT-95,1998/07/29,22.0721,92.0479,HTW,31,Chittagong,Chittagong,Satkania,Satkania,Satkania,Tm,ug/L,< 0.005
S98_04525,COX-99,1998/07/30,21.4349,91.9656,HTW,10,Chittagong,Cox's Bazar,Cox's Bazar Sadar,,BWDB rest house,Tm,ug/L,< 0.005
S98_04526,UKHI-100,1998/07/30,21.2432,92.1325,DTW,52,Chittagong,Cox's Bazar,Ukhia,Ukhia,Ukhia Bazar,Tm,ug/L,< 0.005
S99_00796,SAN-43(CS),1999/04/06,22.4815,91.4285,Piez,56.96,Chittagong,Chittagong,Sandwip,Rahamatpur,Rahamatpur,Tm,ug/L,
S99_00797,SAN-42(CMD),1999/04/06,22.4815,91.4285,Piez,160.92,Chittagong,Chittagong,Sandwip,Rahamatpur,Rahamatpur,Tm,ug/L,
S99_00798,SAN-41(CD),1999/04/06,22.4815,91.4285,Piez,261.94,Chittagong,Chittagong,Sandwip,Rahamatpur,Rahamatpur,Tm,ug/L,
S99_00799,MOH-98,1999/05/28,21.517,91.9584,Piez,7.32,Chittagong,Cox's Bazar,Maheshkhali,Gorukghata,Gorukghata,Tm,ug/L,
S99_00800,KUT-97,1999/05/30,21.8128,91.8449,Piez,542.68,Chittagong,Cox's Bazar,Kutubdia,Baraghope,Baraghope,Tm,ug/L,
S99_00801,SAND-9,1999/03/06,22.4817,91.4332,Piez,329.26,Chittagong,Chittagong,Sandwip,BWDB Guest house,BWDB Guest house,Tm,ug/L,
S99_00802,AKHA-82,1999/05/24,23.8659,91.201,HTW,18.3,Chittagong,Brahamanbaria,Akhaura,Railway station,Railway station,Tm,ug/L,
S99_00803,MUR-83,1999/05/24,23.7627,90.9899,HTW,26.22,Chittagong,Comilla,Muradnagar,Kasimpur,Kasimpur,Tm,ug/L,
S99_00804,CHU-81,1999/05/25,24.1945,91.5138,HTW,30.5,Sylhet,Habiganj,Chunarughat,Chunarughat Bazar,Chunarughat Bazar,Tm,ug/L,
S99_00805,HABI-80,1999/05/25,24.3776,91.4083,HTW,36.59,Sylhet,Habiganj,Habiganj Sadar,Rajanagar,Rajanagar,Tm,ug/L,
S99_00806,MVI-79,1999/05/25,24.4696,91.7603,HTW,30.5,Sylhet,Maulvibazar,Maulvi Bazar Sadar,Sultanpur,Sultanpur,Tm,ug/L,
S99_00807,SYL-78,1998/05/25,24.8795,91.8605,HTW,30.5,Sylhet,Sylhet,Sylhet Sadar,Railway station,Railway station,Tm,ug/L,
S98_01785,SAT-1,1998/07/23,26.479,88.514,HTW,9,Rajshahi,Panchagarh,Tetulia,Satmara,Satmara,U,ug/L,0.16
S98_01786,130DA-2,,25.7,88.5,HTW,15,Rajshahi,Panchagarh,Boda,Boda,Boda,U,ug/L,0.02
S98_01787,TA-2/B,1998/07/20,24.088,90.17,HTW,37,Dhaka,Tangail,Mirzapur,Gurai,Gurai,U,ug/L,0.48
S98_01788,BALI-3,1998/07/23,26.083,88.279,HTW,18,Rajshahi,Thakurgaon,Baliadangi,Baliadanga,Baliadanga,U,ug/L,0.07
S98_01789,SALN-4,1998/07/23,26.054,88.533,HTW,37,Rajshahi,Thakurgaon,Thakurgaon Sadar,Salander,Salander,U,ug/L,0.02
S98_01790,JA-4/B,1998/07/19,24.91,89.946,HTW,26,Dhaka,Jamalpur,Jamalpur Sadar,Jamalpur,Fulbaria,U,ug/L,< 0.01
S98_01791,KABIR-5,1998/07/24,25.903,88.6,HTW,30,Rajshahi,Dinajpur,Birganj,Birgong,Kbirashat,U,ug/L,0.05
S98_01792,RANI-6,1998/07/23,25.901,88.254,HTW,30,Rajshahi,Thakurgaon,Ranisankail,Ranisanwail,Ranisanwail,U,ug/L,0.15
S98_01793,SIBRM-7,1998/07/24,25.665,88.652,HTW,18,Rajshahi,Dinajpur,Dinajpur Sadar,Sibrampur,Sibrampur,U,ug/L,0.03
S98_01794,PARBT-8,1998/07/24,25.653,88.915,HTW,20,Rajshahi,Dinajpur,Parbatipur,Parbatipur,Parbatipur,U,ug/L,0.05
S98_01795,HAKM-9,1998/07/22,25.288,89.021,HTW,21,Rajshahi,Dinajpur,Hakimpur,Hakimpur,Hakimpur,U,ug/L,0.02
S98_01796,CHIL-10,1998/07/25,26.1,88.8,HTW,24,Rajshahi,Nilphamari,Domar,Chilahati,Chilahati,U,ug/L,0.02
S98_01797,NIL-11,1998/07/24,25.9,88.8,HTW,18,Rajshahi,Nilphamari,Nilphamari Sadar,Nilphamari,Nilphamari,U,ug/L,0.02
S98_01798,BRUT-12,1998/07/25,26.203,89.11,HTW,,Rajshahi,Lalmonirhat,Hatibandha,Barakhta,Barakhta,U,ug/L,0.27
S98_01799,JAL-13,1998/07/25,25.931,88.838,HTW,27,Rajshahi,Nilphamari,Jaldhaka,Jaldhaka,Jaldhaka,U,ug/L,0.17
S98_01800,RANG-14,1998/07/26,25.752,89.253,HTW,18,Rajshahi,Rangpur,Rangpur Sadar,Rangipur,Rangipur,U,ug/L,0.07
S98_01801,LALM-15,1998/07/25,25.913,89.436,HTW,14,Rajshahi,Lalmonirhat,Lalmonirhat Sadar,Lalmonihat,Lalmonihat,U,ug/L,0.01
S98_01802,NAGUR-16,1998/07/26,25.965,89.671,HTW,18,Rajshahi,Kurigram,Nageshwari,Nagieshwari,Nagieshwari,U,ug/L,0.41
S98_01803,ULI-17,1998/07/26,25.653,89.623,HTW,18,Rajshahi,Kurigram,Ulipur,Ulipur,Ulipur,U,ug/L,0.12
S98_01804,BAMAN,1998/07/26,25.532,89.446,,18,Rajshahi,Gaibandha,Sundarganj,Bamandaga,Bamandaga,U,ug/L,3.13
S98_01805,BOA-19,1998/07/27,25.318,89.55,HTW,18,Rajshahi,Gaibandha,Gaibandha Sadar,Boalia,Boalia,U,ug/L,0.1
S98_01806,GABIN-20,1998/07/27,25.134,89.387,,12,Rajshahi,Gaibandha,Gobindaganj,Gabindagons,Gabindagons,U,ug/L,0.68
S98_01807,MADR-21,1998/07/22,25.109,89.036,HTW,15,Rajshahi,Jaipurhat,Jaipurhat Sadar,Madergonj,Madergonj,U,ug/L,0.02
S98_01808,SANTA-22,1998/07/22,24.804,88.969,HTW,18,Rajshahi,Bogra,Adamdighi,Santahar,Santahar,U,ug/L,0.34
S98_01809,GIOKU-23,1998/07/27,24.933,89.348,HTW,18,Rajshahi,Bogra,Bogra Sadar,Giokul,Giokul,U,ug/L,0.02
S98_01810,PATNI-29,1998/07/22,25.05,88.75,HTW,15,Rajshahi,Naogaon,Patnitala,Patnitala,Patnitala,U,ug/L,0.01
S98_01811,MAND-25,1998/07/22,24.793,88.701,HTW,30,Rajshahi,Naogaon,Manda,Manda,Manda,U,ug/L,0.03
S98_01812,PIR-25,1998/07/27,22.365,89.933,,,Barisal,Pirojpur,Mathbaria,,Burirchar,U,ug/L,0.02
S98_01813,RAHAN-26,1998/07/21,24.8,88.2,HTW,30,Rajshahi,Nawabganj,Gomastapur,Rahandur,Rahandur,U,ug/L,1.11
S98_01814,PIR-26,1998/07/27,22.365,89.933,HTW,37,Barisal,Pirojpur,Mathbaria,,Burirchar,U,ug/L,0.03
S98_01815,SHIB-27,1998/07/21,24.684,88.157,Piez,61,Rajshahi,Nawabganj,Shibganj (N),Shibgong,Shibgong,U,ug/L,6
S98_01816,PIR-27,1998/07/27,22.365,89.933,HTW,27,Barisal,Pirojpur,Mathbaria,,Burirchar,U,ug/L,0.18
S98_01817,GIODA-28,1998/07/21,24.461,88.328,HTW,30,Rajshahi,Rajshahi,Godagari,Giodagari,Giodagari,U,ug/L,0.29
S98_01818,SAPU-29,1998/07/21,24.374,88.558,HTW,37,Rajshahi,Rajshahi,Rajpara,Sapura,Sapura,U,ug/L,6.84
S98_01819,CHAR-30,1998/07/20,24.304,88.738,HTW,18,Rajshahi,Rajshahi,Charghat,Charghat,Charghat,U,ug/L,3.63
S98_01820,NAT-31,1998/07/20,24.414,89.988,HTW,27,Rajshahi,Natore,Natore Sadar,Natore,Natore,U,ug/L,7.16
S98_01821,SING-32,1998/07/20,24.506,89.143,TARA,18,Rajshahi,Natore,Singra,Singra,Singra,U,ug/L,7.27
S98_01822,LAL-33,1998/07/20,24.179,88.966,HTW,27,Rajshahi,Natore,Lalpur,Lalpur,Lalpur,U,ug/L,0.59
S98_01823,ROYG-34,1998/07/27,24.507,89.526,HTW,15,Rajshahi,Sirajganj,Raiganj,Roygong,Roygong,U,ug/L,< 0.01
S98_01824,SIRA-35,1998/07/28,24.463,89.708,HTW,18,Rajshahi,Sirajganj,Sirajganj Sadar,Sirjgong,Sirjgong,U,ug/L,0.01
S98_01825,CHAT-36,1998/07/20,24.15,89.261,HTW,18,Rajshahi,Pabna,Chatmohar,Chatmohur,Chatmohur,U,ug/L,7.93
S98_01826,PAB-37,1998/07/19,24.006,89.235,HTW,30,Rajshahi,Pabna,Pabna Sadar,Pabna,Pabna,U,ug/L,8.38
S98_01827,SUJA-38,1998/07/19,23.94,89.408,HTW,18,Rajshahi,Pabna,Sujanagar,Sujanager,Sujanager,U,ug/L,5.27
S98_01828,NAGIR-39,1998/07/28,23.951,89.65,HTW,20,Rajshahi,Pabna,Bera,Nagierbari,Nagierbari,U,ug/L,0.04
S98_01829,JA-40,1998/07/19,25.156,89.751,HTW,27,Dhaka,Jamalpur,Dewanganj,Chukaibari,Batheshasaria,U,ug/L,< 0.01
S98_01830,PRAG-40,1998/07/19,24.005,88.765,TARA,113,Khulna,Kushtia,Daulatpur (Ku),Pragpur,Pragpur,U,ug/L,8.12
S98_01831,HYM-41,1998/07/18,25.117,90.335,,27,Dhaka,Mymensingh,Haluaghat, Haluagher,Haluaghatthana Compn,U,ug/L,0.01
S98_01832,VHAR-41,1998/07/19,24.019,88.992,HTW,,Khulna,Kushtia,Bheramara,Vharamara,Vharamara,U,ug/L,0.51
S98_01833,KUST-42,1998/07/19,23.909,89.128,HTW,49,Khulna,Kushtia,Kushtia Sadar,Kushtia,Kushtia,U,ug/L,0.28
S98_01834,SHER-42/A,1998/07/18,25.018,90.012,HTW,36,Rajshahi,Bogra,Sherpur,Sherpur,,U,ug/L,0.01
S98_01835,MEHER-43,1998/07/19,23.761,88.632,HTW,27,Khulna,Meherpur,Meherpur Sadar,Meherpur,Meherpur,U,ug/L,0.75
S98_01836,JAM-43,1998/07/20,24.758,89.835,HTW,20,Dhaka,Jamalpur,Sarishabari,Sharishabari,Sharishabari,U,ug/L,0.59
S98_01837,DAR-44,1998/07/19,23.529,88.81,HTW,18,Khulna,Chuadanga,Chuadanga Sadar,Darsana,Darsana,U,ug/L,3.35
S98_01838,MYM-44,1998/07/17,24.748,90.406,DTW,107,Dhaka,Mymensingh,Mymensingh Sadar,Sadar,Bagmera,U,ug/L,0.66
S98_01839,JHIN-45,1998/07/18,23.547,89.165,,122,Khulna,Jhenaidah,Jhenaidah Sadar,Jhinaidha,Jhinaidha,U,ug/L,0.09
S98_01840,NET-45,1998/07/17,24.866,90.722,HTW,65,Dhaka,Netrokona,Netrokona Sadar,Sadar,Netrokona,U,ug/L,0.97
S98_01841,MAGU-46,1998/07/15,23.488,89.429,HTW,21,Khulna,Magura,Magura Sadar,Magura,Magura,U,ug/L,0.02
S98_01842,KISH-46,1998/07/18,24.444,90.773,DTW,118,Dhaka,Kishoreganj,Kishoreganj Sadar,Goital,Kishorgorj,U,ug/L,0.05
S98_01843,JES-47,1998/07/18,23.167,89.219,DTW,133,Khulna,Jessore,Jessore Sadar,Jessore,Jessore,U,ug/L,1.6
S98_01844,MYM-47,1998/07/17,24.454,90.54,HTW,,Dhaka,Mymensingh,Gafargaon,Saltia,Sulhasia,U,ug/L,0.4
S98_01845,NAR-48,1998/07/18,23.173,89.513,HTW,24,Khulna,Narail,Narail Sadar,Narail,Narail,U,ug/L,7.89
S98_01846,KISH-48,1998/07/18,24.047,90.973,HTW,20,Dhaka,Kishoreganj,Bhairab,Bhairab,Bhairab Rly St,U,ug/L,0.43
S98_01847,GODKHA-49,1998/07/15,23.059,89.077,HTW,24,Khulna,Jessore,Jhikargachha,Godkhali,Godkhali,U,ug/L,< 0.01
S98_01848,TA-49,1998/07/20,24.605,90.024,HTW,34,Dhaka,Tangail,Madhupur,Madhupur,Madhupur,U,ug/L,0.03
S98_01849,KHUL-50,1998/07/15,22.812,89.561,DTW,274,Khulna,Khulna,Khulna Sadar,Khulna,Khulna,U,ug/L,0.01
S98_01850,TA-50,1998/07/20,24.24,89.909,HTW,27,Dhaka,Tangail,Tangail Sadar,Sadar,Bepari Para,U,ug/L,0.02
S98_01851,SATKHR-51,1998/07/17,22.718,89.07,DTW,183,Khulna,Satkhira,Satkhira Sadar,Satkhira,Satkhira,U,ug/L,< 0.01
S98_01852,TA-51,1998/07/20,24.108,90.076,HTW,27,Dhaka,Tangail,Mirzapur,Baithgram,Gurail,U,ug/L,0.02
S98_01853,CHAL-52,1998/07/18,22.586,89.504,HTW,18,Khulna,Bagerhat,Bagerhat Sadar,Chalna,Chalna,U,ug/L,< 0.01
S98_01854,GA-52,1998/07/17,24.197,90.474,HTW,29,Dhaka,Gazipur,Sripur,Sreepur,Sreepur,U,ug/L,0.05
S98_01855,BAGIER-53,1998/07/15,22.663,89.763,,38,Khulna,Bagerhat,Bagerhat Sadar,Bagierhat,Bagierhat,U,ug/L,0.01
S98_01856,NAR-53,1998/07/18,23.926,90.718,HTW,,Dhaka,Narsingdi,Narsingdi Sadar,Narshingdi,Norshindi Dak Hangloo,U,ug/L,0.03
S98_01857,KHALIS-54,1998/07/18,22.548,89.538,DTW,274,Khulna,Khulna,Khulna Sadar,Khalishpur,Khalishpur,U,ug/L,< 0.01
S98_01858,DA-54,1998/07/16,23.734,90.418,DTW,137,Dhaka,Dhaka,Motijheel,Motijheel,Pwd Colony,U,ug/L,0.06
S98_01859,RJB-69,1998/07/22,23.765,89.476,HTW,22,Dhaka,Rajbari,Pangsha,,Kalukhau,U,ug/L,0.03
S98_01860,RJB-70,1998/07/22,23.754,89.645,DTW,127,Dhaka,Rajbari,Rajbari Sadar,,Municipality,U,ug/L,0.39
S98_01861,FAR-71,1998/07/23,23.599,89.835,DTW,84,Dhaka,Faridpur,Faridpur Sadar,,Municipal,U,ug/L,0.03
S98_01862,GOP-72,1998/07/23,23.21,89.693,HTW,20,Dhaka,Gopalganj,Kashiani,,Bhatiapara,U,ug/L,< 0.01
S98_01863,GOP-73,1998/07/23,23.005,89.823,HTW,20,Dhaka,Gopalganj,Gopalganj Sadar,Municipality,Gopalganj,U,ug/L,0.01
S98_01864,MAD-74,1998/07/23,23.167,90.195,DTW,238,Dhaka,Madaripur,Madaripur Sadar,Municipality,Madaripur,U,ug/L,0.02
S98_01865,BAR-75,1998/07/25,22.7,90.369,DTW,610,Barisal,Barisal,Barisal Sadar,,Barisal,U,ug/L,< 0.01
S98_01866,PAT-77,1998/07/25,22.355,90.345,DTW,274,Barisal,Patuakhali,Patuakhali Sadar,Municipality,Patuakhali,U,ug/L,< 0.01
S98_01867,DA-101,1998/07/21,23.51,90.217,HTW,26,Dhaka,Munshiganj,Munshiganj Sadar,Bhaishakul,Bhaishakul T Inst,U,ug/L,0.08
S98_01868,DA-102,1998/07/16,23.769,90.364,DTW,53,Dhaka,Dhaka,Mohammadpur (D),Mohammedpur,Mohammedpur,U,ug/L,0.14
S98_04510,GOHI-44,1998/07/29,22.1467,91.8231,Piez,265,Chittagong,Chittagong,Anowara,Gohira,UC Office,U,ug/L,< 0.01
S98_04511,RUST-45,1998/07/29,22.1924,91.8562,HTW,146,Chittagong,Chittagong,Anowara,Battali,Battali,U,ug/L,0.01
S98_04512,GOHI-46,1998/07/29,22.1467,91.8231,Piez,68,Chittagong,Chittagong,Anowara,Gohira,UC Office,U,ug/L,< 0.01
S98_04513,COM-84,1998/07/28,23.4453,91.1722,HTW,32,Chittagong,Comilla,Comilla Sadar,Shaktala,Shaktala,U,ug/L,0.05
S98_04514,DAUD-85,1998/07/28,23.536,90.7104,HTW,32,Chittagong,Comilla,Daudkandi,Daudkandi,Daudkandi Bazar,U,ug/L,< 0.01
S98_04515,LAKS-86,1998/07/28,23.2499,91.115,HTW,23,Chittagong,Comilla,Laksam,Nabaratpur,Nabaratpur,U,ug/L,< 0.01
S98_04516,HAJ-87,1998/07/31,23.2484,90.8696,DTW,107,Chittagong,Chandpur,Hajiganj,Aligonj,Aligonj H complex,U,ug/L,0.02
S98_04517,CHAN-88,1998/07/31,23.2342,90.6673,HTW,168,Chittagong,Chandpur,Chandpur Sadar,Shologhar,Shologhar,U,ug/L,< 0.01
S98_04518,NOA-89,1998/07/28,22.8334,91.0955,HTW,11,Chittagong,Noakhali,Noakhali Sadar,Sonapur,Sonapur,U,ug/L,0.19
S98_04519,FENI-90,1998/07/28,23.0053,91.3866,HTW,13,Chittagong,Feni,Feni Sadar,Pachgadria,Feni Rest House,U,ug/L,0.27
S98_04520,MIR-91,1998/07/28,22.7761,91.5656,HTW,25,Chittagong,Chittagong,Mirsharai,PS,Miraswarai,U,ug/L,0.02
S98_04521,CTG-92,1998/07/29,22.4735,91.7891,DTW,110,Chittagong,Chittagong,Hathazari,Hathajani,University,U,ug/L,< 0.01
S98_04522,CTG-93,1998/07/29,22.3704,91.8442,DTW,146,Chittagong,Chittagong,Chandgaon,Chandgown,Chandgown,U,ug/L,0.02
S98_04523,ANWA-94,1998/07/29,22.2234,91.898,HTW,43,Chittagong,Chittagong,Anowara,Anwara,Thana Parishad Office,U,ug/L,0.01
S98_04524,SAT-95,1998/07/29,22.0721,92.0479,HTW,31,Chittagong,Chittagong,Satkania,Satkania,Satkania,U,ug/L,< 0.01
S98_04525,COX-99,1998/07/30,21.4349,91.9656,HTW,10,Chittagong,Cox's Bazar,Cox's Bazar Sadar,,BWDB rest house,U,ug/L,1.16
S98_04526,UKHI-100,1998/07/30,21.2432,92.1325,DTW,52,Chittagong,Cox's Bazar,Ukhia,Ukhia,Ukhia Bazar,U,ug/L,0.03
S99_00796,SAN-43(CS),1999/04/06,22.4815,91.4285,Piez,56.96,Chittagong,Chittagong,Sandwip,Rahamatpur,Rahamatpur,U,ug/L,
S99_00797,SAN-42(CMD),1999/04/06,22.4815,91.4285,Piez,160.92,Chittagong,Chittagong,Sandwip,Rahamatpur,Rahamatpur,U,ug/L,
S99_00798,SAN-41(CD),1999/04/06,22.4815,91.4285,Piez,261.94,Chittagong,Chittagong,Sandwip,Rahamatpur,Rahamatpur,U,ug/L,
S99_00799,MOH-98,1999/05/28,21.517,91.9584,Piez,7.32,Chittagong,Cox's Bazar,Maheshkhali,Gorukghata,Gorukghata,U,ug/L,
S99_00800,KUT-97,1999/05/30,21.8128,91.8449,Piez,542.68,Chittagong,Cox's Bazar,Kutubdia,Baraghope,Baraghope,U,ug/L,
S99_00801,SAND-9,1999/03/06,22.4817,91.4332,Piez,329.26,Chittagong,Chittagong,Sandwip,BWDB Guest house,BWDB Guest house,U,ug/L,
S99_00802,AKHA-82,1999/05/24,23.8659,91.201,HTW,18.3,Chittagong,Brahamanbaria,Akhaura,Railway station,Railway station,U,ug/L,
S99_00803,MUR-83,1999/05/24,23.7627,90.9899,HTW,26.22,Chittagong,Comilla,Muradnagar,Kasimpur,Kasimpur,U,ug/L,
S99_00804,CHU-81,1999/05/25,24.1945,91.5138,HTW,30.5,Sylhet,Habiganj,Chunarughat,Chunarughat Bazar,Chunarughat Bazar,U,ug/L,
S99_00805,HABI-80,1999/05/25,24.3776,91.4083,HTW,36.59,Sylhet,Habiganj,Habiganj Sadar,Rajanagar,Rajanagar,U,ug/L,
S99_00806,MVI-79,1999/05/25,24.4696,91.7603,HTW,30.5,Sylhet,Maulvibazar,Maulvi Bazar Sadar,Sultanpur,Sultanpur,U,ug/L,
S99_00807,SYL-78,1998/05/25,24.8795,91.8605,HTW,30.5,Sylhet,Sylhet,Sylhet Sadar,Railway station,Railway station,U,ug/L,
S98_01785,SAT-1,1998/07/23,26.479,88.514,HTW,9,Rajshahi,Panchagarh,Tetulia,Satmara,Satmara,V,ug/L,< 0.2
S98_01786,130DA-2,,25.7,88.5,HTW,15,Rajshahi,Panchagarh,Boda,Boda,Boda,V,ug/L,< 0.2
S98_01787,TA-2/B,1998/07/20,24.088,90.17,HTW,37,Dhaka,Tangail,Mirzapur,Gurai,Gurai,V,ug/L,3
S98_01788,BALI-3,1998/07/23,26.083,88.279,HTW,18,Rajshahi,Thakurgaon,Baliadangi,Baliadanga,Baliadanga,V,ug/L,< 0.2
S98_01789,SALN-4,1998/07/23,26.054,88.533,HTW,37,Rajshahi,Thakurgaon,Thakurgaon Sadar,Salander,Salander,V,ug/L,< 0.2
S98_01790,JA-4/B,1998/07/19,24.91,89.946,HTW,26,Dhaka,Jamalpur,Jamalpur Sadar,Jamalpur,Fulbaria,V,ug/L,3.1
S98_01791,KABIR-5,1998/07/24,25.903,88.6,HTW,30,Rajshahi,Dinajpur,Birganj,Birgong,Kbirashat,V,ug/L,< 0.2
S98_01792,RANI-6,1998/07/23,25.901,88.254,HTW,30,Rajshahi,Thakurgaon,Ranisankail,Ranisanwail,Ranisanwail,V,ug/L,< 0.2
S98_01793,SIBRM-7,1998/07/24,25.665,88.652,HTW,18,Rajshahi,Dinajpur,Dinajpur Sadar,Sibrampur,Sibrampur,V,ug/L,0.6
S98_01794,PARBT-8,1998/07/24,25.653,88.915,HTW,20,Rajshahi,Dinajpur,Parbatipur,Parbatipur,Parbatipur,V,ug/L,< 0.2
S98_01795,HAKM-9,1998/07/22,25.288,89.021,HTW,21,Rajshahi,Dinajpur,Hakimpur,Hakimpur,Hakimpur,V,ug/L,0.6
S98_01796,CHIL-10,1998/07/25,26.1,88.8,HTW,24,Rajshahi,Nilphamari,Domar,Chilahati,Chilahati,V,ug/L,< 0.2
S98_01797,NIL-11,1998/07/24,25.9,88.8,HTW,18,Rajshahi,Nilphamari,Nilphamari Sadar,Nilphamari,Nilphamari,V,ug/L,< 0.2
S98_01798,BRUT-12,1998/07/25,26.203,89.11,HTW,,Rajshahi,Lalmonirhat,Hatibandha,Barakhta,Barakhta,V,ug/L,0.8
S98_01799,JAL-13,1998/07/25,25.931,88.838,HTW,27,Rajshahi,Nilphamari,Jaldhaka,Jaldhaka,Jaldhaka,V,ug/L,0.8
S98_01800,RANG-14,1998/07/26,25.752,89.253,HTW,18,Rajshahi,Rangpur,Rangpur Sadar,Rangipur,Rangipur,V,ug/L,< 0.2
S98_01801,LALM-15,1998/07/25,25.913,89.436,HTW,14,Rajshahi,Lalmonirhat,Lalmonirhat Sadar,Lalmonihat,Lalmonihat,V,ug/L,0.3
S98_01802,NAGUR-16,1998/07/26,25.965,89.671,HTW,18,Rajshahi,Kurigram,Nageshwari,Nagieshwari,Nagieshwari,V,ug/L,0.4
S98_01803,ULI-17,1998/07/26,25.653,89.623,HTW,18,Rajshahi,Kurigram,Ulipur,Ulipur,Ulipur,V,ug/L,0.7
S98_01804,BAMAN,1998/07/26,25.532,89.446,,18,Rajshahi,Gaibandha,Sundarganj,Bamandaga,Bamandaga,V,ug/L,0.6
S98_01805,BOA-19,1998/07/27,25.318,89.55,HTW,18,Rajshahi,Gaibandha,Gaibandha Sadar,Boalia,Boalia,V,ug/L,< 0.2
S98_01806,GABIN-20,1998/07/27,25.134,89.387,,12,Rajshahi,Gaibandha,Gobindaganj,Gabindagons,Gabindagons,V,ug/L,1
S98_01807,MADR-21,1998/07/22,25.109,89.036,HTW,15,Rajshahi,Jaipurhat,Jaipurhat Sadar,Madergonj,Madergonj,V,ug/L,< 0.2
S98_01808,SANTA-22,1998/07/22,24.804,88.969,HTW,18,Rajshahi,Bogra,Adamdighi,Santahar,Santahar,V,ug/L,1.3
S98_01809,GIOKU-23,1998/07/27,24.933,89.348,HTW,18,Rajshahi,Bogra,Bogra Sadar,Giokul,Giokul,V,ug/L,1.5
S98_01810,PATNI-29,1998/07/22,25.05,88.75,HTW,15,Rajshahi,Naogaon,Patnitala,Patnitala,Patnitala,V,ug/L,1.5
S98_01811,MAND-25,1998/07/22,24.793,88.701,HTW,30,Rajshahi,Naogaon,Manda,Manda,Manda,V,ug/L,1.1
S98_01812,PIR-25,1998/07/27,22.365,89.933,,,Barisal,Pirojpur,Mathbaria,,Burirchar,V,ug/L,0.6
S98_01813,RAHAN-26,1998/07/21,24.8,88.2,HTW,30,Rajshahi,Nawabganj,Gomastapur,Rahandur,Rahandur,V,ug/L,< 0.2
S98_01814,PIR-26,1998/07/27,22.365,89.933,HTW,37,Barisal,Pirojpur,Mathbaria,,Burirchar,V,ug/L,< 0.2
S98_01815,SHIB-27,1998/07/21,24.684,88.157,Piez,61,Rajshahi,Nawabganj,Shibganj (N),Shibgong,Shibgong,V,ug/L,1.4
S98_01816,PIR-27,1998/07/27,22.365,89.933,HTW,27,Barisal,Pirojpur,Mathbaria,,Burirchar,V,ug/L,3.2
S98_01817,GIODA-28,1998/07/21,24.461,88.328,HTW,30,Rajshahi,Rajshahi,Godagari,Giodagari,Giodagari,V,ug/L,3.4
S98_01818,SAPU-29,1998/07/21,24.374,88.558,HTW,37,Rajshahi,Rajshahi,Rajpara,Sapura,Sapura,V,ug/L,2.1
S98_01819,CHAR-30,1998/07/20,24.304,88.738,HTW,18,Rajshahi,Rajshahi,Charghat,Charghat,Charghat,V,ug/L,< 0.2
S98_01820,NAT-31,1998/07/20,24.414,89.988,HTW,27,Rajshahi,Natore,Natore Sadar,Natore,Natore,V,ug/L,0.3
S98_01821,SING-32,1998/07/20,24.506,89.143,TARA,18,Rajshahi,Natore,Singra,Singra,Singra,V,ug/L,0.9
S98_01822,LAL-33,1998/07/20,24.179,88.966,HTW,27,Rajshahi,Natore,Lalpur,Lalpur,Lalpur,V,ug/L,2.3
S98_01823,ROYG-34,1998/07/27,24.507,89.526,HTW,15,Rajshahi,Sirajganj,Raiganj,Roygong,Roygong,V,ug/L,< 0.2
S98_01824,SIRA-35,1998/07/28,24.463,89.708,HTW,18,Rajshahi,Sirajganj,Sirajganj Sadar,Sirjgong,Sirjgong,V,ug/L,< 0.2
S98_01825,CHAT-36,1998/07/20,24.15,89.261,HTW,18,Rajshahi,Pabna,Chatmohar,Chatmohur,Chatmohur,V,ug/L,1.7
S98_01826,PAB-37,1998/07/19,24.006,89.235,HTW,30,Rajshahi,Pabna,Pabna Sadar,Pabna,Pabna,V,ug/L,2.6
S98_01827,SUJA-38,1998/07/19,23.94,89.408,HTW,18,Rajshahi,Pabna,Sujanagar,Sujanager,Sujanager,V,ug/L,2.6
S98_01828,NAGIR-39,1998/07/28,23.951,89.65,HTW,20,Rajshahi,Pabna,Bera,Nagierbari,Nagierbari,V,ug/L,< 0.2
S98_01829,JA-40,1998/07/19,25.156,89.751,HTW,27,Dhaka,Jamalpur,Dewanganj,Chukaibari,Batheshasaria,V,ug/L,< 0.2
S98_01830,PRAG-40,1998/07/19,24.005,88.765,TARA,113,Khulna,Kushtia,Daulatpur (Ku),Pragpur,Pragpur,V,ug/L,< 0.2
S98_01831,HYM-41,1998/07/18,25.117,90.335,,27,Dhaka,Mymensingh,Haluaghat, Haluagher,Haluaghatthana Compn,V,ug/L,< 0.2
S98_01832,VHAR-41,1998/07/19,24.019,88.992,HTW,,Khulna,Kushtia,Bheramara,Vharamara,Vharamara,V,ug/L,< 0.2
S98_01833,KUST-42,1998/07/19,23.909,89.128,HTW,49,Khulna,Kushtia,Kushtia Sadar,Kushtia,Kushtia,V,ug/L,0.5
S98_01834,SHER-42/A,1998/07/18,25.018,90.012,HTW,36,Rajshahi,Bogra,Sherpur,Sherpur,,V,ug/L,< 0.2
S98_01835,MEHER-43,1998/07/19,23.761,88.632,HTW,27,Khulna,Meherpur,Meherpur Sadar,Meherpur,Meherpur,V,ug/L,< 0.2
S98_01836,JAM-43,1998/07/20,24.758,89.835,HTW,20,Dhaka,Jamalpur,Sarishabari,Sharishabari,Sharishabari,V,ug/L,0.4
S98_01837,DAR-44,1998/07/19,23.529,88.81,HTW,18,Khulna,Chuadanga,Chuadanga Sadar,Darsana,Darsana,V,ug/L,7.2
S98_01838,MYM-44,1998/07/17,24.748,90.406,DTW,107,Dhaka,Mymensingh,Mymensingh Sadar,Sadar,Bagmera,V,ug/L,< 0.2
S98_01839,JHIN-45,1998/07/18,23.547,89.165,,122,Khulna,Jhenaidah,Jhenaidah Sadar,Jhinaidha,Jhinaidha,V,ug/L,< 0.2
S98_01840,NET-45,1998/07/17,24.866,90.722,HTW,65,Dhaka,Netrokona,Netrokona Sadar,Sadar,Netrokona,V,ug/L,2.1
S98_01841,MAGU-46,1998/07/15,23.488,89.429,HTW,21,Khulna,Magura,Magura Sadar,Magura,Magura,V,ug/L,< 0.2
S98_01842,KISH-46,1998/07/18,24.444,90.773,DTW,118,Dhaka,Kishoreganj,Kishoreganj Sadar,Goital,Kishorgorj,V,ug/L,< 0.2
S98_01843,JES-47,1998/07/18,23.167,89.219,DTW,133,Khulna,Jessore,Jessore Sadar,Jessore,Jessore,V,ug/L,< 0.2
S98_01844,MYM-47,1998/07/17,24.454,90.54,HTW,,Dhaka,Mymensingh,Gafargaon,Saltia,Sulhasia,V,ug/L,5.7
S98_01845,NAR-48,1998/07/18,23.173,89.513,HTW,24,Khulna,Narail,Narail Sadar,Narail,Narail,V,ug/L,0.4
S98_01846,KISH-48,1998/07/18,24.047,90.973,HTW,20,Dhaka,Kishoreganj,Bhairab,Bhairab,Bhairab Rly St,V,ug/L,< 0.2
S98_01847,GODKHA-49,1998/07/15,23.059,89.077,HTW,24,Khulna,Jessore,Jhikargachha,Godkhali,Godkhali,V,ug/L,< 0.2
S98_01848,TA-49,1998/07/20,24.605,90.024,HTW,34,Dhaka,Tangail,Madhupur,Madhupur,Madhupur,V,ug/L,1.2
S98_01849,KHUL-50,1998/07/15,22.812,89.561,DTW,274,Khulna,Khulna,Khulna Sadar,Khulna,Khulna,V,ug/L,< 0.2
S98_01850,TA-50,1998/07/20,24.24,89.909,HTW,27,Dhaka,Tangail,Tangail Sadar,Sadar,Bepari Para,V,ug/L,< 0.2
S98_01851,SATKHR-51,1998/07/17,22.718,89.07,DTW,183,Khulna,Satkhira,Satkhira Sadar,Satkhira,Satkhira,V,ug/L,< 0.2
S98_01852,TA-51,1998/07/20,24.108,90.076,HTW,27,Dhaka,Tangail,Mirzapur,Baithgram,Gurail,V,ug/L,< 0.2
S98_01853,CHAL-52,1998/07/18,22.586,89.504,HTW,18,Khulna,Bagerhat,Bagerhat Sadar,Chalna,Chalna,V,ug/L,0.2
S98_01854,GA-52,1998/07/17,24.197,90.474,HTW,29,Dhaka,Gazipur,Sripur,Sreepur,Sreepur,V,ug/L,1.8
S98_01855,BAGIER-53,1998/07/15,22.663,89.763,,38,Khulna,Bagerhat,Bagerhat Sadar,Bagierhat,Bagierhat,V,ug/L,< 0.2
S98_01856,NAR-53,1998/07/18,23.926,90.718,HTW,,Dhaka,Narsingdi,Narsingdi Sadar,Narshingdi,Norshindi Dak Hangloo,V,ug/L,< 0.2
S98_01857,KHALIS-54,1998/07/18,22.548,89.538,DTW,274,Khulna,Khulna,Khulna Sadar,Khalishpur,Khalishpur,V,ug/L,< 0.2
S98_01858,DA-54,1998/07/16,23.734,90.418,DTW,137,Dhaka,Dhaka,Motijheel,Motijheel,Pwd Colony,V,ug/L,0.7
S98_01859,RJB-69,1998/07/22,23.765,89.476,HTW,22,Dhaka,Rajbari,Pangsha,,Kalukhau,V,ug/L,< 0.2
S98_01860,RJB-70,1998/07/22,23.754,89.645,DTW,127,Dhaka,Rajbari,Rajbari Sadar,,Municipality,V,ug/L,< 0.2
S98_01861,FAR-71,1998/07/23,23.599,89.835,DTW,84,Dhaka,Faridpur,Faridpur Sadar,,Municipal,V,ug/L,< 0.2
S98_01862,GOP-72,1998/07/23,23.21,89.693,HTW,20,Dhaka,Gopalganj,Kashiani,,Bhatiapara,V,ug/L,< 0.2
S98_01863,GOP-73,1998/07/23,23.005,89.823,HTW,20,Dhaka,Gopalganj,Gopalganj Sadar,Municipality,Gopalganj,V,ug/L,< 0.2
S98_01864,MAD-74,1998/07/23,23.167,90.195,DTW,238,Dhaka,Madaripur,Madaripur Sadar,Municipality,Madaripur,V,ug/L,< 0.2
S98_01865,BAR-75,1998/07/25,22.7,90.369,DTW,610,Barisal,Barisal,Barisal Sadar,,Barisal,V,ug/L,< 0.2
S98_01866,PAT-77,1998/07/25,22.355,90.345,DTW,274,Barisal,Patuakhali,Patuakhali Sadar,Municipality,Patuakhali,V,ug/L,0.5
S98_01867,DA-101,1998/07/21,23.51,90.217,HTW,26,Dhaka,Munshiganj,Munshiganj Sadar,Bhaishakul,Bhaishakul T Inst,V,ug/L,0.3
S98_01868,DA-102,1998/07/16,23.769,90.364,DTW,53,Dhaka,Dhaka,Mohammadpur (D),Mohammedpur,Mohammedpur,V,ug/L,1.8
S98_04510,GOHI-44,1998/07/29,22.1467,91.8231,Piez,265,Chittagong,Chittagong,Anowara,Gohira,UC Office,V,ug/L,< 0.2
S98_04511,RUST-45,1998/07/29,22.1924,91.8562,HTW,146,Chittagong,Chittagong,Anowara,Battali,Battali,V,ug/L,0.2
S98_04512,GOHI-46,1998/07/29,22.1467,91.8231,Piez,68,Chittagong,Chittagong,Anowara,Gohira,UC Office,V,ug/L,< 0.2
S98_04513,COM-84,1998/07/28,23.4453,91.1722,HTW,32,Chittagong,Comilla,Comilla Sadar,Shaktala,Shaktala,V,ug/L,0.4
S98_04514,DAUD-85,1998/07/28,23.536,90.7104,HTW,32,Chittagong,Comilla,Daudkandi,Daudkandi,Daudkandi Bazar,V,ug/L,0.2
S98_04515,LAKS-86,1998/07/28,23.2499,91.115,HTW,23,Chittagong,Comilla,Laksam,Nabaratpur,Nabaratpur,V,ug/L,< 0.2
S98_04516,HAJ-87,1998/07/31,23.2484,90.8696,DTW,107,Chittagong,Chandpur,Hajiganj,Aligonj,Aligonj H complex,V,ug/L,< 0.2
S98_04517,CHAN-88,1998/07/31,23.2342,90.6673,HTW,168,Chittagong,Chandpur,Chandpur Sadar,Shologhar,Shologhar,V,ug/L,< 0.2
S98_04518,NOA-89,1998/07/28,22.8334,91.0955,HTW,11,Chittagong,Noakhali,Noakhali Sadar,Sonapur,Sonapur,V,ug/L,0.3
S98_04519,FENI-90,1998/07/28,23.0053,91.3866,HTW,13,Chittagong,Feni,Feni Sadar,Pachgadria,Feni Rest House,V,ug/L,< 0.2
S98_04520,MIR-91,1998/07/28,22.7761,91.5656,HTW,25,Chittagong,Chittagong,Mirsharai,PS,Miraswarai,V,ug/L,0.4
S98_04521,CTG-92,1998/07/29,22.4735,91.7891,DTW,110,Chittagong,Chittagong,Hathazari,Hathajani,University,V,ug/L,< 0.2
S98_04522,CTG-93,1998/07/29,22.3704,91.8442,DTW,146,Chittagong,Chittagong,Chandgaon,Chandgown,Chandgown,V,ug/L,0.5
S98_04523,ANWA-94,1998/07/29,22.2234,91.898,HTW,43,Chittagong,Chittagong,Anowara,Anwara,Thana Parishad Office,V,ug/L,0.4
S98_04524,SAT-95,1998/07/29,22.0721,92.0479,HTW,31,Chittagong,Chittagong,Satkania,Satkania,Satkania,V,ug/L,0.7
S98_04525,COX-99,1998/07/30,21.4349,91.9656,HTW,10,Chittagong,Cox's Bazar,Cox's Bazar Sadar,,BWDB rest house,V,ug/L,1.5
S98_04526,UKHI-100,1998/07/30,21.2432,92.1325,DTW,52,Chittagong,Cox's Bazar,Ukhia,Ukhia,Ukhia Bazar,V,ug/L,< 0.2
S99_00796,SAN-43(CS),1999/04/06,22.4815,91.4285,Piez,56.96,Chittagong,Chittagong,Sandwip,Rahamatpur,Rahamatpur,V,ug/L,
S99_00797,SAN-42(CMD),1999/04/06,22.4815,91.4285,Piez,160.92,Chittagong,Chittagong,Sandwip,Rahamatpur,Rahamatpur,V,ug/L,
S99_00798,SAN-41(CD),1999/04/06,22.4815,91.4285,Piez,261.94,Chittagong,Chittagong,Sandwip,Rahamatpur,Rahamatpur,V,ug/L,
S99_00799,MOH-98,1999/05/28,21.517,91.9584,Piez,7.32,Chittagong,Cox's Bazar,Maheshkhali,Gorukghata,Gorukghata,V,ug/L,
S99_00800,KUT-97,1999/05/30,21.8128,91.8449,Piez,542.68,Chittagong,Cox's Bazar,Kutubdia,Baraghope,Baraghope,V,ug/L,
S99_00801,SAND-9,1999/03/06,22.4817,91.4332,Piez,329.26,Chittagong,Chittagong,Sandwip,BWDB Guest house,BWDB Guest house,V,ug/L,
S99_00802,AKHA-82,1999/05/24,23.8659,91.201,HTW,18.3,Chittagong,Brahamanbaria,Akhaura,Railway station,Railway station,V,ug/L,
S99_00803,MUR-83,1999/05/24,23.7627,90.9899,HTW,26.22,Chittagong,Comilla,Muradnagar,Kasimpur,Kasimpur,V,ug/L,
S99_00804,CHU-81,1999/05/25,24.1945,91.5138,HTW,30.5,Sylhet,Habiganj,Chunarughat,Chunarughat Bazar,Chunarughat Bazar,V,ug/L,
S99_00805,HABI-80,1999/05/25,24.3776,91.4083,HTW,36.59,Sylhet,Habiganj,Habiganj Sadar,Rajanagar,Rajanagar,V,ug/L,
S99_00806,MVI-79,1999/05/25,24.4696,91.7603,HTW,30.5,Sylhet,Maulvibazar,Maulvi Bazar Sadar,Sultanpur,Sultanpur,V,ug/L,
S99_00807,SYL-78,1998/05/25,24.8795,91.8605,HTW,30.5,Sylhet,Sylhet,Sylhet Sadar,Railway station,Railway station,V,ug/L,
S98_01785,SAT-1,1998/07/23,26.479,88.514,HTW,9,Rajshahi,Panchagarh,Tetulia,Satmara,Satmara,Y,ug/L,0.03
S98_01786,130DA-2,,25.7,88.5,HTW,15,Rajshahi,Panchagarh,Boda,Boda,Boda,Y,ug/L,0.006
S98_01787,TA-2/B,1998/07/20,24.088,90.17,HTW,37,Dhaka,Tangail,Mirzapur,Gurai,Gurai,Y,ug/L,0.029
S98_01788,BALI-3,1998/07/23,26.083,88.279,HTW,18,Rajshahi,Thakurgaon,Baliadangi,Baliadanga,Baliadanga,Y,ug/L,0.068
S98_01789,SALN-4,1998/07/23,26.054,88.533,HTW,37,Rajshahi,Thakurgaon,Thakurgaon Sadar,Salander,Salander,Y,ug/L,0.028
S98_01790,JA-4/B,1998/07/19,24.91,89.946,HTW,26,Dhaka,Jamalpur,Jamalpur Sadar,Jamalpur,Fulbaria,Y,ug/L,0.009
S98_01791,KABIR-5,1998/07/24,25.903,88.6,HTW,30,Rajshahi,Dinajpur,Birganj,Birgong,Kbirashat,Y,ug/L,0.01
S98_01792,RANI-6,1998/07/23,25.901,88.254,HTW,30,Rajshahi,Thakurgaon,Ranisankail,Ranisanwail,Ranisanwail,Y,ug/L,0.022
S98_01793,SIBRM-7,1998/07/24,25.665,88.652,HTW,18,Rajshahi,Dinajpur,Dinajpur Sadar,Sibrampur,Sibrampur,Y,ug/L,0.042
S98_01794,PARBT-8,1998/07/24,25.653,88.915,HTW,20,Rajshahi,Dinajpur,Parbatipur,Parbatipur,Parbatipur,Y,ug/L,0.01
S98_01795,HAKM-9,1998/07/22,25.288,89.021,HTW,21,Rajshahi,Dinajpur,Hakimpur,Hakimpur,Hakimpur,Y,ug/L,0.042
S98_01796,CHIL-10,1998/07/25,26.1,88.8,HTW,24,Rajshahi,Nilphamari,Domar,Chilahati,Chilahati,Y,ug/L,0.204
S98_01797,NIL-11,1998/07/24,25.9,88.8,HTW,18,Rajshahi,Nilphamari,Nilphamari Sadar,Nilphamari,Nilphamari,Y,ug/L,0.011
S98_01798,BRUT-12,1998/07/25,26.203,89.11,HTW,,Rajshahi,Lalmonirhat,Hatibandha,Barakhta,Barakhta,Y,ug/L,0.039
S98_01799,JAL-13,1998/07/25,25.931,88.838,HTW,27,Rajshahi,Nilphamari,Jaldhaka,Jaldhaka,Jaldhaka,Y,ug/L,0.008
S98_01800,RANG-14,1998/07/26,25.752,89.253,HTW,18,Rajshahi,Rangpur,Rangpur Sadar,Rangipur,Rangipur,Y,ug/L,0.103
S98_01801,LALM-15,1998/07/25,25.913,89.436,HTW,14,Rajshahi,Lalmonirhat,Lalmonirhat Sadar,Lalmonihat,Lalmonihat,Y,ug/L,0.109
S98_01802,NAGUR-16,1998/07/26,25.965,89.671,HTW,18,Rajshahi,Kurigram,Nageshwari,Nagieshwari,Nagieshwari,Y,ug/L,0.296
S98_01803,ULI-17,1998/07/26,25.653,89.623,HTW,18,Rajshahi,Kurigram,Ulipur,Ulipur,Ulipur,Y,ug/L,0.02
S98_01804,BAMAN,1998/07/26,25.532,89.446,,18,Rajshahi,Gaibandha,Sundarganj,Bamandaga,Bamandaga,Y,ug/L,0.049
S98_01805,BOA-19,1998/07/27,25.318,89.55,HTW,18,Rajshahi,Gaibandha,Gaibandha Sadar,Boalia,Boalia,Y,ug/L,0.007
S98_01806,GABIN-20,1998/07/27,25.134,89.387,,12,Rajshahi,Gaibandha,Gobindaganj,Gabindagons,Gabindagons,Y,ug/L,0.024
S98_01807,MADR-21,1998/07/22,25.109,89.036,HTW,15,Rajshahi,Jaipurhat,Jaipurhat Sadar,Madergonj,Madergonj,Y,ug/L,0.006
S98_01808,SANTA-22,1998/07/22,24.804,88.969,HTW,18,Rajshahi,Bogra,Adamdighi,Santahar,Santahar,Y,ug/L,0.083
S98_01809,GIOKU-23,1998/07/27,24.933,89.348,HTW,18,Rajshahi,Bogra,Bogra Sadar,Giokul,Giokul,Y,ug/L,0.022
S98_01810,PATNI-29,1998/07/22,25.05,88.75,HTW,15,Rajshahi,Naogaon,Patnitala,Patnitala,Patnitala,Y,ug/L,0.008
S98_01811,MAND-25,1998/07/22,24.793,88.701,HTW,30,Rajshahi,Naogaon,Manda,Manda,Manda,Y,ug/L,0.017
S98_01812,PIR-25,1998/07/27,22.365,89.933,,,Barisal,Pirojpur,Mathbaria,,Burirchar,Y,ug/L,0.066
S98_01813,RAHAN-26,1998/07/21,24.8,88.2,HTW,30,Rajshahi,Nawabganj,Gomastapur,Rahandur,Rahandur,Y,ug/L,0.008
S98_01814,PIR-26,1998/07/27,22.365,89.933,HTW,37,Barisal,Pirojpur,Mathbaria,,Burirchar,Y,ug/L,0.056
S98_01815,SHIB-27,1998/07/21,24.684,88.157,Piez,61,Rajshahi,Nawabganj,Shibganj (N),Shibgong,Shibgong,Y,ug/L,0.062
S98_01816,PIR-27,1998/07/27,22.365,89.933,HTW,27,Barisal,Pirojpur,Mathbaria,,Burirchar,Y,ug/L,0.193
S98_01817,GIODA-28,1998/07/21,24.461,88.328,HTW,30,Rajshahi,Rajshahi,Godagari,Giodagari,Giodagari,Y,ug/L,0.007
S98_01818,SAPU-29,1998/07/21,24.374,88.558,HTW,37,Rajshahi,Rajshahi,Rajpara,Sapura,Sapura,Y,ug/L,0.109
S98_01819,CHAR-30,1998/07/20,24.304,88.738,HTW,18,Rajshahi,Rajshahi,Charghat,Charghat,Charghat,Y,ug/L,0.088
S98_01820,NAT-31,1998/07/20,24.414,89.988,HTW,27,Rajshahi,Natore,Natore Sadar,Natore,Natore,Y,ug/L,0.035
S98_01821,SING-32,1998/07/20,24.506,89.143,TARA,18,Rajshahi,Natore,Singra,Singra,Singra,Y,ug/L,0.079
S98_01822,LAL-33,1998/07/20,24.179,88.966,HTW,27,Rajshahi,Natore,Lalpur,Lalpur,Lalpur,Y,ug/L,0.104
S98_01823,ROYG-34,1998/07/27,24.507,89.526,HTW,15,Rajshahi,Sirajganj,Raiganj,Roygong,Roygong,Y,ug/L,0.006
S98_01824,SIRA-35,1998/07/28,24.463,89.708,HTW,18,Rajshahi,Sirajganj,Sirajganj Sadar,Sirjgong,Sirjgong,Y,ug/L,0.008
S98_01825,CHAT-36,1998/07/20,24.15,89.261,HTW,18,Rajshahi,Pabna,Chatmohar,Chatmohur,Chatmohur,Y,ug/L,0.14
S98_01826,PAB-37,1998/07/19,24.006,89.235,HTW,30,Rajshahi,Pabna,Pabna Sadar,Pabna,Pabna,Y,ug/L,0.038
S98_01827,SUJA-38,1998/07/19,23.94,89.408,HTW,18,Rajshahi,Pabna,Sujanagar,Sujanager,Sujanager,Y,ug/L,0.12
S98_01828,NAGIR-39,1998/07/28,23.951,89.65,HTW,20,Rajshahi,Pabna,Bera,Nagierbari,Nagierbari,Y,ug/L,0.014
S98_01829,JA-40,1998/07/19,25.156,89.751,HTW,27,Dhaka,Jamalpur,Dewanganj,Chukaibari,Batheshasaria,Y,ug/L,0.017
S98_01830,PRAG-40,1998/07/19,24.005,88.765,TARA,113,Khulna,Kushtia,Daulatpur (Ku),Pragpur,Pragpur,Y,ug/L,0.011
S98_01831,HYM-41,1998/07/18,25.117,90.335,,27,Dhaka,Mymensingh,Haluaghat, Haluagher,Haluaghatthana Compn,Y,ug/L,0.009
S98_01832,VHAR-41,1998/07/19,24.019,88.992,HTW,,Khulna,Kushtia,Bheramara,Vharamara,Vharamara,Y,ug/L,0.072
S98_01833,KUST-42,1998/07/19,23.909,89.128,HTW,49,Khulna,Kushtia,Kushtia Sadar,Kushtia,Kushtia,Y,ug/L,0.021
S98_01834,SHER-42/A,1998/07/18,25.018,90.012,HTW,36,Rajshahi,Bogra,Sherpur,Sherpur,,Y,ug/L,0.045
S98_01835,MEHER-43,1998/07/19,23.761,88.632,HTW,27,Khulna,Meherpur,Meherpur Sadar,Meherpur,Meherpur,Y,ug/L,0.013
S98_01836,JAM-43,1998/07/20,24.758,89.835,HTW,20,Dhaka,Jamalpur,Sarishabari,Sharishabari,Sharishabari,Y,ug/L,0.039
S98_01837,DAR-44,1998/07/19,23.529,88.81,HTW,18,Khulna,Chuadanga,Chuadanga Sadar,Darsana,Darsana,Y,ug/L,0.014
S98_01838,MYM-44,1998/07/17,24.748,90.406,DTW,107,Dhaka,Mymensingh,Mymensingh Sadar,Sadar,Bagmera,Y,ug/L,0.013
S98_01839,JHIN-45,1998/07/18,23.547,89.165,,122,Khulna,Jhenaidah,Jhenaidah Sadar,Jhinaidha,Jhinaidha,Y,ug/L,0.02
S98_01840,NET-45,1998/07/17,24.866,90.722,HTW,65,Dhaka,Netrokona,Netrokona Sadar,Sadar,Netrokona,Y,ug/L,0.01
S98_01841,MAGU-46,1998/07/15,23.488,89.429,HTW,21,Khulna,Magura,Magura Sadar,Magura,Magura,Y,ug/L,0.007
S98_01842,KISH-46,1998/07/18,24.444,90.773,DTW,118,Dhaka,Kishoreganj,Kishoreganj Sadar,Goital,Kishorgorj,Y,ug/L,0.007
S98_01843,JES-47,1998/07/18,23.167,89.219,DTW,133,Khulna,Jessore,Jessore Sadar,Jessore,Jessore,Y,ug/L,0.012
S98_01844,MYM-47,1998/07/17,24.454,90.54,HTW,,Dhaka,Mymensingh,Gafargaon,Saltia,Sulhasia,Y,ug/L,0.016
S98_01845,NAR-48,1998/07/18,23.173,89.513,HTW,24,Khulna,Narail,Narail Sadar,Narail,Narail,Y,ug/L,0.019
S98_01846,KISH-48,1998/07/18,24.047,90.973,HTW,20,Dhaka,Kishoreganj,Bhairab,Bhairab,Bhairab Rly St,Y,ug/L,0.012
S98_01847,GODKHA-49,1998/07/15,23.059,89.077,HTW,24,Khulna,Jessore,Jhikargachha,Godkhali,Godkhali,Y,ug/L,0.007
S98_01848,TA-49,1998/07/20,24.605,90.024,HTW,34,Dhaka,Tangail,Madhupur,Madhupur,Madhupur,Y,ug/L,0.066
S98_01849,KHUL-50,1998/07/15,22.812,89.561,DTW,274,Khulna,Khulna,Khulna Sadar,Khulna,Khulna,Y,ug/L,0.012
S98_01850,TA-50,1998/07/20,24.24,89.909,HTW,27,Dhaka,Tangail,Tangail Sadar,Sadar,Bepari Para,Y,ug/L,0.015
S98_01851,SATKHR-51,1998/07/17,22.718,89.07,DTW,183,Khulna,Satkhira,Satkhira Sadar,Satkhira,Satkhira,Y,ug/L,0.01
S98_01852,TA-51,1998/07/20,24.108,90.076,HTW,27,Dhaka,Tangail,Mirzapur,Baithgram,Gurail,Y,ug/L,0.019
S98_01853,CHAL-52,1998/07/18,22.586,89.504,HTW,18,Khulna,Bagerhat,Bagerhat Sadar,Chalna,Chalna,Y,ug/L,0.008
S98_01854,GA-52,1998/07/17,24.197,90.474,HTW,29,Dhaka,Gazipur,Sripur,Sreepur,Sreepur,Y,ug/L,0.057
S98_01855,BAGIER-53,1998/07/15,22.663,89.763,,38,Khulna,Bagerhat,Bagerhat Sadar,Bagierhat,Bagierhat,Y,ug/L,0.013
S98_01856,NAR-53,1998/07/18,23.926,90.718,HTW,,Dhaka,Narsingdi,Narsingdi Sadar,Narshingdi,Norshindi Dak Hangloo,Y,ug/L,0.013
S98_01857,KHALIS-54,1998/07/18,22.548,89.538,DTW,274,Khulna,Khulna,Khulna Sadar,Khalishpur,Khalishpur,Y,ug/L,0.009
S98_01858,DA-54,1998/07/16,23.734,90.418,DTW,137,Dhaka,Dhaka,Motijheel,Motijheel,Pwd Colony,Y,ug/L,0.015
S98_01859,RJB-69,1998/07/22,23.765,89.476,HTW,22,Dhaka,Rajbari,Pangsha,,Kalukhau,Y,ug/L,0.008
S98_01860,RJB-70,1998/07/22,23.754,89.645,DTW,127,Dhaka,Rajbari,Rajbari Sadar,,Municipality,Y,ug/L,0.011
S98_01861,FAR-71,1998/07/23,23.599,89.835,DTW,84,Dhaka,Faridpur,Faridpur Sadar,,Municipal,Y,ug/L,0.012
S98_01862,GOP-72,1998/07/23,23.21,89.693,HTW,20,Dhaka,Gopalganj,Kashiani,,Bhatiapara,Y,ug/L,0.02
S98_01863,GOP-73,1998/07/23,23.005,89.823,HTW,20,Dhaka,Gopalganj,Gopalganj Sadar,Municipality,Gopalganj,Y,ug/L,0.011
S98_01864,MAD-74,1998/07/23,23.167,90.195,DTW,238,Dhaka,Madaripur,Madaripur Sadar,Municipality,Madaripur,Y,ug/L,0.015
S98_01865,BAR-75,1998/07/25,22.7,90.369,DTW,610,Barisal,Barisal,Barisal Sadar,,Barisal,Y,ug/L,0.011
S98_01866,PAT-77,1998/07/25,22.355,90.345,DTW,274,Barisal,Patuakhali,Patuakhali Sadar,Municipality,Patuakhali,Y,ug/L,0.03
S98_01867,DA-101,1998/07/21,23.51,90.217,HTW,26,Dhaka,Munshiganj,Munshiganj Sadar,Bhaishakul,Bhaishakul T Inst,Y,ug/L,0.02
S98_01868,DA-102,1998/07/16,23.769,90.364,DTW,53,Dhaka,Dhaka,Mohammadpur (D),Mohammedpur,Mohammedpur,Y,ug/L,0.024
S98_04510,GOHI-44,1998/07/29,22.1467,91.8231,Piez,265,Chittagong,Chittagong,Anowara,Gohira,UC Office,Y,ug/L,0.034
S98_04511,RUST-45,1998/07/29,22.1924,91.8562,HTW,146,Chittagong,Chittagong,Anowara,Battali,Battali,Y,ug/L,0.037
S98_04512,GOHI-46,1998/07/29,22.1467,91.8231,Piez,68,Chittagong,Chittagong,Anowara,Gohira,UC Office,Y,ug/L,0.025
S98_04513,COM-84,1998/07/28,23.4453,91.1722,HTW,32,Chittagong,Comilla,Comilla Sadar,Shaktala,Shaktala,Y,ug/L,0.014
S98_04514,DAUD-85,1998/07/28,23.536,90.7104,HTW,32,Chittagong,Comilla,Daudkandi,Daudkandi,Daudkandi Bazar,Y,ug/L,0.022
S98_04515,LAKS-86,1998/07/28,23.2499,91.115,HTW,23,Chittagong,Comilla,Laksam,Nabaratpur,Nabaratpur,Y,ug/L,0.014
S98_04516,HAJ-87,1998/07/31,23.2484,90.8696,DTW,107,Chittagong,Chandpur,Hajiganj,Aligonj,Aligonj H complex,Y,ug/L,0.032
S98_04517,CHAN-88,1998/07/31,23.2342,90.6673,HTW,168,Chittagong,Chandpur,Chandpur Sadar,Shologhar,Shologhar,Y,ug/L,0.032
S98_04518,NOA-89,1998/07/28,22.8334,91.0955,HTW,11,Chittagong,Noakhali,Noakhali Sadar,Sonapur,Sonapur,Y,ug/L,0.021
S98_04519,FENI-90,1998/07/28,23.0053,91.3866,HTW,13,Chittagong,Feni,Feni Sadar,Pachgadria,Feni Rest House,Y,ug/L,0.028
S98_04520,MIR-91,1998/07/28,22.7761,91.5656,HTW,25,Chittagong,Chittagong,Mirsharai,PS,Miraswarai,Y,ug/L,0.026
S98_04521,CTG-92,1998/07/29,22.4735,91.7891,DTW,110,Chittagong,Chittagong,Hathazari,Hathajani,University,Y,ug/L,0.029
S98_04522,CTG-93,1998/07/29,22.3704,91.8442,DTW,146,Chittagong,Chittagong,Chandgaon,Chandgown,Chandgown,Y,ug/L,0.092
S98_04523,ANWA-94,1998/07/29,22.2234,91.898,HTW,43,Chittagong,Chittagong,Anowara,Anwara,Thana Parishad Office,Y,ug/L,0.014
S98_04524,SAT-95,1998/07/29,22.0721,92.0479,HTW,31,Chittagong,Chittagong,Satkania,Satkania,Satkania,Y,ug/L,0.017
S98_04525,COX-99,1998/07/30,21.4349,91.9656,HTW,10,Chittagong,Cox's Bazar,Cox's Bazar Sadar,,BWDB rest house,Y,ug/L,0.041
S98_04526,UKHI-100,1998/07/30,21.2432,92.1325,DTW,52,Chittagong,Cox's Bazar,Ukhia,Ukhia,Ukhia Bazar,Y,ug/L,0.035
S99_00796,SAN-43(CS),1999/04/06,22.4815,91.4285,Piez,56.96,Chittagong,Chittagong,Sandwip,Rahamatpur,Rahamatpur,Y,ug/L,
S99_00797,SAN-42(CMD),1999/04/06,22.4815,91.4285,Piez,160.92,Chittagong,Chittagong,Sandwip,Rahamatpur,Rahamatpur,Y,ug/L,
S99_00798,SAN-41(CD),1999/04/06,22.4815,91.4285,Piez,261.94,Chittagong,Chittagong,Sandwip,Rahamatpur,Rahamatpur,Y,ug/L,
S99_00799,MOH-98,1999/05/28,21.517,91.9584,Piez,7.32,Chittagong,Cox's Bazar,Maheshkhali,Gorukghata,Gorukghata,Y,ug/L,
S99_00800,KUT-97,1999/05/30,21.8128,91.8449,Piez,542.68,Chittagong,Cox's Bazar,Kutubdia,Baraghope,Baraghope,Y,ug/L,
S99_00801,SAND-9,1999/03/06,22.4817,91.4332,Piez,329.26,Chittagong,Chittagong,Sandwip,BWDB Guest house,BWDB Guest house,Y,ug/L,
S99_00802,AKHA-82,1999/05/24,23.8659,91.201,HTW,18.3,Chittagong,Brahamanbaria,Akhaura,Railway station,Railway station,Y,ug/L,
S99_00803,MUR-83,1999/05/24,23.7627,90.9899,HTW,26.22,Chittagong,Comilla,Muradnagar,Kasimpur,Kasimpur,Y,ug/L,
S99_00804,CHU-81,1999/05/25,24.1945,91.5138,HTW,30.5,Sylhet,Habiganj,Chunarughat,Chunarughat Bazar,Chunarughat Bazar,Y,ug/L,
S99_00805,HABI-80,1999/05/25,24.3776,91.4083,HTW,36.59,Sylhet,Habiganj,Habiganj Sadar,Rajanagar,Rajanagar,Y,ug/L,
S99_00806,MVI-79,1999/05/25,24.4696,91.7603,HTW,30.5,Sylhet,Maulvibazar,Maulvi Bazar Sadar,Sultanpur,Sultanpur,Y,ug/L,
S99_00807,SYL-78,1998/05/25,24.8795,91.8605,HTW,30.5,Sylhet,Sylhet,Sylhet Sadar,Railway station,Railway station,Y,ug/L,
S98_01785,SAT-1,1998/07/23,26.479,88.514,HTW,9,Rajshahi,Panchagarh,Tetulia,Satmara,Satmara,Yb,ug/L,< 0.008
S98_01786,130DA-2,,25.7,88.5,HTW,15,Rajshahi,Panchagarh,Boda,Boda,Boda,Yb,ug/L,< 0.008
S98_01787,TA-2/B,1998/07/20,24.088,90.17,HTW,37,Dhaka,Tangail,Mirzapur,Gurai,Gurai,Yb,ug/L,< 0.008
S98_01788,BALI-3,1998/07/23,26.083,88.279,HTW,18,Rajshahi,Thakurgaon,Baliadangi,Baliadanga,Baliadanga,Yb,ug/L,< 0.008
S98_01789,SALN-4,1998/07/23,26.054,88.533,HTW,37,Rajshahi,Thakurgaon,Thakurgaon Sadar,Salander,Salander,Yb,ug/L,< 0.008
S98_01790,JA-4/B,1998/07/19,24.91,89.946,HTW,26,Dhaka,Jamalpur,Jamalpur Sadar,Jamalpur,Fulbaria,Yb,ug/L,< 0.008
S98_01791,KABIR-5,1998/07/24,25.903,88.6,HTW,30,Rajshahi,Dinajpur,Birganj,Birgong,Kbirashat,Yb,ug/L,< 0.008
S98_01792,RANI-6,1998/07/23,25.901,88.254,HTW,30,Rajshahi,Thakurgaon,Ranisankail,Ranisanwail,Ranisanwail,Yb,ug/L,< 0.008
S98_01793,SIBRM-7,1998/07/24,25.665,88.652,HTW,18,Rajshahi,Dinajpur,Dinajpur Sadar,Sibrampur,Sibrampur,Yb,ug/L,< 0.008
S98_01794,PARBT-8,1998/07/24,25.653,88.915,HTW,20,Rajshahi,Dinajpur,Parbatipur,Parbatipur,Parbatipur,Yb,ug/L,< 0.008
S98_01795,HAKM-9,1998/07/22,25.288,89.021,HTW,21,Rajshahi,Dinajpur,Hakimpur,Hakimpur,Hakimpur,Yb,ug/L,< 0.008
S98_01796,CHIL-10,1998/07/25,26.1,88.8,HTW,24,Rajshahi,Nilphamari,Domar,Chilahati,Chilahati,Yb,ug/L,0.012
S98_01797,NIL-11,1998/07/24,25.9,88.8,HTW,18,Rajshahi,Nilphamari,Nilphamari Sadar,Nilphamari,Nilphamari,Yb,ug/L,0.014
S98_01798,BRUT-12,1998/07/25,26.203,89.11,HTW,,Rajshahi,Lalmonirhat,Hatibandha,Barakhta,Barakhta,Yb,ug/L,0.01
S98_01799,JAL-13,1998/07/25,25.931,88.838,HTW,27,Rajshahi,Nilphamari,Jaldhaka,Jaldhaka,Jaldhaka,Yb,ug/L,< 0.008
S98_01800,RANG-14,1998/07/26,25.752,89.253,HTW,18,Rajshahi,Rangpur,Rangpur Sadar,Rangipur,Rangipur,Yb,ug/L,0.013
S98_01801,LALM-15,1998/07/25,25.913,89.436,HTW,14,Rajshahi,Lalmonirhat,Lalmonirhat Sadar,Lalmonihat,Lalmonihat,Yb,ug/L,0.008
S98_01802,NAGUR-16,1998/07/26,25.965,89.671,HTW,18,Rajshahi,Kurigram,Nageshwari,Nagieshwari,Nagieshwari,Yb,ug/L,0.026
S98_01803,ULI-17,1998/07/26,25.653,89.623,HTW,18,Rajshahi,Kurigram,Ulipur,Ulipur,Ulipur,Yb,ug/L,< 0.008
S98_01804,BAMAN,1998/07/26,25.532,89.446,,18,Rajshahi,Gaibandha,Sundarganj,Bamandaga,Bamandaga,Yb,ug/L,< 0.008
S98_01805,BOA-19,1998/07/27,25.318,89.55,HTW,18,Rajshahi,Gaibandha,Gaibandha Sadar,Boalia,Boalia,Yb,ug/L,< 0.008
S98_01806,GABIN-20,1998/07/27,25.134,89.387,,12,Rajshahi,Gaibandha,Gobindaganj,Gabindagons,Gabindagons,Yb,ug/L,0.016
S98_01807,MADR-21,1998/07/22,25.109,89.036,HTW,15,Rajshahi,Jaipurhat,Jaipurhat Sadar,Madergonj,Madergonj,Yb,ug/L,< 0.008
S98_01808,SANTA-22,1998/07/22,24.804,88.969,HTW,18,Rajshahi,Bogra,Adamdighi,Santahar,Santahar,Yb,ug/L,< 0.008
S98_01809,GIOKU-23,1998/07/27,24.933,89.348,HTW,18,Rajshahi,Bogra,Bogra Sadar,Giokul,Giokul,Yb,ug/L,< 0.008
S98_01810,PATNI-29,1998/07/22,25.05,88.75,HTW,15,Rajshahi,Naogaon,Patnitala,Patnitala,Patnitala,Yb,ug/L,< 0.008
S98_01811,MAND-25,1998/07/22,24.793,88.701,HTW,30,Rajshahi,Naogaon,Manda,Manda,Manda,Yb,ug/L,< 0.008
S98_01812,PIR-25,1998/07/27,22.365,89.933,,,Barisal,Pirojpur,Mathbaria,,Burirchar,Yb,ug/L,0.011
S98_01813,RAHAN-26,1998/07/21,24.8,88.2,HTW,30,Rajshahi,Nawabganj,Gomastapur,Rahandur,Rahandur,Yb,ug/L,< 0.008
S98_01814,PIR-26,1998/07/27,22.365,89.933,HTW,37,Barisal,Pirojpur,Mathbaria,,Burirchar,Yb,ug/L,0.014
S98_01815,SHIB-27,1998/07/21,24.684,88.157,Piez,61,Rajshahi,Nawabganj,Shibganj (N),Shibgong,Shibgong,Yb,ug/L,< 0.008
S98_01816,PIR-27,1998/07/27,22.365,89.933,HTW,27,Barisal,Pirojpur,Mathbaria,,Burirchar,Yb,ug/L,0.021
S98_01817,GIODA-28,1998/07/21,24.461,88.328,HTW,30,Rajshahi,Rajshahi,Godagari,Giodagari,Giodagari,Yb,ug/L,< 0.008
S98_01818,SAPU-29,1998/07/21,24.374,88.558,HTW,37,Rajshahi,Rajshahi,Rajpara,Sapura,Sapura,Yb,ug/L,0.009
S98_01819,CHAR-30,1998/07/20,24.304,88.738,HTW,18,Rajshahi,Rajshahi,Charghat,Charghat,Charghat,Yb,ug/L,< 0.008
S98_01820,NAT-31,1998/07/20,24.414,89.988,HTW,27,Rajshahi,Natore,Natore Sadar,Natore,Natore,Yb,ug/L,< 0.008
S98_01821,SING-32,1998/07/20,24.506,89.143,TARA,18,Rajshahi,Natore,Singra,Singra,Singra,Yb,ug/L,< 0.008
S98_01822,LAL-33,1998/07/20,24.179,88.966,HTW,27,Rajshahi,Natore,Lalpur,Lalpur,Lalpur,Yb,ug/L,< 0.008
S98_01823,ROYG-34,1998/07/27,24.507,89.526,HTW,15,Rajshahi,Sirajganj,Raiganj,Roygong,Roygong,Yb,ug/L,< 0.008
S98_01824,SIRA-35,1998/07/28,24.463,89.708,HTW,18,Rajshahi,Sirajganj,Sirajganj Sadar,Sirjgong,Sirjgong,Yb,ug/L,< 0.008
S98_01825,CHAT-36,1998/07/20,24.15,89.261,HTW,18,Rajshahi,Pabna,Chatmohar,Chatmohur,Chatmohur,Yb,ug/L,0.015
S98_01826,PAB-37,1998/07/19,24.006,89.235,HTW,30,Rajshahi,Pabna,Pabna Sadar,Pabna,Pabna,Yb,ug/L,< 0.008
S98_01827,SUJA-38,1998/07/19,23.94,89.408,HTW,18,Rajshahi,Pabna,Sujanagar,Sujanager,Sujanager,Yb,ug/L,0.008
S98_01828,NAGIR-39,1998/07/28,23.951,89.65,HTW,20,Rajshahi,Pabna,Bera,Nagierbari,Nagierbari,Yb,ug/L,< 0.008
S98_01829,JA-40,1998/07/19,25.156,89.751,HTW,27,Dhaka,Jamalpur,Dewanganj,Chukaibari,Batheshasaria,Yb,ug/L,< 0.008
S98_01830,PRAG-40,1998/07/19,24.005,88.765,TARA,113,Khulna,Kushtia,Daulatpur (Ku),Pragpur,Pragpur,Yb,ug/L,< 0.008
S98_01831,HYM-41,1998/07/18,25.117,90.335,,27,Dhaka,Mymensingh,Haluaghat, Haluagher,Haluaghatthana Compn,Yb,ug/L,< 0.008
S98_01832,VHAR-41,1998/07/19,24.019,88.992,HTW,,Khulna,Kushtia,Bheramara,Vharamara,Vharamara,Yb,ug/L,< 0.008
S98_01833,KUST-42,1998/07/19,23.909,89.128,HTW,49,Khulna,Kushtia,Kushtia Sadar,Kushtia,Kushtia,Yb,ug/L,< 0.008
S98_01834,SHER-42/A,1998/07/18,25.018,90.012,HTW,36,Rajshahi,Bogra,Sherpur,Sherpur,,Yb,ug/L,< 0.008
S98_01835,MEHER-43,1998/07/19,23.761,88.632,HTW,27,Khulna,Meherpur,Meherpur Sadar,Meherpur,Meherpur,Yb,ug/L,< 0.008
S98_01836,JAM-43,1998/07/20,24.758,89.835,HTW,20,Dhaka,Jamalpur,Sarishabari,Sharishabari,Sharishabari,Yb,ug/L,< 0.008
S98_01837,DAR-44,1998/07/19,23.529,88.81,HTW,18,Khulna,Chuadanga,Chuadanga Sadar,Darsana,Darsana,Yb,ug/L,< 0.008
S98_01838,MYM-44,1998/07/17,24.748,90.406,DTW,107,Dhaka,Mymensingh,Mymensingh Sadar,Sadar,Bagmera,Yb,ug/L,< 0.008
S98_01839,JHIN-45,1998/07/18,23.547,89.165,,122,Khulna,Jhenaidah,Jhenaidah Sadar,Jhinaidha,Jhinaidha,Yb,ug/L,< 0.008
S98_01840,NET-45,1998/07/17,24.866,90.722,HTW,65,Dhaka,Netrokona,Netrokona Sadar,Sadar,Netrokona,Yb,ug/L,< 0.008
S98_01841,MAGU-46,1998/07/15,23.488,89.429,HTW,21,Khulna,Magura,Magura Sadar,Magura,Magura,Yb,ug/L,< 0.008
S98_01842,KISH-46,1998/07/18,24.444,90.773,DTW,118,Dhaka,Kishoreganj,Kishoreganj Sadar,Goital,Kishorgorj,Yb,ug/L,< 0.008
S98_01843,JES-47,1998/07/18,23.167,89.219,DTW,133,Khulna,Jessore,Jessore Sadar,Jessore,Jessore,Yb,ug/L,< 0.008
S98_01844,MYM-47,1998/07/17,24.454,90.54,HTW,,Dhaka,Mymensingh,Gafargaon,Saltia,Sulhasia,Yb,ug/L,< 0.008
S98_01845,NAR-48,1998/07/18,23.173,89.513,HTW,24,Khulna,Narail,Narail Sadar,Narail,Narail,Yb,ug/L,< 0.008
S98_01846,KISH-48,1998/07/18,24.047,90.973,HTW,20,Dhaka,Kishoreganj,Bhairab,Bhairab,Bhairab Rly St,Yb,ug/L,< 0.008
S98_01847,GODKHA-49,1998/07/15,23.059,89.077,HTW,24,Khulna,Jessore,Jhikargachha,Godkhali,Godkhali,Yb,ug/L,< 0.008
S98_01848,TA-49,1998/07/20,24.605,90.024,HTW,34,Dhaka,Tangail,Madhupur,Madhupur,Madhupur,Yb,ug/L,< 0.008
S98_01849,KHUL-50,1998/07/15,22.812,89.561,DTW,274,Khulna,Khulna,Khulna Sadar,Khulna,Khulna,Yb,ug/L,< 0.008
S98_01850,TA-50,1998/07/20,24.24,89.909,HTW,27,Dhaka,Tangail,Tangail Sadar,Sadar,Bepari Para,Yb,ug/L,< 0.008
S98_01851,SATKHR-51,1998/07/17,22.718,89.07,DTW,183,Khulna,Satkhira,Satkhira Sadar,Satkhira,Satkhira,Yb,ug/L,< 0.008
S98_01852,TA-51,1998/07/20,24.108,90.076,HTW,27,Dhaka,Tangail,Mirzapur,Baithgram,Gurail,Yb,ug/L,< 0.008
S98_01853,CHAL-52,1998/07/18,22.586,89.504,HTW,18,Khulna,Bagerhat,Bagerhat Sadar,Chalna,Chalna,Yb,ug/L,0.01
S98_01854,GA-52,1998/07/17,24.197,90.474,HTW,29,Dhaka,Gazipur,Sripur,Sreepur,Sreepur,Yb,ug/L,< 0.008
S98_01855,BAGIER-53,1998/07/15,22.663,89.763,,38,Khulna,Bagerhat,Bagerhat Sadar,Bagierhat,Bagierhat,Yb,ug/L,< 0.008
S98_01856,NAR-53,1998/07/18,23.926,90.718,HTW,,Dhaka,Narsingdi,Narsingdi Sadar,Narshingdi,Norshindi Dak Hangloo,Yb,ug/L,< 0.008
S98_01857,KHALIS-54,1998/07/18,22.548,89.538,DTW,274,Khulna,Khulna,Khulna Sadar,Khalishpur,Khalishpur,Yb,ug/L,< 0.008
S98_01858,DA-54,1998/07/16,23.734,90.418,DTW,137,Dhaka,Dhaka,Motijheel,Motijheel,Pwd Colony,Yb,ug/L,< 0.008
S98_01859,RJB-69,1998/07/22,23.765,89.476,HTW,22,Dhaka,Rajbari,Pangsha,,Kalukhau,Yb,ug/L,< 0.008
S98_01860,RJB-70,1998/07/22,23.754,89.645,DTW,127,Dhaka,Rajbari,Rajbari Sadar,,Municipality,Yb,ug/L,< 0.008
S98_01861,FAR-71,1998/07/23,23.599,89.835,DTW,84,Dhaka,Faridpur,Faridpur Sadar,,Municipal,Yb,ug/L,< 0.008
S98_01862,GOP-72,1998/07/23,23.21,89.693,HTW,20,Dhaka,Gopalganj,Kashiani,,Bhatiapara,Yb,ug/L,< 0.008
S98_01863,GOP-73,1998/07/23,23.005,89.823,HTW,20,Dhaka,Gopalganj,Gopalganj Sadar,Municipality,Gopalganj,Yb,ug/L,< 0.008
S98_01864,MAD-74,1998/07/23,23.167,90.195,DTW,238,Dhaka,Madaripur,Madaripur Sadar,Municipality,Madaripur,Yb,ug/L,< 0.008
S98_01865,BAR-75,1998/07/25,22.7,90.369,DTW,610,Barisal,Barisal,Barisal Sadar,,Barisal,Yb,ug/L,< 0.008
S98_01866,PAT-77,1998/07/25,22.355,90.345,DTW,274,Barisal,Patuakhali,Patuakhali Sadar,Municipality,Patuakhali,Yb,ug/L,< 0.008
S98_01867,DA-101,1998/07/21,23.51,90.217,HTW,26,Dhaka,Munshiganj,Munshiganj Sadar,Bhaishakul,Bhaishakul T Inst,Yb,ug/L,< 0.008
S98_01868,DA-102,1998/07/16,23.769,90.364,DTW,53,Dhaka,Dhaka,Mohammadpur (D),Mohammedpur,Mohammedpur,Yb,ug/L,0.008
S98_04510,GOHI-44,1998/07/29,22.1467,91.8231,Piez,265,Chittagong,Chittagong,Anowara,Gohira,UC Office,Yb,ug/L,< 0.008
S98_04511,RUST-45,1998/07/29,22.1924,91.8562,HTW,146,Chittagong,Chittagong,Anowara,Battali,Battali,Yb,ug/L,< 0.008
S98_04512,GOHI-46,1998/07/29,22.1467,91.8231,Piez,68,Chittagong,Chittagong,Anowara,Gohira,UC Office,Yb,ug/L,< 0.008
S98_04513,COM-84,1998/07/28,23.4453,91.1722,HTW,32,Chittagong,Comilla,Comilla Sadar,Shaktala,Shaktala,Yb,ug/L,< 0.008
S98_04514,DAUD-85,1998/07/28,23.536,90.7104,HTW,32,Chittagong,Comilla,Daudkandi,Daudkandi,Daudkandi Bazar,Yb,ug/L,< 0.008
S98_04515,LAKS-86,1998/07/28,23.2499,91.115,HTW,23,Chittagong,Comilla,Laksam,Nabaratpur,Nabaratpur,Yb,ug/L,< 0.008
S98_04516,HAJ-87,1998/07/31,23.2484,90.8696,DTW,107,Chittagong,Chandpur,Hajiganj,Aligonj,Aligonj H complex,Yb,ug/L,< 0.008
S98_04517,CHAN-88,1998/07/31,23.2342,90.6673,HTW,168,Chittagong,Chandpur,Chandpur Sadar,Shologhar,Shologhar,Yb,ug/L,< 0.008
S98_04518,NOA-89,1998/07/28,22.8334,91.0955,HTW,11,Chittagong,Noakhali,Noakhali Sadar,Sonapur,Sonapur,Yb,ug/L,< 0.008
S98_04519,FENI-90,1998/07/28,23.0053,91.3866,HTW,13,Chittagong,Feni,Feni Sadar,Pachgadria,Feni Rest House,Yb,ug/L,< 0.008
S98_04520,MIR-91,1998/07/28,22.7761,91.5656,HTW,25,Chittagong,Chittagong,Mirsharai,PS,Miraswarai,Yb,ug/L,< 0.008
S98_04521,CTG-92,1998/07/29,22.4735,91.7891,DTW,110,Chittagong,Chittagong,Hathazari,Hathajani,University,Yb,ug/L,< 0.008
S98_04522,CTG-93,1998/07/29,22.3704,91.8442,DTW,146,Chittagong,Chittagong,Chandgaon,Chandgown,Chandgown,Yb,ug/L,0.012
S98_04523,ANWA-94,1998/07/29,22.2234,91.898,HTW,43,Chittagong,Chittagong,Anowara,Anwara,Thana Parishad Office,Yb,ug/L,< 0.008
S98_04524,SAT-95,1998/07/29,22.0721,92.0479,HTW,31,Chittagong,Chittagong,Satkania,Satkania,Satkania,Yb,ug/L,< 0.008
S98_04525,COX-99,1998/07/30,21.4349,91.9656,HTW,10,Chittagong,Cox's Bazar,Cox's Bazar Sadar,,BWDB rest house,Yb,ug/L,< 0.008
S98_04526,UKHI-100,1998/07/30,21.2432,92.1325,DTW,52,Chittagong,Cox's Bazar,Ukhia,Ukhia,Ukhia Bazar,Yb,ug/L,< 0.008
S99_00796,SAN-43(CS),1999/04/06,22.4815,91.4285,Piez,56.96,Chittagong,Chittagong,Sandwip,Rahamatpur,Rahamatpur,Yb,ug/L,
S99_00797,SAN-42(CMD),1999/04/06,22.4815,91.4285,Piez,160.92,Chittagong,Chittagong,Sandwip,Rahamatpur,Rahamatpur,Yb,ug/L,
S99_00798,SAN-41(CD),1999/04/06,22.4815,91.4285,Piez,261.94,Chittagong,Chittagong,Sandwip,Rahamatpur,Rahamatpur,Yb,ug/L,
S99_00799,MOH-98,1999/05/28,21.517,91.9584,Piez,7.32,Chittagong,Cox's Bazar,Maheshkhali,Gorukghata,Gorukghata,Yb,ug/L,
S99_00800,KUT-97,1999/05/30,21.8128,91.8449,Piez,542.68,Chittagong,Cox's Bazar,Kutubdia,Baraghope,Baraghope,Yb,ug/L,
S99_00801,SAND-9,1999/03/06,22.4817,91.4332,Piez,329.26,Chittagong,Chittagong,Sandwip,BWDB Guest house,BWDB Guest house,Yb,ug/L,
S99_00802,AKHA-82,1999/05/24,23.8659,91.201,HTW,18.3,Chittagong,Brahamanbaria,Akhaura,Railway station,Railway station,Yb,ug/L,
S99_00803,MUR-83,1999/05/24,23.7627,90.9899,HTW,26.22,Chittagong,Comilla,Muradnagar,Kasimpur,Kasimpur,Yb,ug/L,
S99_00804,CHU-81,1999/05/25,24.1945,91.5138,HTW,30.5,Sylhet,Habiganj,Chunarughat,Chunarughat Bazar,Chunarughat Bazar,Yb,ug/L,
S99_00805,HABI-80,1999/05/25,24.3776,91.4083,HTW,36.59,Sylhet,Habiganj,Habiganj Sadar,Rajanagar,Rajanagar,Yb,ug/L,
S99_00806,MVI-79,1999/05/25,24.4696,91.7603,HTW,30.5,Sylhet,Maulvibazar,Maulvi Bazar Sadar,Sultanpur,Sultanpur,Yb,ug/L,
S99_00807,SYL-78,1998/05/25,24.8795,91.8605,HTW,30.5,Sylhet,Sylhet,Sylhet Sadar,Railway station,Railway station,Yb,ug/L,
S98_01785,SAT-1,1998/07/23,26.479,88.514,HTW,9,Rajshahi,Panchagarh,Tetulia,Satmara,Satmara,Zn,ug/L,10
S98_01786,130DA-2,,25.7,88.5,HTW,15,Rajshahi,Panchagarh,Boda,Boda,Boda,Zn,ug/L,22
S98_01787,TA-2/B,1998/07/20,24.088,90.17,HTW,37,Dhaka,Tangail,Mirzapur,Gurai,Gurai,Zn,ug/L,20
S98_01788,BALI-3,1998/07/23,26.083,88.279,HTW,18,Rajshahi,Thakurgaon,Baliadangi,Baliadanga,Baliadanga,Zn,ug/L,58
S98_01789,SALN-4,1998/07/23,26.054,88.533,HTW,37,Rajshahi,Thakurgaon,Thakurgaon Sadar,Salander,Salander,Zn,ug/L,14
S98_01790,JA-4/B,1998/07/19,24.91,89.946,HTW,26,Dhaka,Jamalpur,Jamalpur Sadar,Jamalpur,Fulbaria,Zn,ug/L,66
S98_01791,KABIR-5,1998/07/24,25.903,88.6,HTW,30,Rajshahi,Dinajpur,Birganj,Birgong,Kbirashat,Zn,ug/L,17
S98_01792,RANI-6,1998/07/23,25.901,88.254,HTW,30,Rajshahi,Thakurgaon,Ranisankail,Ranisanwail,Ranisanwail,Zn,ug/L,
S98_01793,SIBRM-7,1998/07/24,25.665,88.652,HTW,18,Rajshahi,Dinajpur,Dinajpur Sadar,Sibrampur,Sibrampur,Zn,ug/L,14
S98_01794,PARBT-8,1998/07/24,25.653,88.915,HTW,20,Rajshahi,Dinajpur,Parbatipur,Parbatipur,Parbatipur,Zn,ug/L,23
S98_01795,HAKM-9,1998/07/22,25.288,89.021,HTW,21,Rajshahi,Dinajpur,Hakimpur,Hakimpur,Hakimpur,Zn,ug/L,21
S98_01796,CHIL-10,1998/07/25,26.1,88.8,HTW,24,Rajshahi,Nilphamari,Domar,Chilahati,Chilahati,Zn,ug/L,13
S98_01797,NIL-11,1998/07/24,25.9,88.8,HTW,18,Rajshahi,Nilphamari,Nilphamari Sadar,Nilphamari,Nilphamari,Zn,ug/L,3
S98_01798,BRUT-12,1998/07/25,26.203,89.11,HTW,,Rajshahi,Lalmonirhat,Hatibandha,Barakhta,Barakhta,Zn,ug/L,12
S98_01799,JAL-13,1998/07/25,25.931,88.838,HTW,27,Rajshahi,Nilphamari,Jaldhaka,Jaldhaka,Jaldhaka,Zn,ug/L,11
S98_01800,RANG-14,1998/07/26,25.752,89.253,HTW,18,Rajshahi,Rangpur,Rangpur Sadar,Rangipur,Rangipur,Zn,ug/L,96
S98_01801,LALM-15,1998/07/25,25.913,89.436,HTW,14,Rajshahi,Lalmonirhat,Lalmonirhat Sadar,Lalmonihat,Lalmonihat,Zn,ug/L,20
S98_01802,NAGUR-16,1998/07/26,25.965,89.671,HTW,18,Rajshahi,Kurigram,Nageshwari,Nagieshwari,Nagieshwari,Zn,ug/L,17
S98_01803,ULI-17,1998/07/26,25.653,89.623,HTW,18,Rajshahi,Kurigram,Ulipur,Ulipur,Ulipur,Zn,ug/L,10
S98_01804,BAMAN,1998/07/26,25.532,89.446,,18,Rajshahi,Gaibandha,Sundarganj,Bamandaga,Bamandaga,Zn,ug/L,
S98_01805,BOA-19,1998/07/27,25.318,89.55,HTW,18,Rajshahi,Gaibandha,Gaibandha Sadar,Boalia,Boalia,Zn,ug/L,7
S98_01806,GABIN-20,1998/07/27,25.134,89.387,,12,Rajshahi,Gaibandha,Gobindaganj,Gabindagons,Gabindagons,Zn,ug/L,7
S98_01807,MADR-21,1998/07/22,25.109,89.036,HTW,15,Rajshahi,Jaipurhat,Jaipurhat Sadar,Madergonj,Madergonj,Zn,ug/L,91
S98_01808,SANTA-22,1998/07/22,24.804,88.969,HTW,18,Rajshahi,Bogra,Adamdighi,Santahar,Santahar,Zn,ug/L,42
S98_01809,GIOKU-23,1998/07/27,24.933,89.348,HTW,18,Rajshahi,Bogra,Bogra Sadar,Giokul,Giokul,Zn,ug/L,19
S98_01810,PATNI-29,1998/07/22,25.05,88.75,HTW,15,Rajshahi,Naogaon,Patnitala,Patnitala,Patnitala,Zn,ug/L,14
S98_01811,MAND-25,1998/07/22,24.793,88.701,HTW,30,Rajshahi,Naogaon,Manda,Manda,Manda,Zn,ug/L,50
S98_01812,PIR-25,1998/07/27,22.365,89.933,,,Barisal,Pirojpur,Mathbaria,,Burirchar,Zn,ug/L,
S98_01813,RAHAN-26,1998/07/21,24.8,88.2,HTW,30,Rajshahi,Nawabganj,Gomastapur,Rahandur,Rahandur,Zn,ug/L,78
S98_01814,PIR-26,1998/07/27,22.365,89.933,HTW,37,Barisal,Pirojpur,Mathbaria,,Burirchar,Zn,ug/L,71
S98_01815,SHIB-27,1998/07/21,24.684,88.157,Piez,61,Rajshahi,Nawabganj,Shibganj (N),Shibgong,Shibgong,Zn,ug/L,11
S98_01816,PIR-27,1998/07/27,22.365,89.933,HTW,27,Barisal,Pirojpur,Mathbaria,,Burirchar,Zn,ug/L,58
S98_01817,GIODA-28,1998/07/21,24.461,88.328,HTW,30,Rajshahi,Rajshahi,Godagari,Giodagari,Giodagari,Zn,ug/L,7
S98_01818,SAPU-29,1998/07/21,24.374,88.558,HTW,37,Rajshahi,Rajshahi,Rajpara,Sapura,Sapura,Zn,ug/L,20
S98_01819,CHAR-30,1998/07/20,24.304,88.738,HTW,18,Rajshahi,Rajshahi,Charghat,Charghat,Charghat,Zn,ug/L,13
S98_01820,NAT-31,1998/07/20,24.414,89.988,HTW,27,Rajshahi,Natore,Natore Sadar,Natore,Natore,Zn,ug/L,
S98_01821,SING-32,1998/07/20,24.506,89.143,TARA,18,Rajshahi,Natore,Singra,Singra,Singra,Zn,ug/L,19
S98_01822,LAL-33,1998/07/20,24.179,88.966,HTW,27,Rajshahi,Natore,Lalpur,Lalpur,Lalpur,Zn,ug/L,30
S98_01823,ROYG-34,1998/07/27,24.507,89.526,HTW,15,Rajshahi,Sirajganj,Raiganj,Roygong,Roygong,Zn,ug/L,
S98_01824,SIRA-35,1998/07/28,24.463,89.708,HTW,18,Rajshahi,Sirajganj,Sirajganj Sadar,Sirjgong,Sirjgong,Zn,ug/L,8
S98_01825,CHAT-36,1998/07/20,24.15,89.261,HTW,18,Rajshahi,Pabna,Chatmohar,Chatmohur,Chatmohur,Zn,ug/L,
S98_01826,PAB-37,1998/07/19,24.006,89.235,HTW,30,Rajshahi,Pabna,Pabna Sadar,Pabna,Pabna,Zn,ug/L,6
S98_01827,SUJA-38,1998/07/19,23.94,89.408,HTW,18,Rajshahi,Pabna,Sujanagar,Sujanager,Sujanager,Zn,ug/L,23
S98_01828,NAGIR-39,1998/07/28,23.951,89.65,HTW,20,Rajshahi,Pabna,Bera,Nagierbari,Nagierbari,Zn,ug/L,15
S98_01829,JA-40,1998/07/19,25.156,89.751,HTW,27,Dhaka,Jamalpur,Dewanganj,Chukaibari,Batheshasaria,Zn,ug/L,
S98_01830,PRAG-40,1998/07/19,24.005,88.765,TARA,113,Khulna,Kushtia,Daulatpur (Ku),Pragpur,Pragpur,Zn,ug/L,15
S98_01831,HYM-41,1998/07/18,25.117,90.335,,27,Dhaka,Mymensingh,Haluaghat, Haluagher,Haluaghatthana Compn,Zn,ug/L,21
S98_01832,VHAR-41,1998/07/19,24.019,88.992,HTW,,Khulna,Kushtia,Bheramara,Vharamara,Vharamara,Zn,ug/L,9
S98_01833,KUST-42,1998/07/19,23.909,89.128,HTW,49,Khulna,Kushtia,Kushtia Sadar,Kushtia,Kushtia,Zn,ug/L,
S98_01834,SHER-42/A,1998/07/18,25.018,90.012,HTW,36,Rajshahi,Bogra,Sherpur,Sherpur,,Zn,ug/L,16
S98_01835,MEHER-43,1998/07/19,23.761,88.632,HTW,27,Khulna,Meherpur,Meherpur Sadar,Meherpur,Meherpur,Zn,ug/L,
S98_01836,JAM-43,1998/07/20,24.758,89.835,HTW,20,Dhaka,Jamalpur,Sarishabari,Sharishabari,Sharishabari,Zn,ug/L,40
S98_01837,DAR-44,1998/07/19,23.529,88.81,HTW,18,Khulna,Chuadanga,Chuadanga Sadar,Darsana,Darsana,Zn,ug/L,8
S98_01838,MYM-44,1998/07/17,24.748,90.406,DTW,107,Dhaka,Mymensingh,Mymensingh Sadar,Sadar,Bagmera,Zn,ug/L,3
S98_01839,JHIN-45,1998/07/18,23.547,89.165,,122,Khulna,Jhenaidah,Jhenaidah Sadar,Jhinaidha,Jhinaidha,Zn,ug/L,13
S98_01840,NET-45,1998/07/17,24.866,90.722,HTW,65,Dhaka,Netrokona,Netrokona Sadar,Sadar,Netrokona,Zn,ug/L,34
S98_01841,MAGU-46,1998/07/15,23.488,89.429,HTW,21,Khulna,Magura,Magura Sadar,Magura,Magura,Zn,ug/L,
S98_01842,KISH-46,1998/07/18,24.444,90.773,DTW,118,Dhaka,Kishoreganj,Kishoreganj Sadar,Goital,Kishorgorj,Zn,ug/L,59
S98_01843,JES-47,1998/07/18,23.167,89.219,DTW,133,Khulna,Jessore,Jessore Sadar,Jessore,Jessore,Zn,ug/L,4
S98_01844,MYM-47,1998/07/17,24.454,90.54,HTW,,Dhaka,Mymensingh,Gafargaon,Saltia,Sulhasia,Zn,ug/L,9
S98_01845,NAR-48,1998/07/18,23.173,89.513,HTW,24,Khulna,Narail,Narail Sadar,Narail,Narail,Zn,ug/L,
S98_01846,KISH-48,1998/07/18,24.047,90.973,HTW,20,Dhaka,Kishoreganj,Bhairab,Bhairab,Bhairab Rly St,Zn,ug/L,28
S98_01847,GODKHA-49,1998/07/15,23.059,89.077,HTW,24,Khulna,Jessore,Jhikargachha,Godkhali,Godkhali,Zn,ug/L,9
S98_01848,TA-49,1998/07/20,24.605,90.024,HTW,34,Dhaka,Tangail,Madhupur,Madhupur,Madhupur,Zn,ug/L,50
S98_01849,KHUL-50,1998/07/15,22.812,89.561,DTW,274,Khulna,Khulna,Khulna Sadar,Khulna,Khulna,Zn,ug/L,3
S98_01850,TA-50,1998/07/20,24.24,89.909,HTW,27,Dhaka,Tangail,Tangail Sadar,Sadar,Bepari Para,Zn,ug/L,28
S98_01851,SATKHR-51,1998/07/17,22.718,89.07,DTW,183,Khulna,Satkhira,Satkhira Sadar,Satkhira,Satkhira,Zn,ug/L,3
S98_01852,TA-51,1998/07/20,24.108,90.076,HTW,27,Dhaka,Tangail,Mirzapur,Baithgram,Gurail,Zn,ug/L,26
S98_01853,CHAL-52,1998/07/18,22.586,89.504,HTW,18,Khulna,Bagerhat,Bagerhat Sadar,Chalna,Chalna,Zn,ug/L,6
S98_01854,GA-52,1998/07/17,24.197,90.474,HTW,29,Dhaka,Gazipur,Sripur,Sreepur,Sreepur,Zn,ug/L,44
S98_01855,BAGIER-53,1998/07/15,22.663,89.763,,38,Khulna,Bagerhat,Bagerhat Sadar,Bagierhat,Bagierhat,Zn,ug/L,5
S98_01856,NAR-53,1998/07/18,23.926,90.718,HTW,,Dhaka,Narsingdi,Narsingdi Sadar,Narshingdi,Norshindi Dak Hangloo,Zn,ug/L,11
S98_01857,KHALIS-54,1998/07/18,22.548,89.538,DTW,274,Khulna,Khulna,Khulna Sadar,Khalishpur,Khalishpur,Zn,ug/L,4
S98_01858,DA-54,1998/07/16,23.734,90.418,DTW,137,Dhaka,Dhaka,Motijheel,Motijheel,Pwd Colony,Zn,ug/L,28
S98_01859,RJB-69,1998/07/22,23.765,89.476,HTW,22,Dhaka,Rajbari,Pangsha,,Kalukhau,Zn,ug/L,33
S98_01860,RJB-70,1998/07/22,23.754,89.645,DTW,127,Dhaka,Rajbari,Rajbari Sadar,,Municipality,Zn,ug/L,40
S98_01861,FAR-71,1998/07/23,23.599,89.835,DTW,84,Dhaka,Faridpur,Faridpur Sadar,,Municipal,Zn,ug/L,7
S98_01862,GOP-72,1998/07/23,23.21,89.693,HTW,20,Dhaka,Gopalganj,Kashiani,,Bhatiapara,Zn,ug/L,12
S98_01863,GOP-73,1998/07/23,23.005,89.823,HTW,20,Dhaka,Gopalganj,Gopalganj Sadar,Municipality,Gopalganj,Zn,ug/L,
S98_01864,MAD-74,1998/07/23,23.167,90.195,DTW,238,Dhaka,Madaripur,Madaripur Sadar,Municipality,Madaripur,Zn,ug/L,22
S98_01865,BAR-75,1998/07/25,22.7,90.369,DTW,610,Barisal,Barisal,Barisal Sadar,,Barisal,Zn,ug/L,16
S98_01866,PAT-77,1998/07/25,22.355,90.345,DTW,274,Barisal,Patuakhali,Patuakhali Sadar,Municipality,Patuakhali,Zn,ug/L,53
S98_01867,DA-101,1998/07/21,23.51,90.217,HTW,26,Dhaka,Munshiganj,Munshiganj Sadar,Bhaishakul,Bhaishakul T Inst,Zn,ug/L,
S98_01868,DA-102,1998/07/16,23.769,90.364,DTW,53,Dhaka,Dhaka,Mohammadpur (D),Mohammedpur,Mohammedpur,Zn,ug/L,14
S98_04510,GOHI-44,1998/07/29,22.1467,91.8231,Piez,265,Chittagong,Chittagong,Anowara,Gohira,UC Office,Zn,ug/L,
S98_04511,RUST-45,1998/07/29,22.1924,91.8562,HTW,146,Chittagong,Chittagong,Anowara,Battali,Battali,Zn,ug/L,
S98_04512,GOHI-46,1998/07/29,22.1467,91.8231,Piez,68,Chittagong,Chittagong,Anowara,Gohira,UC Office,Zn,ug/L,47
S98_04513,COM-84,1998/07/28,23.4453,91.1722,HTW,32,Chittagong,Comilla,Comilla Sadar,Shaktala,Shaktala,Zn,ug/L,74
S98_04514,DAUD-85,1998/07/28,23.536,90.7104,HTW,32,Chittagong,Comilla,Daudkandi,Daudkandi,Daudkandi Bazar,Zn,ug/L,30
S98_04515,LAKS-86,1998/07/28,23.2499,91.115,HTW,23,Chittagong,Comilla,Laksam,Nabaratpur,Nabaratpur,Zn,ug/L,18
S98_04516,HAJ-87,1998/07/31,23.2484,90.8696,DTW,107,Chittagong,Chandpur,Hajiganj,Aligonj,Aligonj H complex,Zn,ug/L,52
S98_04517,CHAN-88,1998/07/31,23.2342,90.6673,HTW,168,Chittagong,Chandpur,Chandpur Sadar,Shologhar,Shologhar,Zn,ug/L,
S98_04518,NOA-89,1998/07/28,22.8334,91.0955,HTW,11,Chittagong,Noakhali,Noakhali Sadar,Sonapur,Sonapur,Zn,ug/L,12
S98_04519,FENI-90,1998/07/28,23.0053,91.3866,HTW,13,Chittagong,Feni,Feni Sadar,Pachgadria,Feni Rest House,Zn,ug/L,13
S98_04520,MIR-91,1998/07/28,22.7761,91.5656,HTW,25,Chittagong,Chittagong,Mirsharai,PS,Miraswarai,Zn,ug/L,13
S98_04521,CTG-92,1998/07/29,22.4735,91.7891,DTW,110,Chittagong,Chittagong,Hathazari,Hathajani,University,Zn,ug/L,24
S98_04522,CTG-93,1998/07/29,22.3704,91.8442,DTW,146,Chittagong,Chittagong,Chandgaon,Chandgown,Chandgown,Zn,ug/L,24
S98_04523,ANWA-94,1998/07/29,22.2234,91.898,HTW,43,Chittagong,Chittagong,Anowara,Anwara,Thana Parishad Office,Zn,ug/L,12
S98_04524,SAT-95,1998/07/29,22.0721,92.0479,HTW,31,Chittagong,Chittagong,Satkania,Satkania,Satkania,Zn,ug/L,18
S98_04525,COX-99,1998/07/30,21.4349,91.9656,HTW,10,Chittagong,Cox's Bazar,Cox's Bazar Sadar,,BWDB rest house,Zn,ug/L,12
S98_04526,UKHI-100,1998/07/30,21.2432,92.1325,DTW,52,Chittagong,Cox's Bazar,Ukhia,Ukhia,Ukhia Bazar,Zn,ug/L,11
S99_00796,SAN-43(CS),1999/04/06,22.4815,91.4285,Piez,56.96,Chittagong,Chittagong,Sandwip,Rahamatpur,Rahamatpur,Zn,ug/L,
S99_00797,SAN-42(CMD),1999/04/06,22.4815,91.4285,Piez,160.92,Chittagong,Chittagong,Sandwip,Rahamatpur,Rahamatpur,Zn,ug/L,
S99_00798,SAN-41(CD),1999/04/06,22.4815,91.4285,Piez,261.94,Chittagong,Chittagong,Sandwip,Rahamatpur,Rahamatpur,Zn,ug/L,
S99_00799,MOH-98,1999/05/28,21.517,91.9584,Piez,7.32,Chittagong,Cox's Bazar,Maheshkhali,Gorukghata,Gorukghata,Zn,ug/L,
S99_00800,KUT-97,1999/05/30,21.8128,91.8449,Piez,542.68,Chittagong,Cox's Bazar,Kutubdia,Baraghope,Baraghope,Zn,ug/L,
S99_00801,SAND-9,1999/03/06,22.4817,91.4332,Piez,329.26,Chittagong,Chittagong,Sandwip,BWDB Guest house,BWDB Guest house,Zn,ug/L,
S99_00802,AKHA-82,1999/05/24,23.8659,91.201,HTW,18.3,Chittagong,Brahamanbaria,Akhaura,Railway station,Railway station,Zn,ug/L,
S99_00803,MUR-83,1999/05/24,23.7627,90.9899,HTW,26.22,Chittagong,Comilla,Muradnagar,Kasimpur,Kasimpur,Zn,ug/L,
S99_00804,CHU-81,1999/05/25,24.1945,91.5138,HTW,30.5,Sylhet,Habiganj,Chunarughat,Chunarughat Bazar,Chunarughat Bazar,Zn,ug/L,
S99_00805,HABI-80,1999/05/25,24.3776,91.4083,HTW,36.59,Sylhet,Habiganj,Habiganj Sadar,Rajanagar,Rajanagar,Zn,ug/L,
S99_00806,MVI-79,1999/05/25,24.4696,91.7603,HTW,30.5,Sylhet,Maulvibazar,Maulvi Bazar Sadar,Sultanpur,Sultanpur,Zn,ug/L,
S99_00807,SYL-78,1998/05/25,24.8795,91.8605,HTW,30.5,Sylhet,Sylhet,Sylhet Sadar,Railway station,Railway station,Zn,ug/L,
