country_name,Source_Code,Source,Year,Unit,Emissions_Quantity,Gas_Name,Type_of_Emissions
Bangladesh,5060,Rice Cultivation,1961,kt,843.2615,CH4,Emission
Bangladesh,5060,Rice Cultivation,1962,kt,864.2194,CH4,Emission
Bangladesh,5060,Rice Cultivation,1963,kt,895.3947,CH4,Emission
Bangladesh,5060,Rice Cultivation,1964,kt,917.3581,CH4,Emission
Bangladesh,5060,Rice Cultivation,1965,kt,930.4317,CH4,Emission
Bangladesh,5060,Rice Cultivation,1966,kt,902.055,CH4,Emission
Bangladesh,5060,Rice Cultivation,1967,kt,983.0064,CH4,Emission
Bangladesh,5060,Rice Cultivation,1968,kt,968.3647,CH4,Emission
Bangladesh,5060,Rice Cultivation,1969,kt,1025.2116,CH4,Emission
Bangladesh,5060,Rice Cultivation,1970,kt,985.3323,CH4,Emission
Bangladesh,5060,Rice Cultivation,1971,kt,924.1896,CH4,Emission
Bangladesh,5060,Rice Cultivation,1972,kt,957.193,CH4,Emission
Bangladesh,5060,Rice Cultivation,1973,kt,981.9027,CH4,Emission
Bangladesh,5060,Rice Cultivation,1974,kt,973.3438,CH4,Emission
Bangladesh,5060,Rice Cultivation,1975,kt,1026.7889,CH4,Emission
Bangladesh,5060,Rice Cultivation,1976,kt,982.2758,CH4,Emission
Bangladesh,5060,Rice Cultivation,1977,kt,996.7486,CH4,Emission
Bangladesh,5060,Rice Cultivation,1978,kt,1004.1196,CH4,Emission
Bangladesh,5060,Rice Cultivation,1979,kt,1009.8889,CH4,Emission
Bangladesh,5060,Rice Cultivation,1980,kt,1024.7077,CH4,Emission
Bangladesh,5060,Rice Cultivation,1981,kt,1039.8159,CH4,Emission
Bangladesh,5060,Rice Cultivation,1982,kt,1052.2221,CH4,Emission
Bangladesh,5060,Rice Cultivation,1983,kt,968.0029,CH4,Emission
Bangladesh,5060,Rice Cultivation,1984,kt,1016.2102,CH4,Emission
Bangladesh,5060,Rice Cultivation,1985,kt,1033.5781,CH4,Emission
Bangladesh,5060,Rice Cultivation,1986,kt,1054.5497,CH4,Emission
Bangladesh,5060,Rice Cultivation,1987,kt,1026.0253,CH4,Emission
Bangladesh,5060,Rice Cultivation,1988,kt,1016.2887,CH4,Emission
Bangladesh,5060,Rice Cultivation,1989,kt,1041.5319,CH4,Emission
Bangladesh,5060,Rice Cultivation,1990,kt,1037.2728,CH4,Emission
Bangladesh,5060,Rice Cultivation,1991,kt,1018.3036,CH4,Emission
Bangladesh,5060,Rice Cultivation,1992,kt,1011.7346,CH4,Emission
Bangladesh,5060,Rice Cultivation,1993,kt,984.6166,CH4,Emission
Bangladesh,5060,Rice Cultivation,1994,kt,985.9784,CH4,Emission
Bangladesh,5060,Rice Cultivation,1995,kt,989.199,CH4,Emission
Bangladesh,5060,Rice Cultivation,1996,kt,1013.88,CH4,Emission
Bangladesh,5060,Rice Cultivation,1997,kt,1020.1422,CH4,Emission
Bangladesh,5060,Rice Cultivation,1998,kt,1005.9119,CH4,Emission
Bangladesh,5060,Rice Cultivation,1999,kt,1064.8677,CH4,Emission
Bangladesh,5060,Rice Cultivation,2000,kt,1073.6407,CH4,Emission
Bangladesh,5060,Rice Cultivation,2001,kt,1059.7034,CH4,Emission
Bangladesh,5060,Rice Cultivation,2002,kt,1070.6374,CH4,Emission
Bangladesh,5060,Rice Cultivation,2003,kt,1066.069,CH4,Emission
Bangladesh,5060,Rice Cultivation,2004,kt,1018.6613,CH4,Emission
Bangladesh,5060,Rice Cultivation,2005,kt,1046.0923,CH4,Emission
Bangladesh,5060,Rice Cultivation,2006,kt,1051.5526,CH4,Emission
Bangladesh,5060,Rice Cultivation,2007,kt,1051.155,CH4,Emission
Bangladesh,5060,Rice Cultivation,2008,kt,1121.1475,CH4,Emission
Bangladesh,5060,Rice Cultivation,2009,kt,1128.5411,CH4,Emission
Bangladesh,5060,Rice Cultivation,2010,kt,1145.9826,CH4,Emission
Bangladesh,5060,Rice Cultivation,2011,kt,1145.8832,CH4,Emission
Bangladesh,5060,Rice Cultivation,2012,kt,1135.4462,CH4,Emission
Bangladesh,5060,Rice Cultivation,2013,kt,1130.3768,CH4,Emission
Bangladesh,5060,Rice Cultivation,2014,kt,1134.7148,CH4,Emission
Bangladesh,5060,Rice Cultivation,2015,kt,1131.2934,CH4,Emission
Bangladesh,5060,Rice Cultivation,2016,kt,1093.4804,CH4,Emission
Bangladesh,5060,Rice Cultivation,2017,kt,1154.531,CH4,Emission
Bangladesh,5060,Rice Cultivation,2018,kt,1144.591,CH4,Emission
Bangladesh,5060,Rice Cultivation,2019,kt,1144.6452,CH4,Emission
Bangladesh,5060,Rice Cultivation,2020,kt,1134.9239,CH4,Emission
Bangladesh,5060,Rice Cultivation,2021,kt,1163.0733,CH4,Emission
Bangladesh,5060,Rice Cultivation,2022,kt,1162.2211,CH4,Emission
Bangladesh,5060,Rice Cultivation,2023,kt,1157.1795,CH4,Emission
Bangladesh,5066,Burning - Crop residues,1961,kt,12.8814,CH4,Emission
Bangladesh,5066,Burning - Crop residues,1962,kt,13.199,CH4,Emission
Bangladesh,5066,Burning - Crop residues,1963,kt,13.6965,CH4,Emission
Bangladesh,5066,Burning - Crop residues,1964,kt,14.0237,CH4,Emission
Bangladesh,5066,Burning - Crop residues,1965,kt,14.2218,CH4,Emission
Bangladesh,5066,Burning - Crop residues,1966,kt,13.8147,CH4,Emission
Bangladesh,5066,Burning - Crop residues,1967,kt,15.0562,CH4,Emission
Bangladesh,5066,Burning - Crop residues,1968,kt,14.8521,CH4,Emission
Bangladesh,5066,Burning - Crop residues,1969,kt,15.7408,CH4,Emission
Bangladesh,5066,Burning - Crop residues,1970,kt,15.1497,CH4,Emission
Bangladesh,5066,Burning - Crop residues,1971,kt,14.2375,CH4,Emission
Bangladesh,5066,Burning - Crop residues,1972,kt,14.6916,CH4,Emission
Bangladesh,5066,Burning - Crop residues,1973,kt,15.0316,CH4,Emission
Bangladesh,5066,Burning - Crop residues,1974,kt,14.9407,CH4,Emission
Bangladesh,5066,Burning - Crop residues,1975,kt,15.7522,CH4,Emission
Bangladesh,5066,Burning - Crop residues,1976,kt,15.0769,CH4,Emission
Bangladesh,5066,Burning - Crop residues,1977,kt,15.324,CH4,Emission
Bangladesh,5066,Burning - Crop residues,1978,kt,15.4812,CH4,Emission
Bangladesh,5066,Burning - Crop residues,1979,kt,15.6506,CH4,Emission
Bangladesh,5066,Burning - Crop residues,1980,kt,16.0472,CH4,Emission
Bangladesh,5066,Burning - Crop residues,1981,kt,16.4391,CH4,Emission
Bangladesh,5066,Burning - Crop residues,1982,kt,16.5835,CH4,Emission
Bangladesh,5066,Burning - Crop residues,1983,kt,15.3168,CH4,Emission
Bangladesh,5066,Burning - Crop residues,1984,kt,16.0455,CH4,Emission
Bangladesh,5066,Burning - Crop residues,1985,kt,16.4689,CH4,Emission
Bangladesh,5066,Burning - Crop residues,1986,kt,16.6278,CH4,Emission
Bangladesh,5066,Burning - Crop residues,1987,kt,16.2574,CH4,Emission
Bangladesh,5066,Burning - Crop residues,1988,kt,16.1414,CH4,Emission
Bangladesh,5066,Burning - Crop residues,1989,kt,16.4766,CH4,Emission
Bangladesh,5066,Burning - Crop residues,1990,kt,16.472,CH4,Emission
Bangladesh,5066,Burning - Crop residues,1991,kt,16.2037,CH4,Emission
Bangladesh,5066,Burning - Crop residues,1992,kt,16.0722,CH4,Emission
Bangladesh,5066,Burning - Crop residues,1993,kt,15.7297,CH4,Emission
Bangladesh,5066,Burning - Crop residues,1994,kt,15.72,CH4,Emission
Bangladesh,5066,Burning - Crop residues,1995,kt,15.7912,CH4,Emission
Bangladesh,5066,Burning - Crop residues,1996,kt,16.2174,CH4,Emission
Bangladesh,5066,Burning - Crop residues,1997,kt,16.3197,CH4,Emission
Bangladesh,5066,Burning - Crop residues,1998,kt,16.2152,CH4,Emission
Bangladesh,5066,Burning - Crop residues,1999,kt,17.1757,CH4,Emission
Bangladesh,5066,Burning - Crop residues,2000,kt,17.251,CH4,Emission
Bangladesh,5066,Burning - Crop residues,2001,kt,17.0166,CH4,Emission
Bangladesh,5066,Burning - Crop residues,2002,kt,17.1604,CH4,Emission
Bangladesh,5066,Burning - Crop residues,2003,kt,17.0598,CH4,Emission
Bangladesh,5066,Burning - Crop residues,2004,kt,16.3341,CH4,Emission
Bangladesh,5066,Burning - Crop residues,2005,kt,16.6875,CH4,Emission
Bangladesh,5066,Burning - Crop residues,2006,kt,16.7603,CH4,Emission
Bangladesh,5066,Burning - Crop residues,2007,kt,16.8054,CH4,Emission
Bangladesh,5066,Burning - Crop residues,2008,kt,18,CH4,Emission
Bangladesh,5066,Burning - Crop residues,2009,kt,17.8544,CH4,Emission
Bangladesh,5066,Burning - Crop residues,2010,kt,18.1436,CH4,Emission
Bangladesh,5066,Burning - Crop residues,2011,kt,18.1735,CH4,Emission
Bangladesh,5066,Burning - Crop residues,2012,kt,18.0711,CH4,Emission
Bangladesh,5066,Burning - Crop residues,2013,kt,18.1626,CH4,Emission
Bangladesh,5066,Burning - Crop residues,2014,kt,18.4339,CH4,Emission
Bangladesh,5066,Burning - Crop residues,2015,kt,18.4342,CH4,Emission
Bangladesh,5066,Burning - Crop residues,2016,kt,17.8936,CH4,Emission
Bangladesh,5066,Burning - Crop residues,2017,kt,18.9111,CH4,Emission
Bangladesh,5066,Burning - Crop residues,2018,kt,18.7186,CH4,Emission
Bangladesh,5066,Burning - Crop residues,2019,kt,18.8014,CH4,Emission
Bangladesh,5066,Burning - Crop residues,2020,kt,18.7392,CH4,Emission
Bangladesh,5066,Burning - Crop residues,2021,kt,19.1633,CH4,Emission
Bangladesh,5066,Burning - Crop residues,2022,kt,19.1211,CH4,Emission
Bangladesh,5066,Burning - Crop residues,2023,kt,19.094,CH4,Emission
Bangladesh,5058,Enteric Fermentation,1961,kt,677.92,CH4,Emission
Bangladesh,5058,Enteric Fermentation,1962,kt,700.53,CH4,Emission
Bangladesh,5058,Enteric Fermentation,1963,kt,723.5,CH4,Emission
Bangladesh,5058,Enteric Fermentation,1964,kt,779.627,CH4,Emission
Bangladesh,5058,Enteric Fermentation,1965,kt,764.27,CH4,Emission
Bangladesh,5058,Enteric Fermentation,1966,kt,790.88,CH4,Emission
Bangladesh,5058,Enteric Fermentation,1967,kt,809.74,CH4,Emission
Bangladesh,5058,Enteric Fermentation,1968,kt,830.5,CH4,Emission
Bangladesh,5058,Enteric Fermentation,1969,kt,847.96,CH4,Emission
Bangladesh,5058,Enteric Fermentation,1970,kt,872.1511,CH4,Emission
Bangladesh,5058,Enteric Fermentation,1971,kt,861.94,CH4,Emission
Bangladesh,5058,Enteric Fermentation,1972,kt,858.017,CH4,Emission
Bangladesh,5058,Enteric Fermentation,1973,kt,824.6862,CH4,Emission
Bangladesh,5058,Enteric Fermentation,1974,kt,842.7338,CH4,Emission
Bangladesh,5058,Enteric Fermentation,1975,kt,860.8376,CH4,Emission
Bangladesh,5058,Enteric Fermentation,1976,kt,888.4133,CH4,Emission
Bangladesh,5058,Enteric Fermentation,1977,kt,908.9676,CH4,Emission
Bangladesh,5058,Enteric Fermentation,1978,kt,1027.7386,CH4,Emission
Bangladesh,5058,Enteric Fermentation,1979,kt,1073.747,CH4,Emission
Bangladesh,5058,Enteric Fermentation,1980,kt,772.902,CH4,Emission
Bangladesh,5058,Enteric Fermentation,1981,kt,785.0632,CH4,Emission
Bangladesh,5058,Enteric Fermentation,1982,kt,795.066,CH4,Emission
Bangladesh,5058,Enteric Fermentation,1983,kt,806.378,CH4,Emission
Bangladesh,5058,Enteric Fermentation,1984,kt,800.1277,CH4,Emission
Bangladesh,5058,Enteric Fermentation,1985,kt,814.838,CH4,Emission
Bangladesh,5058,Enteric Fermentation,1986,kt,828.89,CH4,Emission
Bangladesh,5058,Enteric Fermentation,1987,kt,843.4732,CH4,Emission
Bangladesh,5058,Enteric Fermentation,1988,kt,858.8182,CH4,Emission
Bangladesh,5058,Enteric Fermentation,1989,kt,874.6882,CH4,Emission
Bangladesh,5058,Enteric Fermentation,1990,kt,891.633,CH4,Emission
Bangladesh,5058,Enteric Fermentation,1991,kt,900.8062,CH4,Emission
Bangladesh,5058,Enteric Fermentation,1992,kt,917.62,CH4,Emission
Bangladesh,5058,Enteric Fermentation,1993,kt,934.31,CH4,Emission
Bangladesh,5058,Enteric Fermentation,1994,kt,968.533,CH4,Emission
Bangladesh,5058,Enteric Fermentation,1995,kt,1001.689,CH4,Emission
Bangladesh,5058,Enteric Fermentation,1996,kt,1000.02,CH4,Emission
Bangladesh,5058,Enteric Fermentation,1997,kt,1023.08,CH4,Emission
Bangladesh,5058,Enteric Fermentation,1998,kt,1033.47,CH4,Emission
Bangladesh,5058,Enteric Fermentation,1999,kt,1043.681,CH4,Emission
Bangladesh,5058,Enteric Fermentation,2000,kt,1047.0435,CH4,Emission
Bangladesh,5058,Enteric Fermentation,2001,kt,1039.4584,CH4,Emission
Bangladesh,5058,Enteric Fermentation,2002,kt,1036.7124,CH4,Emission
Bangladesh,5058,Enteric Fermentation,2003,kt,1033.3959,CH4,Emission
Bangladesh,5058,Enteric Fermentation,2004,kt,1030.0038,CH4,Emission
Bangladesh,5058,Enteric Fermentation,2005,kt,1031.5363,CH4,Emission
Bangladesh,5058,Enteric Fermentation,2006,kt,1039.33,CH4,Emission
Bangladesh,5058,Enteric Fermentation,2007,kt,1049.3295,CH4,Emission
Bangladesh,5058,Enteric Fermentation,2008,kt,1057.765,CH4,Emission
Bangladesh,5058,Enteric Fermentation,2009,kt,1067.7516,CH4,Emission
Bangladesh,5058,Enteric Fermentation,2010,kt,1077.9369,CH4,Emission
Bangladesh,5058,Enteric Fermentation,2011,kt,1087.5564,CH4,Emission
Bangladesh,5058,Enteric Fermentation,2012,kt,1098.2873,CH4,Emission
Bangladesh,5058,Enteric Fermentation,2013,kt,1106.1334,CH4,Emission
Bangladesh,5058,Enteric Fermentation,2014,kt,1112.3808,CH4,Emission
Bangladesh,5058,Enteric Fermentation,2015,kt,1119.5026,CH4,Emission
Bangladesh,5058,Enteric Fermentation,2016,kt,1126.6738,CH4,Emission
Bangladesh,5058,Enteric Fermentation,2017,kt,1133.8913,CH4,Emission
Bangladesh,5058,Enteric Fermentation,2018,kt,1141.1701,CH4,Emission
Bangladesh,5058,Enteric Fermentation,2019,kt,1146.4495,CH4,Emission
Bangladesh,5058,Enteric Fermentation,2020,kt,1155.5259,CH4,Emission
Bangladesh,5058,Enteric Fermentation,2021,kt,1162.9448,CH4,Emission
Bangladesh,5058,Enteric Fermentation,2022,kt,1170.465,CH4,Emission
Bangladesh,5058,Enteric Fermentation,2023,kt,1178.052,CH4,Emission
Bangladesh,5059,Manure Management,1961,kt,51.365,CH4,Emission
Bangladesh,5059,Manure Management,1962,kt,53.1423,CH4,Emission
Bangladesh,5059,Manure Management,1963,kt,54.9417,CH4,Emission
Bangladesh,5059,Manure Management,1964,kt,59.0934,CH4,Emission
Bangladesh,5059,Manure Management,1965,kt,58.1787,CH4,Emission
Bangladesh,5059,Manure Management,1966,kt,60.5237,CH4,Emission
Bangladesh,5059,Manure Management,1967,kt,62.0941,CH4,Emission
Bangladesh,5059,Manure Management,1968,kt,63.8233,CH4,Emission
Bangladesh,5059,Manure Management,1969,kt,65.2525,CH4,Emission
Bangladesh,5059,Manure Management,1970,kt,67.2211,CH4,Emission
Bangladesh,5059,Manure Management,1971,kt,66.1317,CH4,Emission
Bangladesh,5059,Manure Management,1972,kt,65.5254,CH4,Emission
Bangladesh,5059,Manure Management,1973,kt,62.742,CH4,Emission
Bangladesh,5059,Manure Management,1974,kt,64.0261,CH4,Emission
Bangladesh,5059,Manure Management,1975,kt,65.309,CH4,Emission
Bangladesh,5059,Manure Management,1976,kt,67.4399,CH4,Emission
Bangladesh,5059,Manure Management,1977,kt,68.745,CH4,Emission
Bangladesh,5059,Manure Management,1978,kt,78.4499,CH4,Emission
Bangladesh,5059,Manure Management,1979,kt,81.993,CH4,Emission
Bangladesh,5059,Manure Management,1980,kt,59.9531,CH4,Emission
Bangladesh,5059,Manure Management,1981,kt,60.9579,CH4,Emission
Bangladesh,5059,Manure Management,1982,kt,61.7539,CH4,Emission
Bangladesh,5059,Manure Management,1983,kt,62.678,CH4,Emission
Bangladesh,5059,Manure Management,1984,kt,61.2834,CH4,Emission
Bangladesh,5059,Manure Management,1985,kt,62.3224,CH4,Emission
Bangladesh,5059,Manure Management,1986,kt,63.3249,CH4,Emission
Bangladesh,5059,Manure Management,1987,kt,64.3591,CH4,Emission
Bangladesh,5059,Manure Management,1988,kt,65.4448,CH4,Emission
Bangladesh,5059,Manure Management,1989,kt,66.5431,CH4,Emission
Bangladesh,5059,Manure Management,1990,kt,67.7501,CH4,Emission
Bangladesh,5059,Manure Management,1991,kt,68.3192,CH4,Emission
Bangladesh,5059,Manure Management,1992,kt,69.4608,CH4,Emission
Bangladesh,5059,Manure Management,1993,kt,70.6167,CH4,Emission
Bangladesh,5059,Manure Management,1994,kt,73.3422,CH4,Emission
Bangladesh,5059,Manure Management,1995,kt,75.9161,CH4,Emission
Bangladesh,5059,Manure Management,1996,kt,75.7099,CH4,Emission
Bangladesh,5059,Manure Management,1997,kt,77.7084,CH4,Emission
Bangladesh,5059,Manure Management,1998,kt,79.1403,CH4,Emission
Bangladesh,5059,Manure Management,1999,kt,80.7562,CH4,Emission
Bangladesh,5059,Manure Management,2000,kt,81.8094,CH4,Emission
Bangladesh,5059,Manure Management,2001,kt,81.9236,CH4,Emission
Bangladesh,5059,Manure Management,2002,kt,82.278,CH4,Emission
Bangladesh,5059,Manure Management,2003,kt,82.6641,CH4,Emission
Bangladesh,5059,Manure Management,2004,kt,82.9226,CH4,Emission
Bangladesh,5059,Manure Management,2005,kt,83.4657,CH4,Emission
Bangladesh,5059,Manure Management,2006,kt,84.3577,CH4,Emission
Bangladesh,5059,Manure Management,2007,kt,85.2611,CH4,Emission
Bangladesh,5059,Manure Management,2008,kt,85.9055,CH4,Emission
Bangladesh,5059,Manure Management,2009,kt,86.7455,CH4,Emission
Bangladesh,5059,Manure Management,2010,kt,87.55,CH4,Emission
Bangladesh,5059,Manure Management,2011,kt,88.3261,CH4,Emission
Bangladesh,5059,Manure Management,2012,kt,89.1955,CH4,Emission
Bangladesh,5059,Manure Management,2013,kt,89.9471,CH4,Emission
Bangladesh,5059,Manure Management,2014,kt,90.5563,CH4,Emission
Bangladesh,5059,Manure Management,2015,kt,91.2483,CH4,Emission
Bangladesh,5059,Manure Management,2016,kt,91.9483,CH4,Emission
Bangladesh,5059,Manure Management,2017,kt,92.656,CH4,Emission
Bangladesh,5059,Manure Management,2018,kt,93.3723,CH4,Emission
Bangladesh,5059,Manure Management,2019,kt,93.8709,CH4,Emission
Bangladesh,5059,Manure Management,2020,kt,94.7992,CH4,Emission
Bangladesh,5059,Manure Management,2021,kt,95.5404,CH4,Emission
Bangladesh,5059,Manure Management,2022,kt,96.295,CH4,Emission
Bangladesh,5059,Manure Management,2023,kt,97.0599,CH4,Emission
Bangladesh,6994,On-farm energy use,1990,kt,0.3338,CH4,Emission
Bangladesh,6994,On-farm energy use,1991,kt,0.2896,CH4,Emission
Bangladesh,6994,On-farm energy use,1992,kt,0.3522,CH4,Emission
Bangladesh,6994,On-farm energy use,1993,kt,0.4768,CH4,Emission
Bangladesh,6994,On-farm energy use,1994,kt,0.4754,CH4,Emission
Bangladesh,6994,On-farm energy use,1995,kt,0.6911,CH4,Emission
Bangladesh,6994,On-farm energy use,1996,kt,0.6458,CH4,Emission
Bangladesh,6994,On-farm energy use,1997,kt,0.5848,CH4,Emission
Bangladesh,6994,On-farm energy use,1998,kt,0.4498,CH4,Emission
Bangladesh,6994,On-farm energy use,1999,kt,0.5345,CH4,Emission
Bangladesh,6994,On-farm energy use,2000,kt,0.4616,CH4,Emission
Bangladesh,6994,On-farm energy use,2001,kt,0.5755,CH4,Emission
Bangladesh,6994,On-farm energy use,2002,kt,0.6079,CH4,Emission
Bangladesh,6994,On-farm energy use,2003,kt,0.6413,CH4,Emission
Bangladesh,6994,On-farm energy use,2004,kt,0.713,CH4,Emission
Bangladesh,6994,On-farm energy use,2005,kt,0.7668,CH4,Emission
Bangladesh,6994,On-farm energy use,2006,kt,0.8263,CH4,Emission
Bangladesh,6994,On-farm energy use,2007,kt,0.8333,CH4,Emission
Bangladesh,6994,On-farm energy use,2008,kt,1.2494,CH4,Emission
Bangladesh,6994,On-farm energy use,2009,kt,1.4486,CH4,Emission
Bangladesh,6994,On-farm energy use,2010,kt,0.5775,CH4,Emission
Bangladesh,6994,On-farm energy use,2011,kt,1.5686,CH4,Emission
Bangladesh,6994,On-farm energy use,2012,kt,1.7243,CH4,Emission
Bangladesh,6994,On-farm energy use,2013,kt,1.6809,CH4,Emission
Bangladesh,6994,On-farm energy use,2014,kt,1.9259,CH4,Emission
Bangladesh,6994,On-farm energy use,2015,kt,0.6263,CH4,Emission
Bangladesh,6994,On-farm energy use,2016,kt,2.1378,CH4,Emission
Bangladesh,6994,On-farm energy use,2017,kt,2.0323,CH4,Emission
Bangladesh,6994,On-farm energy use,2018,kt,1.9178,CH4,Emission
Bangladesh,6994,On-farm energy use,2019,kt,2.2816,CH4,Emission
Bangladesh,6994,On-farm energy use,2020,kt,2.0073,CH4,Emission
Bangladesh,6994,On-farm energy use,2021,kt,2.2895,CH4,Emission
Bangladesh,6994,On-farm energy use,2022,kt,2.2398,CH4,Emission
Bangladesh,6994,On-farm energy use,2023,kt,2.2398,CH4,Emission
Bangladesh,6795,Savanna fires,1990,kt,0.3806,CH4,Emission
Bangladesh,6795,Savanna fires,1991,kt,0.3806,CH4,Emission
Bangladesh,6795,Savanna fires,1992,kt,0.3806,CH4,Emission
Bangladesh,6795,Savanna fires,1993,kt,0.3806,CH4,Emission
Bangladesh,6795,Savanna fires,1994,kt,0.3806,CH4,Emission
Bangladesh,6795,Savanna fires,1995,kt,0.3806,CH4,Emission
Bangladesh,6795,Savanna fires,1996,kt,0.0223,CH4,Emission
Bangladesh,6795,Savanna fires,1997,kt,0.0318,CH4,Emission
Bangladesh,6795,Savanna fires,1998,kt,0.0419,CH4,Emission
Bangladesh,6795,Savanna fires,1999,kt,0.0553,CH4,Emission
Bangladesh,6795,Savanna fires,2000,kt,0.0345,CH4,Emission
Bangladesh,6795,Savanna fires,2001,kt,0.9128,CH4,Emission
Bangladesh,6795,Savanna fires,2002,kt,0.0237,CH4,Emission
Bangladesh,6795,Savanna fires,2003,kt,0.2657,CH4,Emission
Bangladesh,6795,Savanna fires,2004,kt,0.1246,CH4,Emission
Bangladesh,6795,Savanna fires,2005,kt,0.4192,CH4,Emission
Bangladesh,6795,Savanna fires,2006,kt,1.2038,CH4,Emission
Bangladesh,6795,Savanna fires,2007,kt,0.423,CH4,Emission
Bangladesh,6795,Savanna fires,2008,kt,0.7811,CH4,Emission
Bangladesh,6795,Savanna fires,2009,kt,0.9979,CH4,Emission
Bangladesh,6795,Savanna fires,2010,kt,0.1877,CH4,Emission
Bangladesh,6795,Savanna fires,2011,kt,0.2109,CH4,Emission
Bangladesh,6795,Savanna fires,2012,kt,0.3307,CH4,Emission
Bangladesh,6795,Savanna fires,2013,kt,0.9473,CH4,Emission
Bangladesh,6795,Savanna fires,2014,kt,0.9354,CH4,Emission
Bangladesh,6795,Savanna fires,2015,kt,0.2041,CH4,Emission
Bangladesh,6795,Savanna fires,2016,kt,0.0841,CH4,Emission
Bangladesh,6795,Savanna fires,2017,kt,0.0189,CH4,Emission
Bangladesh,6795,Savanna fires,2018,kt,0.2668,CH4,Emission
Bangladesh,6795,Savanna fires,2019,kt,0.2396,CH4,Emission
Bangladesh,6795,Savanna fires,2020,kt,0.7958,CH4,Emission
Bangladesh,6795,Savanna fires,2021,kt,0.5546,CH4,Emission
Bangladesh,6795,Savanna fires,2022,kt,0.0705,CH4,Emission
Bangladesh,6795,Savanna fires,2023,kt,0.1669,CH4,Emission
Bangladesh,6993,Fires in organic soils,1990,kt,0,CH4,Emission
Bangladesh,6993,Fires in organic soils,1991,kt,0,CH4,Emission
Bangladesh,6993,Fires in organic soils,1992,kt,0,CH4,Emission
Bangladesh,6993,Fires in organic soils,1993,kt,0,CH4,Emission
Bangladesh,6993,Fires in organic soils,1994,kt,0,CH4,Emission
Bangladesh,6993,Fires in organic soils,1995,kt,0,CH4,Emission
Bangladesh,6993,Fires in organic soils,1996,kt,0,CH4,Emission
Bangladesh,6993,Fires in organic soils,1997,kt,0,CH4,Emission
Bangladesh,6993,Fires in organic soils,1998,kt,0,CH4,Emission
Bangladesh,6993,Fires in organic soils,1999,kt,0,CH4,Emission
Bangladesh,6993,Fires in organic soils,2000,kt,0,CH4,Emission
Bangladesh,6993,Fires in organic soils,2001,kt,0,CH4,Emission
Bangladesh,6993,Fires in organic soils,2002,kt,0,CH4,Emission
Bangladesh,6993,Fires in organic soils,2003,kt,0,CH4,Emission
Bangladesh,6993,Fires in organic soils,2004,kt,0,CH4,Emission
Bangladesh,6993,Fires in organic soils,2005,kt,0,CH4,Emission
Bangladesh,6993,Fires in organic soils,2006,kt,0,CH4,Emission
Bangladesh,6993,Fires in organic soils,2007,kt,0,CH4,Emission
Bangladesh,6993,Fires in organic soils,2008,kt,0,CH4,Emission
Bangladesh,6993,Fires in organic soils,2009,kt,0,CH4,Emission
Bangladesh,6993,Fires in organic soils,2010,kt,0,CH4,Emission
Bangladesh,6993,Fires in organic soils,2011,kt,0,CH4,Emission
Bangladesh,6993,Fires in organic soils,2012,kt,0,CH4,Emission
Bangladesh,6993,Fires in organic soils,2013,kt,0,CH4,Emission
Bangladesh,6993,Fires in organic soils,2014,kt,0,CH4,Emission
Bangladesh,6993,Fires in organic soils,2015,kt,0,CH4,Emission
Bangladesh,6993,Fires in organic soils,2016,kt,0,CH4,Emission
Bangladesh,6993,Fires in organic soils,2017,kt,0,CH4,Emission
Bangladesh,6993,Fires in organic soils,2018,kt,0,CH4,Emission
Bangladesh,6993,Fires in organic soils,2019,kt,0,CH4,Emission
Bangladesh,6993,Fires in organic soils,2020,kt,0,CH4,Emission
Bangladesh,6993,Fires in organic soils,2021,kt,0,CH4,Emission
Bangladesh,6993,Fires in organic soils,2022,kt,0,CH4,Emission
Bangladesh,6993,Fires in organic soils,2023,kt,0,CH4,Emission
Bangladesh,6992,Forest fires,1990,kt,2.5,CH4,Emission
Bangladesh,6992,Forest fires,1991,kt,2.5,CH4,Emission
Bangladesh,6992,Forest fires,1992,kt,2.5,CH4,Emission
Bangladesh,6992,Forest fires,1993,kt,2.5,CH4,Emission
Bangladesh,6992,Forest fires,1994,kt,2.5,CH4,Emission
Bangladesh,6992,Forest fires,1995,kt,2.5,CH4,Emission
Bangladesh,6992,Forest fires,1996,kt,2.7698,CH4,Emission
Bangladesh,6992,Forest fires,1997,kt,2.8667,CH4,Emission
Bangladesh,6992,Forest fires,1998,kt,2.208,CH4,Emission
Bangladesh,6992,Forest fires,1999,kt,3.3461,CH4,Emission
Bangladesh,6992,Forest fires,2000,kt,2.0512,CH4,Emission
Bangladesh,6992,Forest fires,2001,kt,3.3408,CH4,Emission
Bangladesh,6992,Forest fires,2002,kt,0.0346,CH4,Emission
Bangladesh,6992,Forest fires,2003,kt,1.4919,CH4,Emission
Bangladesh,6992,Forest fires,2004,kt,0.5728,CH4,Emission
Bangladesh,6992,Forest fires,2005,kt,1.8756,CH4,Emission
Bangladesh,6992,Forest fires,2006,kt,9.0796,CH4,Emission
Bangladesh,6992,Forest fires,2007,kt,1.4174,CH4,Emission
Bangladesh,6992,Forest fires,2008,kt,3.9217,CH4,Emission
Bangladesh,6992,Forest fires,2009,kt,4.7821,CH4,Emission
Bangladesh,6992,Forest fires,2010,kt,0.6901,CH4,Emission
Bangladesh,6992,Forest fires,2011,kt,0.7327,CH4,Emission
Bangladesh,6992,Forest fires,2012,kt,1.3588,CH4,Emission
Bangladesh,6992,Forest fires,2013,kt,6.3781,CH4,Emission
Bangladesh,6992,Forest fires,2014,kt,5.3392,CH4,Emission
Bangladesh,6992,Forest fires,2015,kt,0.6421,CH4,Emission
Bangladesh,6992,Forest fires,2016,kt,0.301,CH4,Emission
Bangladesh,6992,Forest fires,2017,kt,0.0613,CH4,Emission
Bangladesh,6992,Forest fires,2018,kt,0.9857,CH4,Emission
Bangladesh,6992,Forest fires,2019,kt,0.4795,CH4,Emission
Bangladesh,6992,Forest fires,2020,kt,5.134,CH4,Emission
Bangladesh,6992,Forest fires,2021,kt,4.6384,CH4,Emission
Bangladesh,6992,Forest fires,2022,kt,0.5009,CH4,Emission
Bangladesh,6992,Forest fires,2023,kt,0.9218,CH4,Emission
Bangladesh,69921,Fires in humid tropical forests,1990,kt,2.5,CH4,Emission
Bangladesh,69921,Fires in humid tropical forests,1991,kt,2.5,CH4,Emission
Bangladesh,69921,Fires in humid tropical forests,1992,kt,2.5,CH4,Emission
Bangladesh,69921,Fires in humid tropical forests,1993,kt,2.5,CH4,Emission
Bangladesh,69921,Fires in humid tropical forests,1994,kt,2.5,CH4,Emission
Bangladesh,69921,Fires in humid tropical forests,1995,kt,2.5,CH4,Emission
Bangladesh,69921,Fires in humid tropical forests,1996,kt,2.7698,CH4,Emission
Bangladesh,69921,Fires in humid tropical forests,1997,kt,2.8667,CH4,Emission
Bangladesh,69921,Fires in humid tropical forests,1998,kt,2.208,CH4,Emission
Bangladesh,69921,Fires in humid tropical forests,1999,kt,3.3461,CH4,Emission
Bangladesh,69921,Fires in humid tropical forests,2000,kt,2.0512,CH4,Emission
Bangladesh,69921,Fires in humid tropical forests,2001,kt,3.3408,CH4,Emission
Bangladesh,69921,Fires in humid tropical forests,2002,kt,0.0346,CH4,Emission
Bangladesh,69921,Fires in humid tropical forests,2003,kt,1.4919,CH4,Emission
Bangladesh,69921,Fires in humid tropical forests,2004,kt,0.5728,CH4,Emission
Bangladesh,69921,Fires in humid tropical forests,2005,kt,1.8756,CH4,Emission
Bangladesh,69921,Fires in humid tropical forests,2006,kt,9.0796,CH4,Emission
Bangladesh,69921,Fires in humid tropical forests,2007,kt,1.4174,CH4,Emission
Bangladesh,69921,Fires in humid tropical forests,2008,kt,3.9217,CH4,Emission
Bangladesh,69921,Fires in humid tropical forests,2009,kt,4.7821,CH4,Emission
Bangladesh,69921,Fires in humid tropical forests,2010,kt,0.6901,CH4,Emission
Bangladesh,69921,Fires in humid tropical forests,2011,kt,0.7327,CH4,Emission
Bangladesh,69921,Fires in humid tropical forests,2012,kt,1.3588,CH4,Emission
Bangladesh,69921,Fires in humid tropical forests,2013,kt,6.3781,CH4,Emission
Bangladesh,69921,Fires in humid tropical forests,2014,kt,5.3392,CH4,Emission
Bangladesh,69921,Fires in humid tropical forests,2015,kt,0.6421,CH4,Emission
Bangladesh,69921,Fires in humid tropical forests,2016,kt,0.301,CH4,Emission
Bangladesh,69921,Fires in humid tropical forests,2017,kt,0.0613,CH4,Emission
Bangladesh,69921,Fires in humid tropical forests,2018,kt,0.9857,CH4,Emission
Bangladesh,69921,Fires in humid tropical forests,2019,kt,0.4795,CH4,Emission
Bangladesh,69921,Fires in humid tropical forests,2020,kt,5.134,CH4,Emission
Bangladesh,69921,Fires in humid tropical forests,2021,kt,4.6384,CH4,Emission
Bangladesh,69921,Fires in humid tropical forests,2022,kt,0.5009,CH4,Emission
Bangladesh,69921,Fires in humid tropical forests,2023,kt,0.9218,CH4,Emission
Bangladesh,6991,Agrifood Systems Waste Disposal,1990,kt,490.4336,CH4,Emission
Bangladesh,6991,Agrifood Systems Waste Disposal,1991,kt,495.4454,CH4,Emission
Bangladesh,6991,Agrifood Systems Waste Disposal,1992,kt,499.776,CH4,Emission
Bangladesh,6991,Agrifood Systems Waste Disposal,1993,kt,503.9304,CH4,Emission
Bangladesh,6991,Agrifood Systems Waste Disposal,1994,kt,507.8325,CH4,Emission
Bangladesh,6991,Agrifood Systems Waste Disposal,1995,kt,512.5891,CH4,Emission
Bangladesh,6991,Agrifood Systems Waste Disposal,1996,kt,517.1095,CH4,Emission
Bangladesh,6991,Agrifood Systems Waste Disposal,1997,kt,521.4868,CH4,Emission
Bangladesh,6991,Agrifood Systems Waste Disposal,1998,kt,525.8843,CH4,Emission
Bangladesh,6991,Agrifood Systems Waste Disposal,1999,kt,530.0549,CH4,Emission
Bangladesh,6991,Agrifood Systems Waste Disposal,2000,kt,534.0246,CH4,Emission
Bangladesh,6991,Agrifood Systems Waste Disposal,2001,kt,537.5996,CH4,Emission
Bangladesh,6991,Agrifood Systems Waste Disposal,2002,kt,541.3315,CH4,Emission
Bangladesh,6991,Agrifood Systems Waste Disposal,2003,kt,544.7093,CH4,Emission
Bangladesh,6991,Agrifood Systems Waste Disposal,2004,kt,548.0821,CH4,Emission
Bangladesh,6991,Agrifood Systems Waste Disposal,2005,kt,551.471,CH4,Emission
Bangladesh,6991,Agrifood Systems Waste Disposal,2006,kt,554.648,CH4,Emission
Bangladesh,6991,Agrifood Systems Waste Disposal,2007,kt,557.8098,CH4,Emission
Bangladesh,6991,Agrifood Systems Waste Disposal,2008,kt,561.0221,CH4,Emission
Bangladesh,6991,Agrifood Systems Waste Disposal,2009,kt,564.2869,CH4,Emission
Bangladesh,6991,Agrifood Systems Waste Disposal,2010,kt,567.6329,CH4,Emission
Bangladesh,6991,Agrifood Systems Waste Disposal,2011,kt,571.1344,CH4,Emission
Bangladesh,6991,Agrifood Systems Waste Disposal,2012,kt,574.3107,CH4,Emission
Bangladesh,6991,Agrifood Systems Waste Disposal,2013,kt,577.7994,CH4,Emission
Bangladesh,6991,Agrifood Systems Waste Disposal,2014,kt,580.5295,CH4,Emission
Bangladesh,6991,Agrifood Systems Waste Disposal,2015,kt,583.9984,CH4,Emission
Bangladesh,6991,Agrifood Systems Waste Disposal,2016,kt,588.5239,CH4,Emission
Bangladesh,6991,Agrifood Systems Waste Disposal,2017,kt,592.5621,CH4,Emission
Bangladesh,6991,Agrifood Systems Waste Disposal,2018,kt,596.2348,CH4,Emission
Bangladesh,6991,Agrifood Systems Waste Disposal,2019,kt,599.7641,CH4,Emission
Bangladesh,6991,Agrifood Systems Waste Disposal,2020,kt,603.0233,CH4,Emission
Bangladesh,6991,Agrifood Systems Waste Disposal,2021,kt,605.9642,CH4,Emission
Bangladesh,6991,Agrifood Systems Waste Disposal,2022,kt,609.7222,CH4,Emission
Bangladesh,6991,Agrifood Systems Waste Disposal,2023,kt,613.1904,CH4,Emission
Bangladesh,6997,Pesticides Manufacturing,1990,kt,0.0009,CH4,Emission
Bangladesh,6997,Pesticides Manufacturing,1991,kt,0.0009,CH4,Emission
Bangladesh,6997,Pesticides Manufacturing,1992,kt,0.001,CH4,Emission
Bangladesh,6997,Pesticides Manufacturing,1993,kt,0.001,CH4,Emission
Bangladesh,6997,Pesticides Manufacturing,1994,kt,0.0003,CH4,Emission
Bangladesh,6997,Pesticides Manufacturing,1995,kt,0.0003,CH4,Emission
Bangladesh,6997,Pesticides Manufacturing,1996,kt,0.0007,CH4,Emission
Bangladesh,6997,Pesticides Manufacturing,1997,kt,0.0004,CH4,Emission
Bangladesh,6997,Pesticides Manufacturing,1998,kt,0.0006,CH4,Emission
Bangladesh,6997,Pesticides Manufacturing,1999,kt,0.0017,CH4,Emission
Bangladesh,6997,Pesticides Manufacturing,2000,kt,0.0017,CH4,Emission
Bangladesh,6997,Pesticides Manufacturing,2001,kt,0.0013,CH4,Emission
Bangladesh,6997,Pesticides Manufacturing,2002,kt,0.0024,CH4,Emission
Bangladesh,6997,Pesticides Manufacturing,2003,kt,0.0031,CH4,Emission
Bangladesh,6997,Pesticides Manufacturing,2004,kt,0.0042,CH4,Emission
Bangladesh,6997,Pesticides Manufacturing,2005,kt,0.0038,CH4,Emission
Bangladesh,6997,Pesticides Manufacturing,2006,kt,0.0037,CH4,Emission
Bangladesh,6997,Pesticides Manufacturing,2007,kt,0.0042,CH4,Emission
Bangladesh,6997,Pesticides Manufacturing,2008,kt,0.0073,CH4,Emission
Bangladesh,6997,Pesticides Manufacturing,2009,kt,0.008,CH4,Emission
Bangladesh,6997,Pesticides Manufacturing,2010,kt,0.0058,CH4,Emission
Bangladesh,6997,Pesticides Manufacturing,2011,kt,0.0038,CH4,Emission
Bangladesh,6997,Pesticides Manufacturing,2012,kt,0.0076,CH4,Emission
Bangladesh,6997,Pesticides Manufacturing,2013,kt,0.0015,CH4,Emission
Bangladesh,6997,Pesticides Manufacturing,2014,kt,0.0089,CH4,Emission
Bangladesh,6997,Pesticides Manufacturing,2015,kt,0.001,CH4,Emission
Bangladesh,6997,Pesticides Manufacturing,2016,kt,0.0084,CH4,Emission
Bangladesh,6997,Pesticides Manufacturing,2017,kt,0.0089,CH4,Emission
Bangladesh,6997,Pesticides Manufacturing,2018,kt,0.009,CH4,Emission
Bangladesh,6997,Pesticides Manufacturing,2019,kt,0.008,CH4,Emission
Bangladesh,6997,Pesticides Manufacturing,2020,kt,0.0081,CH4,Emission
Bangladesh,6997,Pesticides Manufacturing,2021,kt,0.0081,CH4,Emission
Bangladesh,6997,Pesticides Manufacturing,2022,kt,0.0081,CH4,Emission
Bangladesh,6997,Pesticides Manufacturing,2023,kt,0.0081,CH4,Emission
Bangladesh,6506,Food Packaging,1990,kt,0,CH4,Emission
Bangladesh,6506,Food Packaging,1991,kt,0,CH4,Emission
Bangladesh,6506,Food Packaging,1992,kt,0,CH4,Emission
Bangladesh,6506,Food Packaging,1993,kt,0,CH4,Emission
Bangladesh,6506,Food Packaging,1994,kt,0,CH4,Emission
Bangladesh,6506,Food Packaging,1995,kt,0.0003,CH4,Emission
Bangladesh,6506,Food Packaging,1996,kt,0.0005,CH4,Emission
Bangladesh,6506,Food Packaging,1997,kt,0.0005,CH4,Emission
Bangladesh,6506,Food Packaging,1998,kt,0.0004,CH4,Emission
Bangladesh,6508,Food Retail,1990,kt,0.0002,CH4,Emission
Bangladesh,6508,Food Retail,1991,kt,0.0001,CH4,Emission
Bangladesh,6508,Food Retail,1992,kt,0.0001,CH4,Emission
Bangladesh,6508,Food Retail,1993,kt,0.0001,CH4,Emission
Bangladesh,6508,Food Retail,1994,kt,0.0001,CH4,Emission
Bangladesh,6508,Food Retail,1995,kt,0.0001,CH4,Emission
Bangladesh,6508,Food Retail,1996,kt,0.0001,CH4,Emission
Bangladesh,6508,Food Retail,1997,kt,0.0001,CH4,Emission
Bangladesh,6508,Food Retail,1998,kt,0.0004,CH4,Emission
Bangladesh,6508,Food Retail,1999,kt,0.0006,CH4,Emission
Bangladesh,6508,Food Retail,2000,kt,0.0008,CH4,Emission
Bangladesh,6508,Food Retail,2001,kt,0.0011,CH4,Emission
Bangladesh,6508,Food Retail,2002,kt,0.0013,CH4,Emission
Bangladesh,6508,Food Retail,2003,kt,0.0015,CH4,Emission
Bangladesh,6508,Food Retail,2004,kt,0.0018,CH4,Emission
Bangladesh,6508,Food Retail,2005,kt,0.002,CH4,Emission
Bangladesh,6508,Food Retail,2006,kt,0.003,CH4,Emission
Bangladesh,6508,Food Retail,2007,kt,0.0033,CH4,Emission
Bangladesh,6508,Food Retail,2008,kt,0.0032,CH4,Emission
Bangladesh,6508,Food Retail,2009,kt,0.0038,CH4,Emission
Bangladesh,6508,Food Retail,2010,kt,0.0053,CH4,Emission
Bangladesh,6508,Food Retail,2011,kt,0.0046,CH4,Emission
Bangladesh,6508,Food Retail,2012,kt,0.0049,CH4,Emission
Bangladesh,6508,Food Retail,2013,kt,0.0051,CH4,Emission
Bangladesh,6508,Food Retail,2014,kt,0.0057,CH4,Emission
Bangladesh,6508,Food Retail,2015,kt,0.0065,CH4,Emission
Bangladesh,6508,Food Retail,2016,kt,0.0072,CH4,Emission
Bangladesh,6508,Food Retail,2017,kt,0.0077,CH4,Emission
Bangladesh,6508,Food Retail,2018,kt,0.0082,CH4,Emission
Bangladesh,6508,Food Retail,2019,kt,0.0081,CH4,Emission
Bangladesh,6508,Food Retail,2020,kt,0.007,CH4,Emission
Bangladesh,6508,Food Retail,2021,kt,0.0094,CH4,Emission
Bangladesh,6508,Food Retail,2022,kt,0.0098,CH4,Emission
Bangladesh,6508,Food Retail,2023,kt,0.0098,CH4,Emission
Bangladesh,6505,Food Household Consumption,1990,kt,0.0079,CH4,Emission
Bangladesh,6505,Food Household Consumption,1991,kt,0.011,CH4,Emission
Bangladesh,6505,Food Household Consumption,1992,kt,0.0097,CH4,Emission
Bangladesh,6505,Food Household Consumption,1993,kt,0.0109,CH4,Emission
Bangladesh,6505,Food Household Consumption,1994,kt,0.0141,CH4,Emission
Bangladesh,6505,Food Household Consumption,1995,kt,0.016,CH4,Emission
Bangladesh,6505,Food Household Consumption,1996,kt,0.017,CH4,Emission
Bangladesh,6505,Food Household Consumption,1997,kt,0.0183,CH4,Emission
Bangladesh,6505,Food Household Consumption,1998,kt,0.0193,CH4,Emission
Bangladesh,6505,Food Household Consumption,1999,kt,0.0211,CH4,Emission
Bangladesh,6505,Food Household Consumption,2000,kt,0.0242,CH4,Emission
Bangladesh,6505,Food Household Consumption,2001,kt,0.0274,CH4,Emission
Bangladesh,6505,Food Household Consumption,2002,kt,0.0308,CH4,Emission
Bangladesh,6505,Food Household Consumption,2003,kt,0.0354,CH4,Emission
Bangladesh,6505,Food Household Consumption,2004,kt,0.0394,CH4,Emission
Bangladesh,6505,Food Household Consumption,2005,kt,0.0412,CH4,Emission
Bangladesh,6505,Food Household Consumption,2006,kt,0.0449,CH4,Emission
Bangladesh,6505,Food Household Consumption,2007,kt,0.049,CH4,Emission
Bangladesh,6505,Food Household Consumption,2008,kt,0.0513,CH4,Emission
Bangladesh,6505,Food Household Consumption,2009,kt,0.0542,CH4,Emission
Bangladesh,6505,Food Household Consumption,2010,kt,0.0617,CH4,Emission
Bangladesh,6505,Food Household Consumption,2011,kt,0.0658,CH4,Emission
Bangladesh,6505,Food Household Consumption,2012,kt,0.0687,CH4,Emission
Bangladesh,6505,Food Household Consumption,2013,kt,0.07,CH4,Emission
Bangladesh,6505,Food Household Consumption,2014,kt,0.0788,CH4,Emission
Bangladesh,6505,Food Household Consumption,2015,kt,0.0881,CH4,Emission
Bangladesh,6505,Food Household Consumption,2016,kt,0.1084,CH4,Emission
Bangladesh,6505,Food Household Consumption,2017,kt,0.1194,CH4,Emission
Bangladesh,6505,Food Household Consumption,2018,kt,0.126,CH4,Emission
Bangladesh,6505,Food Household Consumption,2019,kt,0.1174,CH4,Emission
Bangladesh,6505,Food Household Consumption,2020,kt,0.1045,CH4,Emission
Bangladesh,6505,Food Household Consumption,2021,kt,0.1095,CH4,Emission
Bangladesh,6505,Food Household Consumption,2022,kt,0.1079,CH4,Emission
Bangladesh,6505,Food Household Consumption,2023,kt,0.1079,CH4,Emission
Bangladesh,6815,Food Transport,1990,kt,0.0196,CH4,Emission
Bangladesh,6815,Food Transport,1991,kt,0.0217,CH4,Emission
Bangladesh,6815,Food Transport,1992,kt,0.0246,CH4,Emission
Bangladesh,6815,Food Transport,1993,kt,0.0268,CH4,Emission
Bangladesh,6815,Food Transport,1994,kt,0.0286,CH4,Emission
Bangladesh,6815,Food Transport,1995,kt,0.0348,CH4,Emission
Bangladesh,6815,Food Transport,1996,kt,0.0386,CH4,Emission
Bangladesh,6815,Food Transport,1997,kt,0.0481,CH4,Emission
Bangladesh,6815,Food Transport,1998,kt,0.0478,CH4,Emission
Bangladesh,6815,Food Transport,1999,kt,0.0389,CH4,Emission
Bangladesh,6815,Food Transport,2000,kt,0.0454,CH4,Emission
Bangladesh,6815,Food Transport,2001,kt,0.0493,CH4,Emission
Bangladesh,6815,Food Transport,2002,kt,0.0488,CH4,Emission
Bangladesh,6815,Food Transport,2003,kt,0.056,CH4,Emission
Bangladesh,6815,Food Transport,2004,kt,0.0728,CH4,Emission
Bangladesh,6815,Food Transport,2005,kt,0.0951,CH4,Emission
Bangladesh,6815,Food Transport,2006,kt,0.1341,CH4,Emission
Bangladesh,6815,Food Transport,2007,kt,0.1821,CH4,Emission
Bangladesh,6815,Food Transport,2008,kt,0.3008,CH4,Emission
Bangladesh,6815,Food Transport,2009,kt,0.3884,CH4,Emission
Bangladesh,6815,Food Transport,2010,kt,0.4889,CH4,Emission
Bangladesh,6815,Food Transport,2011,kt,0.4885,CH4,Emission
Bangladesh,6815,Food Transport,2012,kt,0.4915,CH4,Emission
Bangladesh,6815,Food Transport,2013,kt,0.4906,CH4,Emission
Bangladesh,6815,Food Transport,2014,kt,0.5207,CH4,Emission
Bangladesh,6815,Food Transport,2015,kt,0.5547,CH4,Emission
Bangladesh,6815,Food Transport,2016,kt,0.5967,CH4,Emission
Bangladesh,6815,Food Transport,2017,kt,0.6164,CH4,Emission
Bangladesh,6815,Food Transport,2018,kt,0.6236,CH4,Emission
Bangladesh,6815,Food Transport,2019,kt,0.6055,CH4,Emission
Bangladesh,6815,Food Transport,2020,kt,0.5174,CH4,Emission
Bangladesh,6815,Food Transport,2021,kt,0.4866,CH4,Emission
Bangladesh,6815,Food Transport,2022,kt,0.5485,CH4,Emission
Bangladesh,6815,Food Transport,2023,kt,0.5485,CH4,Emission
Bangladesh,6821,Energy,1961,kt,93,CH4,Emission
Bangladesh,6821,Energy,1962,kt,91.8,CH4,Emission
Bangladesh,6821,Energy,1963,kt,91.2,CH4,Emission
Bangladesh,6821,Energy,1964,kt,89.6,CH4,Emission
Bangladesh,6821,Energy,1965,kt,87.3,CH4,Emission
Bangladesh,6821,Energy,1966,kt,85.4,CH4,Emission
Bangladesh,6821,Energy,1967,kt,83.4,CH4,Emission
Bangladesh,6821,Energy,1968,kt,81.5,CH4,Emission
Bangladesh,6821,Energy,1969,kt,79.3,CH4,Emission
Bangladesh,6821,Energy,1970,kt,82.3,CH4,Emission
Bangladesh,6821,Energy,1971,kt,82.3,CH4,Emission
Bangladesh,6821,Energy,1972,kt,84.7,CH4,Emission
Bangladesh,6821,Energy,1973,kt,86.8,CH4,Emission
Bangladesh,6821,Energy,1974,kt,88,CH4,Emission
Bangladesh,6821,Energy,1975,kt,89.8,CH4,Emission
Bangladesh,6821,Energy,1976,kt,91.9,CH4,Emission
Bangladesh,6821,Energy,1977,kt,94,CH4,Emission
Bangladesh,6821,Energy,1978,kt,95.6,CH4,Emission
Bangladesh,6821,Energy,1979,kt,97.4,CH4,Emission
Bangladesh,6821,Energy,1980,kt,99.9,CH4,Emission
Bangladesh,6821,Energy,1981,kt,101,CH4,Emission
Bangladesh,6821,Energy,1982,kt,109,CH4,Emission
Bangladesh,6821,Energy,1983,kt,113,CH4,Emission
Bangladesh,6821,Energy,1984,kt,113,CH4,Emission
Bangladesh,6821,Energy,1985,kt,116,CH4,Emission
Bangladesh,6821,Energy,1986,kt,120,CH4,Emission
Bangladesh,6821,Energy,1987,kt,114,CH4,Emission
Bangladesh,6821,Energy,1988,kt,123,CH4,Emission
Bangladesh,6821,Energy,1989,kt,126,CH4,Emission
Bangladesh,6821,Energy,1990,kt,130,CH4,Emission
Bangladesh,6821,Energy,1991,kt,130,CH4,Emission
Bangladesh,6821,Energy,1992,kt,135,CH4,Emission
Bangladesh,6821,Energy,1993,kt,137,CH4,Emission
Bangladesh,6821,Energy,1994,kt,142,CH4,Emission
Bangladesh,6821,Energy,1995,kt,144,CH4,Emission
Bangladesh,6821,Energy,1996,kt,141,CH4,Emission
Bangladesh,6821,Energy,1997,kt,145,CH4,Emission
Bangladesh,6821,Energy,1998,kt,149,CH4,Emission
Bangladesh,6821,Energy,1999,kt,153,CH4,Emission
Bangladesh,6821,Energy,2000,kt,158,CH4,Emission
Bangladesh,6821,Energy,2001,kt,163,CH4,Emission
Bangladesh,6821,Energy,2002,kt,168,CH4,Emission
Bangladesh,6821,Energy,2003,kt,172,CH4,Emission
Bangladesh,6821,Energy,2004,kt,177,CH4,Emission
Bangladesh,6821,Energy,2005,kt,183,CH4,Emission
Bangladesh,6821,Energy,2006,kt,191,CH4,Emission
Bangladesh,6821,Energy,2007,kt,196,CH4,Emission
Bangladesh,6821,Energy,2008,kt,206,CH4,Emission
Bangladesh,6821,Energy,2009,kt,213,CH4,Emission
Bangladesh,6821,Energy,2010,kt,217,CH4,Emission
Bangladesh,6821,Energy,2011,kt,215,CH4,Emission
Bangladesh,6821,Energy,2012,kt,219,CH4,Emission
Bangladesh,6821,Energy,2013,kt,224,CH4,Emission
Bangladesh,6821,Energy,2014,kt,225,CH4,Emission
Bangladesh,6821,Energy,2015,kt,225,CH4,Emission
Bangladesh,6821,Energy,2016,kt,234,CH4,Emission
Bangladesh,6821,Energy,2017,kt,235,CH4,Emission
Bangladesh,6821,Energy,2018,kt,228,CH4,Emission
Bangladesh,6821,Energy,2019,kt,224,CH4,Emission
Bangladesh,6821,Energy,2020,kt,217,CH4,Emission
Bangladesh,6821,Energy,2021,kt,216,CH4,Emission
Bangladesh,6821,Energy,2022,kt,217,CH4,Emission
Bangladesh,6821,Energy,2023,kt,212,CH4,Emission
Bangladesh,6817,IPPU,1961,kt,0,CH4,Emission
Bangladesh,6817,IPPU,1962,kt,0,CH4,Emission
Bangladesh,6817,IPPU,1963,kt,0,CH4,Emission
Bangladesh,6817,IPPU,1964,kt,0,CH4,Emission
Bangladesh,6817,IPPU,1965,kt,0,CH4,Emission
Bangladesh,6817,IPPU,1966,kt,0,CH4,Emission
Bangladesh,6817,IPPU,1967,kt,0,CH4,Emission
Bangladesh,6817,IPPU,1968,kt,0,CH4,Emission
Bangladesh,6817,IPPU,1969,kt,0,CH4,Emission
Bangladesh,6817,IPPU,1970,kt,0.0124,CH4,Emission
Bangladesh,6817,IPPU,1971,kt,0.0081,CH4,Emission
Bangladesh,6817,IPPU,1972,kt,0.0075,CH4,Emission
Bangladesh,6817,IPPU,1973,kt,0.0048,CH4,Emission
Bangladesh,6817,IPPU,1974,kt,0.0051,CH4,Emission
Bangladesh,6817,IPPU,1975,kt,0.0053,CH4,Emission
Bangladesh,6817,IPPU,1976,kt,0.0063,CH4,Emission
Bangladesh,6817,IPPU,1977,kt,0.0076,CH4,Emission
Bangladesh,6817,IPPU,1978,kt,0.0082,CH4,Emission
Bangladesh,6817,IPPU,1979,kt,0.0088,CH4,Emission
Bangladesh,6817,IPPU,1980,kt,0.0096,CH4,Emission
Bangladesh,6817,IPPU,1981,kt,0.0097,CH4,Emission
Bangladesh,6817,IPPU,1982,kt,0.0076,CH4,Emission
Bangladesh,6817,IPPU,1983,kt,0.0041,CH4,Emission
Bangladesh,6817,IPPU,1984,kt,0.0062,CH4,Emission
Bangladesh,6817,IPPU,1985,kt,0.0085,CH4,Emission
Bangladesh,6817,IPPU,1986,kt,0.0081,CH4,Emission
Bangladesh,6817,IPPU,1987,kt,0.0057,CH4,Emission
Bangladesh,6817,IPPU,1988,kt,0.0049,CH4,Emission
Bangladesh,6817,IPPU,1989,kt,0.006,CH4,Emission
Bangladesh,6817,IPPU,1990,kt,0.0063,CH4,Emission
Bangladesh,6817,IPPU,1991,kt,0.0041,CH4,Emission
Bangladesh,6817,IPPU,1992,kt,0.0025,CH4,Emission
Bangladesh,6817,IPPU,1993,kt,0.0022,CH4,Emission
Bangladesh,6817,IPPU,1994,kt,0.0024,CH4,Emission
Bangladesh,6817,IPPU,1995,kt,0.0025,CH4,Emission
Bangladesh,6817,IPPU,1996,kt,0.0026,CH4,Emission
Bangladesh,6817,IPPU,1997,kt,0.0028,CH4,Emission
Bangladesh,6817,IPPU,1998,kt,0.0028,CH4,Emission
Bangladesh,6817,IPPU,1999,kt,0.0028,CH4,Emission
Bangladesh,6817,IPPU,2000,kt,0.0028,CH4,Emission
Bangladesh,6817,IPPU,2001,kt,0.0028,CH4,Emission
Bangladesh,6817,IPPU,2002,kt,0.0028,CH4,Emission
Bangladesh,6817,IPPU,2003,kt,0.0028,CH4,Emission
Bangladesh,6817,IPPU,2004,kt,0.0028,CH4,Emission
Bangladesh,6817,IPPU,2005,kt,0.0028,CH4,Emission
Bangladesh,6817,IPPU,2006,kt,0.0028,CH4,Emission
Bangladesh,6817,IPPU,2007,kt,0.0028,CH4,Emission
Bangladesh,6817,IPPU,2008,kt,0.0028,CH4,Emission
Bangladesh,6817,IPPU,2009,kt,0.0028,CH4,Emission
Bangladesh,6817,IPPU,2010,kt,0.0028,CH4,Emission
Bangladesh,6817,IPPU,2011,kt,0.0028,CH4,Emission
Bangladesh,6817,IPPU,2012,kt,0.0028,CH4,Emission
Bangladesh,6817,IPPU,2013,kt,0.0028,CH4,Emission
Bangladesh,6817,IPPU,2014,kt,0.0028,CH4,Emission
Bangladesh,6817,IPPU,2015,kt,0.0028,CH4,Emission
Bangladesh,6817,IPPU,2016,kt,0.0028,CH4,Emission
Bangladesh,6817,IPPU,2017,kt,0.0028,CH4,Emission
Bangladesh,6817,IPPU,2018,kt,0.0028,CH4,Emission
Bangladesh,6817,IPPU,2019,kt,0.0028,CH4,Emission
Bangladesh,6817,IPPU,2020,kt,0.0028,CH4,Emission
Bangladesh,6817,IPPU,2021,kt,0.0028,CH4,Emission
Bangladesh,6817,IPPU,2022,kt,0.0028,CH4,Emission
Bangladesh,6817,IPPU,2023,kt,0.0028,CH4,Emission
Bangladesh,6818,Waste,1961,kt,95.7,CH4,Emission
Bangladesh,6818,Waste,1962,kt,91.2,CH4,Emission
Bangladesh,6818,Waste,1963,kt,86.3,CH4,Emission
Bangladesh,6818,Waste,1964,kt,81.1,CH4,Emission
Bangladesh,6818,Waste,1965,kt,75.5,CH4,Emission
Bangladesh,6818,Waste,1966,kt,69.5,CH4,Emission
Bangladesh,6818,Waste,1967,kt,63.1,CH4,Emission
Bangladesh,6818,Waste,1968,kt,56.1,CH4,Emission
Bangladesh,6818,Waste,1969,kt,48.4,CH4,Emission
Bangladesh,6818,Waste,1970,kt,60.7,CH4,Emission
Bangladesh,6818,Waste,1971,kt,65.8,CH4,Emission
Bangladesh,6818,Waste,1972,kt,70.8,CH4,Emission
Bangladesh,6818,Waste,1973,kt,75.8,CH4,Emission
Bangladesh,6818,Waste,1974,kt,78.7,CH4,Emission
Bangladesh,6818,Waste,1975,kt,84.9,CH4,Emission
Bangladesh,6818,Waste,1976,kt,91.3,CH4,Emission
Bangladesh,6818,Waste,1977,kt,97.2,CH4,Emission
Bangladesh,6818,Waste,1978,kt,105,CH4,Emission
Bangladesh,6818,Waste,1979,kt,114,CH4,Emission
Bangladesh,6818,Waste,1980,kt,121,CH4,Emission
Bangladesh,6818,Waste,1981,kt,131,CH4,Emission
Bangladesh,6818,Waste,1982,kt,139,CH4,Emission
Bangladesh,6818,Waste,1983,kt,148,CH4,Emission
Bangladesh,6818,Waste,1984,kt,158,CH4,Emission
Bangladesh,6818,Waste,1985,kt,168,CH4,Emission
Bangladesh,6818,Waste,1986,kt,178,CH4,Emission
Bangladesh,6818,Waste,1987,kt,189,CH4,Emission
Bangladesh,6818,Waste,1988,kt,202,CH4,Emission
Bangladesh,6818,Waste,1989,kt,212,CH4,Emission
Bangladesh,6818,Waste,1990,kt,222,CH4,Emission
Bangladesh,6818,Waste,1991,kt,227,CH4,Emission
Bangladesh,6818,Waste,1992,kt,235,CH4,Emission
Bangladesh,6818,Waste,1993,kt,240,CH4,Emission
Bangladesh,6818,Waste,1994,kt,245,CH4,Emission
Bangladesh,6818,Waste,1995,kt,252,CH4,Emission
Bangladesh,6818,Waste,1996,kt,256,CH4,Emission
Bangladesh,6818,Waste,1997,kt,259,CH4,Emission
Bangladesh,6818,Waste,1998,kt,263,CH4,Emission
Bangladesh,6818,Waste,1999,kt,269,CH4,Emission
Bangladesh,6818,Waste,2000,kt,275,CH4,Emission
Bangladesh,6818,Waste,2001,kt,282,CH4,Emission
Bangladesh,6818,Waste,2002,kt,289,CH4,Emission
Bangladesh,6818,Waste,2003,kt,300,CH4,Emission
Bangladesh,6818,Waste,2004,kt,307,CH4,Emission
Bangladesh,6818,Waste,2005,kt,313,CH4,Emission
Bangladesh,6818,Waste,2006,kt,320,CH4,Emission
Bangladesh,6818,Waste,2007,kt,328,CH4,Emission
Bangladesh,6818,Waste,2008,kt,336,CH4,Emission
Bangladesh,6818,Waste,2009,kt,342,CH4,Emission
Bangladesh,6818,Waste,2010,kt,349,CH4,Emission
Bangladesh,6818,Waste,2011,kt,359,CH4,Emission
Bangladesh,6818,Waste,2012,kt,369,CH4,Emission
Bangladesh,6818,Waste,2013,kt,379,CH4,Emission
Bangladesh,6818,Waste,2014,kt,390,CH4,Emission
Bangladesh,6818,Waste,2015,kt,402,CH4,Emission
Bangladesh,6818,Waste,2016,kt,412,CH4,Emission
Bangladesh,6818,Waste,2017,kt,424,CH4,Emission
Bangladesh,6818,Waste,2018,kt,435,CH4,Emission
Bangladesh,6818,Waste,2019,kt,446,CH4,Emission
Bangladesh,6818,Waste,2020,kt,494,CH4,Emission
Bangladesh,6818,Waste,2021,kt,505,CH4,Emission
Bangladesh,6818,Waste,2022,kt,524,CH4,Emission
Bangladesh,6818,Waste,2023,kt,545,CH4,Emission
Bangladesh,67292,Drained organic soils (CO2),1990,kt,18180.9836,CO2,Emission
Bangladesh,67292,Drained organic soils (CO2),1991,kt,18180.9836,CO2,Emission
Bangladesh,67292,Drained organic soils (CO2),1992,kt,18180.9836,CO2,Emission
Bangladesh,67292,Drained organic soils (CO2),1993,kt,18180.9836,CO2,Emission
Bangladesh,67292,Drained organic soils (CO2),1994,kt,18180.9836,CO2,Emission
Bangladesh,67292,Drained organic soils (CO2),1995,kt,18209.9007,CO2,Emission
Bangladesh,67292,Drained organic soils (CO2),1996,kt,18209.4184,CO2,Emission
Bangladesh,67292,Drained organic soils (CO2),1997,kt,18198.9288,CO2,Emission
Bangladesh,67292,Drained organic soils (CO2),1998,kt,18115.9106,CO2,Emission
Bangladesh,67292,Drained organic soils (CO2),1999,kt,17985.1869,CO2,Emission
Bangladesh,67292,Drained organic soils (CO2),2000,kt,17880.49,CO2,Emission
Bangladesh,67292,Drained organic soils (CO2),2001,kt,17838.7183,CO2,Emission
Bangladesh,67292,Drained organic soils (CO2),2002,kt,17795.8863,CO2,Emission
Bangladesh,67292,Drained organic soils (CO2),2003,kt,17782.392,CO2,Emission
Bangladesh,67292,Drained organic soils (CO2),2004,kt,17694.381,CO2,Emission
Bangladesh,67292,Drained organic soils (CO2),2005,kt,17700.0622,CO2,Emission
Bangladesh,67292,Drained organic soils (CO2),2006,kt,17709.0851,CO2,Emission
Bangladesh,67292,Drained organic soils (CO2),2007,kt,17750.8515,CO2,Emission
Bangladesh,67292,Drained organic soils (CO2),2008,kt,17748.4516,CO2,Emission
Bangladesh,67292,Drained organic soils (CO2),2009,kt,17753.3354,CO2,Emission
Bangladesh,67292,Drained organic soils (CO2),2010,kt,17768.6057,CO2,Emission
Bangladesh,67292,Drained organic soils (CO2),2011,kt,17674.7195,CO2,Emission
Bangladesh,67292,Drained organic soils (CO2),2012,kt,17667.7298,CO2,Emission
Bangladesh,67292,Drained organic soils (CO2),2013,kt,17632.4738,CO2,Emission
Bangladesh,67292,Drained organic soils (CO2),2014,kt,17573.0162,CO2,Emission
Bangladesh,67292,Drained organic soils (CO2),2015,kt,17570.1144,CO2,Emission
Bangladesh,67292,Drained organic soils (CO2),2016,kt,17588.172,CO2,Emission
Bangladesh,67292,Drained organic soils (CO2),2017,kt,17597.3418,CO2,Emission
Bangladesh,67292,Drained organic soils (CO2),2018,kt,17594.8629,CO2,Emission
Bangladesh,67292,Drained organic soils (CO2),2019,kt,17657.9479,CO2,Emission
Bangladesh,67292,Drained organic soils (CO2),2020,kt,17653.4779,CO2,Emission
Bangladesh,67292,Drained organic soils (CO2),2021,kt,17629.9991,CO2,Emission
Bangladesh,67292,Drained organic soils (CO2),2022,kt,17384.3815,CO2,Emission
Bangladesh,67292,Drained organic soils (CO2),2023,kt,17384.3815,CO2,Emission
Bangladesh,6994,On-farm energy use,1990,kt,908.443,CO2,Emission
Bangladesh,6994,On-farm energy use,1991,kt,931.1401,CO2,Emission
Bangladesh,6994,On-farm energy use,1992,kt,1093.5692,CO2,Emission
Bangladesh,6994,On-farm energy use,1993,kt,1163.8577,CO2,Emission
Bangladesh,6994,On-farm energy use,1994,kt,1158.2401,CO2,Emission
Bangladesh,6994,On-farm energy use,1995,kt,1448.6835,CO2,Emission
Bangladesh,6994,On-farm energy use,1996,kt,1518.0112,CO2,Emission
Bangladesh,6994,On-farm energy use,1997,kt,1583.1773,CO2,Emission
Bangladesh,6994,On-farm energy use,1998,kt,1609.4997,CO2,Emission
Bangladesh,6994,On-farm energy use,1999,kt,1768.6105,CO2,Emission
Bangladesh,6994,On-farm energy use,2000,kt,1561.8802,CO2,Emission
Bangladesh,6994,On-farm energy use,2001,kt,2089.4849,CO2,Emission
Bangladesh,6994,On-farm energy use,2002,kt,2166.1951,CO2,Emission
Bangladesh,6994,On-farm energy use,2003,kt,2124.1326,CO2,Emission
Bangladesh,6994,On-farm energy use,2004,kt,2428.6991,CO2,Emission
Bangladesh,6994,On-farm energy use,2005,kt,2724.7515,CO2,Emission
Bangladesh,6994,On-farm energy use,2006,kt,2796.2351,CO2,Emission
Bangladesh,6994,On-farm energy use,2007,kt,2800.0776,CO2,Emission
Bangladesh,6994,On-farm energy use,2008,kt,3031.8402,CO2,Emission
Bangladesh,6994,On-farm energy use,2009,kt,3088.6074,CO2,Emission
Bangladesh,6994,On-farm energy use,2010,kt,2965.0465,CO2,Emission
Bangladesh,6994,On-farm energy use,2011,kt,4115.8726,CO2,Emission
Bangladesh,6994,On-farm energy use,2012,kt,4198.2172,CO2,Emission
Bangladesh,6994,On-farm energy use,2013,kt,3888.4465,CO2,Emission
Bangladesh,6994,On-farm energy use,2014,kt,4028.9957,CO2,Emission
Bangladesh,6994,On-farm energy use,2015,kt,3101.6625,CO2,Emission
Bangladesh,6994,On-farm energy use,2016,kt,3992.5948,CO2,Emission
Bangladesh,6994,On-farm energy use,2017,kt,3818.3851,CO2,Emission
Bangladesh,6994,On-farm energy use,2018,kt,4337.8172,CO2,Emission
Bangladesh,6994,On-farm energy use,2019,kt,4345.0715,CO2,Emission
Bangladesh,6994,On-farm energy use,2020,kt,3823.4934,CO2,Emission
Bangladesh,6994,On-farm energy use,2021,kt,4616.8262,CO2,Emission
Bangladesh,6994,On-farm energy use,2022,kt,5097.6228,CO2,Emission
Bangladesh,6994,On-farm energy use,2023,kt,5097.6228,CO2,Emission
Bangladesh,6751,Forestland,1990,kt,-3.1392,CO2,Emission
Bangladesh,6751,Forestland,1991,kt,-3.1392,CO2,Emission
Bangladesh,6751,Forestland,1992,kt,-3.1392,CO2,Emission
Bangladesh,6751,Forestland,1993,kt,-3.1392,CO2,Emission
Bangladesh,6751,Forestland,1994,kt,-3.1392,CO2,Emission
Bangladesh,6751,Forestland,1995,kt,-3.1392,CO2,Emission
Bangladesh,6751,Forestland,1996,kt,-3.1392,CO2,Emission
Bangladesh,6751,Forestland,1997,kt,-3.1392,CO2,Emission
Bangladesh,6751,Forestland,1998,kt,-3.1392,CO2,Emission
Bangladesh,6751,Forestland,1999,kt,-3.1392,CO2,Emission
Bangladesh,6751,Forestland,2000,kt,-3.1392,CO2,Emission
Bangladesh,6751,Forestland,2001,kt,1.0956,CO2,Emission
Bangladesh,6751,Forestland,2002,kt,1.0956,CO2,Emission
Bangladesh,6751,Forestland,2003,kt,1.0956,CO2,Emission
Bangladesh,6751,Forestland,2004,kt,1.0956,CO2,Emission
Bangladesh,6751,Forestland,2005,kt,1.0956,CO2,Emission
Bangladesh,6751,Forestland,2006,kt,1.0956,CO2,Emission
Bangladesh,6751,Forestland,2007,kt,1.0956,CO2,Emission
Bangladesh,6751,Forestland,2008,kt,1.0956,CO2,Emission
Bangladesh,6751,Forestland,2009,kt,1.0956,CO2,Emission
Bangladesh,6751,Forestland,2010,kt,1.0956,CO2,Emission
Bangladesh,6751,Forestland,2011,kt,-2746.9347,CO2,Emission
Bangladesh,6751,Forestland,2012,kt,-2746.9347,CO2,Emission
Bangladesh,6751,Forestland,2013,kt,-2746.9347,CO2,Emission
Bangladesh,6751,Forestland,2014,kt,-2746.9347,CO2,Emission
Bangladesh,6751,Forestland,2015,kt,-2746.9347,CO2,Emission
Bangladesh,6751,Forestland,2016,kt,-12700.9567,CO2,Emission
Bangladesh,6751,Forestland,2017,kt,-12700.9567,CO2,Emission
Bangladesh,6751,Forestland,2018,kt,-12700.9567,CO2,Emission
Bangladesh,6751,Forestland,2019,kt,-12700.9567,CO2,Emission
Bangladesh,6751,Forestland,2020,kt,-12700.9567,CO2,Emission
Bangladesh,6751,Forestland,2021,kt,-3207.2033,CO2,Emission
Bangladesh,6751,Forestland,2022,kt,-3207.2033,CO2,Emission
Bangladesh,6751,Forestland,2023,kt,-3207.2033,CO2,Emission
Bangladesh,6750,Net Forest conversion,1990,kt,1037.1392,CO2,Emission
Bangladesh,6750,Net Forest conversion,1991,kt,1037.1392,CO2,Emission
Bangladesh,6750,Net Forest conversion,1992,kt,1037.1392,CO2,Emission
Bangladesh,6750,Net Forest conversion,1993,kt,1037.1392,CO2,Emission
Bangladesh,6750,Net Forest conversion,1994,kt,1037.1392,CO2,Emission
Bangladesh,6750,Net Forest conversion,1995,kt,1037.1392,CO2,Emission
Bangladesh,6750,Net Forest conversion,1996,kt,1037.1392,CO2,Emission
Bangladesh,6750,Net Forest conversion,1997,kt,1037.1392,CO2,Emission
Bangladesh,6750,Net Forest conversion,1998,kt,1037.1392,CO2,Emission
Bangladesh,6750,Net Forest conversion,1999,kt,1037.1392,CO2,Emission
Bangladesh,6750,Net Forest conversion,2000,kt,1037.1392,CO2,Emission
Bangladesh,6750,Net Forest conversion,2001,kt,512.2377,CO2,Emission
Bangladesh,6750,Net Forest conversion,2002,kt,512.2377,CO2,Emission
Bangladesh,6750,Net Forest conversion,2003,kt,512.2377,CO2,Emission
Bangladesh,6750,Net Forest conversion,2004,kt,512.2377,CO2,Emission
Bangladesh,6750,Net Forest conversion,2005,kt,512.2377,CO2,Emission
Bangladesh,6750,Net Forest conversion,2006,kt,512.2377,CO2,Emission
Bangladesh,6750,Net Forest conversion,2007,kt,512.2377,CO2,Emission
Bangladesh,6750,Net Forest conversion,2008,kt,512.2377,CO2,Emission
Bangladesh,6750,Net Forest conversion,2009,kt,512.2377,CO2,Emission
Bangladesh,6750,Net Forest conversion,2010,kt,512.2377,CO2,Emission
Bangladesh,6750,Net Forest conversion,2011,kt,2908.268,CO2,Emission
Bangladesh,6750,Net Forest conversion,2012,kt,2908.268,CO2,Emission
Bangladesh,6750,Net Forest conversion,2013,kt,2908.268,CO2,Emission
Bangladesh,6750,Net Forest conversion,2014,kt,2908.268,CO2,Emission
Bangladesh,6750,Net Forest conversion,2015,kt,2908.268,CO2,Emission
Bangladesh,6750,Net Forest conversion,2016,kt,2903.6234,CO2,Emission
Bangladesh,6750,Net Forest conversion,2017,kt,2903.6234,CO2,Emission
Bangladesh,6750,Net Forest conversion,2018,kt,2903.6234,CO2,Emission
Bangladesh,6750,Net Forest conversion,2019,kt,2903.6234,CO2,Emission
Bangladesh,6750,Net Forest conversion,2020,kt,2903.6234,CO2,Emission
Bangladesh,6750,Net Forest conversion,2021,kt,3390.5367,CO2,Emission
Bangladesh,6750,Net Forest conversion,2022,kt,3390.5367,CO2,Emission
Bangladesh,6750,Net Forest conversion,2023,kt,3390.5367,CO2,Emission
Bangladesh,6993,Fires in organic soils,1990,kt,0,CO2,Emission
Bangladesh,6993,Fires in organic soils,1991,kt,0,CO2,Emission
Bangladesh,6993,Fires in organic soils,1992,kt,0,CO2,Emission
Bangladesh,6993,Fires in organic soils,1993,kt,0,CO2,Emission
Bangladesh,6993,Fires in organic soils,1994,kt,0,CO2,Emission
Bangladesh,6993,Fires in organic soils,1995,kt,0,CO2,Emission
Bangladesh,6993,Fires in organic soils,1996,kt,0,CO2,Emission
Bangladesh,6993,Fires in organic soils,1997,kt,0,CO2,Emission
Bangladesh,6993,Fires in organic soils,1998,kt,0,CO2,Emission
Bangladesh,6993,Fires in organic soils,1999,kt,0,CO2,Emission
Bangladesh,6993,Fires in organic soils,2000,kt,0,CO2,Emission
Bangladesh,6993,Fires in organic soils,2001,kt,0,CO2,Emission
Bangladesh,6993,Fires in organic soils,2002,kt,0,CO2,Emission
Bangladesh,6993,Fires in organic soils,2003,kt,0,CO2,Emission
Bangladesh,6993,Fires in organic soils,2004,kt,0,CO2,Emission
Bangladesh,6993,Fires in organic soils,2005,kt,0,CO2,Emission
Bangladesh,6993,Fires in organic soils,2006,kt,0,CO2,Emission
Bangladesh,6993,Fires in organic soils,2007,kt,0,CO2,Emission
Bangladesh,6993,Fires in organic soils,2008,kt,0,CO2,Emission
Bangladesh,6993,Fires in organic soils,2009,kt,0,CO2,Emission
Bangladesh,6993,Fires in organic soils,2010,kt,0,CO2,Emission
Bangladesh,6993,Fires in organic soils,2011,kt,0,CO2,Emission
Bangladesh,6993,Fires in organic soils,2012,kt,0,CO2,Emission
Bangladesh,6993,Fires in organic soils,2013,kt,0,CO2,Emission
Bangladesh,6993,Fires in organic soils,2014,kt,0,CO2,Emission
Bangladesh,6993,Fires in organic soils,2015,kt,0,CO2,Emission
Bangladesh,6993,Fires in organic soils,2016,kt,0,CO2,Emission
Bangladesh,6993,Fires in organic soils,2017,kt,0,CO2,Emission
Bangladesh,6993,Fires in organic soils,2018,kt,0,CO2,Emission
Bangladesh,6993,Fires in organic soils,2019,kt,0,CO2,Emission
Bangladesh,6993,Fires in organic soils,2020,kt,0,CO2,Emission
Bangladesh,6993,Fires in organic soils,2021,kt,0,CO2,Emission
Bangladesh,6993,Fires in organic soils,2022,kt,0,CO2,Emission
Bangladesh,6993,Fires in organic soils,2023,kt,0,CO2,Emission
Bangladesh,6991,Agrifood Systems Waste Disposal,1990,kt,46.5422,CO2,Emission
Bangladesh,6991,Agrifood Systems Waste Disposal,1991,kt,46.5027,CO2,Emission
Bangladesh,6991,Agrifood Systems Waste Disposal,1992,kt,46.5489,CO2,Emission
Bangladesh,6991,Agrifood Systems Waste Disposal,1993,kt,46.6354,CO2,Emission
Bangladesh,6991,Agrifood Systems Waste Disposal,1994,kt,46.6701,CO2,Emission
Bangladesh,6991,Agrifood Systems Waste Disposal,1995,kt,46.8943,CO2,Emission
Bangladesh,6991,Agrifood Systems Waste Disposal,1996,kt,47.2834,CO2,Emission
Bangladesh,6991,Agrifood Systems Waste Disposal,1997,kt,47.3568,CO2,Emission
Bangladesh,6991,Agrifood Systems Waste Disposal,1998,kt,47.4251,CO2,Emission
Bangladesh,6991,Agrifood Systems Waste Disposal,1999,kt,47.474,CO2,Emission
Bangladesh,6991,Agrifood Systems Waste Disposal,2000,kt,47.5512,CO2,Emission
Bangladesh,6991,Agrifood Systems Waste Disposal,2001,kt,47.5735,CO2,Emission
Bangladesh,6991,Agrifood Systems Waste Disposal,2002,kt,47.5995,CO2,Emission
Bangladesh,6991,Agrifood Systems Waste Disposal,2003,kt,47.7817,CO2,Emission
Bangladesh,6991,Agrifood Systems Waste Disposal,2004,kt,47.934,CO2,Emission
Bangladesh,6991,Agrifood Systems Waste Disposal,2005,kt,48.0589,CO2,Emission
Bangladesh,6991,Agrifood Systems Waste Disposal,2006,kt,48.1222,CO2,Emission
Bangladesh,6991,Agrifood Systems Waste Disposal,2007,kt,48.3211,CO2,Emission
Bangladesh,6991,Agrifood Systems Waste Disposal,2008,kt,48.5919,CO2,Emission
Bangladesh,6991,Agrifood Systems Waste Disposal,2009,kt,48.8071,CO2,Emission
Bangladesh,6991,Agrifood Systems Waste Disposal,2010,kt,49.0337,CO2,Emission
Bangladesh,6991,Agrifood Systems Waste Disposal,2011,kt,49.2444,CO2,Emission
Bangladesh,6991,Agrifood Systems Waste Disposal,2012,kt,49.3135,CO2,Emission
Bangladesh,6991,Agrifood Systems Waste Disposal,2013,kt,49.5406,CO2,Emission
Bangladesh,6991,Agrifood Systems Waste Disposal,2014,kt,49.814,CO2,Emission
Bangladesh,6991,Agrifood Systems Waste Disposal,2015,kt,50.0471,CO2,Emission
Bangladesh,6991,Agrifood Systems Waste Disposal,2016,kt,50.6378,CO2,Emission
Bangladesh,6991,Agrifood Systems Waste Disposal,2017,kt,50.8343,CO2,Emission
Bangladesh,6991,Agrifood Systems Waste Disposal,2018,kt,51.0074,CO2,Emission
Bangladesh,6991,Agrifood Systems Waste Disposal,2019,kt,51.1785,CO2,Emission
Bangladesh,6991,Agrifood Systems Waste Disposal,2020,kt,51.2993,CO2,Emission
Bangladesh,6991,Agrifood Systems Waste Disposal,2021,kt,51.5056,CO2,Emission
Bangladesh,6991,Agrifood Systems Waste Disposal,2022,kt,51.6984,CO2,Emission
Bangladesh,6991,Agrifood Systems Waste Disposal,2023,kt,51.601,CO2,Emission
Bangladesh,6504,Fertilizers Manufacturing,1990,kt,640.7943,CO2,Emission
Bangladesh,6504,Fertilizers Manufacturing,1991,kt,657.2863,CO2,Emission
Bangladesh,6504,Fertilizers Manufacturing,1992,kt,663.2362,CO2,Emission
Bangladesh,6504,Fertilizers Manufacturing,1993,kt,666.4866,CO2,Emission
Bangladesh,6504,Fertilizers Manufacturing,1994,kt,694.0161,CO2,Emission
Bangladesh,6504,Fertilizers Manufacturing,1995,kt,708.2364,CO2,Emission
Bangladesh,6504,Fertilizers Manufacturing,1996,kt,733.7839,CO2,Emission
Bangladesh,6504,Fertilizers Manufacturing,1997,kt,763.7075,CO2,Emission
Bangladesh,6504,Fertilizers Manufacturing,1998,kt,789.7153,CO2,Emission
Bangladesh,6504,Fertilizers Manufacturing,1999,kt,822.1173,CO2,Emission
Bangladesh,6504,Fertilizers Manufacturing,2000,kt,838.8788,CO2,Emission
Bangladesh,6504,Fertilizers Manufacturing,2001,kt,862.4353,CO2,Emission
Bangladesh,6504,Fertilizers Manufacturing,2002,kt,1577.6469,CO2,Emission
Bangladesh,6504,Fertilizers Manufacturing,2003,kt,1869.3345,CO2,Emission
Bangladesh,6504,Fertilizers Manufacturing,2004,kt,1816.6357,CO2,Emission
Bangladesh,6504,Fertilizers Manufacturing,2005,kt,1765.4461,CO2,Emission
Bangladesh,6504,Fertilizers Manufacturing,2006,kt,1719.4266,CO2,Emission
Bangladesh,6504,Fertilizers Manufacturing,2007,kt,1582.8164,CO2,Emission
Bangladesh,6504,Fertilizers Manufacturing,2008,kt,1334.7186,CO2,Emission
Bangladesh,6504,Fertilizers Manufacturing,2009,kt,1174.3955,CO2,Emission
Bangladesh,6504,Fertilizers Manufacturing,2010,kt,946.9846,CO2,Emission
Bangladesh,6504,Fertilizers Manufacturing,2011,kt,847.8094,CO2,Emission
Bangladesh,6504,Fertilizers Manufacturing,2012,kt,861.683,CO2,Emission
Bangladesh,6504,Fertilizers Manufacturing,2013,kt,896.1383,CO2,Emission
Bangladesh,6504,Fertilizers Manufacturing,2014,kt,760.5067,CO2,Emission
Bangladesh,6504,Fertilizers Manufacturing,2015,kt,764.6755,CO2,Emission
Bangladesh,6504,Fertilizers Manufacturing,2016,kt,915.8747,CO2,Emission
Bangladesh,6504,Fertilizers Manufacturing,2017,kt,831.7286,CO2,Emission
Bangladesh,6504,Fertilizers Manufacturing,2018,kt,681.7324,CO2,Emission
Bangladesh,6504,Fertilizers Manufacturing,2019,kt,707.3054,CO2,Emission
Bangladesh,6504,Fertilizers Manufacturing,2020,kt,1177.8136,CO2,Emission
Bangladesh,6504,Fertilizers Manufacturing,2021,kt,1196.1446,CO2,Emission
Bangladesh,6504,Fertilizers Manufacturing,2022,kt,1196.1446,CO2,Emission
Bangladesh,6504,Fertilizers Manufacturing,2023,kt,1196.1446,CO2,Emission
Bangladesh,6997,Pesticides Manufacturing,1990,kt,31.664,CO2,Emission
Bangladesh,6997,Pesticides Manufacturing,1991,kt,31.8104,CO2,Emission
Bangladesh,6997,Pesticides Manufacturing,1992,kt,36.4937,CO2,Emission
Bangladesh,6997,Pesticides Manufacturing,1993,kt,38.8514,CO2,Emission
Bangladesh,6997,Pesticides Manufacturing,1994,kt,10.0251,CO2,Emission
Bangladesh,6997,Pesticides Manufacturing,1995,kt,12.1391,CO2,Emission
Bangladesh,6997,Pesticides Manufacturing,1996,kt,25.4862,CO2,Emission
Bangladesh,6997,Pesticides Manufacturing,1997,kt,13.5659,CO2,Emission
Bangladesh,6997,Pesticides Manufacturing,1998,kt,23.067,CO2,Emission
Bangladesh,6997,Pesticides Manufacturing,1999,kt,63.4958,CO2,Emission
Bangladesh,6997,Pesticides Manufacturing,2000,kt,62.8907,CO2,Emission
Bangladesh,6997,Pesticides Manufacturing,2001,kt,49.6463,CO2,Emission
Bangladesh,6997,Pesticides Manufacturing,2002,kt,91.434,CO2,Emission
Bangladesh,6997,Pesticides Manufacturing,2003,kt,116.256,CO2,Emission
Bangladesh,6997,Pesticides Manufacturing,2004,kt,150.9578,CO2,Emission
Bangladesh,6997,Pesticides Manufacturing,2005,kt,138.1003,CO2,Emission
Bangladesh,6997,Pesticides Manufacturing,2006,kt,139.1957,CO2,Emission
Bangladesh,6997,Pesticides Manufacturing,2007,kt,154.6142,CO2,Emission
Bangladesh,6997,Pesticides Manufacturing,2008,kt,269.7918,CO2,Emission
Bangladesh,6997,Pesticides Manufacturing,2009,kt,296.9337,CO2,Emission
Bangladesh,6997,Pesticides Manufacturing,2010,kt,218.4803,CO2,Emission
Bangladesh,6997,Pesticides Manufacturing,2011,kt,140.5192,CO2,Emission
Bangladesh,6997,Pesticides Manufacturing,2012,kt,284.7962,CO2,Emission
Bangladesh,6997,Pesticides Manufacturing,2013,kt,56.5948,CO2,Emission
Bangladesh,6997,Pesticides Manufacturing,2014,kt,333.2943,CO2,Emission
Bangladesh,6997,Pesticides Manufacturing,2015,kt,36.0275,CO2,Emission
Bangladesh,6997,Pesticides Manufacturing,2016,kt,297.5565,CO2,Emission
Bangladesh,6997,Pesticides Manufacturing,2017,kt,310.1068,CO2,Emission
Bangladesh,6997,Pesticides Manufacturing,2018,kt,310.0442,CO2,Emission
Bangladesh,6997,Pesticides Manufacturing,2019,kt,304.7148,CO2,Emission
Bangladesh,6997,Pesticides Manufacturing,2020,kt,307.9082,CO2,Emission
Bangladesh,6997,Pesticides Manufacturing,2021,kt,307.9082,CO2,Emission
Bangladesh,6997,Pesticides Manufacturing,2022,kt,307.9082,CO2,Emission
Bangladesh,6997,Pesticides Manufacturing,2023,kt,307.9082,CO2,Emission
Bangladesh,6506,Food Packaging,1990,kt,1.908,CO2,Emission
Bangladesh,6506,Food Packaging,1991,kt,2.0408,CO2,Emission
Bangladesh,6506,Food Packaging,1992,kt,2.1434,CO2,Emission
Bangladesh,6506,Food Packaging,1993,kt,2.2763,CO2,Emission
Bangladesh,6506,Food Packaging,1994,kt,2.4842,CO2,Emission
Bangladesh,6506,Food Packaging,1995,kt,14.9051,CO2,Emission
Bangladesh,6506,Food Packaging,1996,kt,27.8097,CO2,Emission
Bangladesh,6506,Food Packaging,1997,kt,25.7069,CO2,Emission
Bangladesh,6506,Food Packaging,1998,kt,23.1895,CO2,Emission
Bangladesh,6508,Food Retail,1990,kt,9.5736,CO2,Emission
Bangladesh,6508,Food Retail,1991,kt,4.4275,CO2,Emission
Bangladesh,6508,Food Retail,1992,kt,5.2546,CO2,Emission
Bangladesh,6508,Food Retail,1993,kt,5.7199,CO2,Emission
Bangladesh,6508,Food Retail,1994,kt,6.4589,CO2,Emission
Bangladesh,6508,Food Retail,1995,kt,7.0785,CO2,Emission
Bangladesh,6508,Food Retail,1996,kt,6.8256,CO2,Emission
Bangladesh,6508,Food Retail,1997,kt,7.2581,CO2,Emission
Bangladesh,6508,Food Retail,1998,kt,20.2088,CO2,Emission
Bangladesh,6508,Food Retail,1999,kt,33.3332,CO2,Emission
Bangladesh,6508,Food Retail,2000,kt,43.3893,CO2,Emission
Bangladesh,6508,Food Retail,2001,kt,60.1871,CO2,Emission
Bangladesh,6508,Food Retail,2002,kt,73.5108,CO2,Emission
Bangladesh,6508,Food Retail,2003,kt,82.4824,CO2,Emission
Bangladesh,6508,Food Retail,2004,kt,89.8848,CO2,Emission
Bangladesh,6508,Food Retail,2005,kt,103.4606,CO2,Emission
Bangladesh,6508,Food Retail,2006,kt,160.7789,CO2,Emission
Bangladesh,6508,Food Retail,2007,kt,178.3166,CO2,Emission
Bangladesh,6508,Food Retail,2008,kt,175.8232,CO2,Emission
Bangladesh,6508,Food Retail,2009,kt,206.6698,CO2,Emission
Bangladesh,6508,Food Retail,2010,kt,291.9141,CO2,Emission
Bangladesh,6508,Food Retail,2011,kt,253.1671,CO2,Emission
Bangladesh,6508,Food Retail,2012,kt,268.5229,CO2,Emission
Bangladesh,6508,Food Retail,2013,kt,279.8344,CO2,Emission
Bangladesh,6508,Food Retail,2014,kt,316.0807,CO2,Emission
Bangladesh,6508,Food Retail,2015,kt,347.2163,CO2,Emission
Bangladesh,6508,Food Retail,2016,kt,361.8423,CO2,Emission
Bangladesh,6508,Food Retail,2017,kt,374.8327,CO2,Emission
Bangladesh,6508,Food Retail,2018,kt,390.2549,CO2,Emission
Bangladesh,6508,Food Retail,2019,kt,519.0232,CO2,Emission
Bangladesh,6508,Food Retail,2020,kt,445.3356,CO2,Emission
Bangladesh,6508,Food Retail,2021,kt,601.247,CO2,Emission
Bangladesh,6508,Food Retail,2022,kt,632.0679,CO2,Emission
Bangladesh,6508,Food Retail,2023,kt,632.0679,CO2,Emission
Bangladesh,6505,Food Household Consumption,1990,kt,157.6025,CO2,Emission
Bangladesh,6505,Food Household Consumption,1991,kt,199.1261,CO2,Emission
Bangladesh,6505,Food Household Consumption,1992,kt,198.1829,CO2,Emission
Bangladesh,6505,Food Household Consumption,1993,kt,245.1129,CO2,Emission
Bangladesh,6505,Food Household Consumption,1994,kt,294.5031,CO2,Emission
Bangladesh,6505,Food Household Consumption,1995,kt,333.9243,CO2,Emission
Bangladesh,6505,Food Household Consumption,1996,kt,351.5529,CO2,Emission
Bangladesh,6505,Food Household Consumption,1997,kt,386.1403,CO2,Emission
Bangladesh,6505,Food Household Consumption,1998,kt,435.2248,CO2,Emission
Bangladesh,6505,Food Household Consumption,1999,kt,484.5858,CO2,Emission
Bangladesh,6505,Food Household Consumption,2000,kt,554.717,CO2,Emission
Bangladesh,6505,Food Household Consumption,2001,kt,660.2661,CO2,Emission
Bangladesh,6505,Food Household Consumption,2002,kt,732.8886,CO2,Emission
Bangladesh,6505,Food Household Consumption,2003,kt,786.6245,CO2,Emission
Bangladesh,6505,Food Household Consumption,2004,kt,841.1882,CO2,Emission
Bangladesh,6505,Food Household Consumption,2005,kt,894.7371,CO2,Emission
Bangladesh,6505,Food Household Consumption,2006,kt,994.1153,CO2,Emission
Bangladesh,6505,Food Household Consumption,2007,kt,1054.5859,CO2,Emission
Bangladesh,6505,Food Household Consumption,2008,kt,1052.5472,CO2,Emission
Bangladesh,6505,Food Household Consumption,2009,kt,1124.1208,CO2,Emission
Bangladesh,6505,Food Household Consumption,2010,kt,1302.8339,CO2,Emission
Bangladesh,6505,Food Household Consumption,2011,kt,1373.4164,CO2,Emission
Bangladesh,6505,Food Household Consumption,2012,kt,1485.6276,CO2,Emission
Bangladesh,6505,Food Household Consumption,2013,kt,1557.6581,CO2,Emission
Bangladesh,6505,Food Household Consumption,2014,kt,1781.531,CO2,Emission
Bangladesh,6505,Food Household Consumption,2015,kt,1862.9886,CO2,Emission
Bangladesh,6505,Food Household Consumption,2016,kt,2301.0728,CO2,Emission
Bangladesh,6505,Food Household Consumption,2017,kt,2465.342,CO2,Emission
Bangladesh,6505,Food Household Consumption,2018,kt,2671.4729,CO2,Emission
Bangladesh,6505,Food Household Consumption,2019,kt,2799.0334,CO2,Emission
Bangladesh,6505,Food Household Consumption,2020,kt,2789.7907,CO2,Emission
Bangladesh,6505,Food Household Consumption,2021,kt,3032.616,CO2,Emission
Bangladesh,6505,Food Household Consumption,2022,kt,3133.5719,CO2,Emission
Bangladesh,6505,Food Household Consumption,2023,kt,3133.5719,CO2,Emission
Bangladesh,6815,Food Transport,1990,kt,177.1783,CO2,Emission
Bangladesh,6815,Food Transport,1991,kt,197.7741,CO2,Emission
Bangladesh,6815,Food Transport,1992,kt,227.9095,CO2,Emission
Bangladesh,6815,Food Transport,1993,kt,233.9881,CO2,Emission
Bangladesh,6815,Food Transport,1994,kt,238.7188,CO2,Emission
Bangladesh,6815,Food Transport,1995,kt,288.261,CO2,Emission
Bangladesh,6815,Food Transport,1996,kt,317.7688,CO2,Emission
Bangladesh,6815,Food Transport,1997,kt,359.158,CO2,Emission
Bangladesh,6815,Food Transport,1998,kt,367.2769,CO2,Emission
Bangladesh,6815,Food Transport,1999,kt,334.9289,CO2,Emission
Bangladesh,6815,Food Transport,2000,kt,328.4154,CO2,Emission
Bangladesh,6815,Food Transport,2001,kt,408.9703,CO2,Emission
Bangladesh,6815,Food Transport,2002,kt,415.5431,CO2,Emission
Bangladesh,6815,Food Transport,2003,kt,425.1213,CO2,Emission
Bangladesh,6815,Food Transport,2004,kt,468.354,CO2,Emission
Bangladesh,6815,Food Transport,2005,kt,534.9113,CO2,Emission
Bangladesh,6815,Food Transport,2006,kt,571.165,CO2,Emission
Bangladesh,6815,Food Transport,2007,kt,577.1257,CO2,Emission
Bangladesh,6815,Food Transport,2008,kt,654.1657,CO2,Emission
Bangladesh,6815,Food Transport,2009,kt,696.2833,CO2,Emission
Bangladesh,6815,Food Transport,2010,kt,815.106,CO2,Emission
Bangladesh,6815,Food Transport,2011,kt,953.0373,CO2,Emission
Bangladesh,6815,Food Transport,2012,kt,962.3066,CO2,Emission
Bangladesh,6815,Food Transport,2013,kt,914.858,CO2,Emission
Bangladesh,6815,Food Transport,2014,kt,987.934,CO2,Emission
Bangladesh,6815,Food Transport,2015,kt,1036.6867,CO2,Emission
Bangladesh,6815,Food Transport,2016,kt,1098.6523,CO2,Emission
Bangladesh,6815,Food Transport,2017,kt,1218.186,CO2,Emission
Bangladesh,6815,Food Transport,2018,kt,1327.681,CO2,Emission
Bangladesh,6815,Food Transport,2019,kt,1294.3726,CO2,Emission
Bangladesh,6815,Food Transport,2020,kt,1144.7768,CO2,Emission
Bangladesh,6815,Food Transport,2021,kt,1270.1173,CO2,Emission
Bangladesh,6815,Food Transport,2022,kt,1408.9053,CO2,Emission
Bangladesh,6815,Food Transport,2023,kt,1408.9053,CO2,Emission
Bangladesh,6821,Energy,1961,kt,1450,CO2,Emission
Bangladesh,6821,Energy,1962,kt,1560,CO2,Emission
Bangladesh,6821,Energy,1963,kt,1760,CO2,Emission
Bangladesh,6821,Energy,1964,kt,1760,CO2,Emission
Bangladesh,6821,Energy,1965,kt,2360,CO2,Emission
Bangladesh,6821,Energy,1966,kt,2520,CO2,Emission
Bangladesh,6821,Energy,1967,kt,2510,CO2,Emission
Bangladesh,6821,Energy,1968,kt,2720,CO2,Emission
Bangladesh,6821,Energy,1969,kt,3040,CO2,Emission
Bangladesh,6821,Energy,1970,kt,3400,CO2,Emission
Bangladesh,6821,Energy,1971,kt,3470,CO2,Emission
Bangladesh,6821,Energy,1972,kt,3500,CO2,Emission
Bangladesh,6821,Energy,1973,kt,4540,CO2,Emission
Bangladesh,6821,Energy,1974,kt,4610,CO2,Emission
Bangladesh,6821,Energy,1975,kt,4790,CO2,Emission
Bangladesh,6821,Energy,1976,kt,5490,CO2,Emission
Bangladesh,6821,Energy,1977,kt,5660,CO2,Emission
Bangladesh,6821,Energy,1978,kt,5850,CO2,Emission
Bangladesh,6821,Energy,1979,kt,6490,CO2,Emission
Bangladesh,6821,Energy,1980,kt,7470,CO2,Emission
Bangladesh,6821,Energy,1981,kt,7770,CO2,Emission
Bangladesh,6821,Energy,1982,kt,8450,CO2,Emission
Bangladesh,6821,Energy,1983,kt,8120,CO2,Emission
Bangladesh,6821,Energy,1984,kt,9010,CO2,Emission
Bangladesh,6821,Energy,1985,kt,10100,CO2,Emission
Bangladesh,6821,Energy,1986,kt,11300,CO2,Emission
Bangladesh,6821,Energy,1987,kt,11700,CO2,Emission
Bangladesh,6821,Energy,1988,kt,13400,CO2,Emission
Bangladesh,6821,Energy,1989,kt,13300,CO2,Emission
Bangladesh,6821,Energy,1990,kt,14000,CO2,Emission
Bangladesh,6821,Energy,1991,kt,14700,CO2,Emission
Bangladesh,6821,Energy,1992,kt,15300,CO2,Emission
Bangladesh,6821,Energy,1993,kt,16000,CO2,Emission
Bangladesh,6821,Energy,1994,kt,17500,CO2,Emission
Bangladesh,6821,Energy,1995,kt,21000,CO2,Emission
Bangladesh,6821,Energy,1996,kt,21400,CO2,Emission
Bangladesh,6821,Energy,1997,kt,22900,CO2,Emission
Bangladesh,6821,Energy,1998,kt,23000,CO2,Emission
Bangladesh,6821,Energy,1999,kt,24700,CO2,Emission
Bangladesh,6821,Energy,2000,kt,25900,CO2,Emission
Bangladesh,6821,Energy,2001,kt,30100,CO2,Emission
Bangladesh,6821,Energy,2002,kt,31100,CO2,Emission
Bangladesh,6821,Energy,2003,kt,32700,CO2,Emission
Bangladesh,6821,Energy,2004,kt,35200,CO2,Emission
Bangladesh,6821,Energy,2005,kt,37000,CO2,Emission
Bangladesh,6821,Energy,2006,kt,41000,CO2,Emission
Bangladesh,6821,Energy,2007,kt,42000,CO2,Emission
Bangladesh,6821,Energy,2008,kt,44700,CO2,Emission
Bangladesh,6821,Energy,2009,kt,48500,CO2,Emission
Bangladesh,6821,Energy,2010,kt,53400,CO2,Emission
Bangladesh,6821,Energy,2011,kt,55900,CO2,Emission
Bangladesh,6821,Energy,2012,kt,60100,CO2,Emission
Bangladesh,6821,Energy,2013,kt,61100,CO2,Emission
Bangladesh,6821,Energy,2014,kt,65300,CO2,Emission
Bangladesh,6821,Energy,2015,kt,72200,CO2,Emission
Bangladesh,6821,Energy,2016,kt,75200,CO2,Emission
Bangladesh,6821,Energy,2017,kt,79600,CO2,Emission
Bangladesh,6821,Energy,2018,kt,81200,CO2,Emission
Bangladesh,6821,Energy,2019,kt,99400,CO2,Emission
Bangladesh,6821,Energy,2020,kt,92300,CO2,Emission
Bangladesh,6821,Energy,2021,kt,99100,CO2,Emission
Bangladesh,6821,Energy,2022,kt,106000,CO2,Emission
Bangladesh,6821,Energy,2023,kt,107000,CO2,Emission
Bangladesh,6817,IPPU,1961,kt,108,CO2,Emission
Bangladesh,6817,IPPU,1962,kt,120,CO2,Emission
Bangladesh,6817,IPPU,1963,kt,142,CO2,Emission
Bangladesh,6817,IPPU,1964,kt,146,CO2,Emission
Bangladesh,6817,IPPU,1965,kt,158,CO2,Emission
Bangladesh,6817,IPPU,1966,kt,168,CO2,Emission
Bangladesh,6817,IPPU,1967,kt,181,CO2,Emission
Bangladesh,6817,IPPU,1968,kt,213,CO2,Emission
Bangladesh,6817,IPPU,1969,kt,200,CO2,Emission
Bangladesh,6817,IPPU,1970,kt,237,CO2,Emission
Bangladesh,6817,IPPU,1971,kt,237,CO2,Emission
Bangladesh,6817,IPPU,1972,kt,383,CO2,Emission
Bangladesh,6817,IPPU,1973,kt,475,CO2,Emission
Bangladesh,6817,IPPU,1974,kt,299,CO2,Emission
Bangladesh,6817,IPPU,1975,kt,538,CO2,Emission
Bangladesh,6817,IPPU,1976,kt,589,CO2,Emission
Bangladesh,6817,IPPU,1977,kt,541,CO2,Emission
Bangladesh,6817,IPPU,1978,kt,560,CO2,Emission
Bangladesh,6817,IPPU,1979,kt,696,CO2,Emission
Bangladesh,6817,IPPU,1980,kt,640,CO2,Emission
Bangladesh,6817,IPPU,1981,kt,662,CO2,Emission
Bangladesh,6817,IPPU,1982,kt,723,CO2,Emission
Bangladesh,6817,IPPU,1983,kt,695,CO2,Emission
Bangladesh,6817,IPPU,1984,kt,1060,CO2,Emission
Bangladesh,6817,IPPU,1985,kt,1050,CO2,Emission
Bangladesh,6817,IPPU,1986,kt,1160,CO2,Emission
Bangladesh,6817,IPPU,1987,kt,1170,CO2,Emission
Bangladesh,6817,IPPU,1988,kt,1740,CO2,Emission
Bangladesh,6817,IPPU,1989,kt,2000,CO2,Emission
Bangladesh,6817,IPPU,1990,kt,1840,CO2,Emission
Bangladesh,6817,IPPU,1991,kt,1650,CO2,Emission
Bangladesh,6817,IPPU,1992,kt,2260,CO2,Emission
Bangladesh,6817,IPPU,1993,kt,2360,CO2,Emission
Bangladesh,6817,IPPU,1994,kt,2510,CO2,Emission
Bangladesh,6817,IPPU,1995,kt,3090,CO2,Emission
Bangladesh,6817,IPPU,1996,kt,3100,CO2,Emission
Bangladesh,6817,IPPU,1997,kt,2840,CO2,Emission
Bangladesh,6817,IPPU,1998,kt,2940,CO2,Emission
Bangladesh,6817,IPPU,1999,kt,3370,CO2,Emission
Bangladesh,6817,IPPU,2000,kt,3660,CO2,Emission
Bangladesh,6817,IPPU,2001,kt,3920,CO2,Emission
Bangladesh,6817,IPPU,2002,kt,3930,CO2,Emission
Bangladesh,6817,IPPU,2003,kt,4080,CO2,Emission
Bangladesh,6817,IPPU,2004,kt,4000,CO2,Emission
Bangladesh,6817,IPPU,2005,kt,4150,CO2,Emission
Bangladesh,6817,IPPU,2006,kt,3810,CO2,Emission
Bangladesh,6817,IPPU,2007,kt,3900,CO2,Emission
Bangladesh,6817,IPPU,2008,kt,3660,CO2,Emission
Bangladesh,6817,IPPU,2009,kt,2960,CO2,Emission
Bangladesh,6817,IPPU,2010,kt,2450,CO2,Emission
Bangladesh,6817,IPPU,2011,kt,2400,CO2,Emission
Bangladesh,6817,IPPU,2012,kt,2460,CO2,Emission
Bangladesh,6817,IPPU,2013,kt,2290,CO2,Emission
Bangladesh,6817,IPPU,2014,kt,2390,CO2,Emission
Bangladesh,6817,IPPU,2015,kt,2780,CO2,Emission
Bangladesh,6817,IPPU,2016,kt,2750,CO2,Emission
Bangladesh,6817,IPPU,2017,kt,2930,CO2,Emission
Bangladesh,6817,IPPU,2018,kt,3080,CO2,Emission
Bangladesh,6817,IPPU,2019,kt,3240,CO2,Emission
Bangladesh,6817,IPPU,2020,kt,3530,CO2,Emission
Bangladesh,6817,IPPU,2021,kt,3560,CO2,Emission
Bangladesh,6817,IPPU,2022,kt,3480,CO2,Emission
Bangladesh,6817,IPPU,2023,kt,3540,CO2,Emission
Bangladesh,5064,Crop Residues,1961,kt,5.3441,N2O,Emission
Bangladesh,5064,Crop Residues,1962,kt,5.2569,N2O,Emission
Bangladesh,5064,Crop Residues,1963,kt,5.7662,N2O,Emission
Bangladesh,5064,Crop Residues,1964,kt,5.8124,N2O,Emission
Bangladesh,5064,Crop Residues,1965,kt,5.8642,N2O,Emission
Bangladesh,5064,Crop Residues,1966,kt,5.5593,N2O,Emission
Bangladesh,5064,Crop Residues,1967,kt,6.2257,N2O,Emission
Bangladesh,5064,Crop Residues,1968,kt,6.2226,N2O,Emission
Bangladesh,5064,Crop Residues,1969,kt,6.5972,N2O,Emission
Bangladesh,5064,Crop Residues,1970,kt,6.2607,N2O,Emission
Bangladesh,5064,Crop Residues,1971,kt,5.7648,N2O,Emission
Bangladesh,5064,Crop Residues,1972,kt,5.9179,N2O,Emission
Bangladesh,5064,Crop Residues,1973,kt,6.4134,N2O,Emission
Bangladesh,5064,Crop Residues,1974,kt,6.2508,N2O,Emission
Bangladesh,5064,Crop Residues,1975,kt,6.7905,N2O,Emission
Bangladesh,5064,Crop Residues,1976,kt,6.4311,N2O,Emission
Bangladesh,5064,Crop Residues,1977,kt,6.7566,N2O,Emission
Bangladesh,5064,Crop Residues,1978,kt,6.8358,N2O,Emission
Bangladesh,5064,Crop Residues,1979,kt,6.8249,N2O,Emission
Bangladesh,5064,Crop Residues,1980,kt,7.2197,N2O,Emission
Bangladesh,5064,Crop Residues,1981,kt,7.2929,N2O,Emission
Bangladesh,5064,Crop Residues,1982,kt,7.4384,N2O,Emission
Bangladesh,5064,Crop Residues,1983,kt,7.2405,N2O,Emission
Bangladesh,5064,Crop Residues,1984,kt,7.4645,N2O,Emission
Bangladesh,5064,Crop Residues,1985,kt,7.6906,N2O,Emission
Bangladesh,5064,Crop Residues,1986,kt,7.7421,N2O,Emission
Bangladesh,5064,Crop Residues,1987,kt,7.6472,N2O,Emission
Bangladesh,5064,Crop Residues,1988,kt,7.6398,N2O,Emission
Bangladesh,5064,Crop Residues,1989,kt,8.2325,N2O,Emission
Bangladesh,5064,Crop Residues,1990,kt,8.1893,N2O,Emission
Bangladesh,5064,Crop Residues,1991,kt,8.2206,N2O,Emission
Bangladesh,5064,Crop Residues,1992,kt,8.2312,N2O,Emission
Bangladesh,5064,Crop Residues,1993,kt,8.0934,N2O,Emission
Bangladesh,5064,Crop Residues,1994,kt,7.8189,N2O,Emission
Bangladesh,5064,Crop Residues,1995,kt,8.0463,N2O,Emission
Bangladesh,5064,Crop Residues,1996,kt,8.4387,N2O,Emission
Bangladesh,5064,Crop Residues,1997,kt,8.4778,N2O,Emission
Bangladesh,5064,Crop Residues,1998,kt,8.7367,N2O,Emission
Bangladesh,5064,Crop Residues,1999,kt,9.7558,N2O,Emission
Bangladesh,5064,Crop Residues,2000,kt,10.24,N2O,Emission
Bangladesh,5064,Crop Residues,2001,kt,9.9587,N2O,Emission
Bangladesh,5064,Crop Residues,2002,kt,10.1784,N2O,Emission
Bangladesh,5064,Crop Residues,2003,kt,10.2623,N2O,Emission
Bangladesh,5064,Crop Residues,2004,kt,9.7434,N2O,Emission
Bangladesh,5064,Crop Residues,2005,kt,10.375,N2O,Emission
Bangladesh,5064,Crop Residues,2006,kt,10.5431,N2O,Emission
Bangladesh,5064,Crop Residues,2007,kt,10.9395,N2O,Emission
Bangladesh,5064,Crop Residues,2008,kt,11.873,N2O,Emission
Bangladesh,5064,Crop Residues,2009,kt,11.987,N2O,Emission
Bangladesh,5064,Crop Residues,2010,kt,12.4408,N2O,Emission
Bangladesh,5064,Crop Residues,2011,kt,12.5808,N2O,Emission
Bangladesh,5064,Crop Residues,2012,kt,12.5546,N2O,Emission
Bangladesh,5064,Crop Residues,2013,kt,12.8061,N2O,Emission
Bangladesh,5064,Crop Residues,2014,kt,12.9911,N2O,Emission
Bangladesh,5064,Crop Residues,2015,kt,13.0161,N2O,Emission
Bangladesh,5064,Crop Residues,2016,kt,12.7096,N2O,Emission
Bangladesh,5064,Crop Residues,2017,kt,13.5905,N2O,Emission
Bangladesh,5064,Crop Residues,2018,kt,13.5613,N2O,Emission
Bangladesh,5064,Crop Residues,2019,kt,13.6087,N2O,Emission
Bangladesh,5064,Crop Residues,2020,kt,13.6826,N2O,Emission
Bangladesh,5064,Crop Residues,2021,kt,14.0414,N2O,Emission
Bangladesh,5064,Crop Residues,2022,kt,14.1835,N2O,Emission
Bangladesh,5064,Crop Residues,2023,kt,14.435,N2O,Emission
Bangladesh,5066,Burning - Crop residues,1961,kt,0.334,N2O,Emission
Bangladesh,5066,Burning - Crop residues,1962,kt,0.3422,N2O,Emission
Bangladesh,5066,Burning - Crop residues,1963,kt,0.3551,N2O,Emission
Bangladesh,5066,Burning - Crop residues,1964,kt,0.3636,N2O,Emission
Bangladesh,5066,Burning - Crop residues,1965,kt,0.3687,N2O,Emission
Bangladesh,5066,Burning - Crop residues,1966,kt,0.3582,N2O,Emission
Bangladesh,5066,Burning - Crop residues,1967,kt,0.3903,N2O,Emission
Bangladesh,5066,Burning - Crop residues,1968,kt,0.3851,N2O,Emission
Bangladesh,5066,Burning - Crop residues,1969,kt,0.4081,N2O,Emission
Bangladesh,5066,Burning - Crop residues,1970,kt,0.3928,N2O,Emission
Bangladesh,5066,Burning - Crop residues,1971,kt,0.3691,N2O,Emission
Bangladesh,5066,Burning - Crop residues,1972,kt,0.3809,N2O,Emission
Bangladesh,5066,Burning - Crop residues,1973,kt,0.3897,N2O,Emission
Bangladesh,5066,Burning - Crop residues,1974,kt,0.3874,N2O,Emission
Bangladesh,5066,Burning - Crop residues,1975,kt,0.4084,N2O,Emission
Bangladesh,5066,Burning - Crop residues,1976,kt,0.3909,N2O,Emission
Bangladesh,5066,Burning - Crop residues,1977,kt,0.3973,N2O,Emission
Bangladesh,5066,Burning - Crop residues,1978,kt,0.4014,N2O,Emission
Bangladesh,5066,Burning - Crop residues,1979,kt,0.4058,N2O,Emission
Bangladesh,5066,Burning - Crop residues,1980,kt,0.416,N2O,Emission
Bangladesh,5066,Burning - Crop residues,1981,kt,0.4262,N2O,Emission
Bangladesh,5066,Burning - Crop residues,1982,kt,0.4299,N2O,Emission
Bangladesh,5066,Burning - Crop residues,1983,kt,0.3971,N2O,Emission
Bangladesh,5066,Burning - Crop residues,1984,kt,0.416,N2O,Emission
Bangladesh,5066,Burning - Crop residues,1985,kt,0.427,N2O,Emission
Bangladesh,5066,Burning - Crop residues,1986,kt,0.4311,N2O,Emission
Bangladesh,5066,Burning - Crop residues,1987,kt,0.4215,N2O,Emission
Bangladesh,5066,Burning - Crop residues,1988,kt,0.4185,N2O,Emission
Bangladesh,5066,Burning - Crop residues,1989,kt,0.4272,N2O,Emission
Bangladesh,5066,Burning - Crop residues,1990,kt,0.4271,N2O,Emission
Bangladesh,5066,Burning - Crop residues,1991,kt,0.4201,N2O,Emission
Bangladesh,5066,Burning - Crop residues,1992,kt,0.4167,N2O,Emission
Bangladesh,5066,Burning - Crop residues,1993,kt,0.4078,N2O,Emission
Bangladesh,5066,Burning - Crop residues,1994,kt,0.4076,N2O,Emission
Bangladesh,5066,Burning - Crop residues,1995,kt,0.4094,N2O,Emission
Bangladesh,5066,Burning - Crop residues,1996,kt,0.4205,N2O,Emission
Bangladesh,5066,Burning - Crop residues,1997,kt,0.4231,N2O,Emission
Bangladesh,5066,Burning - Crop residues,1998,kt,0.4204,N2O,Emission
Bangladesh,5066,Burning - Crop residues,1999,kt,0.4453,N2O,Emission
Bangladesh,5066,Burning - Crop residues,2000,kt,0.4472,N2O,Emission
Bangladesh,5066,Burning - Crop residues,2001,kt,0.4412,N2O,Emission
Bangladesh,5066,Burning - Crop residues,2002,kt,0.4449,N2O,Emission
Bangladesh,5066,Burning - Crop residues,2003,kt,0.4423,N2O,Emission
Bangladesh,5066,Burning - Crop residues,2004,kt,0.4235,N2O,Emission
Bangladesh,5066,Burning - Crop residues,2005,kt,0.4326,N2O,Emission
Bangladesh,5066,Burning - Crop residues,2006,kt,0.4345,N2O,Emission
Bangladesh,5066,Burning - Crop residues,2007,kt,0.4357,N2O,Emission
Bangladesh,5066,Burning - Crop residues,2008,kt,0.4667,N2O,Emission
Bangladesh,5066,Burning - Crop residues,2009,kt,0.4629,N2O,Emission
Bangladesh,5066,Burning - Crop residues,2010,kt,0.4704,N2O,Emission
Bangladesh,5066,Burning - Crop residues,2011,kt,0.4712,N2O,Emission
Bangladesh,5066,Burning - Crop residues,2012,kt,0.4685,N2O,Emission
Bangladesh,5066,Burning - Crop residues,2013,kt,0.4709,N2O,Emission
Bangladesh,5066,Burning - Crop residues,2014,kt,0.4779,N2O,Emission
Bangladesh,5066,Burning - Crop residues,2015,kt,0.4779,N2O,Emission
Bangladesh,5066,Burning - Crop residues,2016,kt,0.4639,N2O,Emission
Bangladesh,5066,Burning - Crop residues,2017,kt,0.4903,N2O,Emission
Bangladesh,5066,Burning - Crop residues,2018,kt,0.4853,N2O,Emission
Bangladesh,5066,Burning - Crop residues,2019,kt,0.4874,N2O,Emission
Bangladesh,5066,Burning - Crop residues,2020,kt,0.4858,N2O,Emission
Bangladesh,5066,Burning - Crop residues,2021,kt,0.4968,N2O,Emission
Bangladesh,5066,Burning - Crop residues,2022,kt,0.4957,N2O,Emission
Bangladesh,5066,Burning - Crop residues,2023,kt,0.495,N2O,Emission
Bangladesh,5059,Manure Management,1961,kt,0.5357,N2O,Emission
Bangladesh,5059,Manure Management,1962,kt,0.5688,N2O,Emission
Bangladesh,5059,Manure Management,1963,kt,0.5984,N2O,Emission
Bangladesh,5059,Manure Management,1964,kt,0.6565,N2O,Emission
Bangladesh,5059,Manure Management,1965,kt,0.6535,N2O,Emission
Bangladesh,5059,Manure Management,1966,kt,0.6895,N2O,Emission
Bangladesh,5059,Manure Management,1967,kt,0.7133,N2O,Emission
Bangladesh,5059,Manure Management,1968,kt,0.7395,N2O,Emission
Bangladesh,5059,Manure Management,1969,kt,0.7626,N2O,Emission
Bangladesh,5059,Manure Management,1970,kt,0.7919,N2O,Emission
Bangladesh,5059,Manure Management,1971,kt,0.7746,N2O,Emission
Bangladesh,5059,Manure Management,1972,kt,0.7649,N2O,Emission
Bangladesh,5059,Manure Management,1973,kt,0.7339,N2O,Emission
Bangladesh,5059,Manure Management,1974,kt,0.7473,N2O,Emission
Bangladesh,5059,Manure Management,1975,kt,0.7615,N2O,Emission
Bangladesh,5059,Manure Management,1976,kt,0.7761,N2O,Emission
Bangladesh,5059,Manure Management,1977,kt,0.7776,N2O,Emission
Bangladesh,5059,Manure Management,1978,kt,0.9172,N2O,Emission
Bangladesh,5059,Manure Management,1979,kt,0.965,N2O,Emission
Bangladesh,5059,Manure Management,1980,kt,0.6717,N2O,Emission
Bangladesh,5059,Manure Management,1981,kt,0.6883,N2O,Emission
Bangladesh,5059,Manure Management,1982,kt,0.706,N2O,Emission
Bangladesh,5059,Manure Management,1983,kt,0.7241,N2O,Emission
Bangladesh,5059,Manure Management,1984,kt,0.7364,N2O,Emission
Bangladesh,5059,Manure Management,1985,kt,0.7632,N2O,Emission
Bangladesh,5059,Manure Management,1986,kt,0.7872,N2O,Emission
Bangladesh,5059,Manure Management,1987,kt,0.8122,N2O,Emission
Bangladesh,5059,Manure Management,1988,kt,0.8386,N2O,Emission
Bangladesh,5059,Manure Management,1989,kt,0.8598,N2O,Emission
Bangladesh,5059,Manure Management,1990,kt,0.8951,N2O,Emission
Bangladesh,5059,Manure Management,1991,kt,0.9156,N2O,Emission
Bangladesh,5059,Manure Management,1992,kt,0.9459,N2O,Emission
Bangladesh,5059,Manure Management,1993,kt,0.9814,N2O,Emission
Bangladesh,5059,Manure Management,1994,kt,1.0123,N2O,Emission
Bangladesh,5059,Manure Management,1995,kt,1.0477,N2O,Emission
Bangladesh,5059,Manure Management,1996,kt,1.0051,N2O,Emission
Bangladesh,5059,Manure Management,1997,kt,1.0338,N2O,Emission
Bangladesh,5059,Manure Management,1998,kt,1.0372,N2O,Emission
Bangladesh,5059,Manure Management,1999,kt,1.0361,N2O,Emission
Bangladesh,5059,Manure Management,2000,kt,1.0469,N2O,Emission
Bangladesh,5059,Manure Management,2001,kt,1.0579,N2O,Emission
Bangladesh,5059,Manure Management,2002,kt,1.0819,N2O,Emission
Bangladesh,5059,Manure Management,2003,kt,1.1014,N2O,Emission
Bangladesh,5059,Manure Management,2004,kt,1.1166,N2O,Emission
Bangladesh,5059,Manure Management,2005,kt,1.1502,N2O,Emission
Bangladesh,5059,Manure Management,2006,kt,1.174,N2O,Emission
Bangladesh,5059,Manure Management,2007,kt,1.2075,N2O,Emission
Bangladesh,5059,Manure Management,2008,kt,1.2359,N2O,Emission
Bangladesh,5059,Manure Management,2009,kt,1.2496,N2O,Emission
Bangladesh,5059,Manure Management,2010,kt,1.2923,N2O,Emission
Bangladesh,5059,Manure Management,2011,kt,1.3214,N2O,Emission
Bangladesh,5059,Manure Management,2012,kt,1.3697,N2O,Emission
Bangladesh,5059,Manure Management,2013,kt,1.4135,N2O,Emission
Bangladesh,5059,Manure Management,2014,kt,1.4341,N2O,Emission
Bangladesh,5059,Manure Management,2015,kt,1.4575,N2O,Emission
Bangladesh,5059,Manure Management,2016,kt,1.4829,N2O,Emission
Bangladesh,5059,Manure Management,2017,kt,1.5084,N2O,Emission
Bangladesh,5059,Manure Management,2018,kt,1.5349,N2O,Emission
Bangladesh,5059,Manure Management,2019,kt,1.5102,N2O,Emission
Bangladesh,5059,Manure Management,2020,kt,1.5974,N2O,Emission
Bangladesh,5059,Manure Management,2021,kt,1.621,N2O,Emission
Bangladesh,5059,Manure Management,2022,kt,1.6337,N2O,Emission
Bangladesh,5059,Manure Management,2023,kt,1.6615,N2O,Emission
Bangladesh,5063,Manure left on Pasture,1961,kt,9.7218,N2O,Emission
Bangladesh,5063,Manure left on Pasture,1962,kt,10.1022,N2O,Emission
Bangladesh,5063,Manure left on Pasture,1963,kt,10.4789,N2O,Emission
Bangladesh,5063,Manure left on Pasture,1964,kt,11.2657,N2O,Emission
Bangladesh,5063,Manure left on Pasture,1965,kt,11.2054,N2O,Emission
Bangladesh,5063,Manure left on Pasture,1966,kt,11.2591,N2O,Emission
Bangladesh,5063,Manure left on Pasture,1967,kt,11.5524,N2O,Emission
Bangladesh,5063,Manure left on Pasture,1968,kt,11.8754,N2O,Emission
Bangladesh,5063,Manure left on Pasture,1969,kt,12.1614,N2O,Emission
Bangladesh,5063,Manure left on Pasture,1970,kt,12.54,N2O,Emission
Bangladesh,5063,Manure left on Pasture,1971,kt,12.5028,N2O,Emission
Bangladesh,5063,Manure left on Pasture,1972,kt,12.5555,N2O,Emission
Bangladesh,5063,Manure left on Pasture,1973,kt,12.3444,N2O,Emission
Bangladesh,5063,Manure left on Pasture,1974,kt,12.649,N2O,Emission
Bangladesh,5063,Manure left on Pasture,1975,kt,12.9524,N2O,Emission
Bangladesh,5063,Manure left on Pasture,1976,kt,13.5035,N2O,Emission
Bangladesh,5063,Manure left on Pasture,1977,kt,13.7816,N2O,Emission
Bangladesh,5063,Manure left on Pasture,1978,kt,15.3913,N2O,Emission
Bangladesh,5063,Manure left on Pasture,1979,kt,16.1384,N2O,Emission
Bangladesh,5063,Manure left on Pasture,1980,kt,11.9783,N2O,Emission
Bangladesh,5063,Manure left on Pasture,1981,kt,12.2228,N2O,Emission
Bangladesh,5063,Manure left on Pasture,1982,kt,12.4203,N2O,Emission
Bangladesh,5063,Manure left on Pasture,1983,kt,12.6493,N2O,Emission
Bangladesh,5063,Manure left on Pasture,1984,kt,13.3998,N2O,Emission
Bangladesh,5063,Manure left on Pasture,1985,kt,13.9517,N2O,Emission
Bangladesh,5063,Manure left on Pasture,1986,kt,14.4435,N2O,Emission
Bangladesh,5063,Manure left on Pasture,1987,kt,14.9637,N2O,Emission
Bangladesh,5063,Manure left on Pasture,1988,kt,15.517,N2O,Emission
Bangladesh,5063,Manure left on Pasture,1989,kt,16.0759,N2O,Emission
Bangladesh,5063,Manure left on Pasture,1990,kt,16.7281,N2O,Emission
Bangladesh,5063,Manure left on Pasture,1991,kt,17.2233,N2O,Emission
Bangladesh,5063,Manure left on Pasture,1992,kt,17.9046,N2O,Emission
Bangladesh,5063,Manure left on Pasture,1993,kt,18.7206,N2O,Emission
Bangladesh,5063,Manure left on Pasture,1994,kt,19.9085,N2O,Emission
Bangladesh,5063,Manure left on Pasture,1995,kt,21.1221,N2O,Emission
Bangladesh,5063,Manure left on Pasture,1996,kt,22.3526,N2O,Emission
Bangladesh,5063,Manure left on Pasture,1997,kt,23.1801,N2O,Emission
Bangladesh,5063,Manure left on Pasture,1998,kt,23.2483,N2O,Emission
Bangladesh,5063,Manure left on Pasture,1999,kt,23.0996,N2O,Emission
Bangladesh,5063,Manure left on Pasture,2000,kt,22.7632,N2O,Emission
Bangladesh,5063,Manure left on Pasture,2001,kt,22.1467,N2O,Emission
Bangladesh,5063,Manure left on Pasture,2002,kt,21.6984,N2O,Emission
Bangladesh,5063,Manure left on Pasture,2003,kt,21.1986,N2O,Emission
Bangladesh,5063,Manure left on Pasture,2004,kt,20.858,N2O,Emission
Bangladesh,5063,Manure left on Pasture,2005,kt,20.7923,N2O,Emission
Bangladesh,5063,Manure left on Pasture,2006,kt,20.9513,N2O,Emission
Bangladesh,5063,Manure left on Pasture,2007,kt,21.3904,N2O,Emission
Bangladesh,5063,Manure left on Pasture,2008,kt,21.7912,N2O,Emission
Bangladesh,5063,Manure left on Pasture,2009,kt,22.1595,N2O,Emission
Bangladesh,5063,Manure left on Pasture,2010,kt,22.6521,N2O,Emission
Bangladesh,5063,Manure left on Pasture,2011,kt,23.0775,N2O,Emission
Bangladesh,5063,Manure left on Pasture,2012,kt,23.6176,N2O,Emission
Bangladesh,5063,Manure left on Pasture,2013,kt,23.9176,N2O,Emission
Bangladesh,5063,Manure left on Pasture,2014,kt,24.1149,N2O,Emission
Bangladesh,5063,Manure left on Pasture,2015,kt,24.3302,N2O,Emission
Bangladesh,5063,Manure left on Pasture,2016,kt,24.5544,N2O,Emission
Bangladesh,5063,Manure left on Pasture,2017,kt,24.78,N2O,Emission
Bangladesh,5063,Manure left on Pasture,2018,kt,25.0109,N2O,Emission
Bangladesh,5063,Manure left on Pasture,2019,kt,25.0186,N2O,Emission
Bangladesh,5063,Manure left on Pasture,2020,kt,25.5095,N2O,Emission
Bangladesh,5063,Manure left on Pasture,2021,kt,25.7312,N2O,Emission
Bangladesh,5063,Manure left on Pasture,2022,kt,25.9111,N2O,Emission
Bangladesh,5063,Manure left on Pasture,2023,kt,26.1519,N2O,Emission
Bangladesh,5062,Manure applied to Soils,1961,kt,2.1149,N2O,Emission
Bangladesh,5062,Manure applied to Soils,1962,kt,2.2222,N2O,Emission
Bangladesh,5062,Manure applied to Soils,1963,kt,2.3207,N2O,Emission
Bangladesh,5062,Manure applied to Soils,1964,kt,2.5159,N2O,Emission
Bangladesh,5062,Manure applied to Soils,1965,kt,2.5058,N2O,Emission
Bangladesh,5062,Manure applied to Soils,1966,kt,2.6263,N2O,Emission
Bangladesh,5062,Manure applied to Soils,1967,kt,2.7104,N2O,Emission
Bangladesh,5062,Manure applied to Soils,1968,kt,2.8026,N2O,Emission
Bangladesh,5062,Manure applied to Soils,1969,kt,2.8833,N2O,Emission
Bangladesh,5062,Manure applied to Soils,1970,kt,2.9876,N2O,Emission
Bangladesh,5062,Manure applied to Soils,1971,kt,2.9295,N2O,Emission
Bangladesh,5062,Manure applied to Soils,1972,kt,2.8963,N2O,Emission
Bangladesh,5062,Manure applied to Soils,1973,kt,2.7856,N2O,Emission
Bangladesh,5062,Manure applied to Soils,1974,kt,2.8373,N2O,Emission
Bangladesh,5062,Manure applied to Soils,1975,kt,2.8901,N2O,Emission
Bangladesh,5062,Manure applied to Soils,1976,kt,2.9732,N2O,Emission
Bangladesh,5062,Manure applied to Soils,1977,kt,2.9932,N2O,Emission
Bangladesh,5062,Manure applied to Soils,1978,kt,3.5011,N2O,Emission
Bangladesh,5062,Manure applied to Soils,1979,kt,3.6729,N2O,Emission
Bangladesh,5062,Manure applied to Soils,1980,kt,2.676,N2O,Emission
Bangladesh,5062,Manure applied to Soils,1981,kt,2.7375,N2O,Emission
Bangladesh,5062,Manure applied to Soils,1982,kt,2.7937,N2O,Emission
Bangladesh,5062,Manure applied to Soils,1983,kt,2.8556,N2O,Emission
Bangladesh,5062,Manure applied to Soils,1984,kt,2.8329,N2O,Emission
Bangladesh,5062,Manure applied to Soils,1985,kt,2.9172,N2O,Emission
Bangladesh,5062,Manure applied to Soils,1986,kt,2.9937,N2O,Emission
Bangladesh,5062,Manure applied to Soils,1987,kt,3.0733,N2O,Emission
Bangladesh,5062,Manure applied to Soils,1988,kt,3.157,N2O,Emission
Bangladesh,5062,Manure applied to Soils,1989,kt,3.226,N2O,Emission
Bangladesh,5062,Manure applied to Soils,1990,kt,3.3362,N2O,Emission
Bangladesh,5062,Manure applied to Soils,1991,kt,3.3963,N2O,Emission
Bangladesh,5062,Manure applied to Soils,1992,kt,3.4911,N2O,Emission
Bangladesh,5062,Manure applied to Soils,1993,kt,3.6024,N2O,Emission
Bangladesh,5062,Manure applied to Soils,1994,kt,3.7571,N2O,Emission
Bangladesh,5062,Manure applied to Soils,1995,kt,3.9166,N2O,Emission
Bangladesh,5062,Manure applied to Soils,1996,kt,3.8978,N2O,Emission
Bangladesh,5062,Manure applied to Soils,1997,kt,4.0355,N2O,Emission
Bangladesh,5062,Manure applied to Soils,1998,kt,4.0998,N2O,Emission
Bangladesh,5062,Manure applied to Soils,1999,kt,4.1544,N2O,Emission
Bangladesh,5062,Manure applied to Soils,2000,kt,4.2219,N2O,Emission
Bangladesh,5062,Manure applied to Soils,2001,kt,4.2576,N2O,Emission
Bangladesh,5062,Manure applied to Soils,2002,kt,4.332,N2O,Emission
Bangladesh,5062,Manure applied to Soils,2003,kt,4.3953,N2O,Emission
Bangladesh,5062,Manure applied to Soils,2004,kt,4.4414,N2O,Emission
Bangladesh,5062,Manure applied to Soils,2005,kt,4.5423,N2O,Emission
Bangladesh,5062,Manure applied to Soils,2006,kt,4.6191,N2O,Emission
Bangladesh,5062,Manure applied to Soils,2007,kt,4.72,N2O,Emission
Bangladesh,5062,Manure applied to Soils,2008,kt,4.8044,N2O,Emission
Bangladesh,5062,Manure applied to Soils,2009,kt,4.8494,N2O,Emission
Bangladesh,5062,Manure applied to Soils,2010,kt,4.9762,N2O,Emission
Bangladesh,5062,Manure applied to Soils,2011,kt,5.0646,N2O,Emission
Bangladesh,5062,Manure applied to Soils,2012,kt,5.2072,N2O,Emission
Bangladesh,5062,Manure applied to Soils,2013,kt,5.3398,N2O,Emission
Bangladesh,5062,Manure applied to Soils,2014,kt,5.4057,N2O,Emission
Bangladesh,5062,Manure applied to Soils,2015,kt,5.4801,N2O,Emission
Bangladesh,5062,Manure applied to Soils,2016,kt,5.5603,N2O,Emission
Bangladesh,5062,Manure applied to Soils,2017,kt,5.6409,N2O,Emission
Bangladesh,5062,Manure applied to Soils,2018,kt,5.7242,N2O,Emission
Bangladesh,5062,Manure applied to Soils,2019,kt,5.6605,N2O,Emission
Bangladesh,5062,Manure applied to Soils,2020,kt,5.9179,N2O,Emission
Bangladesh,5062,Manure applied to Soils,2021,kt,5.9932,N2O,Emission
Bangladesh,5062,Manure applied to Soils,2022,kt,6.0378,N2O,Emission
Bangladesh,5062,Manure applied to Soils,2023,kt,6.1252,N2O,Emission
Bangladesh,5061,Synthetic Fertilizers,1961,kt,0.4164,N2O,Emission
Bangladesh,5061,Synthetic Fertilizers,1962,kt,0.4997,N2O,Emission
Bangladesh,5061,Synthetic Fertilizers,1963,kt,0.7496,N2O,Emission
Bangladesh,5061,Synthetic Fertilizers,1964,kt,0.7079,N2O,Emission
Bangladesh,5061,Synthetic Fertilizers,1965,kt,0.8932,N2O,Emission
Bangladesh,5061,Synthetic Fertilizers,1966,kt,1.1722,N2O,Emission
Bangladesh,5061,Synthetic Fertilizers,1967,kt,1.4762,N2O,Emission
Bangladesh,5061,Synthetic Fertilizers,1968,kt,1.5845,N2O,Emission
Bangladesh,5061,Synthetic Fertilizers,1969,kt,1.8823,N2O,Emission
Bangladesh,5061,Synthetic Fertilizers,1970,kt,2.0343,N2O,Emission
Bangladesh,5061,Synthetic Fertilizers,1971,kt,1.6262,N2O,Emission
Bangladesh,5061,Synthetic Fertilizers,1972,kt,2.692,N2O,Emission
Bangladesh,5061,Synthetic Fertilizers,1973,kt,2.6433,N2O,Emission
Bangladesh,5061,Synthetic Fertilizers,1974,kt,1.7242,N2O,Emission
Bangladesh,5061,Synthetic Fertilizers,1975,kt,3.0528,N2O,Emission
Bangladesh,5061,Synthetic Fertilizers,1976,kt,3.4928,N2O,Emission
Bangladesh,5061,Synthetic Fertilizers,1977,kt,4.6888,N2O,Emission
Bangladesh,5061,Synthetic Fertilizers,1978,kt,4.7428,N2O,Emission
Bangladesh,5061,Synthetic Fertilizers,1979,kt,5.418,N2O,Emission
Bangladesh,5061,Synthetic Fertilizers,1980,kt,5.5782,N2O,Emission
Bangladesh,5061,Synthetic Fertilizers,1981,kt,5.2393,N2O,Emission
Bangladesh,5061,Synthetic Fertilizers,1982,kt,6.348,N2O,Emission
Bangladesh,5061,Synthetic Fertilizers,1983,kt,7.1819,N2O,Emission
Bangladesh,5061,Synthetic Fertilizers,1984,kt,8.009,N2O,Emission
Bangladesh,5061,Synthetic Fertilizers,1985,kt,7.6578,N2O,Emission
Bangladesh,5061,Synthetic Fertilizers,1986,kt,8.8065,N2O,Emission
Bangladesh,5061,Synthetic Fertilizers,1987,kt,9.8821,N2O,Emission
Bangladesh,5061,Synthetic Fertilizers,1988,kt,11.0064,N2O,Emission
Bangladesh,5061,Synthetic Fertilizers,1989,kt,13.1132,N2O,Emission
Bangladesh,5061,Synthetic Fertilizers,1990,kt,12.6836,N2O,Emission
Bangladesh,5061,Synthetic Fertilizers,1991,kt,14.6916,N2O,Emission
Bangladesh,5061,Synthetic Fertilizers,1992,kt,14.8519,N2O,Emission
Bangladesh,5061,Synthetic Fertilizers,1993,kt,15.2738,N2O,Emission
Bangladesh,5061,Synthetic Fertilizers,1994,kt,16.7309,N2O,Emission
Bangladesh,5061,Synthetic Fertilizers,1995,kt,19.6346,N2O,Emission
Bangladesh,5061,Synthetic Fertilizers,1996,kt,20.7396,N2O,Emission
Bangladesh,5061,Synthetic Fertilizers,1997,kt,18.2521,N2O,Emission
Bangladesh,5061,Synthetic Fertilizers,1998,kt,18.3749,N2O,Emission
Bangladesh,5061,Synthetic Fertilizers,1999,kt,21.1275,N2O,Emission
Bangladesh,5061,Synthetic Fertilizers,2000,kt,20.7351,N2O,Emission
Bangladesh,5061,Synthetic Fertilizers,2001,kt,21.9509,N2O,Emission
Bangladesh,5061,Synthetic Fertilizers,2002,kt,22.4677,N2O,Emission
Bangladesh,5061,Synthetic Fertilizers,2003,kt,19.8083,N2O,Emission
Bangladesh,5061,Synthetic Fertilizers,2004,kt,19.8645,N2O,Emission
Bangladesh,5061,Synthetic Fertilizers,2005,kt,20.6825,N2O,Emission
Bangladesh,5061,Synthetic Fertilizers,2006,kt,22.8805,N2O,Emission
Bangladesh,5061,Synthetic Fertilizers,2007,kt,21.8314,N2O,Emission
Bangladesh,5061,Synthetic Fertilizers,2008,kt,26.7972,N2O,Emission
Bangladesh,5061,Synthetic Fertilizers,2009,kt,24.0725,N2O,Emission
Bangladesh,5061,Synthetic Fertilizers,2010,kt,24.2947,N2O,Emission
Bangladesh,5061,Synthetic Fertilizers,2011,kt,26.5436,N2O,Emission
Bangladesh,5061,Synthetic Fertilizers,2012,kt,23.5236,N2O,Emission
Bangladesh,5061,Synthetic Fertilizers,2013,kt,23.148,N2O,Emission
Bangladesh,5061,Synthetic Fertilizers,2014,kt,25.6158,N2O,Emission
Bangladesh,5061,Synthetic Fertilizers,2015,kt,27.5039,N2O,Emission
Bangladesh,5061,Synthetic Fertilizers,2016,kt,24.409,N2O,Emission
Bangladesh,5061,Synthetic Fertilizers,2017,kt,25.8277,N2O,Emission
Bangladesh,5061,Synthetic Fertilizers,2018,kt,27.7046,N2O,Emission
Bangladesh,5061,Synthetic Fertilizers,2019,kt,27.6459,N2O,Emission
Bangladesh,5061,Synthetic Fertilizers,2020,kt,28.3559,N2O,Emission
Bangladesh,5061,Synthetic Fertilizers,2021,kt,31.821,N2O,Emission
Bangladesh,5061,Synthetic Fertilizers,2022,kt,31.4291,N2O,Emission
Bangladesh,5061,Synthetic Fertilizers,2023,kt,31.2102,N2O,Emission
Bangladesh,67291,Drained organic soils (N2O),1990,kt,2.8569,N2O,Emission
Bangladesh,67291,Drained organic soils (N2O),1991,kt,2.8569,N2O,Emission
Bangladesh,67291,Drained organic soils (N2O),1992,kt,2.8569,N2O,Emission
Bangladesh,67291,Drained organic soils (N2O),1993,kt,2.8569,N2O,Emission
Bangladesh,67291,Drained organic soils (N2O),1994,kt,2.8569,N2O,Emission
Bangladesh,67291,Drained organic soils (N2O),1995,kt,2.8607,N2O,Emission
Bangladesh,67291,Drained organic soils (N2O),1996,kt,2.8606,N2O,Emission
Bangladesh,67291,Drained organic soils (N2O),1997,kt,2.8586,N2O,Emission
Bangladesh,67291,Drained organic soils (N2O),1998,kt,2.8457,N2O,Emission
Bangladesh,67291,Drained organic soils (N2O),1999,kt,2.8248,N2O,Emission
Bangladesh,67291,Drained organic soils (N2O),2000,kt,2.8084,N2O,Emission
Bangladesh,67291,Drained organic soils (N2O),2001,kt,2.803,N2O,Emission
Bangladesh,67291,Drained organic soils (N2O),2002,kt,2.7965,N2O,Emission
Bangladesh,67291,Drained organic soils (N2O),2003,kt,2.7941,N2O,Emission
Bangladesh,67291,Drained organic soils (N2O),2004,kt,2.7805,N2O,Emission
Bangladesh,67291,Drained organic soils (N2O),2005,kt,2.7816,N2O,Emission
Bangladesh,67291,Drained organic soils (N2O),2006,kt,2.7831,N2O,Emission
Bangladesh,67291,Drained organic soils (N2O),2007,kt,2.7897,N2O,Emission
Bangladesh,67291,Drained organic soils (N2O),2008,kt,2.7893,N2O,Emission
Bangladesh,67291,Drained organic soils (N2O),2009,kt,2.79,N2O,Emission
Bangladesh,67291,Drained organic soils (N2O),2010,kt,2.7924,N2O,Emission
Bangladesh,67291,Drained organic soils (N2O),2011,kt,2.7783,N2O,Emission
Bangladesh,67291,Drained organic soils (N2O),2012,kt,2.7772,N2O,Emission
Bangladesh,67291,Drained organic soils (N2O),2013,kt,2.7718,N2O,Emission
Bangladesh,67291,Drained organic soils (N2O),2014,kt,2.7625,N2O,Emission
Bangladesh,67291,Drained organic soils (N2O),2015,kt,2.762,N2O,Emission
Bangladesh,67291,Drained organic soils (N2O),2016,kt,2.7648,N2O,Emission
Bangladesh,67291,Drained organic soils (N2O),2017,kt,2.7663,N2O,Emission
Bangladesh,67291,Drained organic soils (N2O),2018,kt,2.7661,N2O,Emission
Bangladesh,67291,Drained organic soils (N2O),2019,kt,2.7738,N2O,Emission
Bangladesh,67291,Drained organic soils (N2O),2020,kt,2.7732,N2O,Emission
Bangladesh,67291,Drained organic soils (N2O),2021,kt,2.7696,N2O,Emission
Bangladesh,67291,Drained organic soils (N2O),2022,kt,2.7342,N2O,Emission
Bangladesh,67291,Drained organic soils (N2O),2023,kt,2.7342,N2O,Emission
Bangladesh,6994,On-farm energy use,1990,kt,0.3004,N2O,Emission
Bangladesh,6994,On-farm energy use,1991,kt,0.3186,N2O,Emission
Bangladesh,6994,On-farm energy use,1992,kt,0.3693,N2O,Emission
Bangladesh,6994,On-farm energy use,1993,kt,0.3688,N2O,Emission
Bangladesh,6994,On-farm energy use,1994,kt,0.3676,N2O,Emission
Bangladesh,6994,On-farm energy use,1995,kt,0.4412,N2O,Emission
Bangladesh,6994,On-farm energy use,1996,kt,0.484,N2O,Emission
Bangladesh,6994,On-farm energy use,1997,kt,0.518,N2O,Emission
Bangladesh,6994,On-farm energy use,1998,kt,0.537,N2O,Emission
Bangladesh,6994,On-farm energy use,1999,kt,0.5842,N2O,Emission
Bangladesh,6994,On-farm energy use,2000,kt,0.5223,N2O,Emission
Bangladesh,6994,On-farm energy use,2001,kt,0.7036,N2O,Emission
Bangladesh,6994,On-farm energy use,2002,kt,0.7259,N2O,Emission
Bangladesh,6994,On-farm energy use,2003,kt,0.7077,N2O,Emission
Bangladesh,6994,On-farm energy use,2004,kt,0.8199,N2O,Emission
Bangladesh,6994,On-farm energy use,2005,kt,0.9258,N2O,Emission
Bangladesh,6994,On-farm energy use,2006,kt,0.9397,N2O,Emission
Bangladesh,6994,On-farm energy use,2007,kt,0.9384,N2O,Emission
Bangladesh,6994,On-farm energy use,2008,kt,0.9566,N2O,Emission
Bangladesh,6994,On-farm energy use,2009,kt,0.9441,N2O,Emission
Bangladesh,6994,On-farm energy use,2010,kt,1.0489,N2O,Emission
Bangladesh,6994,On-farm energy use,2011,kt,1.327,N2O,Emission
Bangladesh,6994,On-farm energy use,2012,kt,1.3278,N2O,Emission
Bangladesh,6994,On-farm energy use,2013,kt,1.2158,N2O,Emission
Bangladesh,6994,On-farm energy use,2014,kt,1.2269,N2O,Emission
Bangladesh,6994,On-farm energy use,2015,kt,1.0959,N2O,Emission
Bangladesh,6994,On-farm energy use,2016,kt,1.1715,N2O,Emission
Bangladesh,6994,On-farm energy use,2017,kt,1.1203,N2O,Emission
Bangladesh,6994,On-farm energy use,2018,kt,1.3476,N2O,Emission
Bangladesh,6994,On-farm energy use,2019,kt,1.2826,N2O,Emission
Bangladesh,6994,On-farm energy use,2020,kt,1.1235,N2O,Emission
Bangladesh,6994,On-farm energy use,2021,kt,1.3895,N2O,Emission
Bangladesh,6994,On-farm energy use,2022,kt,1.5863,N2O,Emission
Bangladesh,6994,On-farm energy use,2023,kt,1.5863,N2O,Emission
Bangladesh,6795,Savanna fires,1990,kt,0.0347,N2O,Emission
Bangladesh,6795,Savanna fires,1991,kt,0.0347,N2O,Emission
Bangladesh,6795,Savanna fires,1992,kt,0.0347,N2O,Emission
Bangladesh,6795,Savanna fires,1993,kt,0.0347,N2O,Emission
Bangladesh,6795,Savanna fires,1994,kt,0.0347,N2O,Emission
Bangladesh,6795,Savanna fires,1995,kt,0.0347,N2O,Emission
Bangladesh,6795,Savanna fires,1996,kt,0.002,N2O,Emission
Bangladesh,6795,Savanna fires,1997,kt,0.0029,N2O,Emission
Bangladesh,6795,Savanna fires,1998,kt,0.0038,N2O,Emission
Bangladesh,6795,Savanna fires,1999,kt,0.0051,N2O,Emission
Bangladesh,6795,Savanna fires,2000,kt,0.0032,N2O,Emission
Bangladesh,6795,Savanna fires,2001,kt,0.0833,N2O,Emission
Bangladesh,6795,Savanna fires,2002,kt,0.0022,N2O,Emission
Bangladesh,6795,Savanna fires,2003,kt,0.0243,N2O,Emission
Bangladesh,6795,Savanna fires,2004,kt,0.0114,N2O,Emission
Bangladesh,6795,Savanna fires,2005,kt,0.0383,N2O,Emission
Bangladesh,6795,Savanna fires,2006,kt,0.1099,N2O,Emission
Bangladesh,6795,Savanna fires,2007,kt,0.0386,N2O,Emission
Bangladesh,6795,Savanna fires,2008,kt,0.0713,N2O,Emission
Bangladesh,6795,Savanna fires,2009,kt,0.0911,N2O,Emission
Bangladesh,6795,Savanna fires,2010,kt,0.0171,N2O,Emission
Bangladesh,6795,Savanna fires,2011,kt,0.0193,N2O,Emission
Bangladesh,6795,Savanna fires,2012,kt,0.0302,N2O,Emission
Bangladesh,6795,Savanna fires,2013,kt,0.0865,N2O,Emission
Bangladesh,6795,Savanna fires,2014,kt,0.0854,N2O,Emission
Bangladesh,6795,Savanna fires,2015,kt,0.0186,N2O,Emission
Bangladesh,6795,Savanna fires,2016,kt,0.0077,N2O,Emission
Bangladesh,6795,Savanna fires,2017,kt,0.0017,N2O,Emission
Bangladesh,6795,Savanna fires,2018,kt,0.0244,N2O,Emission
Bangladesh,6795,Savanna fires,2019,kt,0.0219,N2O,Emission
Bangladesh,6795,Savanna fires,2020,kt,0.0727,N2O,Emission
Bangladesh,6795,Savanna fires,2021,kt,0.0506,N2O,Emission
Bangladesh,6795,Savanna fires,2022,kt,0.0064,N2O,Emission
Bangladesh,6795,Savanna fires,2023,kt,0.0152,N2O,Emission
Bangladesh,6992,Forest fires,1990,kt,0.2,N2O,Emission
Bangladesh,6992,Forest fires,1991,kt,0.2,N2O,Emission
Bangladesh,6992,Forest fires,1992,kt,0.2,N2O,Emission
Bangladesh,6992,Forest fires,1993,kt,0.2,N2O,Emission
Bangladesh,6992,Forest fires,1994,kt,0.2,N2O,Emission
Bangladesh,6992,Forest fires,1995,kt,0.2,N2O,Emission
Bangladesh,6992,Forest fires,1996,kt,0.0815,N2O,Emission
Bangladesh,6992,Forest fires,1997,kt,0.0843,N2O,Emission
Bangladesh,6992,Forest fires,1998,kt,0.0649,N2O,Emission
Bangladesh,6992,Forest fires,1999,kt,0.0984,N2O,Emission
Bangladesh,6992,Forest fires,2000,kt,0.0603,N2O,Emission
Bangladesh,6992,Forest fires,2001,kt,0.305,N2O,Emission
Bangladesh,6992,Forest fires,2002,kt,0.0032,N2O,Emission
Bangladesh,6992,Forest fires,2003,kt,0.1362,N2O,Emission
Bangladesh,6992,Forest fires,2004,kt,0.0523,N2O,Emission
Bangladesh,6992,Forest fires,2005,kt,0.1712,N2O,Emission
Bangladesh,6992,Forest fires,2006,kt,0.829,N2O,Emission
Bangladesh,6992,Forest fires,2007,kt,0.1294,N2O,Emission
Bangladesh,6992,Forest fires,2008,kt,0.3581,N2O,Emission
Bangladesh,6992,Forest fires,2009,kt,0.4366,N2O,Emission
Bangladesh,6992,Forest fires,2010,kt,0.063,N2O,Emission
Bangladesh,6992,Forest fires,2011,kt,0.0669,N2O,Emission
Bangladesh,6992,Forest fires,2012,kt,0.1241,N2O,Emission
Bangladesh,6992,Forest fires,2013,kt,0.5823,N2O,Emission
Bangladesh,6992,Forest fires,2014,kt,0.4875,N2O,Emission
Bangladesh,6992,Forest fires,2015,kt,0.0586,N2O,Emission
Bangladesh,6992,Forest fires,2016,kt,0.0275,N2O,Emission
Bangladesh,6992,Forest fires,2017,kt,0.0056,N2O,Emission
Bangladesh,6992,Forest fires,2018,kt,0.09,N2O,Emission
Bangladesh,6992,Forest fires,2019,kt,0.0438,N2O,Emission
Bangladesh,6992,Forest fires,2020,kt,0.4688,N2O,Emission
Bangladesh,6992,Forest fires,2021,kt,0.4235,N2O,Emission
Bangladesh,6992,Forest fires,2022,kt,0.0457,N2O,Emission
Bangladesh,6992,Forest fires,2023,kt,0.0842,N2O,Emission
Bangladesh,69921,Fires in humid tropical forests,1990,kt,0.2,N2O,Emission
Bangladesh,69921,Fires in humid tropical forests,1991,kt,0.2,N2O,Emission
Bangladesh,69921,Fires in humid tropical forests,1992,kt,0.2,N2O,Emission
Bangladesh,69921,Fires in humid tropical forests,1993,kt,0.2,N2O,Emission
Bangladesh,69921,Fires in humid tropical forests,1994,kt,0.2,N2O,Emission
Bangladesh,69921,Fires in humid tropical forests,1995,kt,0.2,N2O,Emission
Bangladesh,69921,Fires in humid tropical forests,1996,kt,0.0815,N2O,Emission
Bangladesh,69921,Fires in humid tropical forests,1997,kt,0.0843,N2O,Emission
Bangladesh,69921,Fires in humid tropical forests,1998,kt,0.0649,N2O,Emission
Bangladesh,69921,Fires in humid tropical forests,1999,kt,0.0984,N2O,Emission
Bangladesh,69921,Fires in humid tropical forests,2000,kt,0.0603,N2O,Emission
Bangladesh,69921,Fires in humid tropical forests,2001,kt,0.305,N2O,Emission
Bangladesh,69921,Fires in humid tropical forests,2002,kt,0.0032,N2O,Emission
Bangladesh,69921,Fires in humid tropical forests,2003,kt,0.1362,N2O,Emission
Bangladesh,69921,Fires in humid tropical forests,2004,kt,0.0523,N2O,Emission
Bangladesh,69921,Fires in humid tropical forests,2005,kt,0.1712,N2O,Emission
Bangladesh,69921,Fires in humid tropical forests,2006,kt,0.829,N2O,Emission
Bangladesh,69921,Fires in humid tropical forests,2007,kt,0.1294,N2O,Emission
Bangladesh,69921,Fires in humid tropical forests,2008,kt,0.3581,N2O,Emission
Bangladesh,69921,Fires in humid tropical forests,2009,kt,0.4366,N2O,Emission
Bangladesh,69921,Fires in humid tropical forests,2010,kt,0.063,N2O,Emission
Bangladesh,69921,Fires in humid tropical forests,2011,kt,0.0669,N2O,Emission
Bangladesh,69921,Fires in humid tropical forests,2012,kt,0.1241,N2O,Emission
Bangladesh,69921,Fires in humid tropical forests,2013,kt,0.5823,N2O,Emission
Bangladesh,69921,Fires in humid tropical forests,2014,kt,0.4875,N2O,Emission
Bangladesh,69921,Fires in humid tropical forests,2015,kt,0.0586,N2O,Emission
Bangladesh,69921,Fires in humid tropical forests,2016,kt,0.0275,N2O,Emission
Bangladesh,69921,Fires in humid tropical forests,2017,kt,0.0056,N2O,Emission
Bangladesh,69921,Fires in humid tropical forests,2018,kt,0.09,N2O,Emission
Bangladesh,69921,Fires in humid tropical forests,2019,kt,0.0438,N2O,Emission
Bangladesh,69921,Fires in humid tropical forests,2020,kt,0.4688,N2O,Emission
Bangladesh,69921,Fires in humid tropical forests,2021,kt,0.4235,N2O,Emission
Bangladesh,69921,Fires in humid tropical forests,2022,kt,0.0457,N2O,Emission
Bangladesh,69921,Fires in humid tropical forests,2023,kt,0.0842,N2O,Emission
Bangladesh,6991,Agrifood Systems Waste Disposal,1990,kt,1.5659,N2O,Emission
Bangladesh,6991,Agrifood Systems Waste Disposal,1991,kt,1.5832,N2O,Emission
Bangladesh,6991,Agrifood Systems Waste Disposal,1992,kt,1.5978,N2O,Emission
Bangladesh,6991,Agrifood Systems Waste Disposal,1993,kt,1.5472,N2O,Emission
Bangladesh,6991,Agrifood Systems Waste Disposal,1994,kt,1.5972,N2O,Emission
Bangladesh,6991,Agrifood Systems Waste Disposal,1995,kt,1.6471,N2O,Emission
Bangladesh,6991,Agrifood Systems Waste Disposal,1996,kt,1.6873,N2O,Emission
Bangladesh,6991,Agrifood Systems Waste Disposal,1997,kt,1.7445,N2O,Emission
Bangladesh,6991,Agrifood Systems Waste Disposal,1998,kt,1.7978,N2O,Emission
Bangladesh,6991,Agrifood Systems Waste Disposal,1999,kt,2.0107,N2O,Emission
Bangladesh,6991,Agrifood Systems Waste Disposal,2000,kt,1.9975,N2O,Emission
Bangladesh,6991,Agrifood Systems Waste Disposal,2001,kt,2.0872,N2O,Emission
Bangladesh,6991,Agrifood Systems Waste Disposal,2002,kt,2.1696,N2O,Emission
Bangladesh,6991,Agrifood Systems Waste Disposal,2003,kt,2.2163,N2O,Emission
Bangladesh,6991,Agrifood Systems Waste Disposal,2004,kt,2.2992,N2O,Emission
Bangladesh,6991,Agrifood Systems Waste Disposal,2005,kt,2.3135,N2O,Emission
Bangladesh,6991,Agrifood Systems Waste Disposal,2006,kt,2.331,N2O,Emission
Bangladesh,6991,Agrifood Systems Waste Disposal,2007,kt,2.4401,N2O,Emission
Bangladesh,6991,Agrifood Systems Waste Disposal,2008,kt,2.39,N2O,Emission
Bangladesh,6991,Agrifood Systems Waste Disposal,2009,kt,2.5511,N2O,Emission
Bangladesh,6991,Agrifood Systems Waste Disposal,2010,kt,2.6015,N2O,Emission
Bangladesh,6991,Agrifood Systems Waste Disposal,2011,kt,2.5644,N2O,Emission
Bangladesh,6991,Agrifood Systems Waste Disposal,2012,kt,2.594,N2O,Emission
Bangladesh,6991,Agrifood Systems Waste Disposal,2013,kt,2.6769,N2O,Emission
Bangladesh,6991,Agrifood Systems Waste Disposal,2014,kt,2.8217,N2O,Emission
Bangladesh,6991,Agrifood Systems Waste Disposal,2015,kt,2.9264,N2O,Emission
Bangladesh,6991,Agrifood Systems Waste Disposal,2016,kt,2.943,N2O,Emission
Bangladesh,6991,Agrifood Systems Waste Disposal,2017,kt,3.0389,N2O,Emission
Bangladesh,6991,Agrifood Systems Waste Disposal,2018,kt,3.1561,N2O,Emission
Bangladesh,6991,Agrifood Systems Waste Disposal,2019,kt,3.1468,N2O,Emission
Bangladesh,6991,Agrifood Systems Waste Disposal,2020,kt,3.2816,N2O,Emission
Bangladesh,6991,Agrifood Systems Waste Disposal,2021,kt,3.4136,N2O,Emission
Bangladesh,6991,Agrifood Systems Waste Disposal,2022,kt,3.4357,N2O,Emission
Bangladesh,6991,Agrifood Systems Waste Disposal,2023,kt,3.4776,N2O,Emission
Bangladesh,6997,Pesticides Manufacturing,1990,kt,0.0001,N2O,Emission
Bangladesh,6997,Pesticides Manufacturing,1991,kt,0.0001,N2O,Emission
Bangladesh,6997,Pesticides Manufacturing,1992,kt,0.0002,N2O,Emission
Bangladesh,6997,Pesticides Manufacturing,1993,kt,0.0002,N2O,Emission
Bangladesh,6997,Pesticides Manufacturing,1994,kt,0,N2O,Emission
Bangladesh,6997,Pesticides Manufacturing,1995,kt,0.0001,N2O,Emission
Bangladesh,6997,Pesticides Manufacturing,1996,kt,0.0001,N2O,Emission
Bangladesh,6997,Pesticides Manufacturing,1997,kt,0.0001,N2O,Emission
Bangladesh,6997,Pesticides Manufacturing,1998,kt,0.0001,N2O,Emission
Bangladesh,6997,Pesticides Manufacturing,1999,kt,0.0003,N2O,Emission
Bangladesh,6997,Pesticides Manufacturing,2000,kt,0.0003,N2O,Emission
Bangladesh,6997,Pesticides Manufacturing,2001,kt,0.0002,N2O,Emission
Bangladesh,6997,Pesticides Manufacturing,2002,kt,0.0004,N2O,Emission
Bangladesh,6997,Pesticides Manufacturing,2003,kt,0.0005,N2O,Emission
Bangladesh,6997,Pesticides Manufacturing,2004,kt,0.0007,N2O,Emission
Bangladesh,6997,Pesticides Manufacturing,2005,kt,0.0006,N2O,Emission
Bangladesh,6997,Pesticides Manufacturing,2006,kt,0.0007,N2O,Emission
Bangladesh,6997,Pesticides Manufacturing,2007,kt,0.0008,N2O,Emission
Bangladesh,6997,Pesticides Manufacturing,2008,kt,0.0013,N2O,Emission
Bangladesh,6997,Pesticides Manufacturing,2009,kt,0.0015,N2O,Emission
Bangladesh,6997,Pesticides Manufacturing,2010,kt,0.0011,N2O,Emission
Bangladesh,6997,Pesticides Manufacturing,2011,kt,0.0007,N2O,Emission
Bangladesh,6997,Pesticides Manufacturing,2012,kt,0.0014,N2O,Emission
Bangladesh,6997,Pesticides Manufacturing,2013,kt,0.0003,N2O,Emission
Bangladesh,6997,Pesticides Manufacturing,2014,kt,0.0017,N2O,Emission
Bangladesh,6997,Pesticides Manufacturing,2015,kt,0.0002,N2O,Emission
Bangladesh,6997,Pesticides Manufacturing,2016,kt,0.0014,N2O,Emission
Bangladesh,6997,Pesticides Manufacturing,2017,kt,0.0015,N2O,Emission
Bangladesh,6997,Pesticides Manufacturing,2018,kt,0.0016,N2O,Emission
Bangladesh,6997,Pesticides Manufacturing,2019,kt,0.0015,N2O,Emission
Bangladesh,6997,Pesticides Manufacturing,2020,kt,0.0016,N2O,Emission
Bangladesh,6997,Pesticides Manufacturing,2021,kt,0.0016,N2O,Emission
Bangladesh,6997,Pesticides Manufacturing,2022,kt,0.0016,N2O,Emission
Bangladesh,6997,Pesticides Manufacturing,2023,kt,0.0016,N2O,Emission
Bangladesh,6506,Food Packaging,1990,kt,0,N2O,Emission
Bangladesh,6506,Food Packaging,1991,kt,0,N2O,Emission
Bangladesh,6506,Food Packaging,1992,kt,0,N2O,Emission
Bangladesh,6506,Food Packaging,1993,kt,0,N2O,Emission
Bangladesh,6506,Food Packaging,1994,kt,0,N2O,Emission
Bangladesh,6506,Food Packaging,1995,kt,0,N2O,Emission
Bangladesh,6506,Food Packaging,1996,kt,0.0001,N2O,Emission
Bangladesh,6506,Food Packaging,1997,kt,0.0001,N2O,Emission
Bangladesh,6506,Food Packaging,1998,kt,0,N2O,Emission
Bangladesh,6508,Food Retail,1990,kt,0,N2O,Emission
Bangladesh,6508,Food Retail,1991,kt,0,N2O,Emission
Bangladesh,6508,Food Retail,1992,kt,0,N2O,Emission
Bangladesh,6508,Food Retail,1993,kt,0,N2O,Emission
Bangladesh,6508,Food Retail,1994,kt,0,N2O,Emission
Bangladesh,6508,Food Retail,1995,kt,0,N2O,Emission
Bangladesh,6508,Food Retail,1996,kt,0,N2O,Emission
Bangladesh,6508,Food Retail,1997,kt,0,N2O,Emission
Bangladesh,6508,Food Retail,1998,kt,0.0001,N2O,Emission
Bangladesh,6508,Food Retail,1999,kt,0.0001,N2O,Emission
Bangladesh,6508,Food Retail,2000,kt,0.0001,N2O,Emission
Bangladesh,6508,Food Retail,2001,kt,0.0002,N2O,Emission
Bangladesh,6508,Food Retail,2002,kt,0.0002,N2O,Emission
Bangladesh,6508,Food Retail,2003,kt,0.0002,N2O,Emission
Bangladesh,6508,Food Retail,2004,kt,0.0002,N2O,Emission
Bangladesh,6508,Food Retail,2005,kt,0.0003,N2O,Emission
Bangladesh,6508,Food Retail,2006,kt,0.0005,N2O,Emission
Bangladesh,6508,Food Retail,2007,kt,0.0005,N2O,Emission
Bangladesh,6508,Food Retail,2008,kt,0.0005,N2O,Emission
Bangladesh,6508,Food Retail,2009,kt,0.0006,N2O,Emission
Bangladesh,6508,Food Retail,2010,kt,0.0008,N2O,Emission
Bangladesh,6508,Food Retail,2011,kt,0.0007,N2O,Emission
Bangladesh,6508,Food Retail,2012,kt,0.0008,N2O,Emission
Bangladesh,6508,Food Retail,2013,kt,0.0008,N2O,Emission
Bangladesh,6508,Food Retail,2014,kt,0.0011,N2O,Emission
Bangladesh,6508,Food Retail,2015,kt,0.001,N2O,Emission
Bangladesh,6508,Food Retail,2016,kt,0.001,N2O,Emission
Bangladesh,6508,Food Retail,2017,kt,0.001,N2O,Emission
Bangladesh,6508,Food Retail,2018,kt,0.0014,N2O,Emission
Bangladesh,6508,Food Retail,2019,kt,0.0016,N2O,Emission
Bangladesh,6508,Food Retail,2020,kt,0.0014,N2O,Emission
Bangladesh,6508,Food Retail,2021,kt,0.0019,N2O,Emission
Bangladesh,6508,Food Retail,2022,kt,0.002,N2O,Emission
Bangladesh,6508,Food Retail,2023,kt,0.002,N2O,Emission
Bangladesh,6505,Food Household Consumption,1990,kt,0.0004,N2O,Emission
Bangladesh,6505,Food Household Consumption,1991,kt,0.0004,N2O,Emission
Bangladesh,6505,Food Household Consumption,1992,kt,0.0004,N2O,Emission
Bangladesh,6505,Food Household Consumption,1993,kt,0.0005,N2O,Emission
Bangladesh,6505,Food Household Consumption,1994,kt,0.0006,N2O,Emission
Bangladesh,6505,Food Household Consumption,1995,kt,0.0008,N2O,Emission
Bangladesh,6505,Food Household Consumption,1996,kt,0.0008,N2O,Emission
Bangladesh,6505,Food Household Consumption,1997,kt,0.001,N2O,Emission
Bangladesh,6505,Food Household Consumption,1998,kt,0.0012,N2O,Emission
Bangladesh,6505,Food Household Consumption,1999,kt,0.0013,N2O,Emission
Bangladesh,6505,Food Household Consumption,2000,kt,0.0013,N2O,Emission
Bangladesh,6505,Food Household Consumption,2001,kt,0.0017,N2O,Emission
Bangladesh,6505,Food Household Consumption,2002,kt,0.0019,N2O,Emission
Bangladesh,6505,Food Household Consumption,2003,kt,0.0018,N2O,Emission
Bangladesh,6505,Food Household Consumption,2004,kt,0.002,N2O,Emission
Bangladesh,6505,Food Household Consumption,2005,kt,0.0021,N2O,Emission
Bangladesh,6505,Food Household Consumption,2006,kt,0.0027,N2O,Emission
Bangladesh,6505,Food Household Consumption,2007,kt,0.0028,N2O,Emission
Bangladesh,6505,Food Household Consumption,2008,kt,0.0028,N2O,Emission
Bangladesh,6505,Food Household Consumption,2009,kt,0.003,N2O,Emission
Bangladesh,6505,Food Household Consumption,2010,kt,0.0034,N2O,Emission
Bangladesh,6505,Food Household Consumption,2011,kt,0.0036,N2O,Emission
Bangladesh,6505,Food Household Consumption,2012,kt,0.004,N2O,Emission
Bangladesh,6505,Food Household Consumption,2013,kt,0.0042,N2O,Emission
Bangladesh,6505,Food Household Consumption,2014,kt,0.0055,N2O,Emission
Bangladesh,6505,Food Household Consumption,2015,kt,0.005,N2O,Emission
Bangladesh,6505,Food Household Consumption,2016,kt,0.0056,N2O,Emission
Bangladesh,6505,Food Household Consumption,2017,kt,0.0062,N2O,Emission
Bangladesh,6505,Food Household Consumption,2018,kt,0.0081,N2O,Emission
Bangladesh,6505,Food Household Consumption,2019,kt,0.0076,N2O,Emission
Bangladesh,6505,Food Household Consumption,2020,kt,0.0078,N2O,Emission
Bangladesh,6505,Food Household Consumption,2021,kt,0.0086,N2O,Emission
Bangladesh,6505,Food Household Consumption,2022,kt,0.009,N2O,Emission
Bangladesh,6505,Food Household Consumption,2023,kt,0.009,N2O,Emission
Bangladesh,6815,Food Transport,1990,kt,0.0196,N2O,Emission
Bangladesh,6815,Food Transport,1991,kt,0.0242,N2O,Emission
Bangladesh,6815,Food Transport,1992,kt,0.028,N2O,Emission
Bangladesh,6815,Food Transport,1993,kt,0.0287,N2O,Emission
Bangladesh,6815,Food Transport,1994,kt,0.0293,N2O,Emission
Bangladesh,6815,Food Transport,1995,kt,0.0354,N2O,Emission
Bangladesh,6815,Food Transport,1996,kt,0.0391,N2O,Emission
Bangladesh,6815,Food Transport,1997,kt,0.0441,N2O,Emission
Bangladesh,6815,Food Transport,1998,kt,0.0452,N2O,Emission
Bangladesh,6815,Food Transport,1999,kt,0.0414,N2O,Emission
Bangladesh,6815,Food Transport,2000,kt,0.0403,N2O,Emission
Bangladesh,6815,Food Transport,2001,kt,0.0504,N2O,Emission
Bangladesh,6815,Food Transport,2002,kt,0.0512,N2O,Emission
Bangladesh,6815,Food Transport,2003,kt,0.0523,N2O,Emission
Bangladesh,6815,Food Transport,2004,kt,0.0597,N2O,Emission
Bangladesh,6815,Food Transport,2005,kt,0.0596,N2O,Emission
Bangladesh,6815,Food Transport,2006,kt,0.0638,N2O,Emission
Bangladesh,6815,Food Transport,2007,kt,0.0617,N2O,Emission
Bangladesh,6815,Food Transport,2008,kt,0.0659,N2O,Emission
Bangladesh,6815,Food Transport,2009,kt,0.0674,N2O,Emission
Bangladesh,6815,Food Transport,2010,kt,0.0748,N2O,Emission
Bangladesh,6815,Food Transport,2011,kt,0.0991,N2O,Emission
Bangladesh,6815,Food Transport,2012,kt,0.1006,N2O,Emission
Bangladesh,6815,Food Transport,2013,kt,0.0946,N2O,Emission
Bangladesh,6815,Food Transport,2014,kt,0.1026,N2O,Emission
Bangladesh,6815,Food Transport,2015,kt,0.1072,N2O,Emission
Bangladesh,6815,Food Transport,2016,kt,0.1131,N2O,Emission
Bangladesh,6815,Food Transport,2017,kt,0.1276,N2O,Emission
Bangladesh,6815,Food Transport,2018,kt,0.1467,N2O,Emission
Bangladesh,6815,Food Transport,2019,kt,0.1432,N2O,Emission
Bangladesh,6815,Food Transport,2020,kt,0.1275,N2O,Emission
Bangladesh,6815,Food Transport,2021,kt,0.1375,N2O,Emission
Bangladesh,6815,Food Transport,2022,kt,0.1553,N2O,Emission
Bangladesh,6815,Food Transport,2023,kt,0.1553,N2O,Emission
Bangladesh,6821,Energy,1961,kt,2.7,N2O,Emission
Bangladesh,6821,Energy,1962,kt,2.75,N2O,Emission
Bangladesh,6821,Energy,1963,kt,2.78,N2O,Emission
Bangladesh,6821,Energy,1964,kt,2.81,N2O,Emission
Bangladesh,6821,Energy,1965,kt,2.83,N2O,Emission
Bangladesh,6821,Energy,1966,kt,2.87,N2O,Emission
Bangladesh,6821,Energy,1967,kt,2.92,N2O,Emission
Bangladesh,6821,Energy,1968,kt,3,N2O,Emission
Bangladesh,6821,Energy,1969,kt,3.11,N2O,Emission
Bangladesh,6821,Energy,1970,kt,3.18,N2O,Emission
Bangladesh,6821,Energy,1971,kt,3.18,N2O,Emission
Bangladesh,6821,Energy,1972,kt,3.21,N2O,Emission
Bangladesh,6821,Energy,1973,kt,3.25,N2O,Emission
Bangladesh,6821,Energy,1974,kt,3.35,N2O,Emission
Bangladesh,6821,Energy,1975,kt,3.39,N2O,Emission
Bangladesh,6821,Energy,1976,kt,3.42,N2O,Emission
Bangladesh,6821,Energy,1977,kt,3.45,N2O,Emission
Bangladesh,6821,Energy,1978,kt,3.47,N2O,Emission
Bangladesh,6821,Energy,1979,kt,3.54,N2O,Emission
Bangladesh,6821,Energy,1980,kt,3.61,N2O,Emission
Bangladesh,6821,Energy,1981,kt,3.59,N2O,Emission
Bangladesh,6821,Energy,1982,kt,3.63,N2O,Emission
Bangladesh,6821,Energy,1983,kt,3.73,N2O,Emission
Bangladesh,6821,Energy,1984,kt,3.67,N2O,Emission
Bangladesh,6821,Energy,1985,kt,3.79,N2O,Emission
Bangladesh,6821,Energy,1986,kt,3.9,N2O,Emission
Bangladesh,6821,Energy,1987,kt,3.87,N2O,Emission
Bangladesh,6821,Energy,1988,kt,3.91,N2O,Emission
Bangladesh,6821,Energy,1989,kt,4.12,N2O,Emission
Bangladesh,6821,Energy,1990,kt,4.08,N2O,Emission
Bangladesh,6821,Energy,1991,kt,4.07,N2O,Emission
Bangladesh,6821,Energy,1992,kt,4.28,N2O,Emission
Bangladesh,6821,Energy,1993,kt,4.34,N2O,Emission
Bangladesh,6821,Energy,1994,kt,4.37,N2O,Emission
Bangladesh,6821,Energy,1995,kt,4.59,N2O,Emission
Bangladesh,6821,Energy,1996,kt,4.52,N2O,Emission
Bangladesh,6821,Energy,1997,kt,4.63,N2O,Emission
Bangladesh,6821,Energy,1998,kt,4.72,N2O,Emission
Bangladesh,6821,Energy,1999,kt,4.83,N2O,Emission
Bangladesh,6821,Energy,2000,kt,4.8,N2O,Emission
Bangladesh,6821,Energy,2001,kt,5.17,N2O,Emission
Bangladesh,6821,Energy,2002,kt,5.27,N2O,Emission
Bangladesh,6821,Energy,2003,kt,5.31,N2O,Emission
Bangladesh,6821,Energy,2004,kt,5.59,N2O,Emission
Bangladesh,6821,Energy,2005,kt,5.83,N2O,Emission
Bangladesh,6821,Energy,2006,kt,6.03,N2O,Emission
Bangladesh,6821,Energy,2007,kt,6.28,N2O,Emission
Bangladesh,6821,Energy,2008,kt,6.75,N2O,Emission
Bangladesh,6821,Energy,2009,kt,7.05,N2O,Emission
Bangladesh,6821,Energy,2010,kt,7.6,N2O,Emission
Bangladesh,6821,Energy,2011,kt,8.08,N2O,Emission
Bangladesh,6821,Energy,2012,kt,8.14,N2O,Emission
Bangladesh,6821,Energy,2013,kt,7.96,N2O,Emission
Bangladesh,6821,Energy,2014,kt,8.16,N2O,Emission
Bangladesh,6821,Energy,2015,kt,8.21,N2O,Emission
Bangladesh,6821,Energy,2016,kt,8.45,N2O,Emission
Bangladesh,6821,Energy,2017,kt,8.52,N2O,Emission
Bangladesh,6821,Energy,2018,kt,8.77,N2O,Emission
Bangladesh,6821,Energy,2019,kt,8.5,N2O,Emission
Bangladesh,6821,Energy,2020,kt,7.87,N2O,Emission
Bangladesh,6821,Energy,2021,kt,8.18,N2O,Emission
Bangladesh,6821,Energy,2022,kt,8.63,N2O,Emission
Bangladesh,6821,Energy,2023,kt,8.23,N2O,Emission
Bangladesh,6817,IPPU,1961,kt,0.0042,N2O,Emission
Bangladesh,6817,IPPU,1962,kt,0.0056,N2O,Emission
Bangladesh,6817,IPPU,1963,kt,0.0076,N2O,Emission
Bangladesh,6817,IPPU,1964,kt,0.01,N2O,Emission
Bangladesh,6817,IPPU,1965,kt,0.0127,N2O,Emission
Bangladesh,6817,IPPU,1966,kt,0.0153,N2O,Emission
Bangladesh,6817,IPPU,1967,kt,0.0176,N2O,Emission
Bangladesh,6817,IPPU,1968,kt,0.0196,N2O,Emission
Bangladesh,6817,IPPU,1969,kt,0.0209,N2O,Emission
Bangladesh,6817,IPPU,1970,kt,0.0196,N2O,Emission
Bangladesh,6817,IPPU,1971,kt,0.02,N2O,Emission
Bangladesh,6817,IPPU,1972,kt,0.0204,N2O,Emission
Bangladesh,6817,IPPU,1973,kt,0.0207,N2O,Emission
Bangladesh,6817,IPPU,1974,kt,0.0211,N2O,Emission
Bangladesh,6817,IPPU,1975,kt,0.0215,N2O,Emission
Bangladesh,6817,IPPU,1976,kt,0.022,N2O,Emission
Bangladesh,6817,IPPU,1977,kt,0.0226,N2O,Emission
Bangladesh,6817,IPPU,1978,kt,0.0232,N2O,Emission
Bangladesh,6817,IPPU,1979,kt,0.0239,N2O,Emission
Bangladesh,6817,IPPU,1980,kt,0.0246,N2O,Emission
Bangladesh,6817,IPPU,1981,kt,0.0252,N2O,Emission
Bangladesh,6817,IPPU,1982,kt,0.0259,N2O,Emission
Bangladesh,6817,IPPU,1983,kt,0.0266,N2O,Emission
Bangladesh,6817,IPPU,1984,kt,0.0273,N2O,Emission
Bangladesh,6817,IPPU,1985,kt,0.0281,N2O,Emission
Bangladesh,6817,IPPU,1986,kt,0.0289,N2O,Emission
Bangladesh,6817,IPPU,1987,kt,0.0296,N2O,Emission
Bangladesh,6817,IPPU,1988,kt,0.0304,N2O,Emission
Bangladesh,6817,IPPU,1989,kt,0.0312,N2O,Emission
Bangladesh,6817,IPPU,1990,kt,0.032,N2O,Emission
Bangladesh,6817,IPPU,1991,kt,0.0328,N2O,Emission
Bangladesh,6817,IPPU,1992,kt,0.0335,N2O,Emission
Bangladesh,6817,IPPU,1993,kt,0.0343,N2O,Emission
Bangladesh,6817,IPPU,1994,kt,0.035,N2O,Emission
Bangladesh,6817,IPPU,1995,kt,0.0358,N2O,Emission
Bangladesh,6817,IPPU,1996,kt,0.0365,N2O,Emission
Bangladesh,6817,IPPU,1997,kt,0.0373,N2O,Emission
Bangladesh,6817,IPPU,1998,kt,0.0381,N2O,Emission
Bangladesh,6817,IPPU,1999,kt,0.0389,N2O,Emission
Bangladesh,6817,IPPU,2000,kt,0.0396,N2O,Emission
Bangladesh,6817,IPPU,2001,kt,0.0404,N2O,Emission
Bangladesh,6817,IPPU,2002,kt,0.0412,N2O,Emission
Bangladesh,6817,IPPU,2003,kt,0.0419,N2O,Emission
Bangladesh,6817,IPPU,2004,kt,0.0426,N2O,Emission
Bangladesh,6817,IPPU,2005,kt,0.0432,N2O,Emission
Bangladesh,6817,IPPU,2006,kt,0.0438,N2O,Emission
Bangladesh,6817,IPPU,2007,kt,0.0443,N2O,Emission
Bangladesh,6817,IPPU,2008,kt,0.0448,N2O,Emission
Bangladesh,6817,IPPU,2009,kt,0.0453,N2O,Emission
Bangladesh,6817,IPPU,2010,kt,0.0458,N2O,Emission
Bangladesh,6817,IPPU,2011,kt,0.0464,N2O,Emission
Bangladesh,6817,IPPU,2012,kt,0.0469,N2O,Emission
Bangladesh,6817,IPPU,2013,kt,0.0475,N2O,Emission
Bangladesh,6817,IPPU,2014,kt,0.048,N2O,Emission
Bangladesh,6817,IPPU,2015,kt,0.0486,N2O,Emission
Bangladesh,6817,IPPU,2016,kt,0.0491,N2O,Emission
Bangladesh,6817,IPPU,2017,kt,0.0496,N2O,Emission
Bangladesh,6817,IPPU,2018,kt,0.0501,N2O,Emission
Bangladesh,6817,IPPU,2019,kt,0.0506,N2O,Emission
Bangladesh,6817,IPPU,2020,kt,0.0512,N2O,Emission
Bangladesh,6817,IPPU,2021,kt,0.0517,N2O,Emission
Bangladesh,6817,IPPU,2022,kt,0.0522,N2O,Emission
Bangladesh,6817,IPPU,2023,kt,0.0527,N2O,Emission
Bangladesh,6818,Waste,1961,kt,1.28,N2O,Emission
Bangladesh,6818,Waste,1962,kt,1.34,N2O,Emission
Bangladesh,6818,Waste,1963,kt,1.4,N2O,Emission
Bangladesh,6818,Waste,1964,kt,1.47,N2O,Emission
Bangladesh,6818,Waste,1965,kt,1.54,N2O,Emission
Bangladesh,6818,Waste,1966,kt,1.62,N2O,Emission
Bangladesh,6818,Waste,1967,kt,1.7,N2O,Emission
Bangladesh,6818,Waste,1968,kt,1.77,N2O,Emission
Bangladesh,6818,Waste,1969,kt,1.83,N2O,Emission
Bangladesh,6818,Waste,1970,kt,1.92,N2O,Emission
Bangladesh,6818,Waste,1971,kt,1.84,N2O,Emission
Bangladesh,6818,Waste,1972,kt,1.8,N2O,Emission
Bangladesh,6818,Waste,1973,kt,1.98,N2O,Emission
Bangladesh,6818,Waste,1974,kt,2.07,N2O,Emission
Bangladesh,6818,Waste,1975,kt,1.98,N2O,Emission
Bangladesh,6818,Waste,1976,kt,2.12,N2O,Emission
Bangladesh,6818,Waste,1977,kt,2.02,N2O,Emission
Bangladesh,6818,Waste,1978,kt,2.27,N2O,Emission
Bangladesh,6818,Waste,1979,kt,2.33,N2O,Emission
Bangladesh,6818,Waste,1980,kt,2.28,N2O,Emission
Bangladesh,6818,Waste,1981,kt,2.28,N2O,Emission
Bangladesh,6818,Waste,1982,kt,2.39,N2O,Emission
Bangladesh,6818,Waste,1983,kt,2.45,N2O,Emission
Bangladesh,6818,Waste,1984,kt,2.51,N2O,Emission
Bangladesh,6818,Waste,1985,kt,2.63,N2O,Emission
Bangladesh,6818,Waste,1986,kt,2.63,N2O,Emission
Bangladesh,6818,Waste,1987,kt,2.76,N2O,Emission
Bangladesh,6818,Waste,1988,kt,2.82,N2O,Emission
Bangladesh,6818,Waste,1989,kt,2.88,N2O,Emission
Bangladesh,6818,Waste,1990,kt,3.01,N2O,Emission
Bangladesh,6818,Waste,1991,kt,3.02,N2O,Emission
Bangladesh,6818,Waste,1992,kt,3.1,N2O,Emission
Bangladesh,6818,Waste,1993,kt,3.08,N2O,Emission
Bangladesh,6818,Waste,1994,kt,3.22,N2O,Emission
Bangladesh,6818,Waste,1995,kt,3.29,N2O,Emission
Bangladesh,6818,Waste,1996,kt,3.45,N2O,Emission
Bangladesh,6818,Waste,1997,kt,3.67,N2O,Emission
Bangladesh,6818,Waste,1998,kt,3.83,N2O,Emission
Bangladesh,6818,Waste,1999,kt,3.99,N2O,Emission
Bangladesh,6818,Waste,2000,kt,4.08,N2O,Emission
Bangladesh,6818,Waste,2001,kt,4.15,N2O,Emission
Bangladesh,6818,Waste,2002,kt,4.32,N2O,Emission
Bangladesh,6818,Waste,2003,kt,4.48,N2O,Emission
Bangladesh,6818,Waste,2004,kt,4.62,N2O,Emission
Bangladesh,6818,Waste,2005,kt,4.69,N2O,Emission
Bangladesh,6818,Waste,2006,kt,4.78,N2O,Emission
Bangladesh,6818,Waste,2007,kt,4.84,N2O,Emission
Bangladesh,6818,Waste,2008,kt,5.02,N2O,Emission
Bangladesh,6818,Waste,2009,kt,5.11,N2O,Emission
Bangladesh,6818,Waste,2010,kt,5.26,N2O,Emission
Bangladesh,6818,Waste,2011,kt,5.32,N2O,Emission
Bangladesh,6818,Waste,2012,kt,5.45,N2O,Emission
Bangladesh,6818,Waste,2013,kt,5.55,N2O,Emission
Bangladesh,6818,Waste,2014,kt,5.72,N2O,Emission
Bangladesh,6818,Waste,2015,kt,5.81,N2O,Emission
Bangladesh,6818,Waste,2016,kt,5.98,N2O,Emission
Bangladesh,6818,Waste,2017,kt,6.14,N2O,Emission
Bangladesh,6818,Waste,2018,kt,6.31,N2O,Emission
Bangladesh,6818,Waste,2019,kt,6.43,N2O,Emission
Bangladesh,6818,Waste,2020,kt,6.5,N2O,Emission
Bangladesh,6818,Waste,2021,kt,6.68,N2O,Emission
Bangladesh,6818,Waste,2022,kt,6.82,N2O,Emission
Bangladesh,6818,Waste,2023,kt,6.97,N2O,Emission
Bangladesh,6819,Other,1961,kt,0.612,N2O,Emission
Bangladesh,6819,Other,1962,kt,0.615,N2O,Emission
Bangladesh,6819,Other,1963,kt,0.618,N2O,Emission
Bangladesh,6819,Other,1964,kt,0.621,N2O,Emission
Bangladesh,6819,Other,1965,kt,0.624,N2O,Emission
Bangladesh,6819,Other,1966,kt,0.627,N2O,Emission
Bangladesh,6819,Other,1967,kt,0.629,N2O,Emission
Bangladesh,6819,Other,1968,kt,0.632,N2O,Emission
Bangladesh,6819,Other,1969,kt,0.635,N2O,Emission
Bangladesh,6819,Other,1970,kt,0.682,N2O,Emission
Bangladesh,6819,Other,1971,kt,0.68,N2O,Emission
Bangladesh,6819,Other,1972,kt,0.7,N2O,Emission
Bangladesh,6819,Other,1973,kt,0.726,N2O,Emission
Bangladesh,6819,Other,1974,kt,0.746,N2O,Emission
Bangladesh,6819,Other,1975,kt,0.779,N2O,Emission
Bangladesh,6819,Other,1976,kt,0.793,N2O,Emission
Bangladesh,6819,Other,1977,kt,0.804,N2O,Emission
Bangladesh,6819,Other,1978,kt,0.821,N2O,Emission
Bangladesh,6819,Other,1979,kt,0.847,N2O,Emission
Bangladesh,6819,Other,1980,kt,0.881,N2O,Emission
Bangladesh,6819,Other,1981,kt,0.875,N2O,Emission
Bangladesh,6819,Other,1982,kt,0.954,N2O,Emission
Bangladesh,6819,Other,1983,kt,0.955,N2O,Emission
Bangladesh,6819,Other,1984,kt,0.967,N2O,Emission
Bangladesh,6819,Other,1985,kt,0.993,N2O,Emission
Bangladesh,6819,Other,1986,kt,1.05,N2O,Emission
Bangladesh,6819,Other,1987,kt,0.989,N2O,Emission
Bangladesh,6819,Other,1988,kt,1.08,N2O,Emission
Bangladesh,6819,Other,1989,kt,1.1,N2O,Emission
Bangladesh,6819,Other,1990,kt,1.11,N2O,Emission
Bangladesh,6819,Other,1991,kt,1.15,N2O,Emission
Bangladesh,6819,Other,1992,kt,1.18,N2O,Emission
Bangladesh,6819,Other,1993,kt,1.2,N2O,Emission
Bangladesh,6819,Other,1994,kt,1.25,N2O,Emission
Bangladesh,6819,Other,1995,kt,1.34,N2O,Emission
Bangladesh,6819,Other,1996,kt,1.22,N2O,Emission
Bangladesh,6819,Other,1997,kt,1.25,N2O,Emission
Bangladesh,6819,Other,1998,kt,1.26,N2O,Emission
Bangladesh,6819,Other,1999,kt,1.31,N2O,Emission
Bangladesh,6819,Other,2000,kt,1.28,N2O,Emission
Bangladesh,6819,Other,2001,kt,1.42,N2O,Emission
Bangladesh,6819,Other,2002,kt,1.4,N2O,Emission
Bangladesh,6819,Other,2003,kt,1.45,N2O,Emission
Bangladesh,6819,Other,2004,kt,1.52,N2O,Emission
Bangladesh,6819,Other,2005,kt,1.57,N2O,Emission
Bangladesh,6819,Other,2006,kt,1.7,N2O,Emission
Bangladesh,6819,Other,2007,kt,1.66,N2O,Emission
Bangladesh,6819,Other,2008,kt,1.76,N2O,Emission
Bangladesh,6819,Other,2009,kt,1.83,N2O,Emission
Bangladesh,6819,Other,2010,kt,1.86,N2O,Emission
Bangladesh,6819,Other,2011,kt,2.06,N2O,Emission
Bangladesh,6819,Other,2012,kt,2.19,N2O,Emission
Bangladesh,6819,Other,2013,kt,2.27,N2O,Emission
Bangladesh,6819,Other,2014,kt,2.36,N2O,Emission
Bangladesh,6819,Other,2015,kt,2.47,N2O,Emission
Bangladesh,6819,Other,2016,kt,2.64,N2O,Emission
Bangladesh,6819,Other,2017,kt,2.82,N2O,Emission
Bangladesh,6819,Other,2018,kt,2.96,N2O,Emission
Bangladesh,6819,Other,2019,kt,2.93,N2O,Emission
Bangladesh,6819,Other,2020,kt,2.73,N2O,Emission
Bangladesh,6819,Other,2021,kt,3.27,N2O,Emission
Bangladesh,6819,Other,2022,kt,3.59,N2O,Emission
Bangladesh,6819,Other,2023,kt,3.53,N2O,Emission