year,indicator_name,indicator_code,indicator's_value,Country
2023,Agricultural land (% of land area),AG.LND.AGRI.ZS,72.31112479,Bangladesh
2022,Agricultural land (% of land area),AG.LND.AGRI.ZS,72.37064333,Bangladesh
2021,Agricultural land (% of land area),AG.LND.AGRI.ZS,72.35154029,Bangladesh
2020,Agricultural land (% of land area),AG.LND.AGRI.ZS,72.44372743,Bangladesh
2019,Agricultural land (% of land area),AG.LND.AGRI.ZS,72.1902128,Bangladesh
2018,Agricultural land (% of land area),AG.LND.AGRI.ZS,70.69447645,Bangladesh
2017,Agricultural land (% of land area),AG.LND.AGRI.ZS,70.579473,Bangladesh
2016,Agricultural land (% of land area),AG.LND.AGRI.ZS,70.63232696,Bangladesh
2015,Agricultural land (% of land area),AG.LND.AGRI.ZS,70.38672505,Bangladesh
2014,Agricultural land (% of land area),AG.LND.AGRI.ZS,69.90089882,Bangladesh
2013,Agricultural land (% of land area),AG.LND.AGRI.ZS,69.97003918,Bangladesh
2012,Agricultural land (% of land area),AG.LND.AGRI.ZS,70.06222632,Bangladesh
2011,Agricultural land (% of land area),AG.LND.AGRI.ZS,70.12368441,Bangladesh
2010,Agricultural land (% of land area),AG.LND.AGRI.ZS,70.99177998,Bangladesh
2009,Agricultural land (% of land area),AG.LND.AGRI.ZS,71.03019129,Bangladesh
2008,Agricultural land (% of land area),AG.LND.AGRI.ZS,71.08396712,Bangladesh
2007,Agricultural land (% of land area),AG.LND.AGRI.ZS,71.18383652,Bangladesh
2006,Agricultural land (% of land area),AG.LND.AGRI.ZS,71.29138818,Bangladesh
2005,Agricultural land (% of land area),AG.LND.AGRI.ZS,71.5295383,Bangladesh
2004,Agricultural land (% of land area),AG.LND.AGRI.ZS,71.62172544,Bangladesh
2003,Agricultural land (% of land area),AG.LND.AGRI.ZS,71.66013674,Bangladesh
2002,Agricultural land (% of land area),AG.LND.AGRI.ZS,71.85219329,Bangladesh
2001,Agricultural land (% of land area),AG.LND.AGRI.ZS,72.23630637,Bangladesh
2000,Agricultural land (% of land area),AG.LND.AGRI.ZS,72.21325958,Bangladesh
1999,Agricultural land (% of land area),AG.LND.AGRI.ZS,72.87393409,Bangladesh
1998,Agricultural land (% of land area),AG.LND.AGRI.ZS,72.47445648,Bangladesh
1997,Agricultural land (% of land area),AG.LND.AGRI.ZS,71.94438043,Bangladesh
1996,Agricultural land (% of land area),AG.LND.AGRI.ZS,71.65245448,Bangladesh
1995,Agricultural land (% of land area),AG.LND.AGRI.ZS,72.01352078,Bangladesh
1994,Agricultural land (% of land area),AG.LND.AGRI.ZS,71.89060459,Bangladesh
1993,Agricultural land (% of land area),AG.LND.AGRI.ZS,72.56664362,Bangladesh
1992,Agricultural land (% of land area),AG.LND.AGRI.ZS,73.35791657,Bangladesh
1991,Agricultural land (% of land area),AG.LND.AGRI.ZS,79.28094031,Bangladesh
1990,Agricultural land (% of land area),AG.LND.AGRI.ZS,79.78796958,Bangladesh
1989,Agricultural land (% of land area),AG.LND.AGRI.ZS,80.22585849,Bangladesh
1988,Agricultural land (% of land area),AG.LND.AGRI.ZS,80.10294231,Bangladesh
1987,Agricultural land (% of land area),AG.LND.AGRI.ZS,77.70607667,Bangladesh
1986,Agricultural land (% of land area),AG.LND.AGRI.ZS,77.13758931,Bangladesh
1985,Agricultural land (% of land area),AG.LND.AGRI.ZS,77.03003764,Bangladesh
1984,Agricultural land (% of land area),AG.LND.AGRI.ZS,77.28355228,Bangladesh
1983,Agricultural land (% of land area),AG.LND.AGRI.ZS,76.54605516,Bangladesh
1982,Agricultural land (% of land area),AG.LND.AGRI.ZS,76.65360682,Bangladesh
1981,Agricultural land (% of land area),AG.LND.AGRI.ZS,76.67665361,Bangladesh
1980,Agricultural land (% of land area),AG.LND.AGRI.ZS,76.72274718,Bangladesh
1979,Agricultural land (% of land area),AG.LND.AGRI.ZS,76.69201813,Bangladesh
1978,Agricultural land (% of land area),AG.LND.AGRI.ZS,76.72274718,Bangladesh
1977,Agricultural land (% of land area),AG.LND.AGRI.ZS,76.75347622,Bangladesh
1976,Agricultural land (% of land area),AG.LND.AGRI.ZS,76.80725206,Bangladesh
1975,Agricultural land (% of land area),AG.LND.AGRI.ZS,76.85334562,Bangladesh
1974,Agricultural land (% of land area),AG.LND.AGRI.ZS,76.7381117,Bangladesh
1973,Agricultural land (% of land area),AG.LND.AGRI.ZS,76.7381117,Bangladesh
1972,Agricultural land (% of land area),AG.LND.AGRI.ZS,76.75347622,Bangladesh
1971,Agricultural land (% of land area),AG.LND.AGRI.ZS,74.47952677,Bangladesh
1970,Agricultural land (% of land area),AG.LND.AGRI.ZS,74.4948913,Bangladesh
1969,Agricultural land (% of land area),AG.LND.AGRI.ZS,74.32588154,Bangladesh
1968,Agricultural land (% of land area),AG.LND.AGRI.ZS,74.27978797,Bangladesh
1967,Agricultural land (% of land area),AG.LND.AGRI.ZS,74.47952677,Bangladesh
1966,Agricultural land (% of land area),AG.LND.AGRI.ZS,74.133825,Bangladesh
1965,Agricultural land (% of land area),AG.LND.AGRI.ZS,74.0339556,Bangladesh
1964,Agricultural land (% of land area),AG.LND.AGRI.ZS,73.13513098,Bangladesh
1963,Agricultural land (% of land area),AG.LND.AGRI.ZS,72.82784052,Bangladesh
1962,Agricultural land (% of land area),AG.LND.AGRI.ZS,72.80479373,Bangladesh
1961,Agricultural land (% of land area),AG.LND.AGRI.ZS,72.82784052,Bangladesh
2023,Arable land (% of land area),AG.LND.ARBL.ZS,60.62778889,Bangladesh
2022,Arable land (% of land area),AG.LND.ARBL.ZS,60.78381698,Bangladesh
2021,Arable land (% of land area),AG.LND.ARBL.ZS,60.49089652,Bangladesh
2020,Arable land (% of land area),AG.LND.ARBL.ZS,60.61304448,Bangladesh
2019,Arable land (% of land area),AG.LND.ARBL.ZS,60.35952985,Bangladesh
2018,Arable land (% of land area),AG.LND.ARBL.ZS,59.70884228,Bangladesh
2017,Arable land (% of land area),AG.LND.ARBL.ZS,59.82430668,Bangladesh
2016,Arable land (% of land area),AG.LND.ARBL.ZS,59.87716064,Bangladesh
2015,Arable land (% of land area),AG.LND.ARBL.ZS,59.63155873,Bangladesh
2014,Arable land (% of land area),AG.LND.ARBL.ZS,59.1457325,Bangladesh
2013,Arable land (% of land area),AG.LND.ARBL.ZS,59.29169548,Bangladesh
2012,Arable land (% of land area),AG.LND.ARBL.ZS,60.34416532,Bangladesh
2011,Arable land (% of land area),AG.LND.ARBL.ZS,60.40562342,Bangladesh
2010,Arable land (% of land area),AG.LND.ARBL.ZS,61.27371898,Bangladesh
2009,Arable land (% of land area),AG.LND.ARBL.ZS,61.37358838,Bangladesh
2008,Arable land (% of land area),AG.LND.ARBL.ZS,61.48114005,Bangladesh
2007,Arable land (% of land area),AG.LND.ARBL.ZS,61.58100945,Bangladesh
2006,Arable land (% of land area),AG.LND.ARBL.ZS,62.0726742,Bangladesh
2005,Arable land (% of land area),AG.LND.ARBL.ZS,62.31082431,Bangladesh
2004,Arable land (% of land area),AG.LND.ARBL.ZS,62.55665668,Bangladesh
2003,Arable land (% of land area),AG.LND.ARBL.ZS,63.20964892,Bangladesh
2002,Arable land (% of land area),AG.LND.ARBL.ZS,63.40170546,Bangladesh
2001,Arable land (% of land area),AG.LND.ARBL.ZS,63.78581854,Bangladesh
2000,Arable land (% of land area),AG.LND.ARBL.ZS,64.14688484,Bangladesh
1999,Arable land (% of land area),AG.LND.ARBL.ZS,64.80755935,Bangladesh
1998,Arable land (% of land area),AG.LND.ARBL.ZS,64.94584006,Bangladesh
1997,Arable land (% of land area),AG.LND.ARBL.ZS,64.45417531,Bangladesh
1996,Arable land (% of land area),AG.LND.ARBL.ZS,64.20066067,Bangladesh
1995,Arable land (% of land area),AG.LND.ARBL.ZS,64.56172697,Bangladesh
1994,Arable land (% of land area),AG.LND.ARBL.ZS,64.59245602,Bangladesh
1993,Arable land (% of land area),AG.LND.ARBL.ZS,65.34531766,Bangladesh
1992,Arable land (% of land area),AG.LND.ARBL.ZS,66.13659061,Bangladesh
1991,Arable land (% of land area),AG.LND.ARBL.ZS,72.09802566,Bangladesh
1990,Arable land (% of land area),AG.LND.ARBL.ZS,72.64346624,Bangladesh
1989,Arable land (% of land area),AG.LND.ARBL.ZS,73.38864562,Bangladesh
1988,Arable land (% of land area),AG.LND.ARBL.ZS,73.26572943,Bangladesh
1987,Arable land (% of land area),AG.LND.ARBL.ZS,70.94568641,Bangladesh
1986,Arable land (% of land area),AG.LND.ARBL.ZS,70.37719905,Bangladesh
1985,Arable land (% of land area),AG.LND.ARBL.ZS,70.30805869,Bangladesh
1984,Arable land (% of land area),AG.LND.ARBL.ZS,70.56157333,Bangladesh
1983,Arable land (% of land area),AG.LND.ARBL.ZS,69.82407621,Bangladesh
1982,Arable land (% of land area),AG.LND.ARBL.ZS,69.93931013,Bangladesh
1981,Arable land (% of land area),AG.LND.ARBL.ZS,69.97772144,Bangladesh
1980,Arable land (% of land area),AG.LND.ARBL.ZS,70.06990858,Bangladesh
1979,Arable land (% of land area),AG.LND.ARBL.ZS,70.0468618,Bangladesh
1978,Arable land (% of land area),AG.LND.ARBL.ZS,70.10063763,Bangladesh
1977,Arable land (% of land area),AG.LND.ARBL.ZS,70.1467312,Bangladesh
1976,Arable land (% of land area),AG.LND.ARBL.ZS,70.20050703,Bangladesh
1975,Arable land (% of land area),AG.LND.ARBL.ZS,70.2466006,Bangladesh
1974,Arable land (% of land area),AG.LND.ARBL.ZS,70.1467312,Bangladesh
1973,Arable land (% of land area),AG.LND.ARBL.ZS,70.1467312,Bangladesh
1972,Arable land (% of land area),AG.LND.ARBL.ZS,70.16209572,Bangladesh
1971,Arable land (% of land area),AG.LND.ARBL.ZS,67.88814627,Bangladesh
1970,Arable land (% of land area),AG.LND.ARBL.ZS,67.88814627,Bangladesh
1969,Arable land (% of land area),AG.LND.ARBL.ZS,67.68072521,Bangladesh
1968,Arable land (% of land area),AG.LND.ARBL.ZS,67.82668818,Bangladesh
1967,Arable land (% of land area),AG.LND.ARBL.ZS,67.93423984,Bangladesh
1966,Arable land (% of land area),AG.LND.ARBL.ZS,67.58853807,Bangladesh
1965,Arable land (% of land area),AG.LND.ARBL.ZS,67.42721057,Bangladesh
1964,Arable land (% of land area),AG.LND.ARBL.ZS,66.37474072,Bangladesh
1963,Arable land (% of land area),AG.LND.ARBL.ZS,66.10586157,Bangladesh
1962,Arable land (% of land area),AG.LND.ARBL.ZS,66.04440347,Bangladesh
1961,Arable land (% of land area),AG.LND.ARBL.ZS,66.10586157,Bangladesh
2015,Rural land area where elevation is below 5 meters (sq. km),AG.LND.EL5M.RU.K2,14600.86439,Bangladesh
2000,Rural land area where elevation is below 5 meters (sq. km),AG.LND.EL5M.RU.K2,15196.24032,Bangladesh
1990,Rural land area where elevation is below 5 meters (sq. km),AG.LND.EL5M.RU.K2,15854.75928,Bangladesh
2015,Rural land area where elevation is below 5 meters (% of total land area),AG.LND.EL5M.RU.ZS,10.71238737,Bangladesh
2000,Rural land area where elevation is below 5 meters (% of total land area),AG.LND.EL5M.RU.ZS,11.14920381,Bangladesh
1990,Rural land area where elevation is below 5 meters (% of total land area),AG.LND.EL5M.RU.ZS,11.63234713,Bangladesh
2015,Urban land area where elevation is below 5 meters (sq. km),AG.LND.EL5M.UR.K2,7024.521424,Bangladesh
2000,Urban land area where elevation is below 5 meters (sq. km),AG.LND.EL5M.UR.K2,6429.14549,Bangladesh
1990,Urban land area where elevation is below 5 meters (sq. km),AG.LND.EL5M.UR.K2,5770.626538,Bangladesh
2015,Urban land area where elevation is below 5 meters (% of total land area),AG.LND.EL5M.UR.ZS,5.153762994,Bangladesh
2000,Urban land area where elevation is below 5 meters (% of total land area),AG.LND.EL5M.UR.ZS,4.716946551,Bangladesh
1990,Urban land area where elevation is below 5 meters (% of total land area),AG.LND.EL5M.UR.ZS,4.233803231,Bangladesh
2015,Land area where elevation is below 5 meters (% of total land area),AG.LND.EL5M.ZS,15.86615036,Bangladesh
2000,Land area where elevation is below 5 meters (% of total land area),AG.LND.EL5M.ZS,15.86615036,Bangladesh
1990,Land area where elevation is below 5 meters (% of total land area),AG.LND.EL5M.ZS,15.86615036,Bangladesh
2023,Forest area (sq. km),AG.LND.FRST.K2,18834,Bangladesh
2022,Forest area (sq. km),AG.LND.FRST.K2,18834,Bangladesh
2021,Forest area (sq. km),AG.LND.FRST.K2,18834,Bangladesh
2020,Forest area (sq. km),AG.LND.FRST.K2,18834,Bangladesh
2019,Forest area (sq. km),AG.LND.FRST.K2,18834,Bangladesh
2018,Forest area (sq. km),AG.LND.FRST.K2,18834,Bangladesh
2017,Forest area (sq. km),AG.LND.FRST.K2,18834,Bangladesh
2016,Forest area (sq. km),AG.LND.FRST.K2,18834,Bangladesh
2015,Forest area (sq. km),AG.LND.FRST.K2,18834,Bangladesh
2014,Forest area (sq. km),AG.LND.FRST.K2,18843.884,Bangladesh
2013,Forest area (sq. km),AG.LND.FRST.K2,18853.768,Bangladesh
2012,Forest area (sq. km),AG.LND.FRST.K2,18863.652,Bangladesh
2011,Forest area (sq. km),AG.LND.FRST.K2,18873.536,Bangladesh
2010,Forest area (sq. km),AG.LND.FRST.K2,18883.42,Bangladesh
2009,Forest area (sq. km),AG.LND.FRST.K2,18915.406,Bangladesh
2008,Forest area (sq. km),AG.LND.FRST.K2,18947.393,Bangladesh
2007,Forest area (sq. km),AG.LND.FRST.K2,18979.379,Bangladesh
2006,Forest area (sq. km),AG.LND.FRST.K2,19011.365,Bangladesh
2005,Forest area (sq. km),AG.LND.FRST.K2,19043.351,Bangladesh
2004,Forest area (sq. km),AG.LND.FRST.K2,19075.337,Bangladesh
2003,Forest area (sq. km),AG.LND.FRST.K2,19107.323,Bangladesh
2002,Forest area (sq. km),AG.LND.FRST.K2,19139.309,Bangladesh
2001,Forest area (sq. km),AG.LND.FRST.K2,19171.295,Bangladesh
2000,Forest area (sq. km),AG.LND.FRST.K2,19203.281,Bangladesh
1999,Forest area (sq. km),AG.LND.FRST.K2,19203.283,Bangladesh
1998,Forest area (sq. km),AG.LND.FRST.K2,19203.285,Bangladesh
1997,Forest area (sq. km),AG.LND.FRST.K2,19203.287,Bangladesh
1996,Forest area (sq. km),AG.LND.FRST.K2,19203.289,Bangladesh
1995,Forest area (sq. km),AG.LND.FRST.K2,19203.29,Bangladesh
1994,Forest area (sq. km),AG.LND.FRST.K2,19203.292,Bangladesh
1993,Forest area (sq. km),AG.LND.FRST.K2,19203.294,Bangladesh
1992,Forest area (sq. km),AG.LND.FRST.K2,19203.296,Bangladesh
1991,Forest area (sq. km),AG.LND.FRST.K2,19203.298,Bangladesh
1990,Forest area (sq. km),AG.LND.FRST.K2,19203.3,Bangladesh
2023,Forest area (% of land area),AG.LND.FRST.ZS,14.48992153,Bangladesh
2022,Forest area (% of land area),AG.LND.FRST.ZS,14.45877476,Bangladesh
2021,Forest area (% of land area),AG.LND.FRST.ZS,14.46877161,Bangladesh
2020,Forest area (% of land area),AG.LND.FRST.ZS,14.46877161,Bangladesh
2019,Forest area (% of land area),AG.LND.FRST.ZS,14.46877161,Bangladesh
2018,Forest area (% of land area),AG.LND.FRST.ZS,14.46877161,Bangladesh
2017,Forest area (% of land area),AG.LND.FRST.ZS,14.46877161,Bangladesh
2016,Forest area (% of land area),AG.LND.FRST.ZS,14.46877161,Bangladesh
2015,Forest area (% of land area),AG.LND.FRST.ZS,14.46877161,Bangladesh
2014,Forest area (% of land area),AG.LND.FRST.ZS,14.47636475,Bangladesh
2013,Forest area (% of land area),AG.LND.FRST.ZS,14.4839579,Bangladesh
2012,Forest area (% of land area),AG.LND.FRST.ZS,14.49155105,Bangladesh
2011,Forest area (% of land area),AG.LND.FRST.ZS,14.4991442,Bangladesh
2010,Forest area (% of land area),AG.LND.FRST.ZS,14.50673734,Bangladesh
2009,Forest area (% of land area),AG.LND.FRST.ZS,14.53130983,Bangladesh
2008,Forest area (% of land area),AG.LND.FRST.ZS,14.55588308,Bangladesh
2007,Forest area (% of land area),AG.LND.FRST.ZS,14.58045556,Bangladesh
2006,Forest area (% of land area),AG.LND.FRST.ZS,14.60502804,Bangladesh
2005,Forest area (% of land area),AG.LND.FRST.ZS,14.62960052,Bangladesh
2004,Forest area (% of land area),AG.LND.FRST.ZS,14.654173,Bangladesh
2003,Forest area (% of land area),AG.LND.FRST.ZS,14.67874549,Bangladesh
2002,Forest area (% of land area),AG.LND.FRST.ZS,14.70331797,Bangladesh
2001,Forest area (% of land area),AG.LND.FRST.ZS,14.72789045,Bangladesh
2000,Forest area (% of land area),AG.LND.FRST.ZS,14.75246293,Bangladesh
1999,Forest area (% of land area),AG.LND.FRST.ZS,14.75246447,Bangladesh
1998,Forest area (% of land area),AG.LND.FRST.ZS,14.75246601,Bangladesh
1997,Forest area (% of land area),AG.LND.FRST.ZS,14.75246754,Bangladesh
1996,Forest area (% of land area),AG.LND.FRST.ZS,14.75246908,Bangladesh
1995,Forest area (% of land area),AG.LND.FRST.ZS,14.75246985,Bangladesh
1994,Forest area (% of land area),AG.LND.FRST.ZS,14.75247138,Bangladesh
1993,Forest area (% of land area),AG.LND.FRST.ZS,14.75247292,Bangladesh
1992,Forest area (% of land area),AG.LND.FRST.ZS,14.75247446,Bangladesh
1991,Forest area (% of land area),AG.LND.FRST.ZS,14.75247599,Bangladesh
1990,Forest area (% of land area),AG.LND.FRST.ZS,14.75247753,Bangladesh
2022,Average precipitation in depth (mm per year),AG.LND.PRCP.MM,2666,Bangladesh
2021,Average precipitation in depth (mm per year),AG.LND.PRCP.MM,2666,Bangladesh
2020,Average precipitation in depth (mm per year),AG.LND.PRCP.MM,2666,Bangladesh
2019,Average precipitation in depth (mm per year),AG.LND.PRCP.MM,2666,Bangladesh
2018,Average precipitation in depth (mm per year),AG.LND.PRCP.MM,2666,Bangladesh
2017,Average precipitation in depth (mm per year),AG.LND.PRCP.MM,2666,Bangladesh
2016,Average precipitation in depth (mm per year),AG.LND.PRCP.MM,2666,Bangladesh
2015,Average precipitation in depth (mm per year),AG.LND.PRCP.MM,2666,Bangladesh
2014,Average precipitation in depth (mm per year),AG.LND.PRCP.MM,2666,Bangladesh
2013,Average precipitation in depth (mm per year),AG.LND.PRCP.MM,2666,Bangladesh
2012,Average precipitation in depth (mm per year),AG.LND.PRCP.MM,2666,Bangladesh
2011,Average precipitation in depth (mm per year),AG.LND.PRCP.MM,2666,Bangladesh
2010,Average precipitation in depth (mm per year),AG.LND.PRCP.MM,2666,Bangladesh
2009,Average precipitation in depth (mm per year),AG.LND.PRCP.MM,2666,Bangladesh
2008,Average precipitation in depth (mm per year),AG.LND.PRCP.MM,2666,Bangladesh
2007,Average precipitation in depth (mm per year),AG.LND.PRCP.MM,2666,Bangladesh
2006,Average precipitation in depth (mm per year),AG.LND.PRCP.MM,2666,Bangladesh
2005,Average precipitation in depth (mm per year),AG.LND.PRCP.MM,2666,Bangladesh
2004,Average precipitation in depth (mm per year),AG.LND.PRCP.MM,2666,Bangladesh
2003,Average precipitation in depth (mm per year),AG.LND.PRCP.MM,2666,Bangladesh
2002,Average precipitation in depth (mm per year),AG.LND.PRCP.MM,2666,Bangladesh
2001,Average precipitation in depth (mm per year),AG.LND.PRCP.MM,2666,Bangladesh
2000,Average precipitation in depth (mm per year),AG.LND.PRCP.MM,2666,Bangladesh
1999,Average precipitation in depth (mm per year),AG.LND.PRCP.MM,2666,Bangladesh
1998,Average precipitation in depth (mm per year),AG.LND.PRCP.MM,2666,Bangladesh
1997,Average precipitation in depth (mm per year),AG.LND.PRCP.MM,2666,Bangladesh
1996,Average precipitation in depth (mm per year),AG.LND.PRCP.MM,2666,Bangladesh
1995,Average precipitation in depth (mm per year),AG.LND.PRCP.MM,2666,Bangladesh
1994,Average precipitation in depth (mm per year),AG.LND.PRCP.MM,2666,Bangladesh
1993,Average precipitation in depth (mm per year),AG.LND.PRCP.MM,2666,Bangladesh
1992,Average precipitation in depth (mm per year),AG.LND.PRCP.MM,2666,Bangladesh
1991,Average precipitation in depth (mm per year),AG.LND.PRCP.MM,2666,Bangladesh
1990,Average precipitation in depth (mm per year),AG.LND.PRCP.MM,2666,Bangladesh
1989,Average precipitation in depth (mm per year),AG.LND.PRCP.MM,2666,Bangladesh
1988,Average precipitation in depth (mm per year),AG.LND.PRCP.MM,2666,Bangladesh
1987,Average precipitation in depth (mm per year),AG.LND.PRCP.MM,2666,Bangladesh
1986,Average precipitation in depth (mm per year),AG.LND.PRCP.MM,2666,Bangladesh
1985,Average precipitation in depth (mm per year),AG.LND.PRCP.MM,2666,Bangladesh
1984,Average precipitation in depth (mm per year),AG.LND.PRCP.MM,2666,Bangladesh
1983,Average precipitation in depth (mm per year),AG.LND.PRCP.MM,2666,Bangladesh
1982,Average precipitation in depth (mm per year),AG.LND.PRCP.MM,2666,Bangladesh
1981,Average precipitation in depth (mm per year),AG.LND.PRCP.MM,2666,Bangladesh
1980,Average precipitation in depth (mm per year),AG.LND.PRCP.MM,2666,Bangladesh
1979,Average precipitation in depth (mm per year),AG.LND.PRCP.MM,2666,Bangladesh
1978,Average precipitation in depth (mm per year),AG.LND.PRCP.MM,2666,Bangladesh
1977,Average precipitation in depth (mm per year),AG.LND.PRCP.MM,2666,Bangladesh
1976,Average precipitation in depth (mm per year),AG.LND.PRCP.MM,2666,Bangladesh
1975,Average precipitation in depth (mm per year),AG.LND.PRCP.MM,2666,Bangladesh
1974,Average precipitation in depth (mm per year),AG.LND.PRCP.MM,2666,Bangladesh
1973,Average precipitation in depth (mm per year),AG.LND.PRCP.MM,2666,Bangladesh
1972,Average precipitation in depth (mm per year),AG.LND.PRCP.MM,2666,Bangladesh
1971,Average precipitation in depth (mm per year),AG.LND.PRCP.MM,2666,Bangladesh
1970,Average precipitation in depth (mm per year),AG.LND.PRCP.MM,2666,Bangladesh
1969,Average precipitation in depth (mm per year),AG.LND.PRCP.MM,2666,Bangladesh
1968,Average precipitation in depth (mm per year),AG.LND.PRCP.MM,2666,Bangladesh
1967,Average precipitation in depth (mm per year),AG.LND.PRCP.MM,2666,Bangladesh
1966,Average precipitation in depth (mm per year),AG.LND.PRCP.MM,2666,Bangladesh
1965,Average precipitation in depth (mm per year),AG.LND.PRCP.MM,2666,Bangladesh
1964,Average precipitation in depth (mm per year),AG.LND.PRCP.MM,2666,Bangladesh
1963,Average precipitation in depth (mm per year),AG.LND.PRCP.MM,2666,Bangladesh
1962,Average precipitation in depth (mm per year),AG.LND.PRCP.MM,2666,Bangladesh
1961,Average precipitation in depth (mm per year),AG.LND.PRCP.MM,2666,Bangladesh
2023,Land area (sq. km),AG.LND.TOTL.K2,129980,Bangladesh
2022,Land area (sq. km),AG.LND.TOTL.K2,130260,Bangladesh
2021,Land area (sq. km),AG.LND.TOTL.K2,130170,Bangladesh
2020,Land area (sq. km),AG.LND.TOTL.K2,130170,Bangladesh
2019,Land area (sq. km),AG.LND.TOTL.K2,130170,Bangladesh
2018,Land area (sq. km),AG.LND.TOTL.K2,130170,Bangladesh
2017,Land area (sq. km),AG.LND.TOTL.K2,130170,Bangladesh
2016,Land area (sq. km),AG.LND.TOTL.K2,130170,Bangladesh
2015,Land area (sq. km),AG.LND.TOTL.K2,130170,Bangladesh
2014,Land area (sq. km),AG.LND.TOTL.K2,130170,Bangladesh
2013,Land area (sq. km),AG.LND.TOTL.K2,130170,Bangladesh
2012,Land area (sq. km),AG.LND.TOTL.K2,130170,Bangladesh
2011,Land area (sq. km),AG.LND.TOTL.K2,130170,Bangladesh
2010,Land area (sq. km),AG.LND.TOTL.K2,130170,Bangladesh
2009,Land area (sq. km),AG.LND.TOTL.K2,130170,Bangladesh
2008,Land area (sq. km),AG.LND.TOTL.K2,130170,Bangladesh
2007,Land area (sq. km),AG.LND.TOTL.K2,130170,Bangladesh
2006,Land area (sq. km),AG.LND.TOTL.K2,130170,Bangladesh
2005,Land area (sq. km),AG.LND.TOTL.K2,130170,Bangladesh
2004,Land area (sq. km),AG.LND.TOTL.K2,130170,Bangladesh
2003,Land area (sq. km),AG.LND.TOTL.K2,130170,Bangladesh
2002,Land area (sq. km),AG.LND.TOTL.K2,130170,Bangladesh
2001,Land area (sq. km),AG.LND.TOTL.K2,130170,Bangladesh
2000,Land area (sq. km),AG.LND.TOTL.K2,130170,Bangladesh
1999,Land area (sq. km),AG.LND.TOTL.K2,130170,Bangladesh
1998,Land area (sq. km),AG.LND.TOTL.K2,130170,Bangladesh
1997,Land area (sq. km),AG.LND.TOTL.K2,130170,Bangladesh
1996,Land area (sq. km),AG.LND.TOTL.K2,130170,Bangladesh
1995,Land area (sq. km),AG.LND.TOTL.K2,130170,Bangladesh
1994,Land area (sq. km),AG.LND.TOTL.K2,130170,Bangladesh
1993,Land area (sq. km),AG.LND.TOTL.K2,130170,Bangladesh
1992,Land area (sq. km),AG.LND.TOTL.K2,130170,Bangladesh
1991,Land area (sq. km),AG.LND.TOTL.K2,130170,Bangladesh
1990,Land area (sq. km),AG.LND.TOTL.K2,130170,Bangladesh
1989,Land area (sq. km),AG.LND.TOTL.K2,130170,Bangladesh
1988,Land area (sq. km),AG.LND.TOTL.K2,130170,Bangladesh
1987,Land area (sq. km),AG.LND.TOTL.K2,130170,Bangladesh
1986,Land area (sq. km),AG.LND.TOTL.K2,130170,Bangladesh
1985,Land area (sq. km),AG.LND.TOTL.K2,130170,Bangladesh
1984,Land area (sq. km),AG.LND.TOTL.K2,130170,Bangladesh
1983,Land area (sq. km),AG.LND.TOTL.K2,130170,Bangladesh
1982,Land area (sq. km),AG.LND.TOTL.K2,130170,Bangladesh
1981,Land area (sq. km),AG.LND.TOTL.K2,130170,Bangladesh
1980,Land area (sq. km),AG.LND.TOTL.K2,130170,Bangladesh
1979,Land area (sq. km),AG.LND.TOTL.K2,130170,Bangladesh
1978,Land area (sq. km),AG.LND.TOTL.K2,130170,Bangladesh
1977,Land area (sq. km),AG.LND.TOTL.K2,130170,Bangladesh
1976,Land area (sq. km),AG.LND.TOTL.K2,130170,Bangladesh
1975,Land area (sq. km),AG.LND.TOTL.K2,130170,Bangladesh
1974,Land area (sq. km),AG.LND.TOTL.K2,130170,Bangladesh
1973,Land area (sq. km),AG.LND.TOTL.K2,130170,Bangladesh
1972,Land area (sq. km),AG.LND.TOTL.K2,130170,Bangladesh
1971,Land area (sq. km),AG.LND.TOTL.K2,130170,Bangladesh
1970,Land area (sq. km),AG.LND.TOTL.K2,130170,Bangladesh
1969,Land area (sq. km),AG.LND.TOTL.K2,130170,Bangladesh
1968,Land area (sq. km),AG.LND.TOTL.K2,130170,Bangladesh
1967,Land area (sq. km),AG.LND.TOTL.K2,130170,Bangladesh
1966,Land area (sq. km),AG.LND.TOTL.K2,130170,Bangladesh
1965,Land area (sq. km),AG.LND.TOTL.K2,130170,Bangladesh
1964,Land area (sq. km),AG.LND.TOTL.K2,130170,Bangladesh
1963,Land area (sq. km),AG.LND.TOTL.K2,130170,Bangladesh
1962,Land area (sq. km),AG.LND.TOTL.K2,130170,Bangladesh
1961,Land area (sq. km),AG.LND.TOTL.K2,130170,Bangladesh
2015,Rural land area (sq. km),AG.LND.TOTL.RU.K2,79328.8629,Bangladesh
2000,Rural land area (sq. km),AG.LND.TOTL.RU.K2,85189.6422,Bangladesh
1990,Rural land area (sq. km),AG.LND.TOTL.RU.K2,90000.4742,Bangladesh
2015,Urban land area (sq. km),AG.LND.TOTL.UR.K2,56970.02069,Bangladesh
2000,Urban land area (sq. km),AG.LND.TOTL.UR.K2,51109.2414,Bangladesh
1990,Urban land area (sq. km),AG.LND.TOTL.UR.K2,46298.4094,Bangladesh
2023,Surface area (sq. km),AG.SRF.TOTL.K2,147570,Bangladesh
2022,Surface area (sq. km),AG.SRF.TOTL.K2,147570,Bangladesh
2021,Surface area (sq. km),AG.SRF.TOTL.K2,147570,Bangladesh
2020,Surface area (sq. km),AG.SRF.TOTL.K2,147570,Bangladesh
2019,Surface area (sq. km),AG.SRF.TOTL.K2,147570,Bangladesh
2018,Surface area (sq. km),AG.SRF.TOTL.K2,147570,Bangladesh
2017,Surface area (sq. km),AG.SRF.TOTL.K2,147977,Bangladesh
2016,Surface area (sq. km),AG.SRF.TOTL.K2,147630,Bangladesh
2015,Surface area (sq. km),AG.SRF.TOTL.K2,147630,Bangladesh
2014,Surface area (sq. km),AG.SRF.TOTL.K2,147630,Bangladesh
2013,Surface area (sq. km),AG.SRF.TOTL.K2,148460,Bangladesh
2012,Surface area (sq. km),AG.SRF.TOTL.K2,148460,Bangladesh
2011,Surface area (sq. km),AG.SRF.TOTL.K2,148460,Bangladesh
2010,Surface area (sq. km),AG.SRF.TOTL.K2,148460,Bangladesh
2009,Surface area (sq. km),AG.SRF.TOTL.K2,148460,Bangladesh
2008,Surface area (sq. km),AG.SRF.TOTL.K2,148460,Bangladesh
2007,Surface area (sq. km),AG.SRF.TOTL.K2,148460,Bangladesh
2006,Surface area (sq. km),AG.SRF.TOTL.K2,148460,Bangladesh
2005,Surface area (sq. km),AG.SRF.TOTL.K2,148460,Bangladesh
2004,Surface area (sq. km),AG.SRF.TOTL.K2,148460,Bangladesh
2003,Surface area (sq. km),AG.SRF.TOTL.K2,148460,Bangladesh
2002,Surface area (sq. km),AG.SRF.TOTL.K2,148460,Bangladesh
2001,Surface area (sq. km),AG.SRF.TOTL.K2,148460,Bangladesh
2000,Surface area (sq. km),AG.SRF.TOTL.K2,148460,Bangladesh
1999,Surface area (sq. km),AG.SRF.TOTL.K2,148460,Bangladesh
1998,Surface area (sq. km),AG.SRF.TOTL.K2,148460,Bangladesh
1997,Surface area (sq. km),AG.SRF.TOTL.K2,148460,Bangladesh
1996,Surface area (sq. km),AG.SRF.TOTL.K2,148460,Bangladesh
1995,Surface area (sq. km),AG.SRF.TOTL.K2,148460,Bangladesh
1994,Surface area (sq. km),AG.SRF.TOTL.K2,148460,Bangladesh
1993,Surface area (sq. km),AG.SRF.TOTL.K2,148460,Bangladesh
1992,Surface area (sq. km),AG.SRF.TOTL.K2,148460,Bangladesh
1991,Surface area (sq. km),AG.SRF.TOTL.K2,148460,Bangladesh
1990,Surface area (sq. km),AG.SRF.TOTL.K2,148460,Bangladesh
1989,Surface area (sq. km),AG.SRF.TOTL.K2,148460,Bangladesh
1988,Surface area (sq. km),AG.SRF.TOTL.K2,148460,Bangladesh
1987,Surface area (sq. km),AG.SRF.TOTL.K2,148460,Bangladesh
1986,Surface area (sq. km),AG.SRF.TOTL.K2,148460,Bangladesh
1985,Surface area (sq. km),AG.SRF.TOTL.K2,148460,Bangladesh
1984,Surface area (sq. km),AG.SRF.TOTL.K2,148460,Bangladesh
1983,Surface area (sq. km),AG.SRF.TOTL.K2,148460,Bangladesh
1982,Surface area (sq. km),AG.SRF.TOTL.K2,148460,Bangladesh
1981,Surface area (sq. km),AG.SRF.TOTL.K2,148460,Bangladesh
1980,Surface area (sq. km),AG.SRF.TOTL.K2,148460,Bangladesh
1979,Surface area (sq. km),AG.SRF.TOTL.K2,148460,Bangladesh
1978,Surface area (sq. km),AG.SRF.TOTL.K2,148460,Bangladesh
1977,Surface area (sq. km),AG.SRF.TOTL.K2,148460,Bangladesh
1976,Surface area (sq. km),AG.SRF.TOTL.K2,148460,Bangladesh
1975,Surface area (sq. km),AG.SRF.TOTL.K2,148460,Bangladesh
1974,Surface area (sq. km),AG.SRF.TOTL.K2,148460,Bangladesh
1973,Surface area (sq. km),AG.SRF.TOTL.K2,148460,Bangladesh
1972,Surface area (sq. km),AG.SRF.TOTL.K2,148460,Bangladesh
1971,Surface area (sq. km),AG.SRF.TOTL.K2,148460,Bangladesh
1970,Surface area (sq. km),AG.SRF.TOTL.K2,148460,Bangladesh
1969,Surface area (sq. km),AG.SRF.TOTL.K2,148460,Bangladesh
1968,Surface area (sq. km),AG.SRF.TOTL.K2,148460,Bangladesh
1967,Surface area (sq. km),AG.SRF.TOTL.K2,148460,Bangladesh
1966,Surface area (sq. km),AG.SRF.TOTL.K2,148460,Bangladesh
1965,Surface area (sq. km),AG.SRF.TOTL.K2,148460,Bangladesh
1964,Surface area (sq. km),AG.SRF.TOTL.K2,148460,Bangladesh
1963,Surface area (sq. km),AG.SRF.TOTL.K2,148460,Bangladesh
1962,Surface area (sq. km),AG.SRF.TOTL.K2,148460,Bangladesh
1961,Surface area (sq. km),AG.SRF.TOTL.K2,148460,Bangladesh
2023,"Access to clean fuels and technologies for cooking, rural (% of rural population)",EG.CFT.ACCS.RU.ZS,10.8,Bangladesh
2022,"Access to clean fuels and technologies for cooking, rural (% of rural population)",EG.CFT.ACCS.RU.ZS,9.9,Bangladesh
2021,"Access to clean fuels and technologies for cooking, rural (% of rural population)",EG.CFT.ACCS.RU.ZS,9,Bangladesh
2020,"Access to clean fuels and technologies for cooking, rural (% of rural population)",EG.CFT.ACCS.RU.ZS,8.1,Bangladesh
2019,"Access to clean fuels and technologies for cooking, rural (% of rural population)",EG.CFT.ACCS.RU.ZS,7.4,Bangladesh
2018,"Access to clean fuels and technologies for cooking, rural (% of rural population)",EG.CFT.ACCS.RU.ZS,6.7,Bangladesh
2017,"Access to clean fuels and technologies for cooking, rural (% of rural population)",EG.CFT.ACCS.RU.ZS,6,Bangladesh
2016,"Access to clean fuels and technologies for cooking, rural (% of rural population)",EG.CFT.ACCS.RU.ZS,5.3,Bangladesh
2015,"Access to clean fuels and technologies for cooking, rural (% of rural population)",EG.CFT.ACCS.RU.ZS,4.7,Bangladesh
2014,"Access to clean fuels and technologies for cooking, rural (% of rural population)",EG.CFT.ACCS.RU.ZS,4.1,Bangladesh
2013,"Access to clean fuels and technologies for cooking, rural (% of rural population)",EG.CFT.ACCS.RU.ZS,3.6,Bangladesh
2012,"Access to clean fuels and technologies for cooking, rural (% of rural population)",EG.CFT.ACCS.RU.ZS,3.2,Bangladesh
2011,"Access to clean fuels and technologies for cooking, rural (% of rural population)",EG.CFT.ACCS.RU.ZS,2.8,Bangladesh
2010,"Access to clean fuels and technologies for cooking, rural (% of rural population)",EG.CFT.ACCS.RU.ZS,2.4,Bangladesh
2009,"Access to clean fuels and technologies for cooking, rural (% of rural population)",EG.CFT.ACCS.RU.ZS,2.1,Bangladesh
2008,"Access to clean fuels and technologies for cooking, rural (% of rural population)",EG.CFT.ACCS.RU.ZS,1.9,Bangladesh
2007,"Access to clean fuels and technologies for cooking, rural (% of rural population)",EG.CFT.ACCS.RU.ZS,1.7,Bangladesh
2006,"Access to clean fuels and technologies for cooking, rural (% of rural population)",EG.CFT.ACCS.RU.ZS,1.5,Bangladesh
2005,"Access to clean fuels and technologies for cooking, rural (% of rural population)",EG.CFT.ACCS.RU.ZS,1.3,Bangladesh
2004,"Access to clean fuels and technologies for cooking, rural (% of rural population)",EG.CFT.ACCS.RU.ZS,1.2,Bangladesh
2003,"Access to clean fuels and technologies for cooking, rural (% of rural population)",EG.CFT.ACCS.RU.ZS,1,Bangladesh
2002,"Access to clean fuels and technologies for cooking, rural (% of rural population)",EG.CFT.ACCS.RU.ZS,0.9,Bangladesh
2001,"Access to clean fuels and technologies for cooking, rural (% of rural population)",EG.CFT.ACCS.RU.ZS,0.8,Bangladesh
2000,"Access to clean fuels and technologies for cooking, rural (% of rural population)",EG.CFT.ACCS.RU.ZS,0.7,Bangladesh
2023,"Access to clean fuels and technologies for cooking, urban (% of urban population)",EG.CFT.ACCS.UR.ZS,63.2,Bangladesh
2022,"Access to clean fuels and technologies for cooking, urban (% of urban population)",EG.CFT.ACCS.UR.ZS,62.3,Bangladesh
2021,"Access to clean fuels and technologies for cooking, urban (% of urban population)",EG.CFT.ACCS.UR.ZS,60.9,Bangladesh
2020,"Access to clean fuels and technologies for cooking, urban (% of urban population)",EG.CFT.ACCS.UR.ZS,59.5,Bangladesh
2019,"Access to clean fuels and technologies for cooking, urban (% of urban population)",EG.CFT.ACCS.UR.ZS,58.1,Bangladesh
2018,"Access to clean fuels and technologies for cooking, urban (% of urban population)",EG.CFT.ACCS.UR.ZS,56.9,Bangladesh
2017,"Access to clean fuels and technologies for cooking, urban (% of urban population)",EG.CFT.ACCS.UR.ZS,54.8,Bangladesh
2016,"Access to clean fuels and technologies for cooking, urban (% of urban population)",EG.CFT.ACCS.UR.ZS,53.2,Bangladesh
2015,"Access to clean fuels and technologies for cooking, urban (% of urban population)",EG.CFT.ACCS.UR.ZS,51.3,Bangladesh
2014,"Access to clean fuels and technologies for cooking, urban (% of urban population)",EG.CFT.ACCS.UR.ZS,49.35,Bangladesh
2013,"Access to clean fuels and technologies for cooking, urban (% of urban population)",EG.CFT.ACCS.UR.ZS,47.2,Bangladesh
2012,"Access to clean fuels and technologies for cooking, urban (% of urban population)",EG.CFT.ACCS.UR.ZS,45.4,Bangladesh
2011,"Access to clean fuels and technologies for cooking, urban (% of urban population)",EG.CFT.ACCS.UR.ZS,43.6,Bangladesh
2010,"Access to clean fuels and technologies for cooking, urban (% of urban population)",EG.CFT.ACCS.UR.ZS,41.8,Bangladesh
2009,"Access to clean fuels and technologies for cooking, urban (% of urban population)",EG.CFT.ACCS.UR.ZS,40.4,Bangladesh
2008,"Access to clean fuels and technologies for cooking, urban (% of urban population)",EG.CFT.ACCS.UR.ZS,39.1,Bangladesh
2007,"Access to clean fuels and technologies for cooking, urban (% of urban population)",EG.CFT.ACCS.UR.ZS,38.3,Bangladesh
2006,"Access to clean fuels and technologies for cooking, urban (% of urban population)",EG.CFT.ACCS.UR.ZS,37.2,Bangladesh
2005,"Access to clean fuels and technologies for cooking, urban (% of urban population)",EG.CFT.ACCS.UR.ZS,36.5,Bangladesh
2004,"Access to clean fuels and technologies for cooking, urban (% of urban population)",EG.CFT.ACCS.UR.ZS,35.8,Bangladesh
2003,"Access to clean fuels and technologies for cooking, urban (% of urban population)",EG.CFT.ACCS.UR.ZS,35.4,Bangladesh
2002,"Access to clean fuels and technologies for cooking, urban (% of urban population)",EG.CFT.ACCS.UR.ZS,34.7,Bangladesh
2001,"Access to clean fuels and technologies for cooking, urban (% of urban population)",EG.CFT.ACCS.UR.ZS,34.2,Bangladesh
2000,"Access to clean fuels and technologies for cooking, urban (% of urban population)",EG.CFT.ACCS.UR.ZS,34.1,Bangladesh
2023,Access to clean fuels and technologies for cooking (% of population),EG.CFT.ACCS.ZS,28.4,Bangladesh
2022,Access to clean fuels and technologies for cooking (% of population),EG.CFT.ACCS.ZS,27.2,Bangladesh
2021,Access to clean fuels and technologies for cooking (% of population),EG.CFT.ACCS.ZS,25.9,Bangladesh
2020,Access to clean fuels and technologies for cooking (% of population),EG.CFT.ACCS.ZS,24.6,Bangladesh
2019,Access to clean fuels and technologies for cooking (% of population),EG.CFT.ACCS.ZS,23.1,Bangladesh
2018,Access to clean fuels and technologies for cooking (% of population),EG.CFT.ACCS.ZS,22,Bangladesh
2017,Access to clean fuels and technologies for cooking (% of population),EG.CFT.ACCS.ZS,20.6,Bangladesh
2016,Access to clean fuels and technologies for cooking (% of population),EG.CFT.ACCS.ZS,19.4,Bangladesh
2015,Access to clean fuels and technologies for cooking (% of population),EG.CFT.ACCS.ZS,18.1,Bangladesh
2014,Access to clean fuels and technologies for cooking (% of population),EG.CFT.ACCS.ZS,16.8,Bangladesh
2013,Access to clean fuels and technologies for cooking (% of population),EG.CFT.ACCS.ZS,15.5,Bangladesh
2012,Access to clean fuels and technologies for cooking (% of population),EG.CFT.ACCS.ZS,14.5,Bangladesh
2011,Access to clean fuels and technologies for cooking (% of population),EG.CFT.ACCS.ZS,13.4,Bangladesh
2010,Access to clean fuels and technologies for cooking (% of population),EG.CFT.ACCS.ZS,12.6,Bangladesh
2009,Access to clean fuels and technologies for cooking (% of population),EG.CFT.ACCS.ZS,11.7,Bangladesh
2008,Access to clean fuels and technologies for cooking (% of population),EG.CFT.ACCS.ZS,11,Bangladesh
2007,Access to clean fuels and technologies for cooking (% of population),EG.CFT.ACCS.ZS,10.4,Bangladesh
2006,Access to clean fuels and technologies for cooking (% of population),EG.CFT.ACCS.ZS,10,Bangladesh
2005,Access to clean fuels and technologies for cooking (% of population),EG.CFT.ACCS.ZS,9.4,Bangladesh
2004,Access to clean fuels and technologies for cooking (% of population),EG.CFT.ACCS.ZS,9.1,Bangladesh
2003,Access to clean fuels and technologies for cooking (% of population),EG.CFT.ACCS.ZS,8.7,Bangladesh
2002,Access to clean fuels and technologies for cooking (% of population),EG.CFT.ACCS.ZS,8.3,Bangladesh
2001,Access to clean fuels and technologies for cooking (% of population),EG.CFT.ACCS.ZS,8,Bangladesh
2000,Access to clean fuels and technologies for cooking (% of population),EG.CFT.ACCS.ZS,7.7,Bangladesh
2021,Energy intensity level of primary energy (MJ/$2021 PPP GDP),EG.EGY.PRIM.PP.KD,1.93,Bangladesh
2020,Energy intensity level of primary energy (MJ/$2021 PPP GDP),EG.EGY.PRIM.PP.KD,1.9,Bangladesh
2019,Energy intensity level of primary energy (MJ/$2021 PPP GDP),EG.EGY.PRIM.PP.KD,1.95,Bangladesh
2018,Energy intensity level of primary energy (MJ/$2021 PPP GDP),EG.EGY.PRIM.PP.KD,1.96,Bangladesh
2017,Energy intensity level of primary energy (MJ/$2021 PPP GDP),EG.EGY.PRIM.PP.KD,2.12,Bangladesh
2016,Energy intensity level of primary energy (MJ/$2021 PPP GDP),EG.EGY.PRIM.PP.KD,2.2,Bangladesh
2015,Energy intensity level of primary energy (MJ/$2021 PPP GDP),EG.EGY.PRIM.PP.KD,2.17,Bangladesh
2014,Energy intensity level of primary energy (MJ/$2021 PPP GDP),EG.EGY.PRIM.PP.KD,2.16,Bangladesh
2013,Energy intensity level of primary energy (MJ/$2021 PPP GDP),EG.EGY.PRIM.PP.KD,2.22,Bangladesh
2012,Energy intensity level of primary energy (MJ/$2021 PPP GDP),EG.EGY.PRIM.PP.KD,2.21,Bangladesh
2011,Energy intensity level of primary energy (MJ/$2021 PPP GDP),EG.EGY.PRIM.PP.KD,2.25,Bangladesh
2010,Energy intensity level of primary energy (MJ/$2021 PPP GDP),EG.EGY.PRIM.PP.KD,2.32,Bangladesh
2009,Energy intensity level of primary energy (MJ/$2021 PPP GDP),EG.EGY.PRIM.PP.KD,2.33,Bangladesh
2008,Energy intensity level of primary energy (MJ/$2021 PPP GDP),EG.EGY.PRIM.PP.KD,2.33,Bangladesh
2007,Energy intensity level of primary energy (MJ/$2021 PPP GDP),EG.EGY.PRIM.PP.KD,2.36,Bangladesh
2006,Energy intensity level of primary energy (MJ/$2021 PPP GDP),EG.EGY.PRIM.PP.KD,2.41,Bangladesh
2005,Energy intensity level of primary energy (MJ/$2021 PPP GDP),EG.EGY.PRIM.PP.KD,2.42,Bangladesh
2004,Energy intensity level of primary energy (MJ/$2021 PPP GDP),EG.EGY.PRIM.PP.KD,2.45,Bangladesh
2003,Energy intensity level of primary energy (MJ/$2021 PPP GDP),EG.EGY.PRIM.PP.KD,2.53,Bangladesh
2002,Energy intensity level of primary energy (MJ/$2021 PPP GDP),EG.EGY.PRIM.PP.KD,2.52,Bangladesh
2001,Energy intensity level of primary energy (MJ/$2021 PPP GDP),EG.EGY.PRIM.PP.KD,2.58,Bangladesh
2000,Energy intensity level of primary energy (MJ/$2021 PPP GDP),EG.EGY.PRIM.PP.KD,2.45,Bangladesh
2023,Access to electricity (% of population),EG.ELC.ACCS.ZS,99.5,Bangladesh
2022,Access to electricity (% of population),EG.ELC.ACCS.ZS,99.4,Bangladesh
2021,Access to electricity (% of population),EG.ELC.ACCS.ZS,99,Bangladesh
2020,Access to electricity (% of population),EG.ELC.ACCS.ZS,96.2,Bangladesh
2019,Access to electricity (% of population),EG.ELC.ACCS.ZS,92.2,Bangladesh
2018,Access to electricity (% of population),EG.ELC.ACCS.ZS,86.9,Bangladesh
2017,Access to electricity (% of population),EG.ELC.ACCS.ZS,88,Bangladesh
2016,Access to electricity (% of population),EG.ELC.ACCS.ZS,75.9,Bangladesh
2015,Access to electricity (% of population),EG.ELC.ACCS.ZS,74,Bangladesh
2014,Access to electricity (% of population),EG.ELC.ACCS.ZS,62.4,Bangladesh
2013,Access to electricity (% of population),EG.ELC.ACCS.ZS,61.5,Bangladesh
2012,Access to electricity (% of population),EG.ELC.ACCS.ZS,65.5,Bangladesh
2011,Access to electricity (% of population),EG.ELC.ACCS.ZS,59.6,Bangladesh
2010,Access to electricity (% of population),EG.ELC.ACCS.ZS,55.3,Bangladesh
2009,Access to electricity (% of population),EG.ELC.ACCS.ZS,57.1,Bangladesh
2008,Access to electricity (% of population),EG.ELC.ACCS.ZS,54.3,Bangladesh
2007,Access to electricity (% of population),EG.ELC.ACCS.ZS,46.5,Bangladesh
2006,Access to electricity (% of population),EG.ELC.ACCS.ZS,50.5,Bangladesh
2005,Access to electricity (% of population),EG.ELC.ACCS.ZS,44.2,Bangladesh
2004,Access to electricity (% of population),EG.ELC.ACCS.ZS,40.6,Bangladesh
2003,Access to electricity (% of population),EG.ELC.ACCS.ZS,40.5,Bangladesh
2002,Access to electricity (% of population),EG.ELC.ACCS.ZS,37.8,Bangladesh
2001,Access to electricity (% of population),EG.ELC.ACCS.ZS,35,Bangladesh
2000,Access to electricity (% of population),EG.ELC.ACCS.ZS,32,Bangladesh
1999,Access to electricity (% of population),EG.ELC.ACCS.ZS,29.54021454,Bangladesh
1998,Access to electricity (% of population),EG.ELC.ACCS.ZS,26.74619293,Bangladesh
1997,Access to electricity (% of population),EG.ELC.ACCS.ZS,22.4,Bangladesh
1996,Access to electricity (% of population),EG.ELC.ACCS.ZS,21.14438629,Bangladesh
1995,Access to electricity (% of population),EG.ELC.ACCS.ZS,18.33804512,Bangladesh
1994,Access to electricity (% of population),EG.ELC.ACCS.ZS,17.8,Bangladesh
1993,Access to electricity (% of population),EG.ELC.ACCS.ZS,12.71788025,Bangladesh
1992,Access to electricity (% of population),EG.ELC.ACCS.ZS,9.90541935,Bangladesh
1991,Access to electricity (% of population),EG.ELC.ACCS.ZS,14.29,Bangladesh
2022,"Electricity production from oil, gas and coal sources (% of total)",EG.ELC.FOSL.ZS,98.37710556,Bangladesh
2021,"Electricity production from oil, gas and coal sources (% of total)",EG.ELC.FOSL.ZS,98.6267845,Bangladesh
2020,"Electricity production from oil, gas and coal sources (% of total)",EG.ELC.FOSL.ZS,98.43474195,Bangladesh
2019,"Electricity production from oil, gas and coal sources (% of total)",EG.ELC.FOSL.ZS,98.65055482,Bangladesh
2018,"Electricity production from oil, gas and coal sources (% of total)",EG.ELC.FOSL.ZS,98.22258717,Bangladesh
2017,"Electricity production from oil, gas and coal sources (% of total)",EG.ELC.FOSL.ZS,98.18055726,Bangladesh
2016,"Electricity production from oil, gas and coal sources (% of total)",EG.ELC.FOSL.ZS,98.19476264,Bangladesh
2015,"Electricity production from oil, gas and coal sources (% of total)",EG.ELC.FOSL.ZS,98.53414433,Bangladesh
2014,"Electricity production from oil, gas and coal sources (% of total)",EG.ELC.FOSL.ZS,98.47313284,Bangladesh
2013,"Electricity production from oil, gas and coal sources (% of total)",EG.ELC.FOSL.ZS,97.85640738,Bangladesh
2012,"Electricity production from oil, gas and coal sources (% of total)",EG.ELC.FOSL.ZS,97.98131225,Bangladesh
2011,"Electricity production from oil, gas and coal sources (% of total)",EG.ELC.FOSL.ZS,97.62689668,Bangladesh
2010,"Electricity production from oil, gas and coal sources (% of total)",EG.ELC.FOSL.ZS,97.99480952,Bangladesh
2009,"Electricity production from oil, gas and coal sources (% of total)",EG.ELC.FOSL.ZS,98.73757722,Bangladesh
2008,"Electricity production from oil, gas and coal sources (% of total)",EG.ELC.FOSL.ZS,97.01388079,Bangladesh
2007,"Electricity production from oil, gas and coal sources (% of total)",EG.ELC.FOSL.ZS,97.49145547,Bangladesh
2006,"Electricity production from oil, gas and coal sources (% of total)",EG.ELC.FOSL.ZS,97.38285482,Bangladesh
2005,"Electricity production from oil, gas and coal sources (% of total)",EG.ELC.FOSL.ZS,97.08884688,Bangladesh
2004,"Electricity production from oil, gas and coal sources (% of total)",EG.ELC.FOSL.ZS,96.88474782,Bangladesh
2003,"Electricity production from oil, gas and coal sources (% of total)",EG.ELC.FOSL.ZS,96.1038961,Bangladesh
2002,"Electricity production from oil, gas and coal sources (% of total)",EG.ELC.FOSL.ZS,95.89070453,Bangladesh
2001,"Electricity production from oil, gas and coal sources (% of total)",EG.ELC.FOSL.ZS,94.29047838,Bangladesh
2000,"Electricity production from oil, gas and coal sources (% of total)",EG.ELC.FOSL.ZS,95.13664321,Bangladesh
1999,"Electricity production from oil, gas and coal sources (% of total)",EG.ELC.FOSL.ZS,94.23529412,Bangladesh
1998,"Electricity production from oil, gas and coal sources (% of total)",EG.ELC.FOSL.ZS,93.28520416,Bangladesh
1997,"Electricity production from oil, gas and coal sources (% of total)",EG.ELC.FOSL.ZS,93.9365829,Bangladesh
1996,"Electricity production from oil, gas and coal sources (% of total)",EG.ELC.FOSL.ZS,93.55935158,Bangladesh
1995,"Electricity production from oil, gas and coal sources (% of total)",EG.ELC.FOSL.ZS,96.55746807,Bangladesh
1994,"Electricity production from oil, gas and coal sources (% of total)",EG.ELC.FOSL.ZS,91.34300899,Bangladesh
1993,"Electricity production from oil, gas and coal sources (% of total)",EG.ELC.FOSL.ZS,93.39561156,Bangladesh
1992,"Electricity production from oil, gas and coal sources (% of total)",EG.ELC.FOSL.ZS,91.05014617,Bangladesh
1991,"Electricity production from oil, gas and coal sources (% of total)",EG.ELC.FOSL.ZS,89.86698912,Bangladesh
1990,"Electricity production from oil, gas and coal sources (% of total)",EG.ELC.FOSL.ZS,88.56699431,Bangladesh
2021,Renewable electricity output (% of total electricity output),EG.ELC.RNEW.ZS,1.507019937,Bangladesh
2020,Renewable electricity output (% of total electricity output),EG.ELC.RNEW.ZS,1.471809776,Bangladesh
2019,Renewable electricity output (% of total electricity output),EG.ELC.RNEW.ZS,1.419518751,Bangladesh
2018,Renewable electricity output (% of total electricity output),EG.ELC.RNEW.ZS,1.587215711,Bangladesh
2017,Renewable electricity output (% of total electricity output),EG.ELC.RNEW.ZS,1.851015647,Bangladesh
2016,Renewable electricity output (% of total electricity output),EG.ELC.RNEW.ZS,1.827698574,Bangladesh
2015,Renewable electricity output (% of total electricity output),EG.ELC.RNEW.ZS,1.825842127,Bangladesh
2014,Renewable electricity output (% of total electricity output),EG.ELC.RNEW.ZS,1.512391075,Bangladesh
2013,Renewable electricity output (% of total electricity output),EG.ELC.RNEW.ZS,1.848052681,Bangladesh
2012,Renewable electricity output (% of total electricity output),EG.ELC.RNEW.ZS,2.146359996,Bangladesh
2011,Renewable electricity output (% of total electricity output),EG.ELC.RNEW.ZS,2.261854227,Bangladesh
2010,Renewable electricity output (% of total electricity output),EG.ELC.RNEW.ZS,2.199294878,Bangladesh
2009,Renewable electricity output (% of total electricity output),EG.ELC.RNEW.ZS,1.712597368,Bangladesh
2008,Renewable electricity output (% of total electricity output),EG.ELC.RNEW.ZS,2.170156305,Bangladesh
2007,Renewable electricity output (% of total electricity output),EG.ELC.RNEW.ZS,2.449313213,Bangladesh
2006,Renewable electricity output (% of total electricity output),EG.ELC.RNEW.ZS,3.226604821,Bangladesh
2005,Renewable electricity output (% of total electricity output),EG.ELC.RNEW.ZS,3.76710775,Bangladesh
2004,Renewable electricity output (% of total electricity output),EG.ELC.RNEW.ZS,4.326149483,Bangladesh
2003,Renewable electricity output (% of total electricity output),EG.ELC.RNEW.ZS,5.717938312,Bangladesh
2002,Renewable electricity output (% of total electricity output),EG.ELC.RNEW.ZS,6.568818645,Bangladesh
2001,Renewable electricity output (% of total electricity output),EG.ELC.RNEW.ZS,7.43451012,Bangladesh
2000,Renewable electricity output (% of total electricity output),EG.ELC.RNEW.ZS,8.807367954,Bangladesh
1999,Renewable electricity output (% of total electricity output),EG.ELC.RNEW.ZS,5.764705882,Bangladesh
1998,Renewable electricity output (% of total electricity output),EG.ELC.RNEW.ZS,6.714795839,Bangladesh
1997,Renewable electricity output (% of total electricity output),EG.ELC.RNEW.ZS,6.063417102,Bangladesh
1996,Renewable electricity output (% of total electricity output),EG.ELC.RNEW.ZS,6.440648423,Bangladesh
1995,Renewable electricity output (% of total electricity output),EG.ELC.RNEW.ZS,3.442531927,Bangladesh
1994,Renewable electricity output (% of total electricity output),EG.ELC.RNEW.ZS,8.656991006,Bangladesh
1993,Renewable electricity output (% of total electricity output),EG.ELC.RNEW.ZS,6.604388442,Bangladesh
1992,Renewable electricity output (% of total electricity output),EG.ELC.RNEW.ZS,8.949853834,Bangladesh
1991,Renewable electricity output (% of total electricity output),EG.ELC.RNEW.ZS,10.13301088,Bangladesh
1990,Renewable electricity output (% of total electricity output),EG.ELC.RNEW.ZS,11.43300569,Bangladesh
2021,"Electricity production from renewable sources, excluding hydroelectric (kWh)",EG.ELC.RNWX.KH,742190000,Bangladesh
2020,"Electricity production from renewable sources, excluding hydroelectric (kWh)",EG.ELC.RNWX.KH,381910000,Bangladesh
2019,"Electricity production from renewable sources, excluding hydroelectric (kWh)",EG.ELC.RNWX.KH,436050000,Bangladesh
2018,"Electricity production from renewable sources, excluding hydroelectric (kWh)",EG.ELC.RNWX.KH,167710000,Bangladesh
2017,"Electricity production from renewable sources, excluding hydroelectric (kWh)",EG.ELC.RNWX.KH,316850000,Bangladesh
2016,"Electricity production from renewable sources, excluding hydroelectric (kWh)",EG.ELC.RNWX.KH,236360000,Bangladesh
2015,"Electricity production from renewable sources, excluding hydroelectric (kWh)",EG.ELC.RNWX.KH,479730000,Bangladesh
2014,"Electricity production from renewable sources, excluding hydroelectric (kWh)",EG.ELC.RNWX.KH,222230000,Bangladesh
2013,"Electricity production from renewable sources, excluding hydroelectric (kWh)",EG.ELC.RNWX.KH,34240000,Bangladesh
2012,"Electricity production from renewable sources, excluding hydroelectric (kWh)",EG.ELC.RNWX.KH,221170000,Bangladesh
2011,"Electricity production from renewable sources, excluding hydroelectric (kWh)",EG.ELC.RNWX.KH,77730000,Bangladesh
2010,"Electricity production from renewable sources, excluding hydroelectric (kWh)",EG.ELC.RNWX.KH,126280000,Bangladesh
2009,"Electricity production from renewable sources, excluding hydroelectric (kWh)",EG.ELC.RNWX.KH,195600000,Bangladesh
2008,"Electricity production from renewable sources, excluding hydroelectric (kWh)",EG.ELC.RNWX.KH,-262810000,Bangladesh
2007,"Electricity production from renewable sources, excluding hydroelectric (kWh)",EG.ELC.RNWX.KH,-7370000,Bangladesh
2006,"Electricity production from renewable sources, excluding hydroelectric (kWh)",EG.ELC.RNWX.KH,186010000,Bangladesh
2005,"Electricity production from renewable sources, excluding hydroelectric (kWh)",EG.ELC.RNWX.KH,229400000,Bangladesh
2004,"Electricity production from renewable sources, excluding hydroelectric (kWh)",EG.ELC.RNWX.KH,300910000,Bangladesh
2003,"Electricity production from renewable sources, excluding hydroelectric (kWh)",EG.ELC.RNWX.KH,360120000,Bangladesh
2002,"Electricity production from renewable sources, excluding hydroelectric (kWh)",EG.ELC.RNWX.KH,459070000,Bangladesh
2001,"Electricity production from renewable sources, excluding hydroelectric (kWh)",EG.ELC.RNWX.KH,300010000,Bangladesh
2000,"Electricity production from renewable sources, excluding hydroelectric (kWh)",EG.ELC.RNWX.KH,622010000,Bangladesh
1999,"Electricity production from renewable sources, excluding hydroelectric (kWh)",EG.ELC.RNWX.KH,0,Bangladesh
1998,"Electricity production from renewable sources, excluding hydroelectric (kWh)",EG.ELC.RNWX.KH,0,Bangladesh
1997,"Electricity production from renewable sources, excluding hydroelectric (kWh)",EG.ELC.RNWX.KH,0,Bangladesh
1996,"Electricity production from renewable sources, excluding hydroelectric (kWh)",EG.ELC.RNWX.KH,0,Bangladesh
1995,"Electricity production from renewable sources, excluding hydroelectric (kWh)",EG.ELC.RNWX.KH,0,Bangladesh
1994,"Electricity production from renewable sources, excluding hydroelectric (kWh)",EG.ELC.RNWX.KH,0,Bangladesh
1993,"Electricity production from renewable sources, excluding hydroelectric (kWh)",EG.ELC.RNWX.KH,0,Bangladesh
1992,"Electricity production from renewable sources, excluding hydroelectric (kWh)",EG.ELC.RNWX.KH,0,Bangladesh
1991,"Electricity production from renewable sources, excluding hydroelectric (kWh)",EG.ELC.RNWX.KH,0,Bangladesh
1990,"Electricity production from renewable sources, excluding hydroelectric (kWh)",EG.ELC.RNWX.KH,0,Bangladesh
2021,"Electricity production from renewable sources, excluding hydroelectric (% of total)",EG.ELC.RNWX.ZS,0.778793284,Bangladesh
2020,"Electricity production from renewable sources, excluding hydroelectric (% of total)",EG.ELC.RNWX.ZS,0.447563019,Bangladesh
2019,"Electricity production from renewable sources, excluding hydroelectric (% of total)",EG.ELC.RNWX.ZS,0.514082598,Bangladesh
2018,"Electricity production from renewable sources, excluding hydroelectric (% of total)",EG.ELC.RNWX.ZS,0.212492873,Bangladesh
2017,"Electricity production from renewable sources, excluding hydroelectric (% of total)",EG.ELC.RNWX.ZS,0.432246975,Bangladesh
2016,"Electricity production from renewable sources, excluding hydroelectric (% of total)",EG.ELC.RNWX.ZS,0.343846378,Bangladesh
2015,"Electricity production from renewable sources, excluding hydroelectric (% of total)",EG.ELC.RNWX.ZS,0.811231737,Bangladesh
2014,"Electricity production from renewable sources, excluding hydroelectric (% of total)",EG.ELC.RNWX.ZS,0.39764167,Bangladesh
2013,"Electricity production from renewable sources, excluding hydroelectric (% of total)",EG.ELC.RNWX.ZS,0.064421449,Bangladesh
2012,"Electricity production from renewable sources, excluding hydroelectric (% of total)",EG.ELC.RNWX.ZS,0.454194476,Bangladesh
2011,"Electricity production from renewable sources, excluding hydroelectric (% of total)",EG.ELC.RNWX.ZS,0.175510296,Bangladesh
2010,"Electricity production from renewable sources, excluding hydroelectric (% of total)",EG.ELC.RNWX.ZS,0.309176378,Bangladesh
2009,"Electricity production from renewable sources, excluding hydroelectric (% of total)",EG.ELC.RNWX.ZS,0.525382756,Bangladesh
2008,"Electricity production from renewable sources, excluding hydroelectric (% of total)",EG.ELC.RNWX.ZS,-0.766388662,Bangladesh
2007,"Electricity production from renewable sources, excluding hydroelectric (% of total)",EG.ELC.RNWX.ZS,-0.023763462,Bangladesh
2006,"Electricity production from renewable sources, excluding hydroelectric (% of total)",EG.ELC.RNWX.ZS,0.629773835,Bangladesh
2005,"Electricity production from renewable sources, excluding hydroelectric (% of total)",EG.ELC.RNWX.ZS,0.867296786,Bangladesh
2004,"Electricity production from renewable sources, excluding hydroelectric (% of total)",EG.ELC.RNWX.ZS,1.218999392,Bangladesh
2003,"Electricity production from renewable sources, excluding hydroelectric (% of total)",EG.ELC.RNWX.ZS,1.826907468,Bangladesh
2002,"Electricity production from renewable sources, excluding hydroelectric (% of total)",EG.ELC.RNWX.ZS,2.459523172,Bangladesh
2001,"Electricity production from renewable sources, excluding hydroelectric (% of total)",EG.ELC.RNWX.ZS,1.7249885,Bangladesh
2000,"Electricity production from renewable sources, excluding hydroelectric (% of total)",EG.ELC.RNWX.ZS,3.94401116,Bangladesh
1999,"Electricity production from renewable sources, excluding hydroelectric (% of total)",EG.ELC.RNWX.ZS,0,Bangladesh
1998,"Electricity production from renewable sources, excluding hydroelectric (% of total)",EG.ELC.RNWX.ZS,0,Bangladesh
1997,"Electricity production from renewable sources, excluding hydroelectric (% of total)",EG.ELC.RNWX.ZS,0,Bangladesh
1996,"Electricity production from renewable sources, excluding hydroelectric (% of total)",EG.ELC.RNWX.ZS,0,Bangladesh
1995,"Electricity production from renewable sources, excluding hydroelectric (% of total)",EG.ELC.RNWX.ZS,0,Bangladesh
1994,"Electricity production from renewable sources, excluding hydroelectric (% of total)",EG.ELC.RNWX.ZS,0,Bangladesh
1993,"Electricity production from renewable sources, excluding hydroelectric (% of total)",EG.ELC.RNWX.ZS,0,Bangladesh
1992,"Electricity production from renewable sources, excluding hydroelectric (% of total)",EG.ELC.RNWX.ZS,0,Bangladesh
1991,"Electricity production from renewable sources, excluding hydroelectric (% of total)",EG.ELC.RNWX.ZS,0,Bangladesh
1990,"Electricity production from renewable sources, excluding hydroelectric (% of total)",EG.ELC.RNWX.ZS,0,Bangladesh
2021,Renewable energy consumption (% of total final energy consumption),EG.FEC.RNEW.ZS,25,Bangladesh
2020,Renewable energy consumption (% of total final energy consumption),EG.FEC.RNEW.ZS,27.2,Bangladesh
2019,Renewable energy consumption (% of total final energy consumption),EG.FEC.RNEW.ZS,26.1,Bangladesh
2018,Renewable energy consumption (% of total final energy consumption),EG.FEC.RNEW.ZS,27,Bangladesh
2017,Renewable energy consumption (% of total final energy consumption),EG.FEC.RNEW.ZS,28.1,Bangladesh
2016,Renewable energy consumption (% of total final energy consumption),EG.FEC.RNEW.ZS,30.2,Bangladesh
2015,Renewable energy consumption (% of total final energy consumption),EG.FEC.RNEW.ZS,33.1,Bangladesh
2014,Renewable energy consumption (% of total final energy consumption),EG.FEC.RNEW.ZS,35.4,Bangladesh
2013,Renewable energy consumption (% of total final energy consumption),EG.FEC.RNEW.ZS,37,Bangladesh
2012,Renewable energy consumption (% of total final energy consumption),EG.FEC.RNEW.ZS,37.3,Bangladesh
2011,Renewable energy consumption (% of total final energy consumption),EG.FEC.RNEW.ZS,38.4,Bangladesh
2010,Renewable energy consumption (% of total final energy consumption),EG.FEC.RNEW.ZS,40.3,Bangladesh
2009,Renewable energy consumption (% of total final energy consumption),EG.FEC.RNEW.ZS,43.1,Bangladesh
2008,Renewable energy consumption (% of total final energy consumption),EG.FEC.RNEW.ZS,45.2,Bangladesh
2007,Renewable energy consumption (% of total final energy consumption),EG.FEC.RNEW.ZS,47.2,Bangladesh
2006,Renewable energy consumption (% of total final energy consumption),EG.FEC.RNEW.ZS,48.6,Bangladesh
2005,Renewable energy consumption (% of total final energy consumption),EG.FEC.RNEW.ZS,50.6,Bangladesh
2004,Renewable energy consumption (% of total final energy consumption),EG.FEC.RNEW.ZS,52,Bangladesh
2003,Renewable energy consumption (% of total final energy consumption),EG.FEC.RNEW.ZS,52.6,Bangladesh
2002,Renewable energy consumption (% of total final energy consumption),EG.FEC.RNEW.ZS,54.4,Bangladesh
2001,Renewable energy consumption (% of total final energy consumption),EG.FEC.RNEW.ZS,55.9,Bangladesh
2000,Renewable energy consumption (% of total final energy consumption),EG.FEC.RNEW.ZS,60.2,Bangladesh
1999,Renewable energy consumption (% of total final energy consumption),EG.FEC.RNEW.ZS,60.5,Bangladesh
1998,Renewable energy consumption (% of total final energy consumption),EG.FEC.RNEW.ZS,60.2,Bangladesh
1997,Renewable energy consumption (% of total final energy consumption),EG.FEC.RNEW.ZS,60,Bangladesh
1996,Renewable energy consumption (% of total final energy consumption),EG.FEC.RNEW.ZS,62.1,Bangladesh
1995,Renewable energy consumption (% of total final energy consumption),EG.FEC.RNEW.ZS,63.8,Bangladesh
1994,Renewable energy consumption (% of total final energy consumption),EG.FEC.RNEW.ZS,69,Bangladesh
1993,Renewable energy consumption (% of total final energy consumption),EG.FEC.RNEW.ZS,70.5,Bangladesh
1992,Renewable energy consumption (% of total final energy consumption),EG.FEC.RNEW.ZS,71.6,Bangladesh
1991,Renewable energy consumption (% of total final energy consumption),EG.FEC.RNEW.ZS,73.1,Bangladesh
1990,Renewable energy consumption (% of total final energy consumption),EG.FEC.RNEW.ZS,71.7,Bangladesh
2020,"PM2.5 air pollution, mean annual exposure (micrograms per cubic meter)",EN.ATM.PM25.MC.M3,42.38137624,Bangladesh
2019,"PM2.5 air pollution, mean annual exposure (micrograms per cubic meter)",EN.ATM.PM25.MC.M3,50.36452654,Bangladesh
2018,"PM2.5 air pollution, mean annual exposure (micrograms per cubic meter)",EN.ATM.PM25.MC.M3,59.51357785,Bangladesh
2017,"PM2.5 air pollution, mean annual exposure (micrograms per cubic meter)",EN.ATM.PM25.MC.M3,58.34397664,Bangladesh
2016,"PM2.5 air pollution, mean annual exposure (micrograms per cubic meter)",EN.ATM.PM25.MC.M3,63.67841413,Bangladesh
2015,"PM2.5 air pollution, mean annual exposure (micrograms per cubic meter)",EN.ATM.PM25.MC.M3,64.10842952,Bangladesh
2014,"PM2.5 air pollution, mean annual exposure (micrograms per cubic meter)",EN.ATM.PM25.MC.M3,68.32836451,Bangladesh
2013,"PM2.5 air pollution, mean annual exposure (micrograms per cubic meter)",EN.ATM.PM25.MC.M3,64.3758949,Bangladesh
2012,"PM2.5 air pollution, mean annual exposure (micrograms per cubic meter)",EN.ATM.PM25.MC.M3,65.16383893,Bangladesh
2011,"PM2.5 air pollution, mean annual exposure (micrograms per cubic meter)",EN.ATM.PM25.MC.M3,52.29511106,Bangladesh
2010,"PM2.5 air pollution, mean annual exposure (micrograms per cubic meter)",EN.ATM.PM25.MC.M3,42.1588187,Bangladesh
2009,"PM2.5 air pollution, mean annual exposure (micrograms per cubic meter)",EN.ATM.PM25.MC.M3,43.4177843,Bangladesh
2008,"PM2.5 air pollution, mean annual exposure (micrograms per cubic meter)",EN.ATM.PM25.MC.M3,46.43595425,Bangladesh
2007,"PM2.5 air pollution, mean annual exposure (micrograms per cubic meter)",EN.ATM.PM25.MC.M3,50.07523823,Bangladesh
2006,"PM2.5 air pollution, mean annual exposure (micrograms per cubic meter)",EN.ATM.PM25.MC.M3,53.19754595,Bangladesh
2005,"PM2.5 air pollution, mean annual exposure (micrograms per cubic meter)",EN.ATM.PM25.MC.M3,54.6647871,Bangladesh
2004,"PM2.5 air pollution, mean annual exposure (micrograms per cubic meter)",EN.ATM.PM25.MC.M3,54.71398059,Bangladesh
2003,"PM2.5 air pollution, mean annual exposure (micrograms per cubic meter)",EN.ATM.PM25.MC.M3,54.44165602,Bangladesh
2002,"PM2.5 air pollution, mean annual exposure (micrograms per cubic meter)",EN.ATM.PM25.MC.M3,53.99898917,Bangladesh
2001,"PM2.5 air pollution, mean annual exposure (micrograms per cubic meter)",EN.ATM.PM25.MC.M3,53.53715577,Bangladesh
2000,"PM2.5 air pollution, mean annual exposure (micrograms per cubic meter)",EN.ATM.PM25.MC.M3,53.20733159,Bangladesh
1999,"PM2.5 air pollution, mean annual exposure (micrograms per cubic meter)",EN.ATM.PM25.MC.M3,53.00758283,Bangladesh
1998,"PM2.5 air pollution, mean annual exposure (micrograms per cubic meter)",EN.ATM.PM25.MC.M3,52.84040204,Bangladesh
1997,"PM2.5 air pollution, mean annual exposure (micrograms per cubic meter)",EN.ATM.PM25.MC.M3,52.71360444,Bangladesh
1996,"PM2.5 air pollution, mean annual exposure (micrograms per cubic meter)",EN.ATM.PM25.MC.M3,52.63500524,Bangladesh
1995,"PM2.5 air pollution, mean annual exposure (micrograms per cubic meter)",EN.ATM.PM25.MC.M3,52.61241968,Bangladesh
1994,"PM2.5 air pollution, mean annual exposure (micrograms per cubic meter)",EN.ATM.PM25.MC.M3,52.64104825,Bangladesh
1993,"PM2.5 air pollution, mean annual exposure (micrograms per cubic meter)",EN.ATM.PM25.MC.M3,52.7113363,Bangladesh
1992,"PM2.5 air pollution, mean annual exposure (micrograms per cubic meter)",EN.ATM.PM25.MC.M3,52.82396634,Bangladesh
1991,"PM2.5 air pollution, mean annual exposure (micrograms per cubic meter)",EN.ATM.PM25.MC.M3,52.97962088,Bangladesh
1990,"PM2.5 air pollution, mean annual exposure (micrograms per cubic meter)",EN.ATM.PM25.MC.M3,53.17898242,Bangladesh
2017,"PM2.5 pollution, population exposed to levels exceeding WHO Interim Target-1 value (% of total)",EN.ATM.PM25.MC.T1.ZS,99.95283726,Bangladesh
2016,"PM2.5 pollution, population exposed to levels exceeding WHO Interim Target-1 value (% of total)",EN.ATM.PM25.MC.T1.ZS,99.94224718,Bangladesh
2015,"PM2.5 pollution, population exposed to levels exceeding WHO Interim Target-1 value (% of total)",EN.ATM.PM25.MC.T1.ZS,99.99980347,Bangladesh
2014,"PM2.5 pollution, population exposed to levels exceeding WHO Interim Target-1 value (% of total)",EN.ATM.PM25.MC.T1.ZS,99.99619393,Bangladesh
2013,"PM2.5 pollution, population exposed to levels exceeding WHO Interim Target-1 value (% of total)",EN.ATM.PM25.MC.T1.ZS,99.99980834,Bangladesh
2012,"PM2.5 pollution, population exposed to levels exceeding WHO Interim Target-1 value (% of total)",EN.ATM.PM25.MC.T1.ZS,100,Bangladesh
2011,"PM2.5 pollution, population exposed to levels exceeding WHO Interim Target-1 value (% of total)",EN.ATM.PM25.MC.T1.ZS,100,Bangladesh
2010,"PM2.5 pollution, population exposed to levels exceeding WHO Interim Target-1 value (% of total)",EN.ATM.PM25.MC.T1.ZS,100,Bangladesh
2005,"PM2.5 pollution, population exposed to levels exceeding WHO Interim Target-1 value (% of total)",EN.ATM.PM25.MC.T1.ZS,100,Bangladesh
2000,"PM2.5 pollution, population exposed to levels exceeding WHO Interim Target-1 value (% of total)",EN.ATM.PM25.MC.T1.ZS,99.9964437,Bangladesh
1995,"PM2.5 pollution, population exposed to levels exceeding WHO Interim Target-1 value (% of total)",EN.ATM.PM25.MC.T1.ZS,99.99273588,Bangladesh
1990,"PM2.5 pollution, population exposed to levels exceeding WHO Interim Target-1 value (% of total)",EN.ATM.PM25.MC.T1.ZS,99.9929864,Bangladesh
2017,"PM2.5 pollution, population exposed to levels exceeding WHO Interim Target-2 value (% of total)",EN.ATM.PM25.MC.T2.ZS,100,Bangladesh
2016,"PM2.5 pollution, population exposed to levels exceeding WHO Interim Target-2 value (% of total)",EN.ATM.PM25.MC.T2.ZS,100,Bangladesh
2015,"PM2.5 pollution, population exposed to levels exceeding WHO Interim Target-2 value (% of total)",EN.ATM.PM25.MC.T2.ZS,100,Bangladesh
2014,"PM2.5 pollution, population exposed to levels exceeding WHO Interim Target-2 value (% of total)",EN.ATM.PM25.MC.T2.ZS,100,Bangladesh
2013,"PM2.5 pollution, population exposed to levels exceeding WHO Interim Target-2 value (% of total)",EN.ATM.PM25.MC.T2.ZS,100,Bangladesh
2012,"PM2.5 pollution, population exposed to levels exceeding WHO Interim Target-2 value (% of total)",EN.ATM.PM25.MC.T2.ZS,100,Bangladesh
2011,"PM2.5 pollution, population exposed to levels exceeding WHO Interim Target-2 value (% of total)",EN.ATM.PM25.MC.T2.ZS,100,Bangladesh
2010,"PM2.5 pollution, population exposed to levels exceeding WHO Interim Target-2 value (% of total)",EN.ATM.PM25.MC.T2.ZS,100,Bangladesh
2005,"PM2.5 pollution, population exposed to levels exceeding WHO Interim Target-2 value (% of total)",EN.ATM.PM25.MC.T2.ZS,100,Bangladesh
2000,"PM2.5 pollution, population exposed to levels exceeding WHO Interim Target-2 value (% of total)",EN.ATM.PM25.MC.T2.ZS,100,Bangladesh
1995,"PM2.5 pollution, population exposed to levels exceeding WHO Interim Target-2 value (% of total)",EN.ATM.PM25.MC.T2.ZS,100,Bangladesh
1990,"PM2.5 pollution, population exposed to levels exceeding WHO Interim Target-2 value (% of total)",EN.ATM.PM25.MC.T2.ZS,100,Bangladesh
2017,"PM2.5 pollution, population exposed to levels exceeding WHO Interim Target-3 value (% of total)",EN.ATM.PM25.MC.T3.ZS,100,Bangladesh
2016,"PM2.5 pollution, population exposed to levels exceeding WHO Interim Target-3 value (% of total)",EN.ATM.PM25.MC.T3.ZS,100,Bangladesh
2015,"PM2.5 pollution, population exposed to levels exceeding WHO Interim Target-3 value (% of total)",EN.ATM.PM25.MC.T3.ZS,100,Bangladesh
2014,"PM2.5 pollution, population exposed to levels exceeding WHO Interim Target-3 value (% of total)",EN.ATM.PM25.MC.T3.ZS,100,Bangladesh
2013,"PM2.5 pollution, population exposed to levels exceeding WHO Interim Target-3 value (% of total)",EN.ATM.PM25.MC.T3.ZS,100,Bangladesh
2012,"PM2.5 pollution, population exposed to levels exceeding WHO Interim Target-3 value (% of total)",EN.ATM.PM25.MC.T3.ZS,100,Bangladesh
2011,"PM2.5 pollution, population exposed to levels exceeding WHO Interim Target-3 value (% of total)",EN.ATM.PM25.MC.T3.ZS,100,Bangladesh
2010,"PM2.5 pollution, population exposed to levels exceeding WHO Interim Target-3 value (% of total)",EN.ATM.PM25.MC.T3.ZS,100,Bangladesh
2005,"PM2.5 pollution, population exposed to levels exceeding WHO Interim Target-3 value (% of total)",EN.ATM.PM25.MC.T3.ZS,100,Bangladesh
2000,"PM2.5 pollution, population exposed to levels exceeding WHO Interim Target-3 value (% of total)",EN.ATM.PM25.MC.T3.ZS,100,Bangladesh
1995,"PM2.5 pollution, population exposed to levels exceeding WHO Interim Target-3 value (% of total)",EN.ATM.PM25.MC.T3.ZS,100,Bangladesh
1990,"PM2.5 pollution, population exposed to levels exceeding WHO Interim Target-3 value (% of total)",EN.ATM.PM25.MC.T3.ZS,100,Bangladesh
2017,"PM2.5 air pollution, population exposed to levels exceeding WHO guideline value (% of total)",EN.ATM.PM25.MC.ZS,100,Bangladesh
2016,"PM2.5 air pollution, population exposed to levels exceeding WHO guideline value (% of total)",EN.ATM.PM25.MC.ZS,100,Bangladesh
2015,"PM2.5 air pollution, population exposed to levels exceeding WHO guideline value (% of total)",EN.ATM.PM25.MC.ZS,100,Bangladesh
2014,"PM2.5 air pollution, population exposed to levels exceeding WHO guideline value (% of total)",EN.ATM.PM25.MC.ZS,100,Bangladesh
2013,"PM2.5 air pollution, population exposed to levels exceeding WHO guideline value (% of total)",EN.ATM.PM25.MC.ZS,100,Bangladesh
2012,"PM2.5 air pollution, population exposed to levels exceeding WHO guideline value (% of total)",EN.ATM.PM25.MC.ZS,100,Bangladesh
2011,"PM2.5 air pollution, population exposed to levels exceeding WHO guideline value (% of total)",EN.ATM.PM25.MC.ZS,100,Bangladesh
2010,"PM2.5 air pollution, population exposed to levels exceeding WHO guideline value (% of total)",EN.ATM.PM25.MC.ZS,100,Bangladesh
2005,"PM2.5 air pollution, population exposed to levels exceeding WHO guideline value (% of total)",EN.ATM.PM25.MC.ZS,100,Bangladesh
2000,"PM2.5 air pollution, population exposed to levels exceeding WHO guideline value (% of total)",EN.ATM.PM25.MC.ZS,100,Bangladesh
1995,"PM2.5 air pollution, population exposed to levels exceeding WHO guideline value (% of total)",EN.ATM.PM25.MC.ZS,100,Bangladesh
1990,"PM2.5 air pollution, population exposed to levels exceeding WHO guideline value (% of total)",EN.ATM.PM25.MC.ZS,100,Bangladesh
2022,"Bird species, threatened",EN.BIR.THRD.NO,36,Bangladesh
2018,"Bird species, threatened",EN.BIR.THRD.NO,36,Bangladesh
2011,Disaster risk reduction progress score (1-5 scale; 5=best),EN.CLC.DRSK.XQ,4,Bangladesh
2009,"Droughts, floods, extreme temperatures (% of population, average 1990-2009)",EN.CLC.MDAT.ZS,4.584694259,Bangladesh
2022,"Fish species, threatened",EN.FSH.THRD.NO,75,Bangladesh
2018,"Fish species, threatened",EN.FSH.THRD.NO,29,Bangladesh
2023,Total greenhouse gas emissions including LULUCF (Mt CO2e),EN.GHG.ALL.LU.MT.CE.AR5,216.208,Bangladesh
2022,Total greenhouse gas emissions including LULUCF (Mt CO2e),EN.GHG.ALL.LU.MT.CE.AR5,223.3537,Bangladesh
2021,Total greenhouse gas emissions including LULUCF (Mt CO2e),EN.GHG.ALL.LU.MT.CE.AR5,219.7393,Bangladesh
2020,Total greenhouse gas emissions including LULUCF (Mt CO2e),EN.GHG.ALL.LU.MT.CE.AR5,203.1172,Bangladesh
2019,Total greenhouse gas emissions including LULUCF (Mt CO2e),EN.GHG.ALL.LU.MT.CE.AR5,206.1187,Bangladesh
2018,Total greenhouse gas emissions including LULUCF (Mt CO2e),EN.GHG.ALL.LU.MT.CE.AR5,200.9133,Bangladesh
2017,Total greenhouse gas emissions including LULUCF (Mt CO2e),EN.GHG.ALL.LU.MT.CE.AR5,195.8249,Bangladesh
2016,Total greenhouse gas emissions including LULUCF (Mt CO2e),EN.GHG.ALL.LU.MT.CE.AR5,186.5841,Bangladesh
2015,Total greenhouse gas emissions including LULUCF (Mt CO2e),EN.GHG.ALL.LU.MT.CE.AR5,177.8366,Bangladesh
2014,Total greenhouse gas emissions including LULUCF (Mt CO2e),EN.GHG.ALL.LU.MT.CE.AR5,168.6863,Bangladesh
2013,Total greenhouse gas emissions including LULUCF (Mt CO2e),EN.GHG.ALL.LU.MT.CE.AR5,162.1727,Bangladesh
2012,Total greenhouse gas emissions including LULUCF (Mt CO2e),EN.GHG.ALL.LU.MT.CE.AR5,159.0795,Bangladesh
2011,Total greenhouse gas emissions including LULUCF (Mt CO2e),EN.GHG.ALL.LU.MT.CE.AR5,153.6849,Bangladesh
2010,Total greenhouse gas emissions including LULUCF (Mt CO2e),EN.GHG.ALL.LU.MT.CE.AR5,148.7049,Bangladesh
2009,Total greenhouse gas emissions including LULUCF (Mt CO2e),EN.GHG.ALL.LU.MT.CE.AR5,141.0876,Bangladesh
2008,Total greenhouse gas emissions including LULUCF (Mt CO2e),EN.GHG.ALL.LU.MT.CE.AR5,136.1452,Bangladesh
2007,Total greenhouse gas emissions including LULUCF (Mt CO2e),EN.GHG.ALL.LU.MT.CE.AR5,129.1049,Bangladesh
2006,Total greenhouse gas emissions including LULUCF (Mt CO2e),EN.GHG.ALL.LU.MT.CE.AR5,124.5732,Bangladesh
2005,Total greenhouse gas emissions including LULUCF (Mt CO2e),EN.GHG.ALL.LU.MT.CE.AR5,120.0474,Bangladesh
2004,Total greenhouse gas emissions including LULUCF (Mt CO2e),EN.GHG.ALL.LU.MT.CE.AR5,115.961,Bangladesh
2003,Total greenhouse gas emissions including LULUCF (Mt CO2e),EN.GHG.ALL.LU.MT.CE.AR5,113.3679,Bangladesh
2002,Total greenhouse gas emissions including LULUCF (Mt CO2e),EN.GHG.ALL.LU.MT.CE.AR5,110.3986,Bangladesh
2001,Total greenhouse gas emissions including LULUCF (Mt CO2e),EN.GHG.ALL.LU.MT.CE.AR5,107.3266,Bangladesh
2000,Total greenhouse gas emissions including LULUCF (Mt CO2e),EN.GHG.ALL.LU.MT.CE.AR5,100.7269,Bangladesh
2024,Total greenhouse gas emissions excluding LULUCF (Mt CO2e),EN.GHG.ALL.MT.CE.AR5,220.8267,Bangladesh
2023,Total greenhouse gas emissions excluding LULUCF (Mt CO2e),EN.GHG.ALL.MT.CE.AR5,215.8337,Bangladesh
2022,Total greenhouse gas emissions excluding LULUCF (Mt CO2e),EN.GHG.ALL.MT.CE.AR5,222.9794,Bangladesh
2021,Total greenhouse gas emissions excluding LULUCF (Mt CO2e),EN.GHG.ALL.MT.CE.AR5,219.365,Bangladesh
2020,Total greenhouse gas emissions excluding LULUCF (Mt CO2e),EN.GHG.ALL.MT.CE.AR5,202.7429,Bangladesh
2019,Total greenhouse gas emissions excluding LULUCF (Mt CO2e),EN.GHG.ALL.MT.CE.AR5,205.7444,Bangladesh
2018,Total greenhouse gas emissions excluding LULUCF (Mt CO2e),EN.GHG.ALL.MT.CE.AR5,200.539,Bangladesh
2017,Total greenhouse gas emissions excluding LULUCF (Mt CO2e),EN.GHG.ALL.MT.CE.AR5,195.4506,Bangladesh
2016,Total greenhouse gas emissions excluding LULUCF (Mt CO2e),EN.GHG.ALL.MT.CE.AR5,186.2098,Bangladesh
2015,Total greenhouse gas emissions excluding LULUCF (Mt CO2e),EN.GHG.ALL.MT.CE.AR5,177.4623,Bangladesh
2014,Total greenhouse gas emissions excluding LULUCF (Mt CO2e),EN.GHG.ALL.MT.CE.AR5,168.312,Bangladesh
2013,Total greenhouse gas emissions excluding LULUCF (Mt CO2e),EN.GHG.ALL.MT.CE.AR5,161.7984,Bangladesh
2012,Total greenhouse gas emissions excluding LULUCF (Mt CO2e),EN.GHG.ALL.MT.CE.AR5,158.7052,Bangladesh
2011,Total greenhouse gas emissions excluding LULUCF (Mt CO2e),EN.GHG.ALL.MT.CE.AR5,153.3106,Bangladesh
2010,Total greenhouse gas emissions excluding LULUCF (Mt CO2e),EN.GHG.ALL.MT.CE.AR5,148.3306,Bangladesh
2009,Total greenhouse gas emissions excluding LULUCF (Mt CO2e),EN.GHG.ALL.MT.CE.AR5,140.7133,Bangladesh
2008,Total greenhouse gas emissions excluding LULUCF (Mt CO2e),EN.GHG.ALL.MT.CE.AR5,135.7709,Bangladesh
2007,Total greenhouse gas emissions excluding LULUCF (Mt CO2e),EN.GHG.ALL.MT.CE.AR5,128.7306,Bangladesh
2006,Total greenhouse gas emissions excluding LULUCF (Mt CO2e),EN.GHG.ALL.MT.CE.AR5,124.1989,Bangladesh
2005,Total greenhouse gas emissions excluding LULUCF (Mt CO2e),EN.GHG.ALL.MT.CE.AR5,119.6731,Bangladesh
2004,Total greenhouse gas emissions excluding LULUCF (Mt CO2e),EN.GHG.ALL.MT.CE.AR5,115.5867,Bangladesh
2003,Total greenhouse gas emissions excluding LULUCF (Mt CO2e),EN.GHG.ALL.MT.CE.AR5,112.9936,Bangladesh
2002,Total greenhouse gas emissions excluding LULUCF (Mt CO2e),EN.GHG.ALL.MT.CE.AR5,110.0243,Bangladesh
2001,Total greenhouse gas emissions excluding LULUCF (Mt CO2e),EN.GHG.ALL.MT.CE.AR5,106.9523,Bangladesh
2000,Total greenhouse gas emissions excluding LULUCF (Mt CO2e),EN.GHG.ALL.MT.CE.AR5,100.3526,Bangladesh
1999,Total greenhouse gas emissions excluding LULUCF (Mt CO2e),EN.GHG.ALL.MT.CE.AR5,98.3036,Bangladesh
1998,Total greenhouse gas emissions excluding LULUCF (Mt CO2e),EN.GHG.ALL.MT.CE.AR5,93.6163,Bangladesh
1997,Total greenhouse gas emissions excluding LULUCF (Mt CO2e),EN.GHG.ALL.MT.CE.AR5,92.5166,Bangladesh
1996,Total greenhouse gas emissions excluding LULUCF (Mt CO2e),EN.GHG.ALL.MT.CE.AR5,89.9718,Bangladesh
1995,Total greenhouse gas emissions excluding LULUCF (Mt CO2e),EN.GHG.ALL.MT.CE.AR5,88.4602,Bangladesh
1994,Total greenhouse gas emissions excluding LULUCF (Mt CO2e),EN.GHG.ALL.MT.CE.AR5,82.3395,Bangladesh
1993,Total greenhouse gas emissions excluding LULUCF (Mt CO2e),EN.GHG.ALL.MT.CE.AR5,79.4148,Bangladesh
1992,Total greenhouse gas emissions excluding LULUCF (Mt CO2e),EN.GHG.ALL.MT.CE.AR5,77.6491,Bangladesh
1991,Total greenhouse gas emissions excluding LULUCF (Mt CO2e),EN.GHG.ALL.MT.CE.AR5,74.9862,Bangladesh
1990,Total greenhouse gas emissions excluding LULUCF (Mt CO2e),EN.GHG.ALL.MT.CE.AR5,74.8745,Bangladesh
1989,Total greenhouse gas emissions excluding LULUCF (Mt CO2e),EN.GHG.ALL.MT.CE.AR5,73.3563,Bangladesh
1988,Total greenhouse gas emissions excluding LULUCF (Mt CO2e),EN.GHG.ALL.MT.CE.AR5,69.9492,Bangladesh
1987,Total greenhouse gas emissions excluding LULUCF (Mt CO2e),EN.GHG.ALL.MT.CE.AR5,67.7643,Bangladesh
1986,Total greenhouse gas emissions excluding LULUCF (Mt CO2e),EN.GHG.ALL.MT.CE.AR5,66.1734,Bangladesh
1985,Total greenhouse gas emissions excluding LULUCF (Mt CO2e),EN.GHG.ALL.MT.CE.AR5,63.6398,Bangladesh
1984,Total greenhouse gas emissions excluding LULUCF (Mt CO2e),EN.GHG.ALL.MT.CE.AR5,61.3368,Bangladesh
1983,Total greenhouse gas emissions excluding LULUCF (Mt CO2e),EN.GHG.ALL.MT.CE.AR5,60.1229,Bangladesh
1982,Total greenhouse gas emissions excluding LULUCF (Mt CO2e),EN.GHG.ALL.MT.CE.AR5,59.782,Bangladesh
1981,Total greenhouse gas emissions excluding LULUCF (Mt CO2e),EN.GHG.ALL.MT.CE.AR5,57.7314,Bangladesh
1980,Total greenhouse gas emissions excluding LULUCF (Mt CO2e),EN.GHG.ALL.MT.CE.AR5,56.7762,Bangladesh
1979,Total greenhouse gas emissions excluding LULUCF (Mt CO2e),EN.GHG.ALL.MT.CE.AR5,63.5508,Bangladesh
1978,Total greenhouse gas emissions excluding LULUCF (Mt CO2e),EN.GHG.ALL.MT.CE.AR5,60.9162,Bangladesh
1977,Total greenhouse gas emissions excluding LULUCF (Mt CO2e),EN.GHG.ALL.MT.CE.AR5,56.8076,Bangladesh
1976,Total greenhouse gas emissions excluding LULUCF (Mt CO2e),EN.GHG.ALL.MT.CE.AR5,55.1951,Bangladesh
1975,Total greenhouse gas emissions excluding LULUCF (Mt CO2e),EN.GHG.ALL.MT.CE.AR5,54.3687,Bangladesh
1974,Total greenhouse gas emissions excluding LULUCF (Mt CO2e),EN.GHG.ALL.MT.CE.AR5,51.5092,Bangladesh
1973,Total greenhouse gas emissions excluding LULUCF (Mt CO2e),EN.GHG.ALL.MT.CE.AR5,51.0162,Bangladesh
1972,Total greenhouse gas emissions excluding LULUCF (Mt CO2e),EN.GHG.ALL.MT.CE.AR5,50.5363,Bangladesh
1971,Total greenhouse gas emissions excluding LULUCF (Mt CO2e),EN.GHG.ALL.MT.CE.AR5,49.7911,Bangladesh
1970,Total greenhouse gas emissions excluding LULUCF (Mt CO2e),EN.GHG.ALL.MT.CE.AR5,51.0048,Bangladesh
2024,Total greenhouse gas emissions excluding LULUCF per capita (t CO2e/capita),EN.GHG.ALL.PC.CE.AR5,1.272319038,Bangladesh
2023,Total greenhouse gas emissions excluding LULUCF per capita (t CO2e/capita),EN.GHG.ALL.PC.CE.AR5,1.258747821,Bangladesh
2022,Total greenhouse gas emissions excluding LULUCF per capita (t CO2e/capita),EN.GHG.ALL.PC.CE.AR5,1.316406622,Bangladesh
2021,Total greenhouse gas emissions excluding LULUCF per capita (t CO2e/capita),EN.GHG.ALL.PC.CE.AR5,1.308400927,Bangladesh
2020,Total greenhouse gas emissions excluding LULUCF per capita (t CO2e/capita),EN.GHG.ALL.PC.CE.AR5,1.219153993,Bangladesh
2019,Total greenhouse gas emissions excluding LULUCF per capita (t CO2e/capita),EN.GHG.ALL.PC.CE.AR5,1.247593164,Bangladesh
2018,Total greenhouse gas emissions excluding LULUCF per capita (t CO2e/capita),EN.GHG.ALL.PC.CE.AR5,1.226364938,Bangladesh
2017,Total greenhouse gas emissions excluding LULUCF per capita (t CO2e/capita),EN.GHG.ALL.PC.CE.AR5,1.205100458,Bangladesh
2016,Total greenhouse gas emissions excluding LULUCF per capita (t CO2e/capita),EN.GHG.ALL.PC.CE.AR5,1.157935221,Bangladesh
2015,Total greenhouse gas emissions excluding LULUCF per capita (t CO2e/capita),EN.GHG.ALL.PC.CE.AR5,1.113431801,Bangladesh
2014,Total greenhouse gas emissions excluding LULUCF per capita (t CO2e/capita),EN.GHG.ALL.PC.CE.AR5,1.065502331,Bangladesh
2013,Total greenhouse gas emissions excluding LULUCF per capita (t CO2e/capita),EN.GHG.ALL.PC.CE.AR5,1.033643308,Bangladesh
2012,Total greenhouse gas emissions excluding LULUCF per capita (t CO2e/capita),EN.GHG.ALL.PC.CE.AR5,1.02344165,Bangladesh
2011,Total greenhouse gas emissions excluding LULUCF per capita (t CO2e/capita),EN.GHG.ALL.PC.CE.AR5,0.998173878,Bangladesh
2010,Total greenhouse gas emissions excluding LULUCF per capita (t CO2e/capita),EN.GHG.ALL.PC.CE.AR5,0.974564188,Bangladesh
2009,Total greenhouse gas emissions excluding LULUCF per capita (t CO2e/capita),EN.GHG.ALL.PC.CE.AR5,0.932656168,Bangladesh
2008,Total greenhouse gas emissions excluding LULUCF per capita (t CO2e/capita),EN.GHG.ALL.PC.CE.AR5,0.90832292,Bangladesh
2007,Total greenhouse gas emissions excluding LULUCF per capita (t CO2e/capita),EN.GHG.ALL.PC.CE.AR5,0.86986437,Bangladesh
2006,Total greenhouse gas emissions excluding LULUCF per capita (t CO2e/capita),EN.GHG.ALL.PC.CE.AR5,0.848318531,Bangladesh
2005,Total greenhouse gas emissions excluding LULUCF per capita (t CO2e/capita),EN.GHG.ALL.PC.CE.AR5,0.826952631,Bangladesh
2004,Total greenhouse gas emissions excluding LULUCF per capita (t CO2e/capita),EN.GHG.ALL.PC.CE.AR5,0.808848075,Bangladesh
2003,Total greenhouse gas emissions excluding LULUCF per capita (t CO2e/capita),EN.GHG.ALL.PC.CE.AR5,0.801541595,Bangladesh
2002,Total greenhouse gas emissions excluding LULUCF per capita (t CO2e/capita),EN.GHG.ALL.PC.CE.AR5,0.791919695,Bangladesh
2001,Total greenhouse gas emissions excluding LULUCF per capita (t CO2e/capita),EN.GHG.ALL.PC.CE.AR5,0.781781856,Bangladesh
2000,Total greenhouse gas emissions excluding LULUCF per capita (t CO2e/capita),EN.GHG.ALL.PC.CE.AR5,0.745870297,Bangladesh
1999,Total greenhouse gas emissions excluding LULUCF per capita (t CO2e/capita),EN.GHG.ALL.PC.CE.AR5,0.744115055,Bangladesh
1998,Total greenhouse gas emissions excluding LULUCF per capita (t CO2e/capita),EN.GHG.ALL.PC.CE.AR5,0.722223544,Bangladesh
1997,Total greenhouse gas emissions excluding LULUCF per capita (t CO2e/capita),EN.GHG.ALL.PC.CE.AR5,0.727342803,Bangladesh
1996,Total greenhouse gas emissions excluding LULUCF per capita (t CO2e/capita),EN.GHG.ALL.PC.CE.AR5,0.720568876,Bangladesh
1995,Total greenhouse gas emissions excluding LULUCF per capita (t CO2e/capita),EN.GHG.ALL.PC.CE.AR5,0.721532896,Bangladesh
1994,Total greenhouse gas emissions excluding LULUCF per capita (t CO2e/capita),EN.GHG.ALL.PC.CE.AR5,0.684205791,Bangladesh
1993,Total greenhouse gas emissions excluding LULUCF per capita (t CO2e/capita),EN.GHG.ALL.PC.CE.AR5,0.672252717,Bangladesh
1992,Total greenhouse gas emissions excluding LULUCF per capita (t CO2e/capita),EN.GHG.ALL.PC.CE.AR5,0.669664787,Bangladesh
1991,Total greenhouse gas emissions excluding LULUCF per capita (t CO2e/capita),EN.GHG.ALL.PC.CE.AR5,0.659004352,Bangladesh
1990,Total greenhouse gas emissions excluding LULUCF per capita (t CO2e/capita),EN.GHG.ALL.PC.CE.AR5,0.67071582,Bangladesh
1989,Total greenhouse gas emissions excluding LULUCF per capita (t CO2e/capita),EN.GHG.ALL.PC.CE.AR5,0.67032581,Bangladesh
1988,Total greenhouse gas emissions excluding LULUCF per capita (t CO2e/capita),EN.GHG.ALL.PC.CE.AR5,0.65241377,Bangladesh
1987,Total greenhouse gas emissions excluding LULUCF per capita (t CO2e/capita),EN.GHG.ALL.PC.CE.AR5,0.645624597,Bangladesh
1986,Total greenhouse gas emissions excluding LULUCF per capita (t CO2e/capita),EN.GHG.ALL.PC.CE.AR5,0.644741377,Bangladesh
1985,Total greenhouse gas emissions excluding LULUCF per capita (t CO2e/capita),EN.GHG.ALL.PC.CE.AR5,0.634786753,Bangladesh
1984,Total greenhouse gas emissions excluding LULUCF per capita (t CO2e/capita),EN.GHG.ALL.PC.CE.AR5,0.627069686,Bangladesh
1983,Total greenhouse gas emissions excluding LULUCF per capita (t CO2e/capita),EN.GHG.ALL.PC.CE.AR5,0.63064774,Bangladesh
1982,Total greenhouse gas emissions excluding LULUCF per capita (t CO2e/capita),EN.GHG.ALL.PC.CE.AR5,0.644101897,Bangladesh
1981,Total greenhouse gas emissions excluding LULUCF per capita (t CO2e/capita),EN.GHG.ALL.PC.CE.AR5,0.639306921,Bangladesh
1980,Total greenhouse gas emissions excluding LULUCF per capita (t CO2e/capita),EN.GHG.ALL.PC.CE.AR5,0.64506364,Bangladesh
1979,Total greenhouse gas emissions excluding LULUCF per capita (t CO2e/capita),EN.GHG.ALL.PC.CE.AR5,0.739521112,Bangladesh
1978,Total greenhouse gas emissions excluding LULUCF per capita (t CO2e/capita),EN.GHG.ALL.PC.CE.AR5,0.726146746,Bangladesh
1977,Total greenhouse gas emissions excluding LULUCF per capita (t CO2e/capita),EN.GHG.ALL.PC.CE.AR5,0.693898846,Bangladesh
1976,Total greenhouse gas emissions excluding LULUCF per capita (t CO2e/capita),EN.GHG.ALL.PC.CE.AR5,0.691188782,Bangladesh
1975,Total greenhouse gas emissions excluding LULUCF per capita (t CO2e/capita),EN.GHG.ALL.PC.CE.AR5,0.69833862,Bangladesh
1974,Total greenhouse gas emissions excluding LULUCF per capita (t CO2e/capita),EN.GHG.ALL.PC.CE.AR5,0.679188329,Bangladesh
1973,Total greenhouse gas emissions excluding LULUCF per capita (t CO2e/capita),EN.GHG.ALL.PC.CE.AR5,0.692005054,Bangladesh
1972,Total greenhouse gas emissions excluding LULUCF per capita (t CO2e/capita),EN.GHG.ALL.PC.CE.AR5,0.7054052,Bangladesh
1971,Total greenhouse gas emissions excluding LULUCF per capita (t CO2e/capita),EN.GHG.ALL.PC.CE.AR5,0.708500241,Bangladesh
1970,Total greenhouse gas emissions excluding LULUCF per capita (t CO2e/capita),EN.GHG.ALL.PC.CE.AR5,0.738569604,Bangladesh
2024,Methane (CH4) emissions from Agriculture (Mt CO2e),EN.GHG.CH4.AG.MT.CE.AR5,47.4059,Bangladesh
2023,Methane (CH4) emissions from Agriculture (Mt CO2e),EN.GHG.CH4.AG.MT.CE.AR5,48.5841,Bangladesh
2022,Methane (CH4) emissions from Agriculture (Mt CO2e),EN.GHG.CH4.AG.MT.CE.AR5,53.0532,Bangladesh
2021,Methane (CH4) emissions from Agriculture (Mt CO2e),EN.GHG.CH4.AG.MT.CE.AR5,52.7777,Bangladesh
2020,Methane (CH4) emissions from Agriculture (Mt CO2e),EN.GHG.CH4.AG.MT.CE.AR5,52.0419,Bangladesh
2019,Methane (CH4) emissions from Agriculture (Mt CO2e),EN.GHG.CH4.AG.MT.CE.AR5,51.8718,Bangladesh
2018,Methane (CH4) emissions from Agriculture (Mt CO2e),EN.GHG.CH4.AG.MT.CE.AR5,51.6336,Bangladesh
2017,Methane (CH4) emissions from Agriculture (Mt CO2e),EN.GHG.CH4.AG.MT.CE.AR5,51.5698,Bangladesh
2016,Methane (CH4) emissions from Agriculture (Mt CO2e),EN.GHG.CH4.AG.MT.CE.AR5,50.4119,Bangladesh
2015,Methane (CH4) emissions from Agriculture (Mt CO2e),EN.GHG.CH4.AG.MT.CE.AR5,50.8555,Bangladesh
2014,Methane (CH4) emissions from Agriculture (Mt CO2e),EN.GHG.CH4.AG.MT.CE.AR5,50.7275,Bangladesh
2013,Methane (CH4) emissions from Agriculture (Mt CO2e),EN.GHG.CH4.AG.MT.CE.AR5,50.4681,Bangladesh
2012,Methane (CH4) emissions from Agriculture (Mt CO2e),EN.GHG.CH4.AG.MT.CE.AR5,50.2725,Bangladesh
2011,Methane (CH4) emissions from Agriculture (Mt CO2e),EN.GHG.CH4.AG.MT.CE.AR5,50.0417,Bangladesh
2010,Methane (CH4) emissions from Agriculture (Mt CO2e),EN.GHG.CH4.AG.MT.CE.AR5,49.5964,Bangladesh
2009,Methane (CH4) emissions from Agriculture (Mt CO2e),EN.GHG.CH4.AG.MT.CE.AR5,48.8431,Bangladesh
2008,Methane (CH4) emissions from Agriculture (Mt CO2e),EN.GHG.CH4.AG.MT.CE.AR5,48.2702,Bangladesh
2007,Methane (CH4) emissions from Agriculture (Mt CO2e),EN.GHG.CH4.AG.MT.CE.AR5,46.7482,Bangladesh
2006,Methane (CH4) emissions from Agriculture (Mt CO2e),EN.GHG.CH4.AG.MT.CE.AR5,46.3095,Bangladesh
2005,Methane (CH4) emissions from Agriculture (Mt CO2e),EN.GHG.CH4.AG.MT.CE.AR5,45.7369,Bangladesh
2004,Methane (CH4) emissions from Agriculture (Mt CO2e),EN.GHG.CH4.AG.MT.CE.AR5,44.8767,Bangladesh
2003,Methane (CH4) emissions from Agriculture (Mt CO2e),EN.GHG.CH4.AG.MT.CE.AR5,45.2811,Bangladesh
2002,Methane (CH4) emissions from Agriculture (Mt CO2e),EN.GHG.CH4.AG.MT.CE.AR5,44.9228,Bangladesh
2001,Methane (CH4) emissions from Agriculture (Mt CO2e),EN.GHG.CH4.AG.MT.CE.AR5,44.2104,Bangladesh
2000,Methane (CH4) emissions from Agriculture (Mt CO2e),EN.GHG.CH4.AG.MT.CE.AR5,44.2718,Bangladesh
1999,Methane (CH4) emissions from Agriculture (Mt CO2e),EN.GHG.CH4.AG.MT.CE.AR5,43.5993,Bangladesh
1998,Methane (CH4) emissions from Agriculture (Mt CO2e),EN.GHG.CH4.AG.MT.CE.AR5,42.0285,Bangladesh
1997,Methane (CH4) emissions from Agriculture (Mt CO2e),EN.GHG.CH4.AG.MT.CE.AR5,41.9113,Bangladesh
1996,Methane (CH4) emissions from Agriculture (Mt CO2e),EN.GHG.CH4.AG.MT.CE.AR5,41.1046,Bangladesh
1995,Methane (CH4) emissions from Agriculture (Mt CO2e),EN.GHG.CH4.AG.MT.CE.AR5,40.6228,Bangladesh
1994,Methane (CH4) emissions from Agriculture (Mt CO2e),EN.GHG.CH4.AG.MT.CE.AR5,39.7184,Bangladesh
1993,Methane (CH4) emissions from Agriculture (Mt CO2e),EN.GHG.CH4.AG.MT.CE.AR5,38.8478,Bangladesh
1992,Methane (CH4) emissions from Agriculture (Mt CO2e),EN.GHG.CH4.AG.MT.CE.AR5,38.7861,Bangladesh
1991,Methane (CH4) emissions from Agriculture (Mt CO2e),EN.GHG.CH4.AG.MT.CE.AR5,38.4095,Bangladesh
1990,Methane (CH4) emissions from Agriculture (Mt CO2e),EN.GHG.CH4.AG.MT.CE.AR5,38.4105,Bangladesh
1989,Methane (CH4) emissions from Agriculture (Mt CO2e),EN.GHG.CH4.AG.MT.CE.AR5,38.0188,Bangladesh
1988,Methane (CH4) emissions from Agriculture (Mt CO2e),EN.GHG.CH4.AG.MT.CE.AR5,37.177,Bangladesh
1987,Methane (CH4) emissions from Agriculture (Mt CO2e),EN.GHG.CH4.AG.MT.CE.AR5,36.9146,Bangladesh
1986,Methane (CH4) emissions from Agriculture (Mt CO2e),EN.GHG.CH4.AG.MT.CE.AR5,36.969,Bangladesh
1985,Methane (CH4) emissions from Agriculture (Mt CO2e),EN.GHG.CH4.AG.MT.CE.AR5,36.2671,Bangladesh
1984,Methane (CH4) emissions from Agriculture (Mt CO2e),EN.GHG.CH4.AG.MT.CE.AR5,35.5099,Bangladesh
1983,Methane (CH4) emissions from Agriculture (Mt CO2e),EN.GHG.CH4.AG.MT.CE.AR5,34.6525,Bangladesh
1982,Methane (CH4) emissions from Agriculture (Mt CO2e),EN.GHG.CH4.AG.MT.CE.AR5,35.6094,Bangladesh
1981,Methane (CH4) emissions from Agriculture (Mt CO2e),EN.GHG.CH4.AG.MT.CE.AR5,35.0872,Bangladesh
1980,Methane (CH4) emissions from Agriculture (Mt CO2e),EN.GHG.CH4.AG.MT.CE.AR5,34.4806,Bangladesh
1979,Methane (CH4) emissions from Agriculture (Mt CO2e),EN.GHG.CH4.AG.MT.CE.AR5,41.4196,Bangladesh
1978,Methane (CH4) emissions from Agriculture (Mt CO2e),EN.GHG.CH4.AG.MT.CE.AR5,40.1999,Bangladesh
1977,Methane (CH4) emissions from Agriculture (Mt CO2e),EN.GHG.CH4.AG.MT.CE.AR5,37.3355,Bangladesh
1976,Methane (CH4) emissions from Agriculture (Mt CO2e),EN.GHG.CH4.AG.MT.CE.AR5,36.6038,Bangladesh
1975,Methane (CH4) emissions from Agriculture (Mt CO2e),EN.GHG.CH4.AG.MT.CE.AR5,36.6521,Bangladesh
1974,Methane (CH4) emissions from Agriculture (Mt CO2e),EN.GHG.CH4.AG.MT.CE.AR5,35.3702,Bangladesh
1973,Methane (CH4) emissions from Agriculture (Mt CO2e),EN.GHG.CH4.AG.MT.CE.AR5,35.0767,Bangladesh
1972,Methane (CH4) emissions from Agriculture (Mt CO2e),EN.GHG.CH4.AG.MT.CE.AR5,35.4856,Bangladesh
1971,Methane (CH4) emissions from Agriculture (Mt CO2e),EN.GHG.CH4.AG.MT.CE.AR5,35.0952,Bangladesh
1970,Methane (CH4) emissions from Agriculture (Mt CO2e),EN.GHG.CH4.AG.MT.CE.AR5,36.3428,Bangladesh
2024,Methane (CH4) emissions from Building (Energy) (Mt CO2e),EN.GHG.CH4.BU.MT.CE.AR5,3.5666,Bangladesh
2023,Methane (CH4) emissions from Building (Energy) (Mt CO2e),EN.GHG.CH4.BU.MT.CE.AR5,3.5477,Bangladesh
2022,Methane (CH4) emissions from Building (Energy) (Mt CO2e),EN.GHG.CH4.BU.MT.CE.AR5,3.5746,Bangladesh
2021,Methane (CH4) emissions from Building (Energy) (Mt CO2e),EN.GHG.CH4.BU.MT.CE.AR5,3.6374,Bangladesh
2020,Methane (CH4) emissions from Building (Energy) (Mt CO2e),EN.GHG.CH4.BU.MT.CE.AR5,3.5178,Bangladesh
2019,Methane (CH4) emissions from Building (Energy) (Mt CO2e),EN.GHG.CH4.BU.MT.CE.AR5,3.5578,Bangladesh
2018,Methane (CH4) emissions from Building (Energy) (Mt CO2e),EN.GHG.CH4.BU.MT.CE.AR5,3.6043,Bangladesh
2017,Methane (CH4) emissions from Building (Energy) (Mt CO2e),EN.GHG.CH4.BU.MT.CE.AR5,3.6801,Bangladesh
2016,Methane (CH4) emissions from Building (Energy) (Mt CO2e),EN.GHG.CH4.BU.MT.CE.AR5,3.7244,Bangladesh
2015,Methane (CH4) emissions from Building (Energy) (Mt CO2e),EN.GHG.CH4.BU.MT.CE.AR5,3.7658,Bangladesh
2014,Methane (CH4) emissions from Building (Energy) (Mt CO2e),EN.GHG.CH4.BU.MT.CE.AR5,3.7913,Bangladesh
2013,Methane (CH4) emissions from Building (Energy) (Mt CO2e),EN.GHG.CH4.BU.MT.CE.AR5,3.8077,Bangladesh
2012,Methane (CH4) emissions from Building (Energy) (Mt CO2e),EN.GHG.CH4.BU.MT.CE.AR5,3.8136,Bangladesh
2011,Methane (CH4) emissions from Building (Energy) (Mt CO2e),EN.GHG.CH4.BU.MT.CE.AR5,3.8142,Bangladesh
2010,Methane (CH4) emissions from Building (Energy) (Mt CO2e),EN.GHG.CH4.BU.MT.CE.AR5,3.8143,Bangladesh
2009,Methane (CH4) emissions from Building (Energy) (Mt CO2e),EN.GHG.CH4.BU.MT.CE.AR5,3.7983,Bangladesh
2008,Methane (CH4) emissions from Building (Energy) (Mt CO2e),EN.GHG.CH4.BU.MT.CE.AR5,3.7865,Bangladesh
2007,Methane (CH4) emissions from Building (Energy) (Mt CO2e),EN.GHG.CH4.BU.MT.CE.AR5,3.7603,Bangladesh
2006,Methane (CH4) emissions from Building (Energy) (Mt CO2e),EN.GHG.CH4.BU.MT.CE.AR5,3.7259,Bangladesh
2005,Methane (CH4) emissions from Building (Energy) (Mt CO2e),EN.GHG.CH4.BU.MT.CE.AR5,3.6912,Bangladesh
2004,Methane (CH4) emissions from Building (Energy) (Mt CO2e),EN.GHG.CH4.BU.MT.CE.AR5,3.6445,Bangladesh
2003,Methane (CH4) emissions from Building (Energy) (Mt CO2e),EN.GHG.CH4.BU.MT.CE.AR5,3.5943,Bangladesh
2002,Methane (CH4) emissions from Building (Energy) (Mt CO2e),EN.GHG.CH4.BU.MT.CE.AR5,3.5343,Bangladesh
2001,Methane (CH4) emissions from Building (Energy) (Mt CO2e),EN.GHG.CH4.BU.MT.CE.AR5,3.4736,Bangladesh
2000,Methane (CH4) emissions from Building (Energy) (Mt CO2e),EN.GHG.CH4.BU.MT.CE.AR5,3.4094,Bangladesh
1999,Methane (CH4) emissions from Building (Energy) (Mt CO2e),EN.GHG.CH4.BU.MT.CE.AR5,3.3389,Bangladesh
1998,Methane (CH4) emissions from Building (Energy) (Mt CO2e),EN.GHG.CH4.BU.MT.CE.AR5,3.2661,Bangladesh
1997,Methane (CH4) emissions from Building (Energy) (Mt CO2e),EN.GHG.CH4.BU.MT.CE.AR5,3.2127,Bangladesh
1996,Methane (CH4) emissions from Building (Energy) (Mt CO2e),EN.GHG.CH4.BU.MT.CE.AR5,3.1248,Bangladesh
1995,Methane (CH4) emissions from Building (Energy) (Mt CO2e),EN.GHG.CH4.BU.MT.CE.AR5,3.2314,Bangladesh
1994,Methane (CH4) emissions from Building (Energy) (Mt CO2e),EN.GHG.CH4.BU.MT.CE.AR5,3.2021,Bangladesh
1993,Methane (CH4) emissions from Building (Energy) (Mt CO2e),EN.GHG.CH4.BU.MT.CE.AR5,3.1498,Bangladesh
1992,Methane (CH4) emissions from Building (Energy) (Mt CO2e),EN.GHG.CH4.BU.MT.CE.AR5,3.1135,Bangladesh
1991,Methane (CH4) emissions from Building (Energy) (Mt CO2e),EN.GHG.CH4.BU.MT.CE.AR5,3.0454,Bangladesh
1990,Methane (CH4) emissions from Building (Energy) (Mt CO2e),EN.GHG.CH4.BU.MT.CE.AR5,3.0606,Bangladesh
1989,Methane (CH4) emissions from Building (Energy) (Mt CO2e),EN.GHG.CH4.BU.MT.CE.AR5,2.9515,Bangladesh
1988,Methane (CH4) emissions from Building (Energy) (Mt CO2e),EN.GHG.CH4.BU.MT.CE.AR5,2.8829,Bangladesh
1987,Methane (CH4) emissions from Building (Energy) (Mt CO2e),EN.GHG.CH4.BU.MT.CE.AR5,2.7,Bangladesh
1986,Methane (CH4) emissions from Building (Energy) (Mt CO2e),EN.GHG.CH4.BU.MT.CE.AR5,2.9128,Bangladesh
1985,Methane (CH4) emissions from Building (Energy) (Mt CO2e),EN.GHG.CH4.BU.MT.CE.AR5,2.8144,Bangladesh
1984,Methane (CH4) emissions from Building (Energy) (Mt CO2e),EN.GHG.CH4.BU.MT.CE.AR5,2.772,Bangladesh
1983,Methane (CH4) emissions from Building (Energy) (Mt CO2e),EN.GHG.CH4.BU.MT.CE.AR5,2.7967,Bangladesh
1982,Methane (CH4) emissions from Building (Energy) (Mt CO2e),EN.GHG.CH4.BU.MT.CE.AR5,2.7045,Bangladesh
1981,Methane (CH4) emissions from Building (Energy) (Mt CO2e),EN.GHG.CH4.BU.MT.CE.AR5,2.7066,Bangladesh
1980,Methane (CH4) emissions from Building (Energy) (Mt CO2e),EN.GHG.CH4.BU.MT.CE.AR5,2.6832,Bangladesh
1979,Methane (CH4) emissions from Building (Energy) (Mt CO2e),EN.GHG.CH4.BU.MT.CE.AR5,2.6327,Bangladesh
1978,Methane (CH4) emissions from Building (Energy) (Mt CO2e),EN.GHG.CH4.BU.MT.CE.AR5,2.592,Bangladesh
1977,Methane (CH4) emissions from Building (Energy) (Mt CO2e),EN.GHG.CH4.BU.MT.CE.AR5,2.5546,Bangladesh
1976,Methane (CH4) emissions from Building (Energy) (Mt CO2e),EN.GHG.CH4.BU.MT.CE.AR5,2.5062,Bangladesh
1975,Methane (CH4) emissions from Building (Energy) (Mt CO2e),EN.GHG.CH4.BU.MT.CE.AR5,2.4628,Bangladesh
1974,Methane (CH4) emissions from Building (Energy) (Mt CO2e),EN.GHG.CH4.BU.MT.CE.AR5,2.4063,Bangladesh
1973,Methane (CH4) emissions from Building (Energy) (Mt CO2e),EN.GHG.CH4.BU.MT.CE.AR5,2.3759,Bangladesh
1972,Methane (CH4) emissions from Building (Energy) (Mt CO2e),EN.GHG.CH4.BU.MT.CE.AR5,2.3256,Bangladesh
1971,Methane (CH4) emissions from Building (Energy) (Mt CO2e),EN.GHG.CH4.BU.MT.CE.AR5,2.26,Bangladesh
1970,Methane (CH4) emissions from Building (Energy) (Mt CO2e),EN.GHG.CH4.BU.MT.CE.AR5,2.26,Bangladesh
2024,Methane (CH4) emissions from Fugitive Emissions (Energy) (Mt CO2e),EN.GHG.CH4.FE.MT.CE.AR5,2.1982,Bangladesh
2023,Methane (CH4) emissions from Fugitive Emissions (Energy) (Mt CO2e),EN.GHG.CH4.FE.MT.CE.AR5,2.3013,Bangladesh
2022,Methane (CH4) emissions from Fugitive Emissions (Energy) (Mt CO2e),EN.GHG.CH4.FE.MT.CE.AR5,2.2829,Bangladesh
2021,Methane (CH4) emissions from Fugitive Emissions (Energy) (Mt CO2e),EN.GHG.CH4.FE.MT.CE.AR5,2.4904,Bangladesh
2020,Methane (CH4) emissions from Fugitive Emissions (Energy) (Mt CO2e),EN.GHG.CH4.FE.MT.CE.AR5,2.5013,Bangladesh
2019,Methane (CH4) emissions from Fugitive Emissions (Energy) (Mt CO2e),EN.GHG.CH4.FE.MT.CE.AR5,2.6477,Bangladesh
2018,Methane (CH4) emissions from Fugitive Emissions (Energy) (Mt CO2e),EN.GHG.CH4.FE.MT.CE.AR5,2.7104,Bangladesh
2017,Methane (CH4) emissions from Fugitive Emissions (Energy) (Mt CO2e),EN.GHG.CH4.FE.MT.CE.AR5,2.8169,Bangladesh
2016,Methane (CH4) emissions from Fugitive Emissions (Energy) (Mt CO2e),EN.GHG.CH4.FE.MT.CE.AR5,2.7586,Bangladesh
2015,Methane (CH4) emissions from Fugitive Emissions (Energy) (Mt CO2e),EN.GHG.CH4.FE.MT.CE.AR5,2.4643,Bangladesh
2014,Methane (CH4) emissions from Fugitive Emissions (Energy) (Mt CO2e),EN.GHG.CH4.FE.MT.CE.AR5,2.44,Bangladesh
2013,Methane (CH4) emissions from Fugitive Emissions (Energy) (Mt CO2e),EN.GHG.CH4.FE.MT.CE.AR5,2.3717,Bangladesh
2012,Methane (CH4) emissions from Fugitive Emissions (Energy) (Mt CO2e),EN.GHG.CH4.FE.MT.CE.AR5,2.2353,Bangladesh
2011,Methane (CH4) emissions from Fugitive Emissions (Energy) (Mt CO2e),EN.GHG.CH4.FE.MT.CE.AR5,2.1086,Bangladesh
2010,Methane (CH4) emissions from Fugitive Emissions (Energy) (Mt CO2e),EN.GHG.CH4.FE.MT.CE.AR5,2.1117,Bangladesh
2009,Methane (CH4) emissions from Fugitive Emissions (Energy) (Mt CO2e),EN.GHG.CH4.FE.MT.CE.AR5,2.0626,Bangladesh
2008,Methane (CH4) emissions from Fugitive Emissions (Energy) (Mt CO2e),EN.GHG.CH4.FE.MT.CE.AR5,1.9156,Bangladesh
2007,Methane (CH4) emissions from Fugitive Emissions (Energy) (Mt CO2e),EN.GHG.CH4.FE.MT.CE.AR5,1.7202,Bangladesh
2006,Methane (CH4) emissions from Fugitive Emissions (Energy) (Mt CO2e),EN.GHG.CH4.FE.MT.CE.AR5,1.6212,Bangladesh
2005,Methane (CH4) emissions from Fugitive Emissions (Energy) (Mt CO2e),EN.GHG.CH4.FE.MT.CE.AR5,1.4539,Bangladesh
2004,Methane (CH4) emissions from Fugitive Emissions (Energy) (Mt CO2e),EN.GHG.CH4.FE.MT.CE.AR5,1.3207,Bangladesh
2003,Methane (CH4) emissions from Fugitive Emissions (Energy) (Mt CO2e),EN.GHG.CH4.FE.MT.CE.AR5,1.2534,Bangladesh
2002,Methane (CH4) emissions from Fugitive Emissions (Energy) (Mt CO2e),EN.GHG.CH4.FE.MT.CE.AR5,1.1859,Bangladesh
2001,Methane (CH4) emissions from Fugitive Emissions (Energy) (Mt CO2e),EN.GHG.CH4.FE.MT.CE.AR5,1.1245,Bangladesh
2000,Methane (CH4) emissions from Fugitive Emissions (Energy) (Mt CO2e),EN.GHG.CH4.FE.MT.CE.AR5,1.0351,Bangladesh
1999,Methane (CH4) emissions from Fugitive Emissions (Energy) (Mt CO2e),EN.GHG.CH4.FE.MT.CE.AR5,0.968,Bangladesh
1998,Methane (CH4) emissions from Fugitive Emissions (Energy) (Mt CO2e),EN.GHG.CH4.FE.MT.CE.AR5,0.9047,Bangladesh
1997,Methane (CH4) emissions from Fugitive Emissions (Energy) (Mt CO2e),EN.GHG.CH4.FE.MT.CE.AR5,0.853,Bangladesh
1996,Methane (CH4) emissions from Fugitive Emissions (Energy) (Mt CO2e),EN.GHG.CH4.FE.MT.CE.AR5,0.8496,Bangladesh
1995,Methane (CH4) emissions from Fugitive Emissions (Energy) (Mt CO2e),EN.GHG.CH4.FE.MT.CE.AR5,0.803,Bangladesh
1994,Methane (CH4) emissions from Fugitive Emissions (Energy) (Mt CO2e),EN.GHG.CH4.FE.MT.CE.AR5,0.7972,Bangladesh
1993,Methane (CH4) emissions from Fugitive Emissions (Energy) (Mt CO2e),EN.GHG.CH4.FE.MT.CE.AR5,0.6943,Bangladesh
1992,Methane (CH4) emissions from Fugitive Emissions (Energy) (Mt CO2e),EN.GHG.CH4.FE.MT.CE.AR5,0.6922,Bangladesh
1991,Methane (CH4) emissions from Fugitive Emissions (Energy) (Mt CO2e),EN.GHG.CH4.FE.MT.CE.AR5,0.6284,Bangladesh
1990,Methane (CH4) emissions from Fugitive Emissions (Energy) (Mt CO2e),EN.GHG.CH4.FE.MT.CE.AR5,0.5946,Bangladesh
1989,Methane (CH4) emissions from Fugitive Emissions (Energy) (Mt CO2e),EN.GHG.CH4.FE.MT.CE.AR5,0.5954,Bangladesh
1988,Methane (CH4) emissions from Fugitive Emissions (Energy) (Mt CO2e),EN.GHG.CH4.FE.MT.CE.AR5,0.5758,Bangladesh
1987,Methane (CH4) emissions from Fugitive Emissions (Energy) (Mt CO2e),EN.GHG.CH4.FE.MT.CE.AR5,0.5102,Bangladesh
1986,Methane (CH4) emissions from Fugitive Emissions (Energy) (Mt CO2e),EN.GHG.CH4.FE.MT.CE.AR5,0.4788,Bangladesh
1985,Methane (CH4) emissions from Fugitive Emissions (Energy) (Mt CO2e),EN.GHG.CH4.FE.MT.CE.AR5,0.4524,Bangladesh
1984,Methane (CH4) emissions from Fugitive Emissions (Energy) (Mt CO2e),EN.GHG.CH4.FE.MT.CE.AR5,0.408,Bangladesh
1983,Methane (CH4) emissions from Fugitive Emissions (Energy) (Mt CO2e),EN.GHG.CH4.FE.MT.CE.AR5,0.3928,Bangladesh
1982,Methane (CH4) emissions from Fugitive Emissions (Energy) (Mt CO2e),EN.GHG.CH4.FE.MT.CE.AR5,0.358,Bangladesh
1981,Methane (CH4) emissions from Fugitive Emissions (Energy) (Mt CO2e),EN.GHG.CH4.FE.MT.CE.AR5,0.1346,Bangladesh
1980,Methane (CH4) emissions from Fugitive Emissions (Energy) (Mt CO2e),EN.GHG.CH4.FE.MT.CE.AR5,0.1246,Bangladesh
1979,Methane (CH4) emissions from Fugitive Emissions (Energy) (Mt CO2e),EN.GHG.CH4.FE.MT.CE.AR5,0.1048,Bangladesh
1978,Methane (CH4) emissions from Fugitive Emissions (Energy) (Mt CO2e),EN.GHG.CH4.FE.MT.CE.AR5,0.0937,Bangladesh
1977,Methane (CH4) emissions from Fugitive Emissions (Energy) (Mt CO2e),EN.GHG.CH4.FE.MT.CE.AR5,0.0876,Bangladesh
1976,Methane (CH4) emissions from Fugitive Emissions (Energy) (Mt CO2e),EN.GHG.CH4.FE.MT.CE.AR5,0.076,Bangladesh
1975,Methane (CH4) emissions from Fugitive Emissions (Energy) (Mt CO2e),EN.GHG.CH4.FE.MT.CE.AR5,0.0588,Bangladesh
1974,Methane (CH4) emissions from Fugitive Emissions (Energy) (Mt CO2e),EN.GHG.CH4.FE.MT.CE.AR5,0.0678,Bangladesh
1973,Methane (CH4) emissions from Fugitive Emissions (Energy) (Mt CO2e),EN.GHG.CH4.FE.MT.CE.AR5,0.0652,Bangladesh
1972,Methane (CH4) emissions from Fugitive Emissions (Energy) (Mt CO2e),EN.GHG.CH4.FE.MT.CE.AR5,0.055,Bangladesh
1971,Methane (CH4) emissions from Fugitive Emissions (Energy) (Mt CO2e),EN.GHG.CH4.FE.MT.CE.AR5,0.0539,Bangladesh
1970,Methane (CH4) emissions from Fugitive Emissions (Energy) (Mt CO2e),EN.GHG.CH4.FE.MT.CE.AR5,0.0531,Bangladesh
2024,Methane (CH4) emissions from Industrial Combustion (Energy) (Mt CO2e),EN.GHG.CH4.IC.MT.CE.AR5,0.0339,Bangladesh
2023,Methane (CH4) emissions from Industrial Combustion (Energy) (Mt CO2e),EN.GHG.CH4.IC.MT.CE.AR5,0.0316,Bangladesh
2022,Methane (CH4) emissions from Industrial Combustion (Energy) (Mt CO2e),EN.GHG.CH4.IC.MT.CE.AR5,0.024,Bangladesh
2021,Methane (CH4) emissions from Industrial Combustion (Energy) (Mt CO2e),EN.GHG.CH4.IC.MT.CE.AR5,0.0298,Bangladesh
2020,Methane (CH4) emissions from Industrial Combustion (Energy) (Mt CO2e),EN.GHG.CH4.IC.MT.CE.AR5,0.0296,Bangladesh
2019,Methane (CH4) emissions from Industrial Combustion (Energy) (Mt CO2e),EN.GHG.CH4.IC.MT.CE.AR5,0.0297,Bangladesh
2018,Methane (CH4) emissions from Industrial Combustion (Energy) (Mt CO2e),EN.GHG.CH4.IC.MT.CE.AR5,0.0252,Bangladesh
2017,Methane (CH4) emissions from Industrial Combustion (Energy) (Mt CO2e),EN.GHG.CH4.IC.MT.CE.AR5,0.0291,Bangladesh
2016,Methane (CH4) emissions from Industrial Combustion (Energy) (Mt CO2e),EN.GHG.CH4.IC.MT.CE.AR5,0.0228,Bangladesh
2015,Methane (CH4) emissions from Industrial Combustion (Energy) (Mt CO2e),EN.GHG.CH4.IC.MT.CE.AR5,0.0182,Bangladesh
2014,Methane (CH4) emissions from Industrial Combustion (Energy) (Mt CO2e),EN.GHG.CH4.IC.MT.CE.AR5,0.0113,Bangladesh
2013,Methane (CH4) emissions from Industrial Combustion (Energy) (Mt CO2e),EN.GHG.CH4.IC.MT.CE.AR5,0.0125,Bangladesh
2012,Methane (CH4) emissions from Industrial Combustion (Energy) (Mt CO2e),EN.GHG.CH4.IC.MT.CE.AR5,0.0121,Bangladesh
2011,Methane (CH4) emissions from Industrial Combustion (Energy) (Mt CO2e),EN.GHG.CH4.IC.MT.CE.AR5,0.0102,Bangladesh
2010,Methane (CH4) emissions from Industrial Combustion (Energy) (Mt CO2e),EN.GHG.CH4.IC.MT.CE.AR5,0.0105,Bangladesh
2009,Methane (CH4) emissions from Industrial Combustion (Energy) (Mt CO2e),EN.GHG.CH4.IC.MT.CE.AR5,0.0096,Bangladesh
2008,Methane (CH4) emissions from Industrial Combustion (Energy) (Mt CO2e),EN.GHG.CH4.IC.MT.CE.AR5,0.0079,Bangladesh
2007,Methane (CH4) emissions from Industrial Combustion (Energy) (Mt CO2e),EN.GHG.CH4.IC.MT.CE.AR5,0.0071,Bangladesh
2006,Methane (CH4) emissions from Industrial Combustion (Energy) (Mt CO2e),EN.GHG.CH4.IC.MT.CE.AR5,0.0069,Bangladesh
2005,Methane (CH4) emissions from Industrial Combustion (Energy) (Mt CO2e),EN.GHG.CH4.IC.MT.CE.AR5,0.007,Bangladesh
2004,Methane (CH4) emissions from Industrial Combustion (Energy) (Mt CO2e),EN.GHG.CH4.IC.MT.CE.AR5,0.006,Bangladesh
2003,Methane (CH4) emissions from Industrial Combustion (Energy) (Mt CO2e),EN.GHG.CH4.IC.MT.CE.AR5,0.007,Bangladesh
2002,Methane (CH4) emissions from Industrial Combustion (Energy) (Mt CO2e),EN.GHG.CH4.IC.MT.CE.AR5,0.0066,Bangladesh
2001,Methane (CH4) emissions from Industrial Combustion (Energy) (Mt CO2e),EN.GHG.CH4.IC.MT.CE.AR5,0.0059,Bangladesh
2000,Methane (CH4) emissions from Industrial Combustion (Energy) (Mt CO2e),EN.GHG.CH4.IC.MT.CE.AR5,0.003,Bangladesh
1999,Methane (CH4) emissions from Industrial Combustion (Energy) (Mt CO2e),EN.GHG.CH4.IC.MT.CE.AR5,0.0028,Bangladesh
1998,Methane (CH4) emissions from Industrial Combustion (Energy) (Mt CO2e),EN.GHG.CH4.IC.MT.CE.AR5,0.0032,Bangladesh
1997,Methane (CH4) emissions from Industrial Combustion (Energy) (Mt CO2e),EN.GHG.CH4.IC.MT.CE.AR5,0.0058,Bangladesh
1996,Methane (CH4) emissions from Industrial Combustion (Energy) (Mt CO2e),EN.GHG.CH4.IC.MT.CE.AR5,0.0047,Bangladesh
1995,Methane (CH4) emissions from Industrial Combustion (Energy) (Mt CO2e),EN.GHG.CH4.IC.MT.CE.AR5,0.0078,Bangladesh
1994,Methane (CH4) emissions from Industrial Combustion (Energy) (Mt CO2e),EN.GHG.CH4.IC.MT.CE.AR5,0.0041,Bangladesh
1993,Methane (CH4) emissions from Industrial Combustion (Energy) (Mt CO2e),EN.GHG.CH4.IC.MT.CE.AR5,0.0039,Bangladesh
1992,Methane (CH4) emissions from Industrial Combustion (Energy) (Mt CO2e),EN.GHG.CH4.IC.MT.CE.AR5,0.0044,Bangladesh
1991,Methane (CH4) emissions from Industrial Combustion (Energy) (Mt CO2e),EN.GHG.CH4.IC.MT.CE.AR5,0.0046,Bangladesh
1990,Methane (CH4) emissions from Industrial Combustion (Energy) (Mt CO2e),EN.GHG.CH4.IC.MT.CE.AR5,0.0067,Bangladesh
1989,Methane (CH4) emissions from Industrial Combustion (Energy) (Mt CO2e),EN.GHG.CH4.IC.MT.CE.AR5,0.0048,Bangladesh
1988,Methane (CH4) emissions from Industrial Combustion (Energy) (Mt CO2e),EN.GHG.CH4.IC.MT.CE.AR5,0.0046,Bangladesh
1987,Methane (CH4) emissions from Industrial Combustion (Energy) (Mt CO2e),EN.GHG.CH4.IC.MT.CE.AR5,0.0048,Bangladesh
1986,Methane (CH4) emissions from Industrial Combustion (Energy) (Mt CO2e),EN.GHG.CH4.IC.MT.CE.AR5,0.0042,Bangladesh
1985,Methane (CH4) emissions from Industrial Combustion (Energy) (Mt CO2e),EN.GHG.CH4.IC.MT.CE.AR5,0.004,Bangladesh
1984,Methane (CH4) emissions from Industrial Combustion (Energy) (Mt CO2e),EN.GHG.CH4.IC.MT.CE.AR5,0.004,Bangladesh
1983,Methane (CH4) emissions from Industrial Combustion (Energy) (Mt CO2e),EN.GHG.CH4.IC.MT.CE.AR5,0.0046,Bangladesh
1982,Methane (CH4) emissions from Industrial Combustion (Energy) (Mt CO2e),EN.GHG.CH4.IC.MT.CE.AR5,0.0055,Bangladesh
1981,Methane (CH4) emissions from Industrial Combustion (Energy) (Mt CO2e),EN.GHG.CH4.IC.MT.CE.AR5,0.0053,Bangladesh
1980,Methane (CH4) emissions from Industrial Combustion (Energy) (Mt CO2e),EN.GHG.CH4.IC.MT.CE.AR5,0.0055,Bangladesh
1979,Methane (CH4) emissions from Industrial Combustion (Energy) (Mt CO2e),EN.GHG.CH4.IC.MT.CE.AR5,0.0048,Bangladesh
1978,Methane (CH4) emissions from Industrial Combustion (Energy) (Mt CO2e),EN.GHG.CH4.IC.MT.CE.AR5,0.0051,Bangladesh
1977,Methane (CH4) emissions from Industrial Combustion (Energy) (Mt CO2e),EN.GHG.CH4.IC.MT.CE.AR5,0.0051,Bangladesh
1976,Methane (CH4) emissions from Industrial Combustion (Energy) (Mt CO2e),EN.GHG.CH4.IC.MT.CE.AR5,0.0051,Bangladesh
1975,Methane (CH4) emissions from Industrial Combustion (Energy) (Mt CO2e),EN.GHG.CH4.IC.MT.CE.AR5,0.0051,Bangladesh
1974,Methane (CH4) emissions from Industrial Combustion (Energy) (Mt CO2e),EN.GHG.CH4.IC.MT.CE.AR5,0.0048,Bangladesh
1973,Methane (CH4) emissions from Industrial Combustion (Energy) (Mt CO2e),EN.GHG.CH4.IC.MT.CE.AR5,0.0048,Bangladesh
1972,Methane (CH4) emissions from Industrial Combustion (Energy) (Mt CO2e),EN.GHG.CH4.IC.MT.CE.AR5,0.0043,Bangladesh
1971,Methane (CH4) emissions from Industrial Combustion (Energy) (Mt CO2e),EN.GHG.CH4.IC.MT.CE.AR5,0.0043,Bangladesh
1970,Methane (CH4) emissions from Industrial Combustion (Energy) (Mt CO2e),EN.GHG.CH4.IC.MT.CE.AR5,0.0043,Bangladesh
2024,Methane (CH4) emissions from Industrial Processes (Mt CO2e),EN.GHG.CH4.IP.MT.CE.AR5,0,Bangladesh
2023,Methane (CH4) emissions from Industrial Processes (Mt CO2e),EN.GHG.CH4.IP.MT.CE.AR5,0,Bangladesh
2022,Methane (CH4) emissions from Industrial Processes (Mt CO2e),EN.GHG.CH4.IP.MT.CE.AR5,0,Bangladesh
2021,Methane (CH4) emissions from Industrial Processes (Mt CO2e),EN.GHG.CH4.IP.MT.CE.AR5,0,Bangladesh
2020,Methane (CH4) emissions from Industrial Processes (Mt CO2e),EN.GHG.CH4.IP.MT.CE.AR5,0,Bangladesh
2019,Methane (CH4) emissions from Industrial Processes (Mt CO2e),EN.GHG.CH4.IP.MT.CE.AR5,0,Bangladesh
2018,Methane (CH4) emissions from Industrial Processes (Mt CO2e),EN.GHG.CH4.IP.MT.CE.AR5,0,Bangladesh
2017,Methane (CH4) emissions from Industrial Processes (Mt CO2e),EN.GHG.CH4.IP.MT.CE.AR5,0,Bangladesh
2016,Methane (CH4) emissions from Industrial Processes (Mt CO2e),EN.GHG.CH4.IP.MT.CE.AR5,0,Bangladesh
2015,Methane (CH4) emissions from Industrial Processes (Mt CO2e),EN.GHG.CH4.IP.MT.CE.AR5,0,Bangladesh
2014,Methane (CH4) emissions from Industrial Processes (Mt CO2e),EN.GHG.CH4.IP.MT.CE.AR5,0,Bangladesh
2013,Methane (CH4) emissions from Industrial Processes (Mt CO2e),EN.GHG.CH4.IP.MT.CE.AR5,0,Bangladesh
2012,Methane (CH4) emissions from Industrial Processes (Mt CO2e),EN.GHG.CH4.IP.MT.CE.AR5,0,Bangladesh
2011,Methane (CH4) emissions from Industrial Processes (Mt CO2e),EN.GHG.CH4.IP.MT.CE.AR5,0,Bangladesh
2010,Methane (CH4) emissions from Industrial Processes (Mt CO2e),EN.GHG.CH4.IP.MT.CE.AR5,0,Bangladesh
2009,Methane (CH4) emissions from Industrial Processes (Mt CO2e),EN.GHG.CH4.IP.MT.CE.AR5,0,Bangladesh
2008,Methane (CH4) emissions from Industrial Processes (Mt CO2e),EN.GHG.CH4.IP.MT.CE.AR5,0.0001,Bangladesh
2007,Methane (CH4) emissions from Industrial Processes (Mt CO2e),EN.GHG.CH4.IP.MT.CE.AR5,0.0001,Bangladesh
2006,Methane (CH4) emissions from Industrial Processes (Mt CO2e),EN.GHG.CH4.IP.MT.CE.AR5,0.0001,Bangladesh
2005,Methane (CH4) emissions from Industrial Processes (Mt CO2e),EN.GHG.CH4.IP.MT.CE.AR5,0.0001,Bangladesh
2004,Methane (CH4) emissions from Industrial Processes (Mt CO2e),EN.GHG.CH4.IP.MT.CE.AR5,0.0001,Bangladesh
2003,Methane (CH4) emissions from Industrial Processes (Mt CO2e),EN.GHG.CH4.IP.MT.CE.AR5,0.0001,Bangladesh
2002,Methane (CH4) emissions from Industrial Processes (Mt CO2e),EN.GHG.CH4.IP.MT.CE.AR5,0.0001,Bangladesh
2001,Methane (CH4) emissions from Industrial Processes (Mt CO2e),EN.GHG.CH4.IP.MT.CE.AR5,0.0001,Bangladesh
2000,Methane (CH4) emissions from Industrial Processes (Mt CO2e),EN.GHG.CH4.IP.MT.CE.AR5,0.0001,Bangladesh
1999,Methane (CH4) emissions from Industrial Processes (Mt CO2e),EN.GHG.CH4.IP.MT.CE.AR5,0.0001,Bangladesh
1998,Methane (CH4) emissions from Industrial Processes (Mt CO2e),EN.GHG.CH4.IP.MT.CE.AR5,0.0001,Bangladesh
1997,Methane (CH4) emissions from Industrial Processes (Mt CO2e),EN.GHG.CH4.IP.MT.CE.AR5,0.0001,Bangladesh
1996,Methane (CH4) emissions from Industrial Processes (Mt CO2e),EN.GHG.CH4.IP.MT.CE.AR5,0.0001,Bangladesh
1995,Methane (CH4) emissions from Industrial Processes (Mt CO2e),EN.GHG.CH4.IP.MT.CE.AR5,0.0001,Bangladesh
1994,Methane (CH4) emissions from Industrial Processes (Mt CO2e),EN.GHG.CH4.IP.MT.CE.AR5,0.0001,Bangladesh
1993,Methane (CH4) emissions from Industrial Processes (Mt CO2e),EN.GHG.CH4.IP.MT.CE.AR5,0.0001,Bangladesh
1992,Methane (CH4) emissions from Industrial Processes (Mt CO2e),EN.GHG.CH4.IP.MT.CE.AR5,0.0001,Bangladesh
1991,Methane (CH4) emissions from Industrial Processes (Mt CO2e),EN.GHG.CH4.IP.MT.CE.AR5,0.0001,Bangladesh
1990,Methane (CH4) emissions from Industrial Processes (Mt CO2e),EN.GHG.CH4.IP.MT.CE.AR5,0.0002,Bangladesh
1989,Methane (CH4) emissions from Industrial Processes (Mt CO2e),EN.GHG.CH4.IP.MT.CE.AR5,0.0002,Bangladesh
1988,Methane (CH4) emissions from Industrial Processes (Mt CO2e),EN.GHG.CH4.IP.MT.CE.AR5,0.0001,Bangladesh
1987,Methane (CH4) emissions from Industrial Processes (Mt CO2e),EN.GHG.CH4.IP.MT.CE.AR5,0.0002,Bangladesh
1986,Methane (CH4) emissions from Industrial Processes (Mt CO2e),EN.GHG.CH4.IP.MT.CE.AR5,0.0002,Bangladesh
1985,Methane (CH4) emissions from Industrial Processes (Mt CO2e),EN.GHG.CH4.IP.MT.CE.AR5,0.0002,Bangladesh
1984,Methane (CH4) emissions from Industrial Processes (Mt CO2e),EN.GHG.CH4.IP.MT.CE.AR5,0.0002,Bangladesh
1983,Methane (CH4) emissions from Industrial Processes (Mt CO2e),EN.GHG.CH4.IP.MT.CE.AR5,0.0001,Bangladesh
1982,Methane (CH4) emissions from Industrial Processes (Mt CO2e),EN.GHG.CH4.IP.MT.CE.AR5,0.0002,Bangladesh
1981,Methane (CH4) emissions from Industrial Processes (Mt CO2e),EN.GHG.CH4.IP.MT.CE.AR5,0.0003,Bangladesh
1980,Methane (CH4) emissions from Industrial Processes (Mt CO2e),EN.GHG.CH4.IP.MT.CE.AR5,0.0003,Bangladesh
1979,Methane (CH4) emissions from Industrial Processes (Mt CO2e),EN.GHG.CH4.IP.MT.CE.AR5,0.0002,Bangladesh
1978,Methane (CH4) emissions from Industrial Processes (Mt CO2e),EN.GHG.CH4.IP.MT.CE.AR5,0.0002,Bangladesh
1977,Methane (CH4) emissions from Industrial Processes (Mt CO2e),EN.GHG.CH4.IP.MT.CE.AR5,0.0002,Bangladesh
1976,Methane (CH4) emissions from Industrial Processes (Mt CO2e),EN.GHG.CH4.IP.MT.CE.AR5,0.0002,Bangladesh
1975,Methane (CH4) emissions from Industrial Processes (Mt CO2e),EN.GHG.CH4.IP.MT.CE.AR5,0.0001,Bangladesh
1974,Methane (CH4) emissions from Industrial Processes (Mt CO2e),EN.GHG.CH4.IP.MT.CE.AR5,0.0001,Bangladesh
1973,Methane (CH4) emissions from Industrial Processes (Mt CO2e),EN.GHG.CH4.IP.MT.CE.AR5,0.0001,Bangladesh
1972,Methane (CH4) emissions from Industrial Processes (Mt CO2e),EN.GHG.CH4.IP.MT.CE.AR5,0.0002,Bangladesh
1971,Methane (CH4) emissions from Industrial Processes (Mt CO2e),EN.GHG.CH4.IP.MT.CE.AR5,0.0002,Bangladesh
1970,Methane (CH4) emissions from Industrial Processes (Mt CO2e),EN.GHG.CH4.IP.MT.CE.AR5,0.0003,Bangladesh
2024,Methane (CH4) emissions (total) excluding LULUCF (Mt CO2e),EN.GHG.CH4.MT.CE.AR5,70.4554,Bangladesh
2023,Methane (CH4) emissions (total) excluding LULUCF (Mt CO2e),EN.GHG.CH4.MT.CE.AR5,71.0776,Bangladesh
2022,Methane (CH4) emissions (total) excluding LULUCF (Mt CO2e),EN.GHG.CH4.MT.CE.AR5,74.9812,Bangladesh
2021,Methane (CH4) emissions (total) excluding LULUCF (Mt CO2e),EN.GHG.CH4.MT.CE.AR5,74.2916,Bangladesh
2020,Methane (CH4) emissions (total) excluding LULUCF (Mt CO2e),EN.GHG.CH4.MT.CE.AR5,72.828,Bangladesh
2019,Methane (CH4) emissions (total) excluding LULUCF (Mt CO2e),EN.GHG.CH4.MT.CE.AR5,71.1558,Bangladesh
2018,Methane (CH4) emissions (total) excluding LULUCF (Mt CO2e),EN.GHG.CH4.MT.CE.AR5,70.4661,Bangladesh
2017,Methane (CH4) emissions (total) excluding LULUCF (Mt CO2e),EN.GHG.CH4.MT.CE.AR5,70.2889,Bangladesh
2016,Methane (CH4) emissions (total) excluding LULUCF (Mt CO2e),EN.GHG.CH4.MT.CE.AR5,68.789,Bangladesh
2015,Methane (CH4) emissions (total) excluding LULUCF (Mt CO2e),EN.GHG.CH4.MT.CE.AR5,68.6528,Bangladesh
2014,Methane (CH4) emissions (total) excluding LULUCF (Mt CO2e),EN.GHG.CH4.MT.CE.AR5,68.182,Bangladesh
2013,Methane (CH4) emissions (total) excluding LULUCF (Mt CO2e),EN.GHG.CH4.MT.CE.AR5,67.5772,Bangladesh
2012,Methane (CH4) emissions (total) excluding LULUCF (Mt CO2e),EN.GHG.CH4.MT.CE.AR5,66.9617,Bangladesh
2011,Methane (CH4) emissions (total) excluding LULUCF (Mt CO2e),EN.GHG.CH4.MT.CE.AR5,66.3234,Bangladesh
2010,Methane (CH4) emissions (total) excluding LULUCF (Mt CO2e),EN.GHG.CH4.MT.CE.AR5,65.636,Bangladesh
2009,Methane (CH4) emissions (total) excluding LULUCF (Mt CO2e),EN.GHG.CH4.MT.CE.AR5,64.5897,Bangladesh
2008,Methane (CH4) emissions (total) excluding LULUCF (Mt CO2e),EN.GHG.CH4.MT.CE.AR5,63.6374,Bangladesh
2007,Methane (CH4) emissions (total) excluding LULUCF (Mt CO2e),EN.GHG.CH4.MT.CE.AR5,61.5869,Bangladesh
2006,Methane (CH4) emissions (total) excluding LULUCF (Mt CO2e),EN.GHG.CH4.MT.CE.AR5,60.726,Bangladesh
2005,Methane (CH4) emissions (total) excluding LULUCF (Mt CO2e),EN.GHG.CH4.MT.CE.AR5,59.7288,Bangladesh
2004,Methane (CH4) emissions (total) excluding LULUCF (Mt CO2e),EN.GHG.CH4.MT.CE.AR5,58.5131,Bangladesh
2003,Methane (CH4) emissions (total) excluding LULUCF (Mt CO2e),EN.GHG.CH4.MT.CE.AR5,58.5887,Bangladesh
2002,Methane (CH4) emissions (total) excluding LULUCF (Mt CO2e),EN.GHG.CH4.MT.CE.AR5,57.8131,Bangladesh
2001,Methane (CH4) emissions (total) excluding LULUCF (Mt CO2e),EN.GHG.CH4.MT.CE.AR5,56.7731,Bangladesh
2000,Methane (CH4) emissions (total) excluding LULUCF (Mt CO2e),EN.GHG.CH4.MT.CE.AR5,56.4779,Bangladesh
1999,Methane (CH4) emissions (total) excluding LULUCF (Mt CO2e),EN.GHG.CH4.MT.CE.AR5,55.5001,Bangladesh
1998,Methane (CH4) emissions (total) excluding LULUCF (Mt CO2e),EN.GHG.CH4.MT.CE.AR5,53.6279,Bangladesh
1997,Methane (CH4) emissions (total) excluding LULUCF (Mt CO2e),EN.GHG.CH4.MT.CE.AR5,53.2907,Bangladesh
1996,Methane (CH4) emissions (total) excluding LULUCF (Mt CO2e),EN.GHG.CH4.MT.CE.AR5,52.3013,Bangladesh
1995,Methane (CH4) emissions (total) excluding LULUCF (Mt CO2e),EN.GHG.CH4.MT.CE.AR5,51.7627,Bangladesh
1994,Methane (CH4) emissions (total) excluding LULUCF (Mt CO2e),EN.GHG.CH4.MT.CE.AR5,50.6234,Bangladesh
1993,Methane (CH4) emissions (total) excluding LULUCF (Mt CO2e),EN.GHG.CH4.MT.CE.AR5,49.4649,Bangladesh
1992,Methane (CH4) emissions (total) excluding LULUCF (Mt CO2e),EN.GHG.CH4.MT.CE.AR5,49.2021,Bangladesh
1991,Methane (CH4) emissions (total) excluding LULUCF (Mt CO2e),EN.GHG.CH4.MT.CE.AR5,48.4708,Bangladesh
1990,Methane (CH4) emissions (total) excluding LULUCF (Mt CO2e),EN.GHG.CH4.MT.CE.AR5,48.3155,Bangladesh
1989,Methane (CH4) emissions (total) excluding LULUCF (Mt CO2e),EN.GHG.CH4.MT.CE.AR5,47.5344,Bangladesh
1988,Methane (CH4) emissions (total) excluding LULUCF (Mt CO2e),EN.GHG.CH4.MT.CE.AR5,46.304,Bangladesh
1987,Methane (CH4) emissions (total) excluding LULUCF (Mt CO2e),EN.GHG.CH4.MT.CE.AR5,45.4409,Bangladesh
1986,Methane (CH4) emissions (total) excluding LULUCF (Mt CO2e),EN.GHG.CH4.MT.CE.AR5,45.3494,Bangladesh
1985,Methane (CH4) emissions (total) excluding LULUCF (Mt CO2e),EN.GHG.CH4.MT.CE.AR5,44.2593,Bangladesh
1984,Methane (CH4) emissions (total) excluding LULUCF (Mt CO2e),EN.GHG.CH4.MT.CE.AR5,43.1194,Bangladesh
1983,Methane (CH4) emissions (total) excluding LULUCF (Mt CO2e),EN.GHG.CH4.MT.CE.AR5,41.9772,Bangladesh
1982,Methane (CH4) emissions (total) excluding LULUCF (Mt CO2e),EN.GHG.CH4.MT.CE.AR5,42.5686,Bangladesh
1981,Methane (CH4) emissions (total) excluding LULUCF (Mt CO2e),EN.GHG.CH4.MT.CE.AR5,41.5882,Bangladesh
1980,Methane (CH4) emissions (total) excluding LULUCF (Mt CO2e),EN.GHG.CH4.MT.CE.AR5,40.6988,Bangladesh
1979,Methane (CH4) emissions (total) excluding LULUCF (Mt CO2e),EN.GHG.CH4.MT.CE.AR5,47.3677,Bangladesh
1978,Methane (CH4) emissions (total) excluding LULUCF (Mt CO2e),EN.GHG.CH4.MT.CE.AR5,45.8539,Bangladesh
1977,Methane (CH4) emissions (total) excluding LULUCF (Mt CO2e),EN.GHG.CH4.MT.CE.AR5,42.7148,Bangladesh
1976,Methane (CH4) emissions (total) excluding LULUCF (Mt CO2e),EN.GHG.CH4.MT.CE.AR5,41.7547,Bangladesh
1975,Methane (CH4) emissions (total) excluding LULUCF (Mt CO2e),EN.GHG.CH4.MT.CE.AR5,41.5596,Bangladesh
1974,Methane (CH4) emissions (total) excluding LULUCF (Mt CO2e),EN.GHG.CH4.MT.CE.AR5,40.064,Bangladesh
1973,Methane (CH4) emissions (total) excluding LULUCF (Mt CO2e),EN.GHG.CH4.MT.CE.AR5,39.657,Bangladesh
1972,Methane (CH4) emissions (total) excluding LULUCF (Mt CO2e),EN.GHG.CH4.MT.CE.AR5,39.8623,Bangladesh
1971,Methane (CH4) emissions (total) excluding LULUCF (Mt CO2e),EN.GHG.CH4.MT.CE.AR5,39.2617,Bangladesh
1970,Methane (CH4) emissions (total) excluding LULUCF (Mt CO2e),EN.GHG.CH4.MT.CE.AR5,40.3614,Bangladesh
2024,Methane (CH4) emissions from Power Industry (Energy) (Mt CO2e),EN.GHG.CH4.PI.MT.CE.AR5,0.0703,Bangladesh
2023,Methane (CH4) emissions from Power Industry (Energy) (Mt CO2e),EN.GHG.CH4.PI.MT.CE.AR5,0.0682,Bangladesh
2022,Methane (CH4) emissions from Power Industry (Energy) (Mt CO2e),EN.GHG.CH4.PI.MT.CE.AR5,0.0725,Bangladesh
2021,Methane (CH4) emissions from Power Industry (Energy) (Mt CO2e),EN.GHG.CH4.PI.MT.CE.AR5,0.0668,Bangladesh
2020,Methane (CH4) emissions from Power Industry (Energy) (Mt CO2e),EN.GHG.CH4.PI.MT.CE.AR5,0.0572,Bangladesh
2019,Methane (CH4) emissions from Power Industry (Energy) (Mt CO2e),EN.GHG.CH4.PI.MT.CE.AR5,0.0592,Bangladesh
2018,Methane (CH4) emissions from Power Industry (Energy) (Mt CO2e),EN.GHG.CH4.PI.MT.CE.AR5,0.0561,Bangladesh
2017,Methane (CH4) emissions from Power Industry (Energy) (Mt CO2e),EN.GHG.CH4.PI.MT.CE.AR5,0.0527,Bangladesh
2016,Methane (CH4) emissions from Power Industry (Energy) (Mt CO2e),EN.GHG.CH4.PI.MT.CE.AR5,0.0473,Bangladesh
2015,Methane (CH4) emissions from Power Industry (Energy) (Mt CO2e),EN.GHG.CH4.PI.MT.CE.AR5,0.0407,Bangladesh
2014,Methane (CH4) emissions from Power Industry (Energy) (Mt CO2e),EN.GHG.CH4.PI.MT.CE.AR5,0.0377,Bangladesh
2013,Methane (CH4) emissions from Power Industry (Energy) (Mt CO2e),EN.GHG.CH4.PI.MT.CE.AR5,0.0352,Bangladesh
2012,Methane (CH4) emissions from Power Industry (Energy) (Mt CO2e),EN.GHG.CH4.PI.MT.CE.AR5,0.0305,Bangladesh
2011,Methane (CH4) emissions from Power Industry (Energy) (Mt CO2e),EN.GHG.CH4.PI.MT.CE.AR5,0.0258,Bangladesh
2010,Methane (CH4) emissions from Power Industry (Energy) (Mt CO2e),EN.GHG.CH4.PI.MT.CE.AR5,0.0233,Bangladesh
2009,Methane (CH4) emissions from Power Industry (Energy) (Mt CO2e),EN.GHG.CH4.PI.MT.CE.AR5,0.0197,Bangladesh
2008,Methane (CH4) emissions from Power Industry (Energy) (Mt CO2e),EN.GHG.CH4.PI.MT.CE.AR5,0.0182,Bangladesh
2007,Methane (CH4) emissions from Power Industry (Energy) (Mt CO2e),EN.GHG.CH4.PI.MT.CE.AR5,0.0172,Bangladesh
2006,Methane (CH4) emissions from Power Industry (Energy) (Mt CO2e),EN.GHG.CH4.PI.MT.CE.AR5,0.0165,Bangladesh
2005,Methane (CH4) emissions from Power Industry (Energy) (Mt CO2e),EN.GHG.CH4.PI.MT.CE.AR5,0.0145,Bangladesh
2004,Methane (CH4) emissions from Power Industry (Energy) (Mt CO2e),EN.GHG.CH4.PI.MT.CE.AR5,0.0132,Bangladesh
2003,Methane (CH4) emissions from Power Industry (Energy) (Mt CO2e),EN.GHG.CH4.PI.MT.CE.AR5,0.0116,Bangladesh
2002,Methane (CH4) emissions from Power Industry (Energy) (Mt CO2e),EN.GHG.CH4.PI.MT.CE.AR5,0.0115,Bangladesh
2001,Methane (CH4) emissions from Power Industry (Energy) (Mt CO2e),EN.GHG.CH4.PI.MT.CE.AR5,0.0099,Bangladesh
2000,Methane (CH4) emissions from Power Industry (Energy) (Mt CO2e),EN.GHG.CH4.PI.MT.CE.AR5,0.0075,Bangladesh
1999,Methane (CH4) emissions from Power Industry (Energy) (Mt CO2e),EN.GHG.CH4.PI.MT.CE.AR5,0.007,Bangladesh
1998,Methane (CH4) emissions from Power Industry (Energy) (Mt CO2e),EN.GHG.CH4.PI.MT.CE.AR5,0.0061,Bangladesh
1997,Methane (CH4) emissions from Power Industry (Energy) (Mt CO2e),EN.GHG.CH4.PI.MT.CE.AR5,0.0054,Bangladesh
1996,Methane (CH4) emissions from Power Industry (Energy) (Mt CO2e),EN.GHG.CH4.PI.MT.CE.AR5,0.0055,Bangladesh
1995,Methane (CH4) emissions from Power Industry (Energy) (Mt CO2e),EN.GHG.CH4.PI.MT.CE.AR5,0.0054,Bangladesh
1994,Methane (CH4) emissions from Power Industry (Energy) (Mt CO2e),EN.GHG.CH4.PI.MT.CE.AR5,0.0048,Bangladesh
1993,Methane (CH4) emissions from Power Industry (Energy) (Mt CO2e),EN.GHG.CH4.PI.MT.CE.AR5,0.0046,Bangladesh
1992,Methane (CH4) emissions from Power Industry (Energy) (Mt CO2e),EN.GHG.CH4.PI.MT.CE.AR5,0.0044,Bangladesh
1991,Methane (CH4) emissions from Power Industry (Energy) (Mt CO2e),EN.GHG.CH4.PI.MT.CE.AR5,0.0039,Bangladesh
1990,Methane (CH4) emissions from Power Industry (Energy) (Mt CO2e),EN.GHG.CH4.PI.MT.CE.AR5,0.0038,Bangladesh
1989,Methane (CH4) emissions from Power Industry (Energy) (Mt CO2e),EN.GHG.CH4.PI.MT.CE.AR5,0.0034,Bangladesh
1988,Methane (CH4) emissions from Power Industry (Energy) (Mt CO2e),EN.GHG.CH4.PI.MT.CE.AR5,0.0034,Bangladesh
1987,Methane (CH4) emissions from Power Industry (Energy) (Mt CO2e),EN.GHG.CH4.PI.MT.CE.AR5,0.0031,Bangladesh
1986,Methane (CH4) emissions from Power Industry (Energy) (Mt CO2e),EN.GHG.CH4.PI.MT.CE.AR5,0.0026,Bangladesh
1985,Methane (CH4) emissions from Power Industry (Energy) (Mt CO2e),EN.GHG.CH4.PI.MT.CE.AR5,0.0024,Bangladesh
1984,Methane (CH4) emissions from Power Industry (Energy) (Mt CO2e),EN.GHG.CH4.PI.MT.CE.AR5,0.0015,Bangladesh
1983,Methane (CH4) emissions from Power Industry (Energy) (Mt CO2e),EN.GHG.CH4.PI.MT.CE.AR5,0.0015,Bangladesh
1982,Methane (CH4) emissions from Power Industry (Energy) (Mt CO2e),EN.GHG.CH4.PI.MT.CE.AR5,0.0015,Bangladesh
1981,Methane (CH4) emissions from Power Industry (Energy) (Mt CO2e),EN.GHG.CH4.PI.MT.CE.AR5,0.0011,Bangladesh
1980,Methane (CH4) emissions from Power Industry (Energy) (Mt CO2e),EN.GHG.CH4.PI.MT.CE.AR5,0.0012,Bangladesh
1979,Methane (CH4) emissions from Power Industry (Energy) (Mt CO2e),EN.GHG.CH4.PI.MT.CE.AR5,0.001,Bangladesh
1978,Methane (CH4) emissions from Power Industry (Energy) (Mt CO2e),EN.GHG.CH4.PI.MT.CE.AR5,0.0009,Bangladesh
1977,Methane (CH4) emissions from Power Industry (Energy) (Mt CO2e),EN.GHG.CH4.PI.MT.CE.AR5,0.0008,Bangladesh
1976,Methane (CH4) emissions from Power Industry (Energy) (Mt CO2e),EN.GHG.CH4.PI.MT.CE.AR5,0.0007,Bangladesh
1975,Methane (CH4) emissions from Power Industry (Energy) (Mt CO2e),EN.GHG.CH4.PI.MT.CE.AR5,0.0007,Bangladesh
1974,Methane (CH4) emissions from Power Industry (Energy) (Mt CO2e),EN.GHG.CH4.PI.MT.CE.AR5,0.0008,Bangladesh
1973,Methane (CH4) emissions from Power Industry (Energy) (Mt CO2e),EN.GHG.CH4.PI.MT.CE.AR5,0.0008,Bangladesh
1972,Methane (CH4) emissions from Power Industry (Energy) (Mt CO2e),EN.GHG.CH4.PI.MT.CE.AR5,0.0005,Bangladesh
1971,Methane (CH4) emissions from Power Industry (Energy) (Mt CO2e),EN.GHG.CH4.PI.MT.CE.AR5,0.0005,Bangladesh
1970,Methane (CH4) emissions from Power Industry (Energy) (Mt CO2e),EN.GHG.CH4.PI.MT.CE.AR5,0.0005,Bangladesh
2024,Methane (CH4) emissions from Transport (Energy) (Mt CO2e),EN.GHG.CH4.TR.MT.CE.AR5,0.1507,Bangladesh
2023,Methane (CH4) emissions from Transport (Energy) (Mt CO2e),EN.GHG.CH4.TR.MT.CE.AR5,0.1479,Bangladesh
2022,Methane (CH4) emissions from Transport (Energy) (Mt CO2e),EN.GHG.CH4.TR.MT.CE.AR5,0.1572,Bangladesh
2021,Methane (CH4) emissions from Transport (Energy) (Mt CO2e),EN.GHG.CH4.TR.MT.CE.AR5,0.1444,Bangladesh
2020,Methane (CH4) emissions from Transport (Energy) (Mt CO2e),EN.GHG.CH4.TR.MT.CE.AR5,0.1415,Bangladesh
2019,Methane (CH4) emissions from Transport (Energy) (Mt CO2e),EN.GHG.CH4.TR.MT.CE.AR5,0.1633,Bangladesh
2018,Methane (CH4) emissions from Transport (Energy) (Mt CO2e),EN.GHG.CH4.TR.MT.CE.AR5,0.1677,Bangladesh
2017,Methane (CH4) emissions from Transport (Energy) (Mt CO2e),EN.GHG.CH4.TR.MT.CE.AR5,0.1867,Bangladesh
2016,Methane (CH4) emissions from Transport (Energy) (Mt CO2e),EN.GHG.CH4.TR.MT.CE.AR5,0.1924,Bangladesh
2015,Methane (CH4) emissions from Transport (Energy) (Mt CO2e),EN.GHG.CH4.TR.MT.CE.AR5,0.1807,Bangladesh
2014,Methane (CH4) emissions from Transport (Energy) (Mt CO2e),EN.GHG.CH4.TR.MT.CE.AR5,0.1786,Bangladesh
2013,Methane (CH4) emissions from Transport (Energy) (Mt CO2e),EN.GHG.CH4.TR.MT.CE.AR5,0.193,Bangladesh
2012,Methane (CH4) emissions from Transport (Energy) (Mt CO2e),EN.GHG.CH4.TR.MT.CE.AR5,0.1942,Bangladesh
2011,Methane (CH4) emissions from Transport (Energy) (Mt CO2e),EN.GHG.CH4.TR.MT.CE.AR5,0.2114,Bangladesh
2010,Methane (CH4) emissions from Transport (Energy) (Mt CO2e),EN.GHG.CH4.TR.MT.CE.AR5,0.2472,Bangladesh
2009,Methane (CH4) emissions from Transport (Energy) (Mt CO2e),EN.GHG.CH4.TR.MT.CE.AR5,0.2127,Bangladesh
2008,Methane (CH4) emissions from Transport (Energy) (Mt CO2e),EN.GHG.CH4.TR.MT.CE.AR5,0.1656,Bangladesh
2007,Methane (CH4) emissions from Transport (Energy) (Mt CO2e),EN.GHG.CH4.TR.MT.CE.AR5,0.1001,Bangladesh
2006,Methane (CH4) emissions from Transport (Energy) (Mt CO2e),EN.GHG.CH4.TR.MT.CE.AR5,0.0792,Bangladesh
2005,Methane (CH4) emissions from Transport (Energy) (Mt CO2e),EN.GHG.CH4.TR.MT.CE.AR5,0.0647,Bangladesh
2004,Methane (CH4) emissions from Transport (Energy) (Mt CO2e),EN.GHG.CH4.TR.MT.CE.AR5,0.0518,Bangladesh
2003,Methane (CH4) emissions from Transport (Energy) (Mt CO2e),EN.GHG.CH4.TR.MT.CE.AR5,0.0415,Bangladesh
2002,Methane (CH4) emissions from Transport (Energy) (Mt CO2e),EN.GHG.CH4.TR.MT.CE.AR5,0.0415,Bangladesh
2001,Methane (CH4) emissions from Transport (Energy) (Mt CO2e),EN.GHG.CH4.TR.MT.CE.AR5,0.0376,Bangladesh
2000,Methane (CH4) emissions from Transport (Energy) (Mt CO2e),EN.GHG.CH4.TR.MT.CE.AR5,0.0443,Bangladesh
1999,Methane (CH4) emissions from Transport (Energy) (Mt CO2e),EN.GHG.CH4.TR.MT.CE.AR5,0.0345,Bangladesh
1998,Methane (CH4) emissions from Transport (Energy) (Mt CO2e),EN.GHG.CH4.TR.MT.CE.AR5,0.0425,Bangladesh
1997,Methane (CH4) emissions from Transport (Energy) (Mt CO2e),EN.GHG.CH4.TR.MT.CE.AR5,0.0415,Bangladesh
1996,Methane (CH4) emissions from Transport (Energy) (Mt CO2e),EN.GHG.CH4.TR.MT.CE.AR5,0.0312,Bangladesh
1995,Methane (CH4) emissions from Transport (Energy) (Mt CO2e),EN.GHG.CH4.TR.MT.CE.AR5,0.0268,Bangladesh
1994,Methane (CH4) emissions from Transport (Energy) (Mt CO2e),EN.GHG.CH4.TR.MT.CE.AR5,0.0202,Bangladesh
1993,Methane (CH4) emissions from Transport (Energy) (Mt CO2e),EN.GHG.CH4.TR.MT.CE.AR5,0.0169,Bangladesh
1992,Methane (CH4) emissions from Transport (Energy) (Mt CO2e),EN.GHG.CH4.TR.MT.CE.AR5,0.0142,Bangladesh
1991,Methane (CH4) emissions from Transport (Energy) (Mt CO2e),EN.GHG.CH4.TR.MT.CE.AR5,0.0119,Bangladesh
1990,Methane (CH4) emissions from Transport (Energy) (Mt CO2e),EN.GHG.CH4.TR.MT.CE.AR5,0.0103,Bangladesh
1989,Methane (CH4) emissions from Transport (Energy) (Mt CO2e),EN.GHG.CH4.TR.MT.CE.AR5,0.0098,Bangladesh
1988,Methane (CH4) emissions from Transport (Energy) (Mt CO2e),EN.GHG.CH4.TR.MT.CE.AR5,0.0081,Bangladesh
1987,Methane (CH4) emissions from Transport (Energy) (Mt CO2e),EN.GHG.CH4.TR.MT.CE.AR5,0.0073,Bangladesh
1986,Methane (CH4) emissions from Transport (Energy) (Mt CO2e),EN.GHG.CH4.TR.MT.CE.AR5,0.0068,Bangladesh
1985,Methane (CH4) emissions from Transport (Energy) (Mt CO2e),EN.GHG.CH4.TR.MT.CE.AR5,0.0062,Bangladesh
1984,Methane (CH4) emissions from Transport (Energy) (Mt CO2e),EN.GHG.CH4.TR.MT.CE.AR5,0.0051,Bangladesh
1983,Methane (CH4) emissions from Transport (Energy) (Mt CO2e),EN.GHG.CH4.TR.MT.CE.AR5,0.0045,Bangladesh
1982,Methane (CH4) emissions from Transport (Energy) (Mt CO2e),EN.GHG.CH4.TR.MT.CE.AR5,0.0045,Bangladesh
1981,Methane (CH4) emissions from Transport (Energy) (Mt CO2e),EN.GHG.CH4.TR.MT.CE.AR5,0.004,Bangladesh
1980,Methane (CH4) emissions from Transport (Energy) (Mt CO2e),EN.GHG.CH4.TR.MT.CE.AR5,0.0045,Bangladesh
1979,Methane (CH4) emissions from Transport (Energy) (Mt CO2e),EN.GHG.CH4.TR.MT.CE.AR5,0.0041,Bangladesh
1978,Methane (CH4) emissions from Transport (Energy) (Mt CO2e),EN.GHG.CH4.TR.MT.CE.AR5,0.0033,Bangladesh
1977,Methane (CH4) emissions from Transport (Energy) (Mt CO2e),EN.GHG.CH4.TR.MT.CE.AR5,0.0031,Bangladesh
1976,Methane (CH4) emissions from Transport (Energy) (Mt CO2e),EN.GHG.CH4.TR.MT.CE.AR5,0.0032,Bangladesh
1975,Methane (CH4) emissions from Transport (Energy) (Mt CO2e),EN.GHG.CH4.TR.MT.CE.AR5,0.0029,Bangladesh
1974,Methane (CH4) emissions from Transport (Energy) (Mt CO2e),EN.GHG.CH4.TR.MT.CE.AR5,0.002,Bangladesh
1973,Methane (CH4) emissions from Transport (Energy) (Mt CO2e),EN.GHG.CH4.TR.MT.CE.AR5,0.0015,Bangladesh
1972,Methane (CH4) emissions from Transport (Energy) (Mt CO2e),EN.GHG.CH4.TR.MT.CE.AR5,0.0018,Bangladesh
1971,Methane (CH4) emissions from Transport (Energy) (Mt CO2e),EN.GHG.CH4.TR.MT.CE.AR5,0.0017,Bangladesh
1970,Methane (CH4) emissions from Transport (Energy) (Mt CO2e),EN.GHG.CH4.TR.MT.CE.AR5,0.0016,Bangladesh
2024,Methane (CH4) emissions from Waste (Mt CO2e),EN.GHG.CH4.WA.MT.CE.AR5,17.0298,Bangladesh
2023,Methane (CH4) emissions from Waste (Mt CO2e),EN.GHG.CH4.WA.MT.CE.AR5,16.3968,Bangladesh
2022,Methane (CH4) emissions from Waste (Mt CO2e),EN.GHG.CH4.WA.MT.CE.AR5,15.8169,Bangladesh
2021,Methane (CH4) emissions from Waste (Mt CO2e),EN.GHG.CH4.WA.MT.CE.AR5,15.1452,Bangladesh
2020,Methane (CH4) emissions from Waste (Mt CO2e),EN.GHG.CH4.WA.MT.CE.AR5,14.5389,Bangladesh
2019,Methane (CH4) emissions from Waste (Mt CO2e),EN.GHG.CH4.WA.MT.CE.AR5,12.8263,Bangladesh
2018,Methane (CH4) emissions from Waste (Mt CO2e),EN.GHG.CH4.WA.MT.CE.AR5,12.2689,Bangladesh
2017,Methane (CH4) emissions from Waste (Mt CO2e),EN.GHG.CH4.WA.MT.CE.AR5,11.9535,Bangladesh
2016,Methane (CH4) emissions from Waste (Mt CO2e),EN.GHG.CH4.WA.MT.CE.AR5,11.6316,Bangladesh
2015,Methane (CH4) emissions from Waste (Mt CO2e),EN.GHG.CH4.WA.MT.CE.AR5,11.3277,Bangladesh
2014,Methane (CH4) emissions from Waste (Mt CO2e),EN.GHG.CH4.WA.MT.CE.AR5,10.9957,Bangladesh
2013,Methane (CH4) emissions from Waste (Mt CO2e),EN.GHG.CH4.WA.MT.CE.AR5,10.6891,Bangladesh
2012,Methane (CH4) emissions from Waste (Mt CO2e),EN.GHG.CH4.WA.MT.CE.AR5,10.4034,Bangladesh
2011,Methane (CH4) emissions from Waste (Mt CO2e),EN.GHG.CH4.WA.MT.CE.AR5,10.1115,Bangladesh
2010,Methane (CH4) emissions from Waste (Mt CO2e),EN.GHG.CH4.WA.MT.CE.AR5,9.8325,Bangladesh
2009,Methane (CH4) emissions from Waste (Mt CO2e),EN.GHG.CH4.WA.MT.CE.AR5,9.6436,Bangladesh
2008,Methane (CH4) emissions from Waste (Mt CO2e),EN.GHG.CH4.WA.MT.CE.AR5,9.4732,Bangladesh
2007,Methane (CH4) emissions from Waste (Mt CO2e),EN.GHG.CH4.WA.MT.CE.AR5,9.2338,Bangladesh
2006,Methane (CH4) emissions from Waste (Mt CO2e),EN.GHG.CH4.WA.MT.CE.AR5,8.9667,Bangladesh
2005,Methane (CH4) emissions from Waste (Mt CO2e),EN.GHG.CH4.WA.MT.CE.AR5,8.7606,Bangladesh
2004,Methane (CH4) emissions from Waste (Mt CO2e),EN.GHG.CH4.WA.MT.CE.AR5,8.6001,Bangladesh
2003,Methane (CH4) emissions from Waste (Mt CO2e),EN.GHG.CH4.WA.MT.CE.AR5,8.3996,Bangladesh
2002,Methane (CH4) emissions from Waste (Mt CO2e),EN.GHG.CH4.WA.MT.CE.AR5,8.1104,Bangladesh
2001,Methane (CH4) emissions from Waste (Mt CO2e),EN.GHG.CH4.WA.MT.CE.AR5,7.9112,Bangladesh
2000,Methane (CH4) emissions from Waste (Mt CO2e),EN.GHG.CH4.WA.MT.CE.AR5,7.7068,Bangladesh
1999,Methane (CH4) emissions from Waste (Mt CO2e),EN.GHG.CH4.WA.MT.CE.AR5,7.5496,Bangladesh
1998,Methane (CH4) emissions from Waste (Mt CO2e),EN.GHG.CH4.WA.MT.CE.AR5,7.3768,Bangladesh
1997,Methane (CH4) emissions from Waste (Mt CO2e),EN.GHG.CH4.WA.MT.CE.AR5,7.2609,Bangladesh
1996,Methane (CH4) emissions from Waste (Mt CO2e),EN.GHG.CH4.WA.MT.CE.AR5,7.1809,Bangladesh
1995,Methane (CH4) emissions from Waste (Mt CO2e),EN.GHG.CH4.WA.MT.CE.AR5,7.0655,Bangladesh
1994,Methane (CH4) emissions from Waste (Mt CO2e),EN.GHG.CH4.WA.MT.CE.AR5,6.8767,Bangladesh
1993,Methane (CH4) emissions from Waste (Mt CO2e),EN.GHG.CH4.WA.MT.CE.AR5,6.7474,Bangladesh
1992,Methane (CH4) emissions from Waste (Mt CO2e),EN.GHG.CH4.WA.MT.CE.AR5,6.5872,Bangladesh
1991,Methane (CH4) emissions from Waste (Mt CO2e),EN.GHG.CH4.WA.MT.CE.AR5,6.367,Bangladesh
1990,Methane (CH4) emissions from Waste (Mt CO2e),EN.GHG.CH4.WA.MT.CE.AR5,6.2289,Bangladesh
1989,Methane (CH4) emissions from Waste (Mt CO2e),EN.GHG.CH4.WA.MT.CE.AR5,5.9506,Bangladesh
1988,Methane (CH4) emissions from Waste (Mt CO2e),EN.GHG.CH4.WA.MT.CE.AR5,5.652,Bangladesh
1987,Methane (CH4) emissions from Waste (Mt CO2e),EN.GHG.CH4.WA.MT.CE.AR5,5.3008,Bangladesh
1986,Methane (CH4) emissions from Waste (Mt CO2e),EN.GHG.CH4.WA.MT.CE.AR5,4.9749,Bangladesh
1985,Methane (CH4) emissions from Waste (Mt CO2e),EN.GHG.CH4.WA.MT.CE.AR5,4.7126,Bangladesh
1984,Methane (CH4) emissions from Waste (Mt CO2e),EN.GHG.CH4.WA.MT.CE.AR5,4.4187,Bangladesh
1983,Methane (CH4) emissions from Waste (Mt CO2e),EN.GHG.CH4.WA.MT.CE.AR5,4.1245,Bangladesh
1982,Methane (CH4) emissions from Waste (Mt CO2e),EN.GHG.CH4.WA.MT.CE.AR5,3.8849,Bangladesh
1981,Methane (CH4) emissions from Waste (Mt CO2e),EN.GHG.CH4.WA.MT.CE.AR5,3.649,Bangladesh
1980,Methane (CH4) emissions from Waste (Mt CO2e),EN.GHG.CH4.WA.MT.CE.AR5,3.3991,Bangladesh
1979,Methane (CH4) emissions from Waste (Mt CO2e),EN.GHG.CH4.WA.MT.CE.AR5,3.2004,Bangladesh
1978,Methane (CH4) emissions from Waste (Mt CO2e),EN.GHG.CH4.WA.MT.CE.AR5,2.9588,Bangladesh
1977,Methane (CH4) emissions from Waste (Mt CO2e),EN.GHG.CH4.WA.MT.CE.AR5,2.7279,Bangladesh
1976,Methane (CH4) emissions from Waste (Mt CO2e),EN.GHG.CH4.WA.MT.CE.AR5,2.5597,Bangladesh
1975,Methane (CH4) emissions from Waste (Mt CO2e),EN.GHG.CH4.WA.MT.CE.AR5,2.3771,Bangladesh
1974,Methane (CH4) emissions from Waste (Mt CO2e),EN.GHG.CH4.WA.MT.CE.AR5,2.2121,Bangladesh
1973,Methane (CH4) emissions from Waste (Mt CO2e),EN.GHG.CH4.WA.MT.CE.AR5,2.1319,Bangladesh
1972,Methane (CH4) emissions from Waste (Mt CO2e),EN.GHG.CH4.WA.MT.CE.AR5,1.9894,Bangladesh
1971,Methane (CH4) emissions from Waste (Mt CO2e),EN.GHG.CH4.WA.MT.CE.AR5,1.8458,Bangladesh
1970,Methane (CH4) emissions from Waste (Mt CO2e),EN.GHG.CH4.WA.MT.CE.AR5,1.6988,Bangladesh
2024,Methane (CH4) emissions (total) excluding LULUCF (% change from 1990),EN.GHG.CH4.ZG.AR5,45.82359698,Bangladesh
2023,Methane (CH4) emissions (total) excluding LULUCF (% change from 1990),EN.GHG.CH4.ZG.AR5,47.11138248,Bangladesh
2022,Methane (CH4) emissions (total) excluding LULUCF (% change from 1990),EN.GHG.CH4.ZG.AR5,55.19077729,Bangladesh
2021,Methane (CH4) emissions (total) excluding LULUCF (% change from 1990),EN.GHG.CH4.ZG.AR5,53.76349205,Bangladesh
2020,Methane (CH4) emissions (total) excluding LULUCF (% change from 1990),EN.GHG.CH4.ZG.AR5,50.73423643,Bangladesh
2019,Methane (CH4) emissions (total) excluding LULUCF (% change from 1990),EN.GHG.CH4.ZG.AR5,47.2732353,Bangladesh
2018,Methane (CH4) emissions (total) excluding LULUCF (% change from 1990),EN.GHG.CH4.ZG.AR5,45.84574308,Bangladesh
2017,Methane (CH4) emissions (total) excluding LULUCF (% change from 1990),EN.GHG.CH4.ZG.AR5,45.47898707,Bangladesh
2016,Methane (CH4) emissions (total) excluding LULUCF (% change from 1990),EN.GHG.CH4.ZG.AR5,42.37460028,Bangladesh
2015,Methane (CH4) emissions (total) excluding LULUCF (% change from 1990),EN.GHG.CH4.ZG.AR5,42.09270317,Bangladesh
2014,Methane (CH4) emissions (total) excluding LULUCF (% change from 1990),EN.GHG.CH4.ZG.AR5,41.11827467,Bangladesh
2013,Methane (CH4) emissions (total) excluding LULUCF (% change from 1990),EN.GHG.CH4.ZG.AR5,39.86650247,Bangladesh
2012,Methane (CH4) emissions (total) excluding LULUCF (% change from 1990),EN.GHG.CH4.ZG.AR5,38.59258416,Bangladesh
2011,Methane (CH4) emissions (total) excluding LULUCF (% change from 1990),EN.GHG.CH4.ZG.AR5,37.27147603,Bangladesh
2010,Methane (CH4) emissions (total) excluding LULUCF (% change from 1990),EN.GHG.CH4.ZG.AR5,35.84874419,Bangladesh
2009,Methane (CH4) emissions (total) excluding LULUCF (% change from 1990),EN.GHG.CH4.ZG.AR5,33.68318656,Bangladesh
2008,Methane (CH4) emissions (total) excluding LULUCF (% change from 1990),EN.GHG.CH4.ZG.AR5,31.71218346,Bangladesh
2007,Methane (CH4) emissions (total) excluding LULUCF (% change from 1990),EN.GHG.CH4.ZG.AR5,27.46820379,Bangladesh
2006,Methane (CH4) emissions (total) excluding LULUCF (% change from 1990),EN.GHG.CH4.ZG.AR5,25.68637394,Bangladesh
2005,Methane (CH4) emissions (total) excluding LULUCF (% change from 1990),EN.GHG.CH4.ZG.AR5,23.62244,Bangladesh
2004,Methane (CH4) emissions (total) excluding LULUCF (% change from 1990),EN.GHG.CH4.ZG.AR5,21.10627024,Bangladesh
2003,Methane (CH4) emissions (total) excluding LULUCF (% change from 1990),EN.GHG.CH4.ZG.AR5,21.26274177,Bangladesh
2002,Methane (CH4) emissions (total) excluding LULUCF (% change from 1990),EN.GHG.CH4.ZG.AR5,19.65745982,Bangladesh
2001,Methane (CH4) emissions (total) excluding LULUCF (% change from 1990),EN.GHG.CH4.ZG.AR5,17.50494148,Bangladesh
2000,Methane (CH4) emissions (total) excluding LULUCF (% change from 1990),EN.GHG.CH4.ZG.AR5,16.89395743,Bangladesh
1999,Methane (CH4) emissions (total) excluding LULUCF (% change from 1990),EN.GHG.CH4.ZG.AR5,14.87017624,Bangladesh
1998,Methane (CH4) emissions (total) excluding LULUCF (% change from 1990),EN.GHG.CH4.ZG.AR5,10.99522927,Bangladesh
1997,Methane (CH4) emissions (total) excluding LULUCF (% change from 1990),EN.GHG.CH4.ZG.AR5,10.2973166,Bangladesh
1996,Methane (CH4) emissions (total) excluding LULUCF (% change from 1990),EN.GHG.CH4.ZG.AR5,8.249526549,Bangladesh
1995,Methane (CH4) emissions (total) excluding LULUCF (% change from 1990),EN.GHG.CH4.ZG.AR5,7.134770415,Bangladesh
1994,Methane (CH4) emissions (total) excluding LULUCF (% change from 1990),EN.GHG.CH4.ZG.AR5,4.776727965,Bangladesh
1993,Methane (CH4) emissions (total) excluding LULUCF (% change from 1990),EN.GHG.CH4.ZG.AR5,2.378946715,Bangladesh
1992,Methane (CH4) emissions (total) excluding LULUCF (% change from 1990),EN.GHG.CH4.ZG.AR5,1.835021887,Bangladesh
1991,Methane (CH4) emissions (total) excluding LULUCF (% change from 1990),EN.GHG.CH4.ZG.AR5,0.321428941,Bangladesh
2024,Carbon dioxide (CO2) emissions from Agriculture (Mt CO2e),EN.GHG.CO2.AG.MT.CE.AR5,2.551,Bangladesh
2023,Carbon dioxide (CO2) emissions from Agriculture (Mt CO2e),EN.GHG.CO2.AG.MT.CE.AR5,2.4704,Bangladesh
2022,Carbon dioxide (CO2) emissions from Agriculture (Mt CO2e),EN.GHG.CO2.AG.MT.CE.AR5,2.3972,Bangladesh
2021,Carbon dioxide (CO2) emissions from Agriculture (Mt CO2e),EN.GHG.CO2.AG.MT.CE.AR5,2.5674,Bangladesh
2020,Carbon dioxide (CO2) emissions from Agriculture (Mt CO2e),EN.GHG.CO2.AG.MT.CE.AR5,2.3225,Bangladesh
2019,Carbon dioxide (CO2) emissions from Agriculture (Mt CO2e),EN.GHG.CO2.AG.MT.CE.AR5,2.1905,Bangladesh
2018,Carbon dioxide (CO2) emissions from Agriculture (Mt CO2e),EN.GHG.CO2.AG.MT.CE.AR5,2.1479,Bangladesh
2017,Carbon dioxide (CO2) emissions from Agriculture (Mt CO2e),EN.GHG.CO2.AG.MT.CE.AR5,2.0311,Bangladesh
2016,Carbon dioxide (CO2) emissions from Agriculture (Mt CO2e),EN.GHG.CO2.AG.MT.CE.AR5,1.967,Bangladesh
2015,Carbon dioxide (CO2) emissions from Agriculture (Mt CO2e),EN.GHG.CO2.AG.MT.CE.AR5,2.0547,Bangladesh
2014,Carbon dioxide (CO2) emissions from Agriculture (Mt CO2e),EN.GHG.CO2.AG.MT.CE.AR5,2.1339,Bangladesh
2013,Carbon dioxide (CO2) emissions from Agriculture (Mt CO2e),EN.GHG.CO2.AG.MT.CE.AR5,1.8303,Bangladesh
2012,Carbon dioxide (CO2) emissions from Agriculture (Mt CO2e),EN.GHG.CO2.AG.MT.CE.AR5,1.791,Bangladesh
2011,Carbon dioxide (CO2) emissions from Agriculture (Mt CO2e),EN.GHG.CO2.AG.MT.CE.AR5,1.8083,Bangladesh
2010,Carbon dioxide (CO2) emissions from Agriculture (Mt CO2e),EN.GHG.CO2.AG.MT.CE.AR5,1.9763,Bangladesh
2009,Carbon dioxide (CO2) emissions from Agriculture (Mt CO2e),EN.GHG.CO2.AG.MT.CE.AR5,1.8255,Bangladesh
2008,Carbon dioxide (CO2) emissions from Agriculture (Mt CO2e),EN.GHG.CO2.AG.MT.CE.AR5,1.8533,Bangladesh
2007,Carbon dioxide (CO2) emissions from Agriculture (Mt CO2e),EN.GHG.CO2.AG.MT.CE.AR5,2.0326,Bangladesh
2006,Carbon dioxide (CO2) emissions from Agriculture (Mt CO2e),EN.GHG.CO2.AG.MT.CE.AR5,1.8575,Bangladesh
2005,Carbon dioxide (CO2) emissions from Agriculture (Mt CO2e),EN.GHG.CO2.AG.MT.CE.AR5,1.8464,Bangladesh
2004,Carbon dioxide (CO2) emissions from Agriculture (Mt CO2e),EN.GHG.CO2.AG.MT.CE.AR5,1.8729,Bangladesh
2003,Carbon dioxide (CO2) emissions from Agriculture (Mt CO2e),EN.GHG.CO2.AG.MT.CE.AR5,1.7308,Bangladesh
2002,Carbon dioxide (CO2) emissions from Agriculture (Mt CO2e),EN.GHG.CO2.AG.MT.CE.AR5,1.6703,Bangladesh
2001,Carbon dioxide (CO2) emissions from Agriculture (Mt CO2e),EN.GHG.CO2.AG.MT.CE.AR5,1.6987,Bangladesh
2000,Carbon dioxide (CO2) emissions from Agriculture (Mt CO2e),EN.GHG.CO2.AG.MT.CE.AR5,1.5842,Bangladesh
1999,Carbon dioxide (CO2) emissions from Agriculture (Mt CO2e),EN.GHG.CO2.AG.MT.CE.AR5,1.6308,Bangladesh
1998,Carbon dioxide (CO2) emissions from Agriculture (Mt CO2e),EN.GHG.CO2.AG.MT.CE.AR5,1.3999,Bangladesh
1997,Carbon dioxide (CO2) emissions from Agriculture (Mt CO2e),EN.GHG.CO2.AG.MT.CE.AR5,1.3857,Bangladesh
1996,Carbon dioxide (CO2) emissions from Agriculture (Mt CO2e),EN.GHG.CO2.AG.MT.CE.AR5,1.5743,Bangladesh
1995,Carbon dioxide (CO2) emissions from Agriculture (Mt CO2e),EN.GHG.CO2.AG.MT.CE.AR5,1.4918,Bangladesh
1994,Carbon dioxide (CO2) emissions from Agriculture (Mt CO2e),EN.GHG.CO2.AG.MT.CE.AR5,1.2677,Bangladesh
1993,Carbon dioxide (CO2) emissions from Agriculture (Mt CO2e),EN.GHG.CO2.AG.MT.CE.AR5,1.1654,Bangladesh
1992,Carbon dioxide (CO2) emissions from Agriculture (Mt CO2e),EN.GHG.CO2.AG.MT.CE.AR5,1.1263,Bangladesh
1991,Carbon dioxide (CO2) emissions from Agriculture (Mt CO2e),EN.GHG.CO2.AG.MT.CE.AR5,1.1148,Bangladesh
1990,Carbon dioxide (CO2) emissions from Agriculture (Mt CO2e),EN.GHG.CO2.AG.MT.CE.AR5,0.9601,Bangladesh
1989,Carbon dioxide (CO2) emissions from Agriculture (Mt CO2e),EN.GHG.CO2.AG.MT.CE.AR5,0.9927,Bangladesh
1988,Carbon dioxide (CO2) emissions from Agriculture (Mt CO2e),EN.GHG.CO2.AG.MT.CE.AR5,0.8396,Bangladesh
1987,Carbon dioxide (CO2) emissions from Agriculture (Mt CO2e),EN.GHG.CO2.AG.MT.CE.AR5,0.7515,Bangladesh
1986,Carbon dioxide (CO2) emissions from Agriculture (Mt CO2e),EN.GHG.CO2.AG.MT.CE.AR5,0.6741,Bangladesh
1985,Carbon dioxide (CO2) emissions from Agriculture (Mt CO2e),EN.GHG.CO2.AG.MT.CE.AR5,0.5879,Bangladesh
1984,Carbon dioxide (CO2) emissions from Agriculture (Mt CO2e),EN.GHG.CO2.AG.MT.CE.AR5,0.6138,Bangladesh
1983,Carbon dioxide (CO2) emissions from Agriculture (Mt CO2e),EN.GHG.CO2.AG.MT.CE.AR5,0.5617,Bangladesh
1982,Carbon dioxide (CO2) emissions from Agriculture (Mt CO2e),EN.GHG.CO2.AG.MT.CE.AR5,0.4982,Bangladesh
1981,Carbon dioxide (CO2) emissions from Agriculture (Mt CO2e),EN.GHG.CO2.AG.MT.CE.AR5,0.4083,Bangladesh
1980,Carbon dioxide (CO2) emissions from Agriculture (Mt CO2e),EN.GHG.CO2.AG.MT.CE.AR5,0.4273,Bangladesh
1979,Carbon dioxide (CO2) emissions from Agriculture (Mt CO2e),EN.GHG.CO2.AG.MT.CE.AR5,0.4205,Bangladesh
1978,Carbon dioxide (CO2) emissions from Agriculture (Mt CO2e),EN.GHG.CO2.AG.MT.CE.AR5,0.3658,Bangladesh
1977,Carbon dioxide (CO2) emissions from Agriculture (Mt CO2e),EN.GHG.CO2.AG.MT.CE.AR5,0.3583,Bangladesh
1976,Carbon dioxide (CO2) emissions from Agriculture (Mt CO2e),EN.GHG.CO2.AG.MT.CE.AR5,0.2667,Bangladesh
1975,Carbon dioxide (CO2) emissions from Agriculture (Mt CO2e),EN.GHG.CO2.AG.MT.CE.AR5,0.2367,Bangladesh
1974,Carbon dioxide (CO2) emissions from Agriculture (Mt CO2e),EN.GHG.CO2.AG.MT.CE.AR5,0.1344,Bangladesh
1973,Carbon dioxide (CO2) emissions from Agriculture (Mt CO2e),EN.GHG.CO2.AG.MT.CE.AR5,0.2085,Bangladesh
1972,Carbon dioxide (CO2) emissions from Agriculture (Mt CO2e),EN.GHG.CO2.AG.MT.CE.AR5,0.2085,Bangladesh
1971,Carbon dioxide (CO2) emissions from Agriculture (Mt CO2e),EN.GHG.CO2.AG.MT.CE.AR5,0.2085,Bangladesh
1970,Carbon dioxide (CO2) emissions from Agriculture (Mt CO2e),EN.GHG.CO2.AG.MT.CE.AR5,0.2085,Bangladesh
2024,Carbon dioxide (CO2) emissions from Building (Energy) (Mt CO2e),EN.GHG.CO2.BU.MT.CE.AR5,11.4379,Bangladesh
2023,Carbon dioxide (CO2) emissions from Building (Energy) (Mt CO2e),EN.GHG.CO2.BU.MT.CE.AR5,11.0737,Bangladesh
2022,Carbon dioxide (CO2) emissions from Building (Energy) (Mt CO2e),EN.GHG.CO2.BU.MT.CE.AR5,11.9453,Bangladesh
2021,Carbon dioxide (CO2) emissions from Building (Energy) (Mt CO2e),EN.GHG.CO2.BU.MT.CE.AR5,12.2741,Bangladesh
2020,Carbon dioxide (CO2) emissions from Building (Energy) (Mt CO2e),EN.GHG.CO2.BU.MT.CE.AR5,11.8183,Bangladesh
2019,Carbon dioxide (CO2) emissions from Building (Energy) (Mt CO2e),EN.GHG.CO2.BU.MT.CE.AR5,13.5425,Bangladesh
2018,Carbon dioxide (CO2) emissions from Building (Energy) (Mt CO2e),EN.GHG.CO2.BU.MT.CE.AR5,13.2679,Bangladesh
2017,Carbon dioxide (CO2) emissions from Building (Energy) (Mt CO2e),EN.GHG.CO2.BU.MT.CE.AR5,12.5797,Bangladesh
2016,Carbon dioxide (CO2) emissions from Building (Energy) (Mt CO2e),EN.GHG.CO2.BU.MT.CE.AR5,12.126,Bangladesh
2015,Carbon dioxide (CO2) emissions from Building (Energy) (Mt CO2e),EN.GHG.CO2.BU.MT.CE.AR5,10.8206,Bangladesh
2014,Carbon dioxide (CO2) emissions from Building (Energy) (Mt CO2e),EN.GHG.CO2.BU.MT.CE.AR5,10.3774,Bangladesh
2013,Carbon dioxide (CO2) emissions from Building (Energy) (Mt CO2e),EN.GHG.CO2.BU.MT.CE.AR5,9.7721,Bangladesh
2012,Carbon dioxide (CO2) emissions from Building (Energy) (Mt CO2e),EN.GHG.CO2.BU.MT.CE.AR5,10.1519,Bangladesh
2011,Carbon dioxide (CO2) emissions from Building (Energy) (Mt CO2e),EN.GHG.CO2.BU.MT.CE.AR5,10.1754,Bangladesh
2010,Carbon dioxide (CO2) emissions from Building (Energy) (Mt CO2e),EN.GHG.CO2.BU.MT.CE.AR5,9.0858,Bangladesh
2009,Carbon dioxide (CO2) emissions from Building (Energy) (Mt CO2e),EN.GHG.CO2.BU.MT.CE.AR5,8.1279,Bangladesh
2008,Carbon dioxide (CO2) emissions from Building (Energy) (Mt CO2e),EN.GHG.CO2.BU.MT.CE.AR5,8.0674,Bangladesh
2007,Carbon dioxide (CO2) emissions from Building (Energy) (Mt CO2e),EN.GHG.CO2.BU.MT.CE.AR5,7.8408,Bangladesh
2006,Carbon dioxide (CO2) emissions from Building (Energy) (Mt CO2e),EN.GHG.CO2.BU.MT.CE.AR5,7.6159,Bangladesh
2005,Carbon dioxide (CO2) emissions from Building (Energy) (Mt CO2e),EN.GHG.CO2.BU.MT.CE.AR5,7.4282,Bangladesh
2004,Carbon dioxide (CO2) emissions from Building (Energy) (Mt CO2e),EN.GHG.CO2.BU.MT.CE.AR5,7.4336,Bangladesh
2003,Carbon dioxide (CO2) emissions from Building (Energy) (Mt CO2e),EN.GHG.CO2.BU.MT.CE.AR5,6.7765,Bangladesh
2002,Carbon dioxide (CO2) emissions from Building (Energy) (Mt CO2e),EN.GHG.CO2.BU.MT.CE.AR5,6.2311,Bangladesh
2001,Carbon dioxide (CO2) emissions from Building (Energy) (Mt CO2e),EN.GHG.CO2.BU.MT.CE.AR5,5.7458,Bangladesh
2000,Carbon dioxide (CO2) emissions from Building (Energy) (Mt CO2e),EN.GHG.CO2.BU.MT.CE.AR5,4.9014,Bangladesh
1999,Carbon dioxide (CO2) emissions from Building (Energy) (Mt CO2e),EN.GHG.CO2.BU.MT.CE.AR5,4.9241,Bangladesh
1998,Carbon dioxide (CO2) emissions from Building (Energy) (Mt CO2e),EN.GHG.CO2.BU.MT.CE.AR5,4.9176,Bangladesh
1997,Carbon dioxide (CO2) emissions from Building (Energy) (Mt CO2e),EN.GHG.CO2.BU.MT.CE.AR5,4.6184,Bangladesh
1996,Carbon dioxide (CO2) emissions from Building (Energy) (Mt CO2e),EN.GHG.CO2.BU.MT.CE.AR5,4.0511,Bangladesh
1995,Carbon dioxide (CO2) emissions from Building (Energy) (Mt CO2e),EN.GHG.CO2.BU.MT.CE.AR5,3.7737,Bangladesh
1994,Carbon dioxide (CO2) emissions from Building (Energy) (Mt CO2e),EN.GHG.CO2.BU.MT.CE.AR5,3.2671,Bangladesh
1993,Carbon dioxide (CO2) emissions from Building (Energy) (Mt CO2e),EN.GHG.CO2.BU.MT.CE.AR5,3.0734,Bangladesh
1992,Carbon dioxide (CO2) emissions from Building (Energy) (Mt CO2e),EN.GHG.CO2.BU.MT.CE.AR5,2.9427,Bangladesh
1991,Carbon dioxide (CO2) emissions from Building (Energy) (Mt CO2e),EN.GHG.CO2.BU.MT.CE.AR5,2.8091,Bangladesh
1990,Carbon dioxide (CO2) emissions from Building (Energy) (Mt CO2e),EN.GHG.CO2.BU.MT.CE.AR5,2.9962,Bangladesh
1989,Carbon dioxide (CO2) emissions from Building (Energy) (Mt CO2e),EN.GHG.CO2.BU.MT.CE.AR5,3.0475,Bangladesh
1988,Carbon dioxide (CO2) emissions from Building (Energy) (Mt CO2e),EN.GHG.CO2.BU.MT.CE.AR5,2.4685,Bangladesh
1987,Carbon dioxide (CO2) emissions from Building (Energy) (Mt CO2e),EN.GHG.CO2.BU.MT.CE.AR5,2.5036,Bangladesh
1986,Carbon dioxide (CO2) emissions from Building (Energy) (Mt CO2e),EN.GHG.CO2.BU.MT.CE.AR5,2.3041,Bangladesh
1985,Carbon dioxide (CO2) emissions from Building (Energy) (Mt CO2e),EN.GHG.CO2.BU.MT.CE.AR5,2.051,Bangladesh
1984,Carbon dioxide (CO2) emissions from Building (Energy) (Mt CO2e),EN.GHG.CO2.BU.MT.CE.AR5,1.7745,Bangladesh
1983,Carbon dioxide (CO2) emissions from Building (Energy) (Mt CO2e),EN.GHG.CO2.BU.MT.CE.AR5,1.7969,Bangladesh
1982,Carbon dioxide (CO2) emissions from Building (Energy) (Mt CO2e),EN.GHG.CO2.BU.MT.CE.AR5,1.9348,Bangladesh
1981,Carbon dioxide (CO2) emissions from Building (Energy) (Mt CO2e),EN.GHG.CO2.BU.MT.CE.AR5,1.9405,Bangladesh
1980,Carbon dioxide (CO2) emissions from Building (Energy) (Mt CO2e),EN.GHG.CO2.BU.MT.CE.AR5,1.749,Bangladesh
1979,Carbon dioxide (CO2) emissions from Building (Energy) (Mt CO2e),EN.GHG.CO2.BU.MT.CE.AR5,1.6449,Bangladesh
1978,Carbon dioxide (CO2) emissions from Building (Energy) (Mt CO2e),EN.GHG.CO2.BU.MT.CE.AR5,1.4775,Bangladesh
1977,Carbon dioxide (CO2) emissions from Building (Energy) (Mt CO2e),EN.GHG.CO2.BU.MT.CE.AR5,1.4015,Bangladesh
1976,Carbon dioxide (CO2) emissions from Building (Energy) (Mt CO2e),EN.GHG.CO2.BU.MT.CE.AR5,1.3954,Bangladesh
1975,Carbon dioxide (CO2) emissions from Building (Energy) (Mt CO2e),EN.GHG.CO2.BU.MT.CE.AR5,1.2197,Bangladesh
1974,Carbon dioxide (CO2) emissions from Building (Energy) (Mt CO2e),EN.GHG.CO2.BU.MT.CE.AR5,0.9634,Bangladesh
1973,Carbon dioxide (CO2) emissions from Building (Energy) (Mt CO2e),EN.GHG.CO2.BU.MT.CE.AR5,0.736,Bangladesh
1972,Carbon dioxide (CO2) emissions from Building (Energy) (Mt CO2e),EN.GHG.CO2.BU.MT.CE.AR5,0.8702,Bangladesh
1971,Carbon dioxide (CO2) emissions from Building (Energy) (Mt CO2e),EN.GHG.CO2.BU.MT.CE.AR5,0.8702,Bangladesh
1970,Carbon dioxide (CO2) emissions from Building (Energy) (Mt CO2e),EN.GHG.CO2.BU.MT.CE.AR5,0.8702,Bangladesh
2024,Carbon dioxide (CO2) emissions from Fugitive Emissions (Energy) (Mt CO2e),EN.GHG.CO2.FE.MT.CE.AR5,1.321,Bangladesh
2023,Carbon dioxide (CO2) emissions from Fugitive Emissions (Energy) (Mt CO2e),EN.GHG.CO2.FE.MT.CE.AR5,1.3266,Bangladesh
2022,Carbon dioxide (CO2) emissions from Fugitive Emissions (Energy) (Mt CO2e),EN.GHG.CO2.FE.MT.CE.AR5,1.3254,Bangladesh
2021,Carbon dioxide (CO2) emissions from Fugitive Emissions (Energy) (Mt CO2e),EN.GHG.CO2.FE.MT.CE.AR5,1.3565,Bangladesh
2020,Carbon dioxide (CO2) emissions from Fugitive Emissions (Energy) (Mt CO2e),EN.GHG.CO2.FE.MT.CE.AR5,1.2825,Bangladesh
2019,Carbon dioxide (CO2) emissions from Fugitive Emissions (Energy) (Mt CO2e),EN.GHG.CO2.FE.MT.CE.AR5,1.3148,Bangladesh
2018,Carbon dioxide (CO2) emissions from Fugitive Emissions (Energy) (Mt CO2e),EN.GHG.CO2.FE.MT.CE.AR5,1.289,Bangladesh
2017,Carbon dioxide (CO2) emissions from Fugitive Emissions (Energy) (Mt CO2e),EN.GHG.CO2.FE.MT.CE.AR5,1.3008,Bangladesh
2016,Carbon dioxide (CO2) emissions from Fugitive Emissions (Energy) (Mt CO2e),EN.GHG.CO2.FE.MT.CE.AR5,1.2861,Bangladesh
2015,Carbon dioxide (CO2) emissions from Fugitive Emissions (Energy) (Mt CO2e),EN.GHG.CO2.FE.MT.CE.AR5,1.3214,Bangladesh
2014,Carbon dioxide (CO2) emissions from Fugitive Emissions (Energy) (Mt CO2e),EN.GHG.CO2.FE.MT.CE.AR5,1.2866,Bangladesh
2013,Carbon dioxide (CO2) emissions from Fugitive Emissions (Energy) (Mt CO2e),EN.GHG.CO2.FE.MT.CE.AR5,0.4354,Bangladesh
2012,Carbon dioxide (CO2) emissions from Fugitive Emissions (Energy) (Mt CO2e),EN.GHG.CO2.FE.MT.CE.AR5,1.2532,Bangladesh
2011,Carbon dioxide (CO2) emissions from Fugitive Emissions (Energy) (Mt CO2e),EN.GHG.CO2.FE.MT.CE.AR5,1.1998,Bangladesh
2010,Carbon dioxide (CO2) emissions from Fugitive Emissions (Energy) (Mt CO2e),EN.GHG.CO2.FE.MT.CE.AR5,1.184,Bangladesh
2009,Carbon dioxide (CO2) emissions from Fugitive Emissions (Energy) (Mt CO2e),EN.GHG.CO2.FE.MT.CE.AR5,1.0634,Bangladesh
2008,Carbon dioxide (CO2) emissions from Fugitive Emissions (Energy) (Mt CO2e),EN.GHG.CO2.FE.MT.CE.AR5,1.0046,Bangladesh
2007,Carbon dioxide (CO2) emissions from Fugitive Emissions (Energy) (Mt CO2e),EN.GHG.CO2.FE.MT.CE.AR5,0.9599,Bangladesh
2006,Carbon dioxide (CO2) emissions from Fugitive Emissions (Energy) (Mt CO2e),EN.GHG.CO2.FE.MT.CE.AR5,0.9098,Bangladesh
2005,Carbon dioxide (CO2) emissions from Fugitive Emissions (Energy) (Mt CO2e),EN.GHG.CO2.FE.MT.CE.AR5,0.7936,Bangladesh
2004,Carbon dioxide (CO2) emissions from Fugitive Emissions (Energy) (Mt CO2e),EN.GHG.CO2.FE.MT.CE.AR5,0.8225,Bangladesh
2003,Carbon dioxide (CO2) emissions from Fugitive Emissions (Energy) (Mt CO2e),EN.GHG.CO2.FE.MT.CE.AR5,0.8105,Bangladesh
2002,Carbon dioxide (CO2) emissions from Fugitive Emissions (Energy) (Mt CO2e),EN.GHG.CO2.FE.MT.CE.AR5,0.746,Bangladesh
2001,Carbon dioxide (CO2) emissions from Fugitive Emissions (Energy) (Mt CO2e),EN.GHG.CO2.FE.MT.CE.AR5,0.7271,Bangladesh
2000,Carbon dioxide (CO2) emissions from Fugitive Emissions (Energy) (Mt CO2e),EN.GHG.CO2.FE.MT.CE.AR5,0.6646,Bangladesh
1999,Carbon dioxide (CO2) emissions from Fugitive Emissions (Energy) (Mt CO2e),EN.GHG.CO2.FE.MT.CE.AR5,0.9095,Bangladesh
1998,Carbon dioxide (CO2) emissions from Fugitive Emissions (Energy) (Mt CO2e),EN.GHG.CO2.FE.MT.CE.AR5,0.9111,Bangladesh
1997,Carbon dioxide (CO2) emissions from Fugitive Emissions (Energy) (Mt CO2e),EN.GHG.CO2.FE.MT.CE.AR5,0.9306,Bangladesh
1996,Carbon dioxide (CO2) emissions from Fugitive Emissions (Energy) (Mt CO2e),EN.GHG.CO2.FE.MT.CE.AR5,0.68,Bangladesh
1995,Carbon dioxide (CO2) emissions from Fugitive Emissions (Energy) (Mt CO2e),EN.GHG.CO2.FE.MT.CE.AR5,0.7444,Bangladesh
1994,Carbon dioxide (CO2) emissions from Fugitive Emissions (Energy) (Mt CO2e),EN.GHG.CO2.FE.MT.CE.AR5,0.7817,Bangladesh
1993,Carbon dioxide (CO2) emissions from Fugitive Emissions (Energy) (Mt CO2e),EN.GHG.CO2.FE.MT.CE.AR5,1.0268,Bangladesh
1992,Carbon dioxide (CO2) emissions from Fugitive Emissions (Energy) (Mt CO2e),EN.GHG.CO2.FE.MT.CE.AR5,0.6381,Bangladesh
1991,Carbon dioxide (CO2) emissions from Fugitive Emissions (Energy) (Mt CO2e),EN.GHG.CO2.FE.MT.CE.AR5,0.583,Bangladesh
1990,Carbon dioxide (CO2) emissions from Fugitive Emissions (Energy) (Mt CO2e),EN.GHG.CO2.FE.MT.CE.AR5,0.5949,Bangladesh
1989,Carbon dioxide (CO2) emissions from Fugitive Emissions (Energy) (Mt CO2e),EN.GHG.CO2.FE.MT.CE.AR5,0.6354,Bangladesh
1988,Carbon dioxide (CO2) emissions from Fugitive Emissions (Energy) (Mt CO2e),EN.GHG.CO2.FE.MT.CE.AR5,0.499,Bangladesh
1987,Carbon dioxide (CO2) emissions from Fugitive Emissions (Energy) (Mt CO2e),EN.GHG.CO2.FE.MT.CE.AR5,0.6701,Bangladesh
1986,Carbon dioxide (CO2) emissions from Fugitive Emissions (Energy) (Mt CO2e),EN.GHG.CO2.FE.MT.CE.AR5,0.5448,Bangladesh
1985,Carbon dioxide (CO2) emissions from Fugitive Emissions (Energy) (Mt CO2e),EN.GHG.CO2.FE.MT.CE.AR5,0.5829,Bangladesh
1984,Carbon dioxide (CO2) emissions from Fugitive Emissions (Energy) (Mt CO2e),EN.GHG.CO2.FE.MT.CE.AR5,0.8426,Bangladesh
1983,Carbon dioxide (CO2) emissions from Fugitive Emissions (Energy) (Mt CO2e),EN.GHG.CO2.FE.MT.CE.AR5,1.4871,Bangladesh
1982,Carbon dioxide (CO2) emissions from Fugitive Emissions (Energy) (Mt CO2e),EN.GHG.CO2.FE.MT.CE.AR5,0.4754,Bangladesh
1981,Carbon dioxide (CO2) emissions from Fugitive Emissions (Energy) (Mt CO2e),EN.GHG.CO2.FE.MT.CE.AR5,0.5177,Bangladesh
1980,Carbon dioxide (CO2) emissions from Fugitive Emissions (Energy) (Mt CO2e),EN.GHG.CO2.FE.MT.CE.AR5,0.23,Bangladesh
1979,Carbon dioxide (CO2) emissions from Fugitive Emissions (Energy) (Mt CO2e),EN.GHG.CO2.FE.MT.CE.AR5,0.2308,Bangladesh
1978,Carbon dioxide (CO2) emissions from Fugitive Emissions (Energy) (Mt CO2e),EN.GHG.CO2.FE.MT.CE.AR5,0.2209,Bangladesh
1977,Carbon dioxide (CO2) emissions from Fugitive Emissions (Energy) (Mt CO2e),EN.GHG.CO2.FE.MT.CE.AR5,0.2309,Bangladesh
1976,Carbon dioxide (CO2) emissions from Fugitive Emissions (Energy) (Mt CO2e),EN.GHG.CO2.FE.MT.CE.AR5,0.145,Bangladesh
1975,Carbon dioxide (CO2) emissions from Fugitive Emissions (Energy) (Mt CO2e),EN.GHG.CO2.FE.MT.CE.AR5,0.1332,Bangladesh
1974,Carbon dioxide (CO2) emissions from Fugitive Emissions (Energy) (Mt CO2e),EN.GHG.CO2.FE.MT.CE.AR5,0.0592,Bangladesh
1973,Carbon dioxide (CO2) emissions from Fugitive Emissions (Energy) (Mt CO2e),EN.GHG.CO2.FE.MT.CE.AR5,0.1215,Bangladesh
1972,Carbon dioxide (CO2) emissions from Fugitive Emissions (Energy) (Mt CO2e),EN.GHG.CO2.FE.MT.CE.AR5,0.1273,Bangladesh
1971,Carbon dioxide (CO2) emissions from Fugitive Emissions (Energy) (Mt CO2e),EN.GHG.CO2.FE.MT.CE.AR5,0.1273,Bangladesh
1970,Carbon dioxide (CO2) emissions from Fugitive Emissions (Energy) (Mt CO2e),EN.GHG.CO2.FE.MT.CE.AR5,0.1273,Bangladesh
2024,Carbon dioxide (CO2) emissions from Industrial Combustion (Energy) (Mt CO2e),EN.GHG.CO2.IC.MT.CE.AR5,20.8272,Bangladesh
2023,Carbon dioxide (CO2) emissions from Industrial Combustion (Energy) (Mt CO2e),EN.GHG.CO2.IC.MT.CE.AR5,20.1904,Bangladesh
2022,Carbon dioxide (CO2) emissions from Industrial Combustion (Energy) (Mt CO2e),EN.GHG.CO2.IC.MT.CE.AR5,17.9423,Bangladesh
2021,Carbon dioxide (CO2) emissions from Industrial Combustion (Energy) (Mt CO2e),EN.GHG.CO2.IC.MT.CE.AR5,19.4525,Bangladesh
2020,Carbon dioxide (CO2) emissions from Industrial Combustion (Energy) (Mt CO2e),EN.GHG.CO2.IC.MT.CE.AR5,18.014,Bangladesh
2019,Carbon dioxide (CO2) emissions from Industrial Combustion (Energy) (Mt CO2e),EN.GHG.CO2.IC.MT.CE.AR5,18.5703,Bangladesh
2018,Carbon dioxide (CO2) emissions from Industrial Combustion (Energy) (Mt CO2e),EN.GHG.CO2.IC.MT.CE.AR5,17.0881,Bangladesh
2017,Carbon dioxide (CO2) emissions from Industrial Combustion (Energy) (Mt CO2e),EN.GHG.CO2.IC.MT.CE.AR5,18.1645,Bangladesh
2016,Carbon dioxide (CO2) emissions from Industrial Combustion (Energy) (Mt CO2e),EN.GHG.CO2.IC.MT.CE.AR5,15.3955,Bangladesh
2015,Carbon dioxide (CO2) emissions from Industrial Combustion (Energy) (Mt CO2e),EN.GHG.CO2.IC.MT.CE.AR5,13.4478,Bangladesh
2014,Carbon dioxide (CO2) emissions from Industrial Combustion (Energy) (Mt CO2e),EN.GHG.CO2.IC.MT.CE.AR5,10.5649,Bangladesh
2013,Carbon dioxide (CO2) emissions from Industrial Combustion (Energy) (Mt CO2e),EN.GHG.CO2.IC.MT.CE.AR5,10.7941,Bangladesh
2012,Carbon dioxide (CO2) emissions from Industrial Combustion (Energy) (Mt CO2e),EN.GHG.CO2.IC.MT.CE.AR5,10.2262,Bangladesh
2011,Carbon dioxide (CO2) emissions from Industrial Combustion (Energy) (Mt CO2e),EN.GHG.CO2.IC.MT.CE.AR5,9.2336,Bangladesh
2010,Carbon dioxide (CO2) emissions from Industrial Combustion (Energy) (Mt CO2e),EN.GHG.CO2.IC.MT.CE.AR5,9.1856,Bangladesh
2009,Carbon dioxide (CO2) emissions from Industrial Combustion (Energy) (Mt CO2e),EN.GHG.CO2.IC.MT.CE.AR5,8.1674,Bangladesh
2008,Carbon dioxide (CO2) emissions from Industrial Combustion (Energy) (Mt CO2e),EN.GHG.CO2.IC.MT.CE.AR5,7.0221,Bangladesh
2007,Carbon dioxide (CO2) emissions from Industrial Combustion (Energy) (Mt CO2e),EN.GHG.CO2.IC.MT.CE.AR5,5.9968,Bangladesh
2006,Carbon dioxide (CO2) emissions from Industrial Combustion (Energy) (Mt CO2e),EN.GHG.CO2.IC.MT.CE.AR5,5.304,Bangladesh
2005,Carbon dioxide (CO2) emissions from Industrial Combustion (Energy) (Mt CO2e),EN.GHG.CO2.IC.MT.CE.AR5,4.7015,Bangladesh
2004,Carbon dioxide (CO2) emissions from Industrial Combustion (Energy) (Mt CO2e),EN.GHG.CO2.IC.MT.CE.AR5,4.1179,Bangladesh
2003,Carbon dioxide (CO2) emissions from Industrial Combustion (Energy) (Mt CO2e),EN.GHG.CO2.IC.MT.CE.AR5,5.496,Bangladesh
2002,Carbon dioxide (CO2) emissions from Industrial Combustion (Energy) (Mt CO2e),EN.GHG.CO2.IC.MT.CE.AR5,4.7983,Bangladesh
2001,Carbon dioxide (CO2) emissions from Industrial Combustion (Energy) (Mt CO2e),EN.GHG.CO2.IC.MT.CE.AR5,4.4292,Bangladesh
2000,Carbon dioxide (CO2) emissions from Industrial Combustion (Energy) (Mt CO2e),EN.GHG.CO2.IC.MT.CE.AR5,3.0433,Bangladesh
1999,Carbon dioxide (CO2) emissions from Industrial Combustion (Energy) (Mt CO2e),EN.GHG.CO2.IC.MT.CE.AR5,2.8478,Bangladesh
1998,Carbon dioxide (CO2) emissions from Industrial Combustion (Energy) (Mt CO2e),EN.GHG.CO2.IC.MT.CE.AR5,2.8597,Bangladesh
1997,Carbon dioxide (CO2) emissions from Industrial Combustion (Energy) (Mt CO2e),EN.GHG.CO2.IC.MT.CE.AR5,3.6265,Bangladesh
1996,Carbon dioxide (CO2) emissions from Industrial Combustion (Energy) (Mt CO2e),EN.GHG.CO2.IC.MT.CE.AR5,2.9618,Bangladesh
1995,Carbon dioxide (CO2) emissions from Industrial Combustion (Energy) (Mt CO2e),EN.GHG.CO2.IC.MT.CE.AR5,3.3215,Bangladesh
1994,Carbon dioxide (CO2) emissions from Industrial Combustion (Energy) (Mt CO2e),EN.GHG.CO2.IC.MT.CE.AR5,1.8976,Bangladesh
1993,Carbon dioxide (CO2) emissions from Industrial Combustion (Energy) (Mt CO2e),EN.GHG.CO2.IC.MT.CE.AR5,1.4652,Bangladesh
1992,Carbon dioxide (CO2) emissions from Industrial Combustion (Energy) (Mt CO2e),EN.GHG.CO2.IC.MT.CE.AR5,1.4946,Bangladesh
1991,Carbon dioxide (CO2) emissions from Industrial Combustion (Energy) (Mt CO2e),EN.GHG.CO2.IC.MT.CE.AR5,1.512,Bangladesh
1990,Carbon dioxide (CO2) emissions from Industrial Combustion (Energy) (Mt CO2e),EN.GHG.CO2.IC.MT.CE.AR5,2.3069,Bangladesh
1989,Carbon dioxide (CO2) emissions from Industrial Combustion (Energy) (Mt CO2e),EN.GHG.CO2.IC.MT.CE.AR5,1.611,Bangladesh
1988,Carbon dioxide (CO2) emissions from Industrial Combustion (Energy) (Mt CO2e),EN.GHG.CO2.IC.MT.CE.AR5,1.5676,Bangladesh
1987,Carbon dioxide (CO2) emissions from Industrial Combustion (Energy) (Mt CO2e),EN.GHG.CO2.IC.MT.CE.AR5,1.7727,Bangladesh
1986,Carbon dioxide (CO2) emissions from Industrial Combustion (Energy) (Mt CO2e),EN.GHG.CO2.IC.MT.CE.AR5,1.4357,Bangladesh
1985,Carbon dioxide (CO2) emissions from Industrial Combustion (Energy) (Mt CO2e),EN.GHG.CO2.IC.MT.CE.AR5,1.2973,Bangladesh
1984,Carbon dioxide (CO2) emissions from Industrial Combustion (Energy) (Mt CO2e),EN.GHG.CO2.IC.MT.CE.AR5,1.4152,Bangladesh
1983,Carbon dioxide (CO2) emissions from Industrial Combustion (Energy) (Mt CO2e),EN.GHG.CO2.IC.MT.CE.AR5,1.5707,Bangladesh
1982,Carbon dioxide (CO2) emissions from Industrial Combustion (Energy) (Mt CO2e),EN.GHG.CO2.IC.MT.CE.AR5,1.9791,Bangladesh
1981,Carbon dioxide (CO2) emissions from Industrial Combustion (Energy) (Mt CO2e),EN.GHG.CO2.IC.MT.CE.AR5,1.932,Bangladesh
1980,Carbon dioxide (CO2) emissions from Industrial Combustion (Energy) (Mt CO2e),EN.GHG.CO2.IC.MT.CE.AR5,2.093,Bangladesh
1979,Carbon dioxide (CO2) emissions from Industrial Combustion (Energy) (Mt CO2e),EN.GHG.CO2.IC.MT.CE.AR5,1.6397,Bangladesh
1978,Carbon dioxide (CO2) emissions from Industrial Combustion (Energy) (Mt CO2e),EN.GHG.CO2.IC.MT.CE.AR5,1.6241,Bangladesh
1977,Carbon dioxide (CO2) emissions from Industrial Combustion (Energy) (Mt CO2e),EN.GHG.CO2.IC.MT.CE.AR5,1.5536,Bangladesh
1976,Carbon dioxide (CO2) emissions from Industrial Combustion (Energy) (Mt CO2e),EN.GHG.CO2.IC.MT.CE.AR5,1.5489,Bangladesh
1975,Carbon dioxide (CO2) emissions from Industrial Combustion (Energy) (Mt CO2e),EN.GHG.CO2.IC.MT.CE.AR5,1.5413,Bangladesh
1974,Carbon dioxide (CO2) emissions from Industrial Combustion (Energy) (Mt CO2e),EN.GHG.CO2.IC.MT.CE.AR5,1.3471,Bangladesh
1973,Carbon dioxide (CO2) emissions from Industrial Combustion (Energy) (Mt CO2e),EN.GHG.CO2.IC.MT.CE.AR5,1.2798,Bangladesh
1972,Carbon dioxide (CO2) emissions from Industrial Combustion (Energy) (Mt CO2e),EN.GHG.CO2.IC.MT.CE.AR5,0.9547,Bangladesh
1971,Carbon dioxide (CO2) emissions from Industrial Combustion (Energy) (Mt CO2e),EN.GHG.CO2.IC.MT.CE.AR5,0.9547,Bangladesh
1970,Carbon dioxide (CO2) emissions from Industrial Combustion (Energy) (Mt CO2e),EN.GHG.CO2.IC.MT.CE.AR5,0.9547,Bangladesh
2024,Carbon dioxide (CO2) emissions from Industrial Processes (Mt CO2e),EN.GHG.CO2.IP.MT.CE.AR5,13.6373,Bangladesh
2023,Carbon dioxide (CO2) emissions from Industrial Processes (Mt CO2e),EN.GHG.CO2.IP.MT.CE.AR5,13.4182,Bangladesh
2022,Carbon dioxide (CO2) emissions from Industrial Processes (Mt CO2e),EN.GHG.CO2.IP.MT.CE.AR5,13.3935,Bangladesh
2021,Carbon dioxide (CO2) emissions from Industrial Processes (Mt CO2e),EN.GHG.CO2.IP.MT.CE.AR5,14.2541,Bangladesh
2020,Carbon dioxide (CO2) emissions from Industrial Processes (Mt CO2e),EN.GHG.CO2.IP.MT.CE.AR5,13.3167,Bangladesh
2019,Carbon dioxide (CO2) emissions from Industrial Processes (Mt CO2e),EN.GHG.CO2.IP.MT.CE.AR5,13.8038,Bangladesh
2018,Carbon dioxide (CO2) emissions from Industrial Processes (Mt CO2e),EN.GHG.CO2.IP.MT.CE.AR5,13.275,Bangladesh
2017,Carbon dioxide (CO2) emissions from Industrial Processes (Mt CO2e),EN.GHG.CO2.IP.MT.CE.AR5,11.7009,Bangladesh
2016,Carbon dioxide (CO2) emissions from Industrial Processes (Mt CO2e),EN.GHG.CO2.IP.MT.CE.AR5,10.884,Bangladesh
2015,Carbon dioxide (CO2) emissions from Industrial Processes (Mt CO2e),EN.GHG.CO2.IP.MT.CE.AR5,10.4924,Bangladesh
2014,Carbon dioxide (CO2) emissions from Industrial Processes (Mt CO2e),EN.GHG.CO2.IP.MT.CE.AR5,7.944,Bangladesh
2013,Carbon dioxide (CO2) emissions from Industrial Processes (Mt CO2e),EN.GHG.CO2.IP.MT.CE.AR5,7.8207,Bangladesh
2012,Carbon dioxide (CO2) emissions from Industrial Processes (Mt CO2e),EN.GHG.CO2.IP.MT.CE.AR5,7.9801,Bangladesh
2011,Carbon dioxide (CO2) emissions from Industrial Processes (Mt CO2e),EN.GHG.CO2.IP.MT.CE.AR5,7.9857,Bangladesh
2010,Carbon dioxide (CO2) emissions from Industrial Processes (Mt CO2e),EN.GHG.CO2.IP.MT.CE.AR5,7.7744,Bangladesh
2009,Carbon dioxide (CO2) emissions from Industrial Processes (Mt CO2e),EN.GHG.CO2.IP.MT.CE.AR5,7.8607,Bangladesh
2008,Carbon dioxide (CO2) emissions from Industrial Processes (Mt CO2e),EN.GHG.CO2.IP.MT.CE.AR5,7.8085,Bangladesh
2007,Carbon dioxide (CO2) emissions from Industrial Processes (Mt CO2e),EN.GHG.CO2.IP.MT.CE.AR5,5.8655,Bangladesh
2006,Carbon dioxide (CO2) emissions from Industrial Processes (Mt CO2e),EN.GHG.CO2.IP.MT.CE.AR5,5.7078,Bangladesh
2005,Carbon dioxide (CO2) emissions from Industrial Processes (Mt CO2e),EN.GHG.CO2.IP.MT.CE.AR5,5.9728,Bangladesh
2004,Carbon dioxide (CO2) emissions from Industrial Processes (Mt CO2e),EN.GHG.CO2.IP.MT.CE.AR5,5.7522,Bangladesh
2003,Carbon dioxide (CO2) emissions from Industrial Processes (Mt CO2e),EN.GHG.CO2.IP.MT.CE.AR5,5.8426,Bangladesh
2002,Carbon dioxide (CO2) emissions from Industrial Processes (Mt CO2e),EN.GHG.CO2.IP.MT.CE.AR5,5.6992,Bangladesh
2001,Carbon dioxide (CO2) emissions from Industrial Processes (Mt CO2e),EN.GHG.CO2.IP.MT.CE.AR5,5.6864,Bangladesh
2000,Carbon dioxide (CO2) emissions from Industrial Processes (Mt CO2e),EN.GHG.CO2.IP.MT.CE.AR5,4.9279,Bangladesh
1999,Carbon dioxide (CO2) emissions from Industrial Processes (Mt CO2e),EN.GHG.CO2.IP.MT.CE.AR5,4.0829,Bangladesh
1998,Carbon dioxide (CO2) emissions from Industrial Processes (Mt CO2e),EN.GHG.CO2.IP.MT.CE.AR5,3.346,Bangladesh
1997,Carbon dioxide (CO2) emissions from Industrial Processes (Mt CO2e),EN.GHG.CO2.IP.MT.CE.AR5,3.0877,Bangladesh
1996,Carbon dioxide (CO2) emissions from Industrial Processes (Mt CO2e),EN.GHG.CO2.IP.MT.CE.AR5,3.3155,Bangladesh
1995,Carbon dioxide (CO2) emissions from Industrial Processes (Mt CO2e),EN.GHG.CO2.IP.MT.CE.AR5,3.2244,Bangladesh
1994,Carbon dioxide (CO2) emissions from Industrial Processes (Mt CO2e),EN.GHG.CO2.IP.MT.CE.AR5,2.6323,Bangladesh
1993,Carbon dioxide (CO2) emissions from Industrial Processes (Mt CO2e),EN.GHG.CO2.IP.MT.CE.AR5,2.4161,Bangladesh
1992,Carbon dioxide (CO2) emissions from Industrial Processes (Mt CO2e),EN.GHG.CO2.IP.MT.CE.AR5,2.3438,Bangladesh
1991,Carbon dioxide (CO2) emissions from Industrial Processes (Mt CO2e),EN.GHG.CO2.IP.MT.CE.AR5,1.7333,Bangladesh
1990,Carbon dioxide (CO2) emissions from Industrial Processes (Mt CO2e),EN.GHG.CO2.IP.MT.CE.AR5,1.9271,Bangladesh
1989,Carbon dioxide (CO2) emissions from Industrial Processes (Mt CO2e),EN.GHG.CO2.IP.MT.CE.AR5,2.0935,Bangladesh
1988,Carbon dioxide (CO2) emissions from Industrial Processes (Mt CO2e),EN.GHG.CO2.IP.MT.CE.AR5,1.8013,Bangladesh
1987,Carbon dioxide (CO2) emissions from Industrial Processes (Mt CO2e),EN.GHG.CO2.IP.MT.CE.AR5,1.2308,Bangladesh
1986,Carbon dioxide (CO2) emissions from Industrial Processes (Mt CO2e),EN.GHG.CO2.IP.MT.CE.AR5,1.2083,Bangladesh
1985,Carbon dioxide (CO2) emissions from Industrial Processes (Mt CO2e),EN.GHG.CO2.IP.MT.CE.AR5,1.0868,Bangladesh
1984,Carbon dioxide (CO2) emissions from Industrial Processes (Mt CO2e),EN.GHG.CO2.IP.MT.CE.AR5,1.1059,Bangladesh
1983,Carbon dioxide (CO2) emissions from Industrial Processes (Mt CO2e),EN.GHG.CO2.IP.MT.CE.AR5,0.7401,Bangladesh
1982,Carbon dioxide (CO2) emissions from Industrial Processes (Mt CO2e),EN.GHG.CO2.IP.MT.CE.AR5,0.7682,Bangladesh
1981,Carbon dioxide (CO2) emissions from Industrial Processes (Mt CO2e),EN.GHG.CO2.IP.MT.CE.AR5,0.7049,Bangladesh
1980,Carbon dioxide (CO2) emissions from Industrial Processes (Mt CO2e),EN.GHG.CO2.IP.MT.CE.AR5,0.6776,Bangladesh
1979,Carbon dioxide (CO2) emissions from Industrial Processes (Mt CO2e),EN.GHG.CO2.IP.MT.CE.AR5,0.7294,Bangladesh
1978,Carbon dioxide (CO2) emissions from Industrial Processes (Mt CO2e),EN.GHG.CO2.IP.MT.CE.AR5,0.5923,Bangladesh
1977,Carbon dioxide (CO2) emissions from Industrial Processes (Mt CO2e),EN.GHG.CO2.IP.MT.CE.AR5,0.5663,Bangladesh
1976,Carbon dioxide (CO2) emissions from Industrial Processes (Mt CO2e),EN.GHG.CO2.IP.MT.CE.AR5,0.6043,Bangladesh
1975,Carbon dioxide (CO2) emissions from Industrial Processes (Mt CO2e),EN.GHG.CO2.IP.MT.CE.AR5,0.5315,Bangladesh
1974,Carbon dioxide (CO2) emissions from Industrial Processes (Mt CO2e),EN.GHG.CO2.IP.MT.CE.AR5,0.2899,Bangladesh
1973,Carbon dioxide (CO2) emissions from Industrial Processes (Mt CO2e),EN.GHG.CO2.IP.MT.CE.AR5,0.4813,Bangladesh
1972,Carbon dioxide (CO2) emissions from Industrial Processes (Mt CO2e),EN.GHG.CO2.IP.MT.CE.AR5,0.3877,Bangladesh
1971,Carbon dioxide (CO2) emissions from Industrial Processes (Mt CO2e),EN.GHG.CO2.IP.MT.CE.AR5,0.2635,Bangladesh
1970,Carbon dioxide (CO2) emissions from Industrial Processes (Mt CO2e),EN.GHG.CO2.IP.MT.CE.AR5,0.2567,Bangladesh
2023,Carbon dioxide (CO2) net fluxes from LULUCF - Deforestation (Mt CO2e),EN.GHG.CO2.LU.DF.MT.CE.AR5,0.8199,Bangladesh
2022,Carbon dioxide (CO2) net fluxes from LULUCF - Deforestation (Mt CO2e),EN.GHG.CO2.LU.DF.MT.CE.AR5,0.8199,Bangladesh
2021,Carbon dioxide (CO2) net fluxes from LULUCF - Deforestation (Mt CO2e),EN.GHG.CO2.LU.DF.MT.CE.AR5,0.8199,Bangladesh
2020,Carbon dioxide (CO2) net fluxes from LULUCF - Deforestation (Mt CO2e),EN.GHG.CO2.LU.DF.MT.CE.AR5,0.8199,Bangladesh
2019,Carbon dioxide (CO2) net fluxes from LULUCF - Deforestation (Mt CO2e),EN.GHG.CO2.LU.DF.MT.CE.AR5,0.8199,Bangladesh
2018,Carbon dioxide (CO2) net fluxes from LULUCF - Deforestation (Mt CO2e),EN.GHG.CO2.LU.DF.MT.CE.AR5,0.8199,Bangladesh
2017,Carbon dioxide (CO2) net fluxes from LULUCF - Deforestation (Mt CO2e),EN.GHG.CO2.LU.DF.MT.CE.AR5,0.8199,Bangladesh
2016,Carbon dioxide (CO2) net fluxes from LULUCF - Deforestation (Mt CO2e),EN.GHG.CO2.LU.DF.MT.CE.AR5,0.8199,Bangladesh
2015,Carbon dioxide (CO2) net fluxes from LULUCF - Deforestation (Mt CO2e),EN.GHG.CO2.LU.DF.MT.CE.AR5,0.8199,Bangladesh
2014,Carbon dioxide (CO2) net fluxes from LULUCF - Deforestation (Mt CO2e),EN.GHG.CO2.LU.DF.MT.CE.AR5,0.8199,Bangladesh
2013,Carbon dioxide (CO2) net fluxes from LULUCF - Deforestation (Mt CO2e),EN.GHG.CO2.LU.DF.MT.CE.AR5,0.8199,Bangladesh
2012,Carbon dioxide (CO2) net fluxes from LULUCF - Deforestation (Mt CO2e),EN.GHG.CO2.LU.DF.MT.CE.AR5,0.8199,Bangladesh
2011,Carbon dioxide (CO2) net fluxes from LULUCF - Deforestation (Mt CO2e),EN.GHG.CO2.LU.DF.MT.CE.AR5,0.8199,Bangladesh
2010,Carbon dioxide (CO2) net fluxes from LULUCF - Deforestation (Mt CO2e),EN.GHG.CO2.LU.DF.MT.CE.AR5,0.8199,Bangladesh
2009,Carbon dioxide (CO2) net fluxes from LULUCF - Deforestation (Mt CO2e),EN.GHG.CO2.LU.DF.MT.CE.AR5,0.8199,Bangladesh
2008,Carbon dioxide (CO2) net fluxes from LULUCF - Deforestation (Mt CO2e),EN.GHG.CO2.LU.DF.MT.CE.AR5,0.8199,Bangladesh
2007,Carbon dioxide (CO2) net fluxes from LULUCF - Deforestation (Mt CO2e),EN.GHG.CO2.LU.DF.MT.CE.AR5,0.8199,Bangladesh
2006,Carbon dioxide (CO2) net fluxes from LULUCF - Deforestation (Mt CO2e),EN.GHG.CO2.LU.DF.MT.CE.AR5,0.8199,Bangladesh
2005,Carbon dioxide (CO2) net fluxes from LULUCF - Deforestation (Mt CO2e),EN.GHG.CO2.LU.DF.MT.CE.AR5,0.8199,Bangladesh
2004,Carbon dioxide (CO2) net fluxes from LULUCF - Deforestation (Mt CO2e),EN.GHG.CO2.LU.DF.MT.CE.AR5,0.8199,Bangladesh
2003,Carbon dioxide (CO2) net fluxes from LULUCF - Deforestation (Mt CO2e),EN.GHG.CO2.LU.DF.MT.CE.AR5,0.8199,Bangladesh
2002,Carbon dioxide (CO2) net fluxes from LULUCF - Deforestation (Mt CO2e),EN.GHG.CO2.LU.DF.MT.CE.AR5,0.8199,Bangladesh
2001,Carbon dioxide (CO2) net fluxes from LULUCF - Deforestation (Mt CO2e),EN.GHG.CO2.LU.DF.MT.CE.AR5,0.8199,Bangladesh
2000,Carbon dioxide (CO2) net fluxes from LULUCF - Deforestation (Mt CO2e),EN.GHG.CO2.LU.DF.MT.CE.AR5,0.8199,Bangladesh
2023,Carbon dioxide (CO2) net fluxes from LULUCF - Forest Land (Mt CO2e),EN.GHG.CO2.LU.FL.MT.CE.AR5,-0.4456,Bangladesh
2022,Carbon dioxide (CO2) net fluxes from LULUCF - Forest Land (Mt CO2e),EN.GHG.CO2.LU.FL.MT.CE.AR5,-0.4456,Bangladesh
2021,Carbon dioxide (CO2) net fluxes from LULUCF - Forest Land (Mt CO2e),EN.GHG.CO2.LU.FL.MT.CE.AR5,-0.4456,Bangladesh
2020,Carbon dioxide (CO2) net fluxes from LULUCF - Forest Land (Mt CO2e),EN.GHG.CO2.LU.FL.MT.CE.AR5,-0.4456,Bangladesh
2019,Carbon dioxide (CO2) net fluxes from LULUCF - Forest Land (Mt CO2e),EN.GHG.CO2.LU.FL.MT.CE.AR5,-0.4456,Bangladesh
2018,Carbon dioxide (CO2) net fluxes from LULUCF - Forest Land (Mt CO2e),EN.GHG.CO2.LU.FL.MT.CE.AR5,-0.4456,Bangladesh
2017,Carbon dioxide (CO2) net fluxes from LULUCF - Forest Land (Mt CO2e),EN.GHG.CO2.LU.FL.MT.CE.AR5,-0.4456,Bangladesh
2016,Carbon dioxide (CO2) net fluxes from LULUCF - Forest Land (Mt CO2e),EN.GHG.CO2.LU.FL.MT.CE.AR5,-0.4456,Bangladesh
2015,Carbon dioxide (CO2) net fluxes from LULUCF - Forest Land (Mt CO2e),EN.GHG.CO2.LU.FL.MT.CE.AR5,-0.4456,Bangladesh
2014,Carbon dioxide (CO2) net fluxes from LULUCF - Forest Land (Mt CO2e),EN.GHG.CO2.LU.FL.MT.CE.AR5,-0.4456,Bangladesh
2013,Carbon dioxide (CO2) net fluxes from LULUCF - Forest Land (Mt CO2e),EN.GHG.CO2.LU.FL.MT.CE.AR5,-0.4456,Bangladesh
2012,Carbon dioxide (CO2) net fluxes from LULUCF - Forest Land (Mt CO2e),EN.GHG.CO2.LU.FL.MT.CE.AR5,-0.4456,Bangladesh
2011,Carbon dioxide (CO2) net fluxes from LULUCF - Forest Land (Mt CO2e),EN.GHG.CO2.LU.FL.MT.CE.AR5,-0.4456,Bangladesh
2010,Carbon dioxide (CO2) net fluxes from LULUCF - Forest Land (Mt CO2e),EN.GHG.CO2.LU.FL.MT.CE.AR5,-0.4456,Bangladesh
2009,Carbon dioxide (CO2) net fluxes from LULUCF - Forest Land (Mt CO2e),EN.GHG.CO2.LU.FL.MT.CE.AR5,-0.4456,Bangladesh
2008,Carbon dioxide (CO2) net fluxes from LULUCF - Forest Land (Mt CO2e),EN.GHG.CO2.LU.FL.MT.CE.AR5,-0.4456,Bangladesh
2007,Carbon dioxide (CO2) net fluxes from LULUCF - Forest Land (Mt CO2e),EN.GHG.CO2.LU.FL.MT.CE.AR5,-0.4456,Bangladesh
2006,Carbon dioxide (CO2) net fluxes from LULUCF - Forest Land (Mt CO2e),EN.GHG.CO2.LU.FL.MT.CE.AR5,-0.4456,Bangladesh
2005,Carbon dioxide (CO2) net fluxes from LULUCF - Forest Land (Mt CO2e),EN.GHG.CO2.LU.FL.MT.CE.AR5,-0.4456,Bangladesh
2004,Carbon dioxide (CO2) net fluxes from LULUCF - Forest Land (Mt CO2e),EN.GHG.CO2.LU.FL.MT.CE.AR5,-0.4456,Bangladesh
2003,Carbon dioxide (CO2) net fluxes from LULUCF - Forest Land (Mt CO2e),EN.GHG.CO2.LU.FL.MT.CE.AR5,-0.4456,Bangladesh
2002,Carbon dioxide (CO2) net fluxes from LULUCF - Forest Land (Mt CO2e),EN.GHG.CO2.LU.FL.MT.CE.AR5,-0.4456,Bangladesh
2001,Carbon dioxide (CO2) net fluxes from LULUCF - Forest Land (Mt CO2e),EN.GHG.CO2.LU.FL.MT.CE.AR5,-0.4456,Bangladesh
2000,Carbon dioxide (CO2) net fluxes from LULUCF - Forest Land (Mt CO2e),EN.GHG.CO2.LU.FL.MT.CE.AR5,-0.4456,Bangladesh
2023,Carbon dioxide (CO2) net fluxes from LULUCF - Total excluding non-tropical fires (Mt CO2e),EN.GHG.CO2.LU.MT.CE.AR5,0.3743,Bangladesh
2022,Carbon dioxide (CO2) net fluxes from LULUCF - Total excluding non-tropical fires (Mt CO2e),EN.GHG.CO2.LU.MT.CE.AR5,0.3743,Bangladesh
2021,Carbon dioxide (CO2) net fluxes from LULUCF - Total excluding non-tropical fires (Mt CO2e),EN.GHG.CO2.LU.MT.CE.AR5,0.3743,Bangladesh
2020,Carbon dioxide (CO2) net fluxes from LULUCF - Total excluding non-tropical fires (Mt CO2e),EN.GHG.CO2.LU.MT.CE.AR5,0.3743,Bangladesh
2019,Carbon dioxide (CO2) net fluxes from LULUCF - Total excluding non-tropical fires (Mt CO2e),EN.GHG.CO2.LU.MT.CE.AR5,0.3743,Bangladesh
2018,Carbon dioxide (CO2) net fluxes from LULUCF - Total excluding non-tropical fires (Mt CO2e),EN.GHG.CO2.LU.MT.CE.AR5,0.3743,Bangladesh
2017,Carbon dioxide (CO2) net fluxes from LULUCF - Total excluding non-tropical fires (Mt CO2e),EN.GHG.CO2.LU.MT.CE.AR5,0.3743,Bangladesh
2016,Carbon dioxide (CO2) net fluxes from LULUCF - Total excluding non-tropical fires (Mt CO2e),EN.GHG.CO2.LU.MT.CE.AR5,0.3743,Bangladesh
2015,Carbon dioxide (CO2) net fluxes from LULUCF - Total excluding non-tropical fires (Mt CO2e),EN.GHG.CO2.LU.MT.CE.AR5,0.3743,Bangladesh
2014,Carbon dioxide (CO2) net fluxes from LULUCF - Total excluding non-tropical fires (Mt CO2e),EN.GHG.CO2.LU.MT.CE.AR5,0.3743,Bangladesh
2013,Carbon dioxide (CO2) net fluxes from LULUCF - Total excluding non-tropical fires (Mt CO2e),EN.GHG.CO2.LU.MT.CE.AR5,0.3743,Bangladesh
2012,Carbon dioxide (CO2) net fluxes from LULUCF - Total excluding non-tropical fires (Mt CO2e),EN.GHG.CO2.LU.MT.CE.AR5,0.3743,Bangladesh
2011,Carbon dioxide (CO2) net fluxes from LULUCF - Total excluding non-tropical fires (Mt CO2e),EN.GHG.CO2.LU.MT.CE.AR5,0.3743,Bangladesh
2010,Carbon dioxide (CO2) net fluxes from LULUCF - Total excluding non-tropical fires (Mt CO2e),EN.GHG.CO2.LU.MT.CE.AR5,0.3743,Bangladesh
2009,Carbon dioxide (CO2) net fluxes from LULUCF - Total excluding non-tropical fires (Mt CO2e),EN.GHG.CO2.LU.MT.CE.AR5,0.3743,Bangladesh
2008,Carbon dioxide (CO2) net fluxes from LULUCF - Total excluding non-tropical fires (Mt CO2e),EN.GHG.CO2.LU.MT.CE.AR5,0.3743,Bangladesh
2007,Carbon dioxide (CO2) net fluxes from LULUCF - Total excluding non-tropical fires (Mt CO2e),EN.GHG.CO2.LU.MT.CE.AR5,0.3743,Bangladesh
2006,Carbon dioxide (CO2) net fluxes from LULUCF - Total excluding non-tropical fires (Mt CO2e),EN.GHG.CO2.LU.MT.CE.AR5,0.3743,Bangladesh
2005,Carbon dioxide (CO2) net fluxes from LULUCF - Total excluding non-tropical fires (Mt CO2e),EN.GHG.CO2.LU.MT.CE.AR5,0.3743,Bangladesh
2004,Carbon dioxide (CO2) net fluxes from LULUCF - Total excluding non-tropical fires (Mt CO2e),EN.GHG.CO2.LU.MT.CE.AR5,0.3743,Bangladesh
2003,Carbon dioxide (CO2) net fluxes from LULUCF - Total excluding non-tropical fires (Mt CO2e),EN.GHG.CO2.LU.MT.CE.AR5,0.3743,Bangladesh
2002,Carbon dioxide (CO2) net fluxes from LULUCF - Total excluding non-tropical fires (Mt CO2e),EN.GHG.CO2.LU.MT.CE.AR5,0.3743,Bangladesh
2001,Carbon dioxide (CO2) net fluxes from LULUCF - Total excluding non-tropical fires (Mt CO2e),EN.GHG.CO2.LU.MT.CE.AR5,0.3743,Bangladesh
2000,Carbon dioxide (CO2) net fluxes from LULUCF - Total excluding non-tropical fires (Mt CO2e),EN.GHG.CO2.LU.MT.CE.AR5,0.3743,Bangladesh
2020,Carbon dioxide (CO2) net fluxes from LULUCF - Other Land (Mt CO2e),EN.GHG.CO2.LU.OL.MT.CE.AR5,0,Bangladesh
2019,Carbon dioxide (CO2) net fluxes from LULUCF - Other Land (Mt CO2e),EN.GHG.CO2.LU.OL.MT.CE.AR5,0,Bangladesh
2018,Carbon dioxide (CO2) net fluxes from LULUCF - Other Land (Mt CO2e),EN.GHG.CO2.LU.OL.MT.CE.AR5,0,Bangladesh
2017,Carbon dioxide (CO2) net fluxes from LULUCF - Other Land (Mt CO2e),EN.GHG.CO2.LU.OL.MT.CE.AR5,0,Bangladesh
2016,Carbon dioxide (CO2) net fluxes from LULUCF - Other Land (Mt CO2e),EN.GHG.CO2.LU.OL.MT.CE.AR5,0,Bangladesh
2015,Carbon dioxide (CO2) net fluxes from LULUCF - Other Land (Mt CO2e),EN.GHG.CO2.LU.OL.MT.CE.AR5,0,Bangladesh
2014,Carbon dioxide (CO2) net fluxes from LULUCF - Other Land (Mt CO2e),EN.GHG.CO2.LU.OL.MT.CE.AR5,0,Bangladesh
2013,Carbon dioxide (CO2) net fluxes from LULUCF - Other Land (Mt CO2e),EN.GHG.CO2.LU.OL.MT.CE.AR5,0,Bangladesh
2012,Carbon dioxide (CO2) net fluxes from LULUCF - Other Land (Mt CO2e),EN.GHG.CO2.LU.OL.MT.CE.AR5,0,Bangladesh
2011,Carbon dioxide (CO2) net fluxes from LULUCF - Other Land (Mt CO2e),EN.GHG.CO2.LU.OL.MT.CE.AR5,0,Bangladesh
2010,Carbon dioxide (CO2) net fluxes from LULUCF - Other Land (Mt CO2e),EN.GHG.CO2.LU.OL.MT.CE.AR5,0,Bangladesh
2009,Carbon dioxide (CO2) net fluxes from LULUCF - Other Land (Mt CO2e),EN.GHG.CO2.LU.OL.MT.CE.AR5,0,Bangladesh
2008,Carbon dioxide (CO2) net fluxes from LULUCF - Other Land (Mt CO2e),EN.GHG.CO2.LU.OL.MT.CE.AR5,0,Bangladesh
2007,Carbon dioxide (CO2) net fluxes from LULUCF - Other Land (Mt CO2e),EN.GHG.CO2.LU.OL.MT.CE.AR5,0,Bangladesh
2006,Carbon dioxide (CO2) net fluxes from LULUCF - Other Land (Mt CO2e),EN.GHG.CO2.LU.OL.MT.CE.AR5,0,Bangladesh
2005,Carbon dioxide (CO2) net fluxes from LULUCF - Other Land (Mt CO2e),EN.GHG.CO2.LU.OL.MT.CE.AR5,0,Bangladesh
2004,Carbon dioxide (CO2) net fluxes from LULUCF - Other Land (Mt CO2e),EN.GHG.CO2.LU.OL.MT.CE.AR5,0,Bangladesh
2003,Carbon dioxide (CO2) net fluxes from LULUCF - Other Land (Mt CO2e),EN.GHG.CO2.LU.OL.MT.CE.AR5,0,Bangladesh
2002,Carbon dioxide (CO2) net fluxes from LULUCF - Other Land (Mt CO2e),EN.GHG.CO2.LU.OL.MT.CE.AR5,0,Bangladesh
2001,Carbon dioxide (CO2) net fluxes from LULUCF - Other Land (Mt CO2e),EN.GHG.CO2.LU.OL.MT.CE.AR5,0,Bangladesh
2000,Carbon dioxide (CO2) net fluxes from LULUCF - Other Land (Mt CO2e),EN.GHG.CO2.LU.OL.MT.CE.AR5,0,Bangladesh
2020,Carbon dioxide (CO2) net fluxes from LULUCF - Organic Soil (Mt CO2e),EN.GHG.CO2.LU.OS.MT.CE.AR5,0,Bangladesh
2019,Carbon dioxide (CO2) net fluxes from LULUCF - Organic Soil (Mt CO2e),EN.GHG.CO2.LU.OS.MT.CE.AR5,0,Bangladesh
2018,Carbon dioxide (CO2) net fluxes from LULUCF - Organic Soil (Mt CO2e),EN.GHG.CO2.LU.OS.MT.CE.AR5,0,Bangladesh
2017,Carbon dioxide (CO2) net fluxes from LULUCF - Organic Soil (Mt CO2e),EN.GHG.CO2.LU.OS.MT.CE.AR5,0,Bangladesh
2016,Carbon dioxide (CO2) net fluxes from LULUCF - Organic Soil (Mt CO2e),EN.GHG.CO2.LU.OS.MT.CE.AR5,0,Bangladesh
2015,Carbon dioxide (CO2) net fluxes from LULUCF - Organic Soil (Mt CO2e),EN.GHG.CO2.LU.OS.MT.CE.AR5,0,Bangladesh
2014,Carbon dioxide (CO2) net fluxes from LULUCF - Organic Soil (Mt CO2e),EN.GHG.CO2.LU.OS.MT.CE.AR5,0,Bangladesh
2013,Carbon dioxide (CO2) net fluxes from LULUCF - Organic Soil (Mt CO2e),EN.GHG.CO2.LU.OS.MT.CE.AR5,0,Bangladesh
2012,Carbon dioxide (CO2) net fluxes from LULUCF - Organic Soil (Mt CO2e),EN.GHG.CO2.LU.OS.MT.CE.AR5,0,Bangladesh
2011,Carbon dioxide (CO2) net fluxes from LULUCF - Organic Soil (Mt CO2e),EN.GHG.CO2.LU.OS.MT.CE.AR5,0,Bangladesh
2010,Carbon dioxide (CO2) net fluxes from LULUCF - Organic Soil (Mt CO2e),EN.GHG.CO2.LU.OS.MT.CE.AR5,0,Bangladesh
2009,Carbon dioxide (CO2) net fluxes from LULUCF - Organic Soil (Mt CO2e),EN.GHG.CO2.LU.OS.MT.CE.AR5,0,Bangladesh
2008,Carbon dioxide (CO2) net fluxes from LULUCF - Organic Soil (Mt CO2e),EN.GHG.CO2.LU.OS.MT.CE.AR5,0,Bangladesh
2007,Carbon dioxide (CO2) net fluxes from LULUCF - Organic Soil (Mt CO2e),EN.GHG.CO2.LU.OS.MT.CE.AR5,0,Bangladesh
2006,Carbon dioxide (CO2) net fluxes from LULUCF - Organic Soil (Mt CO2e),EN.GHG.CO2.LU.OS.MT.CE.AR5,0,Bangladesh
2005,Carbon dioxide (CO2) net fluxes from LULUCF - Organic Soil (Mt CO2e),EN.GHG.CO2.LU.OS.MT.CE.AR5,0,Bangladesh
2004,Carbon dioxide (CO2) net fluxes from LULUCF - Organic Soil (Mt CO2e),EN.GHG.CO2.LU.OS.MT.CE.AR5,0,Bangladesh
2003,Carbon dioxide (CO2) net fluxes from LULUCF - Organic Soil (Mt CO2e),EN.GHG.CO2.LU.OS.MT.CE.AR5,0,Bangladesh
2002,Carbon dioxide (CO2) net fluxes from LULUCF - Organic Soil (Mt CO2e),EN.GHG.CO2.LU.OS.MT.CE.AR5,0,Bangladesh
2001,Carbon dioxide (CO2) net fluxes from LULUCF - Organic Soil (Mt CO2e),EN.GHG.CO2.LU.OS.MT.CE.AR5,0,Bangladesh
2000,Carbon dioxide (CO2) net fluxes from LULUCF - Organic Soil (Mt CO2e),EN.GHG.CO2.LU.OS.MT.CE.AR5,0,Bangladesh
2024,Carbon dioxide (CO2) emissions (total) excluding LULUCF (Mt CO2e),EN.GHG.CO2.MT.CE.AR5,124.1907,Bangladesh
2023,Carbon dioxide (CO2) emissions (total) excluding LULUCF (Mt CO2e),EN.GHG.CO2.MT.CE.AR5,118.9891,Bangladesh
2022,Carbon dioxide (CO2) emissions (total) excluding LULUCF (Mt CO2e),EN.GHG.CO2.MT.CE.AR5,120.8657,Bangladesh
2021,Carbon dioxide (CO2) emissions (total) excluding LULUCF (Mt CO2e),EN.GHG.CO2.MT.CE.AR5,117.7683,Bangladesh
2020,Carbon dioxide (CO2) emissions (total) excluding LULUCF (Mt CO2e),EN.GHG.CO2.MT.CE.AR5,104.1229,Bangladesh
2019,Carbon dioxide (CO2) emissions (total) excluding LULUCF (Mt CO2e),EN.GHG.CO2.MT.CE.AR5,109.3222,Bangladesh
2018,Carbon dioxide (CO2) emissions (total) excluding LULUCF (Mt CO2e),EN.GHG.CO2.MT.CE.AR5,105.1823,Bangladesh
2017,Carbon dioxide (CO2) emissions (total) excluding LULUCF (Mt CO2e),EN.GHG.CO2.MT.CE.AR5,101.0415,Bangladesh
2016,Carbon dioxide (CO2) emissions (total) excluding LULUCF (Mt CO2e),EN.GHG.CO2.MT.CE.AR5,93.9921,Bangladesh
2015,Carbon dioxide (CO2) emissions (total) excluding LULUCF (Mt CO2e),EN.GHG.CO2.MT.CE.AR5,85.4452,Bangladesh
2014,Carbon dioxide (CO2) emissions (total) excluding LULUCF (Mt CO2e),EN.GHG.CO2.MT.CE.AR5,76.6542,Bangladesh
2013,Carbon dioxide (CO2) emissions (total) excluding LULUCF (Mt CO2e),EN.GHG.CO2.MT.CE.AR5,72.0796,Bangladesh
2012,Carbon dioxide (CO2) emissions (total) excluding LULUCF (Mt CO2e),EN.GHG.CO2.MT.CE.AR5,69.872,Bangladesh
2011,Carbon dioxide (CO2) emissions (total) excluding LULUCF (Mt CO2e),EN.GHG.CO2.MT.CE.AR5,65.3074,Bangladesh
2010,Carbon dioxide (CO2) emissions (total) excluding LULUCF (Mt CO2e),EN.GHG.CO2.MT.CE.AR5,60.7693,Bangladesh
2009,Carbon dioxide (CO2) emissions (total) excluding LULUCF (Mt CO2e),EN.GHG.CO2.MT.CE.AR5,55.1298,Bangladesh
2008,Carbon dioxide (CO2) emissions (total) excluding LULUCF (Mt CO2e),EN.GHG.CO2.MT.CE.AR5,51.3301,Bangladesh
2007,Carbon dioxide (CO2) emissions (total) excluding LULUCF (Mt CO2e),EN.GHG.CO2.MT.CE.AR5,46.2192,Bangladesh
2006,Carbon dioxide (CO2) emissions (total) excluding LULUCF (Mt CO2e),EN.GHG.CO2.MT.CE.AR5,43.4924,Bangladesh
2005,Carbon dioxide (CO2) emissions (total) excluding LULUCF (Mt CO2e),EN.GHG.CO2.MT.CE.AR5,40.3834,Bangladesh
2004,Carbon dioxide (CO2) emissions (total) excluding LULUCF (Mt CO2e),EN.GHG.CO2.MT.CE.AR5,37.9102,Bangladesh
2003,Carbon dioxide (CO2) emissions (total) excluding LULUCF (Mt CO2e),EN.GHG.CO2.MT.CE.AR5,35.9887,Bangladesh
2002,Carbon dioxide (CO2) emissions (total) excluding LULUCF (Mt CO2e),EN.GHG.CO2.MT.CE.AR5,34.3448,Bangladesh
2001,Carbon dioxide (CO2) emissions (total) excluding LULUCF (Mt CO2e),EN.GHG.CO2.MT.CE.AR5,32.633,Bangladesh
2000,Carbon dioxide (CO2) emissions (total) excluding LULUCF (Mt CO2e),EN.GHG.CO2.MT.CE.AR5,26.9773,Bangladesh
1999,Carbon dioxide (CO2) emissions (total) excluding LULUCF (Mt CO2e),EN.GHG.CO2.MT.CE.AR5,26.1314,Bangladesh
1998,Carbon dioxide (CO2) emissions (total) excluding LULUCF (Mt CO2e),EN.GHG.CO2.MT.CE.AR5,24.4802,Bangladesh
1997,Carbon dioxide (CO2) emissions (total) excluding LULUCF (Mt CO2e),EN.GHG.CO2.MT.CE.AR5,23.9579,Bangladesh
1996,Carbon dioxide (CO2) emissions (total) excluding LULUCF (Mt CO2e),EN.GHG.CO2.MT.CE.AR5,22.0864,Bangladesh
1995,Carbon dioxide (CO2) emissions (total) excluding LULUCF (Mt CO2e),EN.GHG.CO2.MT.CE.AR5,21.7789,Bangladesh
1994,Carbon dioxide (CO2) emissions (total) excluding LULUCF (Mt CO2e),EN.GHG.CO2.MT.CE.AR5,18.0011,Bangladesh
1993,Carbon dioxide (CO2) emissions (total) excluding LULUCF (Mt CO2e),EN.GHG.CO2.MT.CE.AR5,16.9529,Bangladesh
1992,Carbon dioxide (CO2) emissions (total) excluding LULUCF (Mt CO2e),EN.GHG.CO2.MT.CE.AR5,15.7331,Bangladesh
1991,Carbon dioxide (CO2) emissions (total) excluding LULUCF (Mt CO2e),EN.GHG.CO2.MT.CE.AR5,14.0692,Bangladesh
1990,Carbon dioxide (CO2) emissions (total) excluding LULUCF (Mt CO2e),EN.GHG.CO2.MT.CE.AR5,14.767,Bangladesh
1989,Carbon dioxide (CO2) emissions (total) excluding LULUCF (Mt CO2e),EN.GHG.CO2.MT.CE.AR5,14.0795,Bangladesh
1988,Carbon dioxide (CO2) emissions (total) excluding LULUCF (Mt CO2e),EN.GHG.CO2.MT.CE.AR5,12.7417,Bangladesh
1987,Carbon dioxide (CO2) emissions (total) excluding LULUCF (Mt CO2e),EN.GHG.CO2.MT.CE.AR5,11.8904,Bangladesh
1986,Carbon dioxide (CO2) emissions (total) excluding LULUCF (Mt CO2e),EN.GHG.CO2.MT.CE.AR5,10.7838,Bangladesh
1985,Carbon dioxide (CO2) emissions (total) excluding LULUCF (Mt CO2e),EN.GHG.CO2.MT.CE.AR5,9.7969,Bangladesh
1984,Carbon dioxide (CO2) emissions (total) excluding LULUCF (Mt CO2e),EN.GHG.CO2.MT.CE.AR5,8.7725,Bangladesh
1983,Carbon dioxide (CO2) emissions (total) excluding LULUCF (Mt CO2e),EN.GHG.CO2.MT.CE.AR5,9.0627,Bangladesh
1982,Carbon dioxide (CO2) emissions (total) excluding LULUCF (Mt CO2e),EN.GHG.CO2.MT.CE.AR5,8.4258,Bangladesh
1981,Carbon dioxide (CO2) emissions (total) excluding LULUCF (Mt CO2e),EN.GHG.CO2.MT.CE.AR5,7.7976,Bangladesh
1980,Carbon dioxide (CO2) emissions (total) excluding LULUCF (Mt CO2e),EN.GHG.CO2.MT.CE.AR5,7.7185,Bangladesh
1979,Carbon dioxide (CO2) emissions (total) excluding LULUCF (Mt CO2e),EN.GHG.CO2.MT.CE.AR5,6.9095,Bangladesh
1978,Carbon dioxide (CO2) emissions (total) excluding LULUCF (Mt CO2e),EN.GHG.CO2.MT.CE.AR5,6.1978,Bangladesh
1977,Carbon dioxide (CO2) emissions (total) excluding LULUCF (Mt CO2e),EN.GHG.CO2.MT.CE.AR5,5.778,Bangladesh
1976,Carbon dioxide (CO2) emissions (total) excluding LULUCF (Mt CO2e),EN.GHG.CO2.MT.CE.AR5,5.5515,Bangladesh
1975,Carbon dioxide (CO2) emissions (total) excluding LULUCF (Mt CO2e),EN.GHG.CO2.MT.CE.AR5,5.1738,Bangladesh
1974,Carbon dioxide (CO2) emissions (total) excluding LULUCF (Mt CO2e),EN.GHG.CO2.MT.CE.AR5,4.3162,Bangladesh
1973,Carbon dioxide (CO2) emissions (total) excluding LULUCF (Mt CO2e),EN.GHG.CO2.MT.CE.AR5,4.0992,Bangladesh
1972,Carbon dioxide (CO2) emissions (total) excluding LULUCF (Mt CO2e),EN.GHG.CO2.MT.CE.AR5,3.4703,Bangladesh
1971,Carbon dioxide (CO2) emissions (total) excluding LULUCF (Mt CO2e),EN.GHG.CO2.MT.CE.AR5,3.3461,Bangladesh
1970,Carbon dioxide (CO2) emissions (total) excluding LULUCF (Mt CO2e),EN.GHG.CO2.MT.CE.AR5,3.3393,Bangladesh
2024,Carbon dioxide (CO2) emissions excluding LULUCF per capita (t CO2e/capita),EN.GHG.CO2.PC.CE.AR5,0.715539344,Bangladesh
2023,Carbon dioxide (CO2) emissions excluding LULUCF per capita (t CO2e/capita),EN.GHG.CO2.PC.CE.AR5,0.693947564,Bangladesh
2022,Carbon dioxide (CO2) emissions excluding LULUCF per capita (t CO2e/capita),EN.GHG.CO2.PC.CE.AR5,0.713556534,Bangladesh
2021,Carbon dioxide (CO2) emissions excluding LULUCF per capita (t CO2e/capita),EN.GHG.CO2.PC.CE.AR5,0.702428158,Bangladesh
2020,Carbon dioxide (CO2) emissions excluding LULUCF per capita (t CO2e/capita),EN.GHG.CO2.PC.CE.AR5,0.626122292,Bangladesh
2019,Carbon dioxide (CO2) emissions excluding LULUCF per capita (t CO2e/capita),EN.GHG.CO2.PC.CE.AR5,0.6629081,Bangladesh
2018,Carbon dioxide (CO2) emissions excluding LULUCF per capita (t CO2e/capita),EN.GHG.CO2.PC.CE.AR5,0.64322593,Bangladesh
2017,Carbon dioxide (CO2) emissions excluding LULUCF per capita (t CO2e/capita),EN.GHG.CO2.PC.CE.AR5,0.622997105,Bangladesh
2016,Carbon dioxide (CO2) emissions excluding LULUCF per capita (t CO2e/capita),EN.GHG.CO2.PC.CE.AR5,0.584484614,Bangladesh
2015,Carbon dioxide (CO2) emissions excluding LULUCF per capita (t CO2e/capita),EN.GHG.CO2.PC.CE.AR5,0.536099233,Bangladesh
2014,Carbon dioxide (CO2) emissions excluding LULUCF per capita (t CO2e/capita),EN.GHG.CO2.PC.CE.AR5,0.485260877,Bangladesh
2013,Carbon dioxide (CO2) emissions excluding LULUCF per capita (t CO2e/capita),EN.GHG.CO2.PC.CE.AR5,0.460477954,Bangladesh
2012,Carbon dioxide (CO2) emissions excluding LULUCF per capita (t CO2e/capita),EN.GHG.CO2.PC.CE.AR5,0.450583314,Bangladesh
2011,Carbon dioxide (CO2) emissions excluding LULUCF per capita (t CO2e/capita),EN.GHG.CO2.PC.CE.AR5,0.425203089,Bangladesh
2010,Carbon dioxide (CO2) emissions excluding LULUCF per capita (t CO2e/capita),EN.GHG.CO2.PC.CE.AR5,0.399267471,Bangladesh
2009,Carbon dioxide (CO2) emissions excluding LULUCF per capita (t CO2e/capita),EN.GHG.CO2.PC.CE.AR5,0.365403612,Bangladesh
2008,Carbon dioxide (CO2) emissions excluding LULUCF per capita (t CO2e/capita),EN.GHG.CO2.PC.CE.AR5,0.343404267,Bangladesh
2007,Carbon dioxide (CO2) emissions excluding LULUCF per capita (t CO2e/capita),EN.GHG.CO2.PC.CE.AR5,0.312314518,Bangladesh
2006,Carbon dioxide (CO2) emissions excluding LULUCF per capita (t CO2e/capita),EN.GHG.CO2.PC.CE.AR5,0.297067115,Bangladesh
2005,Carbon dioxide (CO2) emissions excluding LULUCF per capita (t CO2e/capita),EN.GHG.CO2.PC.CE.AR5,0.279053178,Bangladesh
2004,Carbon dioxide (CO2) emissions excluding LULUCF per capita (t CO2e/capita),EN.GHG.CO2.PC.CE.AR5,0.26528651,Bangladesh
2003,Carbon dioxide (CO2) emissions excluding LULUCF per capita (t CO2e/capita),EN.GHG.CO2.PC.CE.AR5,0.255292689,Bangladesh
2002,Carbon dioxide (CO2) emissions excluding LULUCF per capita (t CO2e/capita),EN.GHG.CO2.PC.CE.AR5,0.247202877,Bangladesh
2001,Carbon dioxide (CO2) emissions excluding LULUCF per capita (t CO2e/capita),EN.GHG.CO2.PC.CE.AR5,0.238535191,Bangladesh
2000,Carbon dioxide (CO2) emissions excluding LULUCF per capita (t CO2e/capita),EN.GHG.CO2.PC.CE.AR5,0.200508674,Bangladesh
1999,Carbon dioxide (CO2) emissions excluding LULUCF per capita (t CO2e/capita),EN.GHG.CO2.PC.CE.AR5,0.197803215,Bangladesh
1998,Carbon dioxide (CO2) emissions excluding LULUCF per capita (t CO2e/capita),EN.GHG.CO2.PC.CE.AR5,0.188857889,Bangladesh
1997,Carbon dioxide (CO2) emissions excluding LULUCF per capita (t CO2e/capita),EN.GHG.CO2.PC.CE.AR5,0.18835113,Bangladesh
1996,Carbon dioxide (CO2) emissions excluding LULUCF per capita (t CO2e/capita),EN.GHG.CO2.PC.CE.AR5,0.176886229,Bangladesh
1995,Carbon dioxide (CO2) emissions excluding LULUCF per capita (t CO2e/capita),EN.GHG.CO2.PC.CE.AR5,0.177641389,Bangladesh
1994,Carbon dioxide (CO2) emissions excluding LULUCF per capita (t CO2e/capita),EN.GHG.CO2.PC.CE.AR5,0.14958139,Bangladesh
1993,Carbon dioxide (CO2) emissions excluding LULUCF per capita (t CO2e/capita),EN.GHG.CO2.PC.CE.AR5,0.143507672,Bangladesh
1992,Carbon dioxide (CO2) emissions excluding LULUCF per capita (t CO2e/capita),EN.GHG.CO2.PC.CE.AR5,0.135686094,Bangladesh
1991,Carbon dioxide (CO2) emissions excluding LULUCF per capita (t CO2e/capita),EN.GHG.CO2.PC.CE.AR5,0.123644938,Bangladesh
1990,Carbon dioxide (CO2) emissions excluding LULUCF per capita (t CO2e/capita),EN.GHG.CO2.PC.CE.AR5,0.132280823,Bangladesh
1989,Carbon dioxide (CO2) emissions excluding LULUCF per capita (t CO2e/capita),EN.GHG.CO2.PC.CE.AR5,0.128657692,Bangladesh
1988,Carbon dioxide (CO2) emissions excluding LULUCF per capita (t CO2e/capita),EN.GHG.CO2.PC.CE.AR5,0.118841395,Bangladesh
1987,Carbon dioxide (CO2) emissions excluding LULUCF per capita (t CO2e/capita),EN.GHG.CO2.PC.CE.AR5,0.113285826,Bangladesh
1986,Carbon dioxide (CO2) emissions excluding LULUCF per capita (t CO2e/capita),EN.GHG.CO2.PC.CE.AR5,0.105068835,Bangladesh
1985,Carbon dioxide (CO2) emissions excluding LULUCF per capita (t CO2e/capita),EN.GHG.CO2.PC.CE.AR5,0.09772096,Bangladesh
1984,Carbon dioxide (CO2) emissions excluding LULUCF per capita (t CO2e/capita),EN.GHG.CO2.PC.CE.AR5,0.08968464,Bangladesh
1983,Carbon dioxide (CO2) emissions excluding LULUCF per capita (t CO2e/capita),EN.GHG.CO2.PC.CE.AR5,0.09506147,Bangladesh
1982,Carbon dioxide (CO2) emissions excluding LULUCF per capita (t CO2e/capita),EN.GHG.CO2.PC.CE.AR5,0.090781067,Bangladesh
1981,Carbon dioxide (CO2) emissions excluding LULUCF per capita (t CO2e/capita),EN.GHG.CO2.PC.CE.AR5,0.08634919,Bangladesh
1980,Carbon dioxide (CO2) emissions excluding LULUCF per capita (t CO2e/capita),EN.GHG.CO2.PC.CE.AR5,0.087693852,Bangladesh
1979,Carbon dioxide (CO2) emissions excluding LULUCF per capita (t CO2e/capita),EN.GHG.CO2.PC.CE.AR5,0.080403726,Bangladesh
1978,Carbon dioxide (CO2) emissions excluding LULUCF per capita (t CO2e/capita),EN.GHG.CO2.PC.CE.AR5,0.073880385,Bangladesh
1977,Carbon dioxide (CO2) emissions excluding LULUCF per capita (t CO2e/capita),EN.GHG.CO2.PC.CE.AR5,0.070577661,Bangladesh
1976,Carbon dioxide (CO2) emissions excluding LULUCF per capita (t CO2e/capita),EN.GHG.CO2.PC.CE.AR5,0.069519478,Bangladesh
1975,Carbon dioxide (CO2) emissions excluding LULUCF per capita (t CO2e/capita),EN.GHG.CO2.PC.CE.AR5,0.06645486,Bangladesh
1974,Carbon dioxide (CO2) emissions excluding LULUCF per capita (t CO2e/capita),EN.GHG.CO2.PC.CE.AR5,0.056912409,Bangladesh
1973,Carbon dioxide (CO2) emissions excluding LULUCF per capita (t CO2e/capita),EN.GHG.CO2.PC.CE.AR5,0.055603262,Bangladesh
1972,Carbon dioxide (CO2) emissions excluding LULUCF per capita (t CO2e/capita),EN.GHG.CO2.PC.CE.AR5,0.048439788,Bangladesh
1971,Carbon dioxide (CO2) emissions excluding LULUCF per capita (t CO2e/capita),EN.GHG.CO2.PC.CE.AR5,0.047613181,Bangladesh
1970,Carbon dioxide (CO2) emissions excluding LULUCF per capita (t CO2e/capita),EN.GHG.CO2.PC.CE.AR5,0.04835438,Bangladesh
2024,Carbon dioxide (CO2) emissions from Power Industry (Energy) (Mt CO2e),EN.GHG.CO2.PI.MT.CE.AR5,61.2433,Bangladesh
2023,Carbon dioxide (CO2) emissions from Power Industry (Energy) (Mt CO2e),EN.GHG.CO2.PI.MT.CE.AR5,58.6271,Bangladesh
2022,Carbon dioxide (CO2) emissions from Power Industry (Energy) (Mt CO2e),EN.GHG.CO2.PI.MT.CE.AR5,60.4006,Bangladesh
2021,Carbon dioxide (CO2) emissions from Power Industry (Energy) (Mt CO2e),EN.GHG.CO2.PI.MT.CE.AR5,55.1905,Bangladesh
2020,Carbon dioxide (CO2) emissions from Power Industry (Energy) (Mt CO2e),EN.GHG.CO2.PI.MT.CE.AR5,45.8875,Bangladesh
2019,Carbon dioxide (CO2) emissions from Power Industry (Energy) (Mt CO2e),EN.GHG.CO2.PI.MT.CE.AR5,47.6616,Bangladesh
2018,Carbon dioxide (CO2) emissions from Power Industry (Energy) (Mt CO2e),EN.GHG.CO2.PI.MT.CE.AR5,46.4937,Bangladesh
2017,Carbon dioxide (CO2) emissions from Power Industry (Energy) (Mt CO2e),EN.GHG.CO2.PI.MT.CE.AR5,44.1977,Bangladesh
2016,Carbon dioxide (CO2) emissions from Power Industry (Energy) (Mt CO2e),EN.GHG.CO2.PI.MT.CE.AR5,42.4055,Bangladesh
2015,Carbon dioxide (CO2) emissions from Power Industry (Energy) (Mt CO2e),EN.GHG.CO2.PI.MT.CE.AR5,37.9502,Bangladesh
2014,Carbon dioxide (CO2) emissions from Power Industry (Energy) (Mt CO2e),EN.GHG.CO2.PI.MT.CE.AR5,35.4259,Bangladesh
2013,Carbon dioxide (CO2) emissions from Power Industry (Energy) (Mt CO2e),EN.GHG.CO2.PI.MT.CE.AR5,33.1667,Bangladesh
2012,Carbon dioxide (CO2) emissions from Power Industry (Energy) (Mt CO2e),EN.GHG.CO2.PI.MT.CE.AR5,29.7691,Bangladesh
2011,Carbon dioxide (CO2) emissions from Power Industry (Energy) (Mt CO2e),EN.GHG.CO2.PI.MT.CE.AR5,26.2873,Bangladesh
2010,Carbon dioxide (CO2) emissions from Power Industry (Energy) (Mt CO2e),EN.GHG.CO2.PI.MT.CE.AR5,24.1692,Bangladesh
2009,Carbon dioxide (CO2) emissions from Power Industry (Energy) (Mt CO2e),EN.GHG.CO2.PI.MT.CE.AR5,21.6905,Bangladesh
2008,Carbon dioxide (CO2) emissions from Power Industry (Energy) (Mt CO2e),EN.GHG.CO2.PI.MT.CE.AR5,19.5051,Bangladesh
2007,Carbon dioxide (CO2) emissions from Power Industry (Energy) (Mt CO2e),EN.GHG.CO2.PI.MT.CE.AR5,18.1001,Bangladesh
2006,Carbon dioxide (CO2) emissions from Power Industry (Energy) (Mt CO2e),EN.GHG.CO2.PI.MT.CE.AR5,16.7842,Bangladesh
2005,Carbon dioxide (CO2) emissions from Power Industry (Energy) (Mt CO2e),EN.GHG.CO2.PI.MT.CE.AR5,14.5443,Bangladesh
2004,Carbon dioxide (CO2) emissions from Power Industry (Energy) (Mt CO2e),EN.GHG.CO2.PI.MT.CE.AR5,13.3331,Bangladesh
2003,Carbon dioxide (CO2) emissions from Power Industry (Energy) (Mt CO2e),EN.GHG.CO2.PI.MT.CE.AR5,11.3698,Bangladesh
2002,Carbon dioxide (CO2) emissions from Power Industry (Energy) (Mt CO2e),EN.GHG.CO2.PI.MT.CE.AR5,11.3188,Bangladesh
2001,Carbon dioxide (CO2) emissions from Power Industry (Energy) (Mt CO2e),EN.GHG.CO2.PI.MT.CE.AR5,10.5264,Bangladesh
2000,Carbon dioxide (CO2) emissions from Power Industry (Energy) (Mt CO2e),EN.GHG.CO2.PI.MT.CE.AR5,8.8103,Bangladesh
1999,Carbon dioxide (CO2) emissions from Power Industry (Energy) (Mt CO2e),EN.GHG.CO2.PI.MT.CE.AR5,8.6165,Bangladesh
1998,Carbon dioxide (CO2) emissions from Power Industry (Energy) (Mt CO2e),EN.GHG.CO2.PI.MT.CE.AR5,7.6283,Bangladesh
1997,Carbon dioxide (CO2) emissions from Power Industry (Energy) (Mt CO2e),EN.GHG.CO2.PI.MT.CE.AR5,6.9691,Bangladesh
1996,Carbon dioxide (CO2) emissions from Power Industry (Energy) (Mt CO2e),EN.GHG.CO2.PI.MT.CE.AR5,6.5479,Bangladesh
1995,Carbon dioxide (CO2) emissions from Power Industry (Energy) (Mt CO2e),EN.GHG.CO2.PI.MT.CE.AR5,6.5379,Bangladesh
1994,Carbon dioxide (CO2) emissions from Power Industry (Energy) (Mt CO2e),EN.GHG.CO2.PI.MT.CE.AR5,5.928,Bangladesh
1993,Carbon dioxide (CO2) emissions from Power Industry (Energy) (Mt CO2e),EN.GHG.CO2.PI.MT.CE.AR5,5.6258,Bangladesh
1992,Carbon dioxide (CO2) emissions from Power Industry (Energy) (Mt CO2e),EN.GHG.CO2.PI.MT.CE.AR5,5.0632,Bangladesh
1991,Carbon dioxide (CO2) emissions from Power Industry (Energy) (Mt CO2e),EN.GHG.CO2.PI.MT.CE.AR5,4.4705,Bangladesh
1990,Carbon dioxide (CO2) emissions from Power Industry (Energy) (Mt CO2e),EN.GHG.CO2.PI.MT.CE.AR5,4.3139,Bangladesh
1989,Carbon dioxide (CO2) emissions from Power Industry (Energy) (Mt CO2e),EN.GHG.CO2.PI.MT.CE.AR5,4.0567,Bangladesh
1988,Carbon dioxide (CO2) emissions from Power Industry (Energy) (Mt CO2e),EN.GHG.CO2.PI.MT.CE.AR5,4.0619,Bangladesh
1987,Carbon dioxide (CO2) emissions from Power Industry (Energy) (Mt CO2e),EN.GHG.CO2.PI.MT.CE.AR5,3.5436,Bangladesh
1986,Carbon dioxide (CO2) emissions from Power Industry (Energy) (Mt CO2e),EN.GHG.CO2.PI.MT.CE.AR5,3.2949,Bangladesh
1985,Carbon dioxide (CO2) emissions from Power Industry (Energy) (Mt CO2e),EN.GHG.CO2.PI.MT.CE.AR5,2.8424,Bangladesh
1984,Carbon dioxide (CO2) emissions from Power Industry (Energy) (Mt CO2e),EN.GHG.CO2.PI.MT.CE.AR5,1.9452,Bangladesh
1983,Carbon dioxide (CO2) emissions from Power Industry (Energy) (Mt CO2e),EN.GHG.CO2.PI.MT.CE.AR5,1.804,Bangladesh
1982,Carbon dioxide (CO2) emissions from Power Industry (Energy) (Mt CO2e),EN.GHG.CO2.PI.MT.CE.AR5,1.7885,Bangladesh
1981,Carbon dioxide (CO2) emissions from Power Industry (Energy) (Mt CO2e),EN.GHG.CO2.PI.MT.CE.AR5,1.4639,Bangladesh
1980,Carbon dioxide (CO2) emissions from Power Industry (Energy) (Mt CO2e),EN.GHG.CO2.PI.MT.CE.AR5,1.549,Bangladesh
1979,Carbon dioxide (CO2) emissions from Power Industry (Energy) (Mt CO2e),EN.GHG.CO2.PI.MT.CE.AR5,1.3893,Bangladesh
1978,Carbon dioxide (CO2) emissions from Power Industry (Energy) (Mt CO2e),EN.GHG.CO2.PI.MT.CE.AR5,1.2507,Bangladesh
1977,Carbon dioxide (CO2) emissions from Power Industry (Energy) (Mt CO2e),EN.GHG.CO2.PI.MT.CE.AR5,1.0263,Bangladesh
1976,Carbon dioxide (CO2) emissions from Power Industry (Energy) (Mt CO2e),EN.GHG.CO2.PI.MT.CE.AR5,0.9346,Bangladesh
1975,Carbon dioxide (CO2) emissions from Power Industry (Energy) (Mt CO2e),EN.GHG.CO2.PI.MT.CE.AR5,0.8896,Bangladesh
1974,Carbon dioxide (CO2) emissions from Power Industry (Energy) (Mt CO2e),EN.GHG.CO2.PI.MT.CE.AR5,1.0262,Bangladesh
1973,Carbon dioxide (CO2) emissions from Power Industry (Energy) (Mt CO2e),EN.GHG.CO2.PI.MT.CE.AR5,1.0393,Bangladesh
1972,Carbon dioxide (CO2) emissions from Power Industry (Energy) (Mt CO2e),EN.GHG.CO2.PI.MT.CE.AR5,0.6739,Bangladesh
1971,Carbon dioxide (CO2) emissions from Power Industry (Energy) (Mt CO2e),EN.GHG.CO2.PI.MT.CE.AR5,0.6739,Bangladesh
1970,Carbon dioxide (CO2) emissions from Power Industry (Energy) (Mt CO2e),EN.GHG.CO2.PI.MT.CE.AR5,0.6739,Bangladesh
2024,Carbon intensity of GDP (kg CO2e per constant 2015 US$ of GDP),EN.GHG.CO2.RT.GDP.KD,0.368591757,Bangladesh
2023,Carbon intensity of GDP (kg CO2e per constant 2015 US$ of GDP),EN.GHG.CO2.RT.GDP.KD,0.368068264,Bangladesh
2022,Carbon intensity of GDP (kg CO2e per constant 2015 US$ of GDP),EN.GHG.CO2.RT.GDP.KD,0.395464734,Bangladesh
2021,Carbon intensity of GDP (kg CO2e per constant 2015 US$ of GDP),EN.GHG.CO2.RT.GDP.KD,0.412688029,Bangladesh
2020,Carbon intensity of GDP (kg CO2e per constant 2015 US$ of GDP),EN.GHG.CO2.RT.GDP.KD,0.390188564,Bangladesh
2019,Carbon intensity of GDP (kg CO2e per constant 2015 US$ of GDP),EN.GHG.CO2.RT.GDP.KD,0.423797916,Bangladesh
2018,Carbon intensity of GDP (kg CO2e per constant 2015 US$ of GDP),EN.GHG.CO2.RT.GDP.KD,0.439887645,Bangladesh
2017,Carbon intensity of GDP (kg CO2e per constant 2015 US$ of GDP),EN.GHG.CO2.RT.GDP.KD,0.453499876,Bangladesh
2016,Carbon intensity of GDP (kg CO2e per constant 2015 US$ of GDP),EN.GHG.CO2.RT.GDP.KD,0.449662035,Bangladesh
2015,Carbon intensity of GDP (kg CO2e per constant 2015 US$ of GDP),EN.GHG.CO2.RT.GDP.KD,0.437851318,Bangladesh
2014,Carbon intensity of GDP (kg CO2e per constant 2015 US$ of GDP),EN.GHG.CO2.RT.GDP.KD,0.418542111,Bangladesh
2013,Carbon intensity of GDP (kg CO2e per constant 2015 US$ of GDP),EN.GHG.CO2.RT.GDP.KD,0.417418347,Bangladesh
2012,Carbon intensity of GDP (kg CO2e per constant 2015 US$ of GDP),EN.GHG.CO2.RT.GDP.KD,0.428967061,Bangladesh
2011,Carbon intensity of GDP (kg CO2e per constant 2015 US$ of GDP),EN.GHG.CO2.RT.GDP.KD,0.427090853,Bangladesh
2010,Carbon intensity of GDP (kg CO2e per constant 2015 US$ of GDP),EN.GHG.CO2.RT.GDP.KD,0.423103323,Bangladesh
2009,Carbon intensity of GDP (kg CO2e per constant 2015 US$ of GDP),EN.GHG.CO2.RT.GDP.KD,0.405225248,Bangladesh
2008,Carbon intensity of GDP (kg CO2e per constant 2015 US$ of GDP),EN.GHG.CO2.RT.GDP.KD,0.396331044,Bangladesh
2007,Carbon intensity of GDP (kg CO2e per constant 2015 US$ of GDP),EN.GHG.CO2.RT.GDP.KD,0.378329987,Bangladesh
2006,Carbon intensity of GDP (kg CO2e per constant 2015 US$ of GDP),EN.GHG.CO2.RT.GDP.KD,0.381138896,Bangladesh
2005,Carbon intensity of GDP (kg CO2e per constant 2015 US$ of GDP),EN.GHG.CO2.RT.GDP.KD,0.377505106,Bangladesh
2004,Carbon intensity of GDP (kg CO2e per constant 2015 US$ of GDP),EN.GHG.CO2.RT.GDP.KD,0.377548012,Bangladesh
2003,Carbon intensity of GDP (kg CO2e per constant 2015 US$ of GDP),EN.GHG.CO2.RT.GDP.KD,0.377190879,Bangladesh
2002,Carbon intensity of GDP (kg CO2e per constant 2015 US$ of GDP),EN.GHG.CO2.RT.GDP.KD,0.377022085,Bangladesh
2001,Carbon intensity of GDP (kg CO2e per constant 2015 US$ of GDP),EN.GHG.CO2.RT.GDP.KD,0.371962126,Bangladesh
2000,Carbon intensity of GDP (kg CO2e per constant 2015 US$ of GDP),EN.GHG.CO2.RT.GDP.KD,0.323109,Bangladesh
1999,Carbon intensity of GDP (kg CO2e per constant 2015 US$ of GDP),EN.GHG.CO2.RT.GDP.KD,0.329544424,Bangladesh
1998,Carbon intensity of GDP (kg CO2e per constant 2015 US$ of GDP),EN.GHG.CO2.RT.GDP.KD,0.323138812,Bangladesh
1997,Carbon intensity of GDP (kg CO2e per constant 2015 US$ of GDP),EN.GHG.CO2.RT.GDP.KD,0.332616509,Bangladesh
1996,Carbon intensity of GDP (kg CO2e per constant 2015 US$ of GDP),EN.GHG.CO2.RT.GDP.KD,0.320401311,Bangladesh
1995,Carbon intensity of GDP (kg CO2e per constant 2015 US$ of GDP),EN.GHG.CO2.RT.GDP.KD,0.330230227,Bangladesh
1994,Carbon intensity of GDP (kg CO2e per constant 2015 US$ of GDP),EN.GHG.CO2.RT.GDP.KD,0.286926432,Bangladesh
1993,Carbon intensity of GDP (kg CO2e per constant 2015 US$ of GDP),EN.GHG.CO2.RT.GDP.KD,0.280730623,Bangladesh
1992,Carbon intensity of GDP (kg CO2e per constant 2015 US$ of GDP),EN.GHG.CO2.RT.GDP.KD,0.272806509,Bangladesh
1991,Carbon intensity of GDP (kg CO2e per constant 2015 US$ of GDP),EN.GHG.CO2.RT.GDP.KD,0.257232766,Bangladesh
1990,Carbon intensity of GDP (kg CO2e per constant 2015 US$ of GDP),EN.GHG.CO2.RT.GDP.KD,0.279400719,Bangladesh
1989,Carbon intensity of GDP (kg CO2e per constant 2015 US$ of GDP),EN.GHG.CO2.RT.GDP.KD,0.281370087,Bangladesh
1988,Carbon intensity of GDP (kg CO2e per constant 2015 US$ of GDP),EN.GHG.CO2.RT.GDP.KD,0.261857913,Bangladesh
1987,Carbon intensity of GDP (kg CO2e per constant 2015 US$ of GDP),EN.GHG.CO2.RT.GDP.KD,0.250267059,Bangladesh
1986,Carbon intensity of GDP (kg CO2e per constant 2015 US$ of GDP),EN.GHG.CO2.RT.GDP.KD,0.235537965,Bangladesh
1985,Carbon intensity of GDP (kg CO2e per constant 2015 US$ of GDP),EN.GHG.CO2.RT.GDP.KD,0.222912558,Bangladesh
1984,Carbon intensity of GDP (kg CO2e per constant 2015 US$ of GDP),EN.GHG.CO2.RT.GDP.KD,0.206274794,Bangladesh
1983,Carbon intensity of GDP (kg CO2e per constant 2015 US$ of GDP),EN.GHG.CO2.RT.GDP.KD,0.223334279,Bangladesh
1982,Carbon intensity of GDP (kg CO2e per constant 2015 US$ of GDP),EN.GHG.CO2.RT.GDP.KD,0.215697567,Bangladesh
1981,Carbon intensity of GDP (kg CO2e per constant 2015 US$ of GDP),EN.GHG.CO2.RT.GDP.KD,0.203876321,Bangladesh
1980,Carbon intensity of GDP (kg CO2e per constant 2015 US$ of GDP),EN.GHG.CO2.RT.GDP.KD,0.216406859,Bangladesh
1979,Carbon intensity of GDP (kg CO2e per constant 2015 US$ of GDP),EN.GHG.CO2.RT.GDP.KD,0.195311462,Bangladesh
1978,Carbon intensity of GDP (kg CO2e per constant 2015 US$ of GDP),EN.GHG.CO2.RT.GDP.KD,0.183605938,Bangladesh
1977,Carbon intensity of GDP (kg CO2e per constant 2015 US$ of GDP),EN.GHG.CO2.RT.GDP.KD,0.183277888,Bangladesh
1976,Carbon intensity of GDP (kg CO2e per constant 2015 US$ of GDP),EN.GHG.CO2.RT.GDP.KD,0.180800392,Bangladesh
1975,Carbon intensity of GDP (kg CO2e per constant 2015 US$ of GDP),EN.GHG.CO2.RT.GDP.KD,0.178038883,Bangladesh
1974,Carbon intensity of GDP (kg CO2e per constant 2015 US$ of GDP),EN.GHG.CO2.RT.GDP.KD,0.14245535,Bangladesh
1973,Carbon intensity of GDP (kg CO2e per constant 2015 US$ of GDP),EN.GHG.CO2.RT.GDP.KD,0.148270581,Bangladesh
1972,Carbon intensity of GDP (kg CO2e per constant 2015 US$ of GDP),EN.GHG.CO2.RT.GDP.KD,0.129697372,Bangladesh
1971,Carbon intensity of GDP (kg CO2e per constant 2015 US$ of GDP),EN.GHG.CO2.RT.GDP.KD,0.107580652,Bangladesh
1970,Carbon intensity of GDP (kg CO2e per constant 2015 US$ of GDP),EN.GHG.CO2.RT.GDP.KD,0.101479141,Bangladesh
2024,Carbon intensity of GDP (kg CO2e per 2021 PPP $ of GDP),EN.GHG.CO2.RT.GDP.PP.KD,0.08431218,Bangladesh
2023,Carbon intensity of GDP (kg CO2e per 2021 PPP $ of GDP),EN.GHG.CO2.RT.GDP.PP.KD,0.084192436,Bangladesh
2022,Carbon intensity of GDP (kg CO2e per 2021 PPP $ of GDP),EN.GHG.CO2.RT.GDP.PP.KD,0.090459142,Bangladesh
2021,Carbon intensity of GDP (kg CO2e per 2021 PPP $ of GDP),EN.GHG.CO2.RT.GDP.PP.KD,0.094398822,Bangladesh
2020,Carbon intensity of GDP (kg CO2e per 2021 PPP $ of GDP),EN.GHG.CO2.RT.GDP.PP.KD,0.089252263,Bangladesh
2019,Carbon intensity of GDP (kg CO2e per 2021 PPP $ of GDP),EN.GHG.CO2.RT.GDP.PP.KD,0.096940112,Bangladesh
2018,Carbon intensity of GDP (kg CO2e per 2021 PPP $ of GDP),EN.GHG.CO2.RT.GDP.PP.KD,0.100620499,Bangladesh
2017,Carbon intensity of GDP (kg CO2e per 2021 PPP $ of GDP),EN.GHG.CO2.RT.GDP.PP.KD,0.103734179,Bangladesh
2016,Carbon intensity of GDP (kg CO2e per 2021 PPP $ of GDP),EN.GHG.CO2.RT.GDP.PP.KD,0.102856306,Bangladesh
2015,Carbon intensity of GDP (kg CO2e per 2021 PPP $ of GDP),EN.GHG.CO2.RT.GDP.PP.KD,0.100154707,Bangladesh
2014,Carbon intensity of GDP (kg CO2e per 2021 PPP $ of GDP),EN.GHG.CO2.RT.GDP.PP.KD,0.095737892,Bangladesh
2013,Carbon intensity of GDP (kg CO2e per 2021 PPP $ of GDP),EN.GHG.CO2.RT.GDP.PP.KD,0.095480841,Bangladesh
2012,Carbon intensity of GDP (kg CO2e per 2021 PPP $ of GDP),EN.GHG.CO2.RT.GDP.PP.KD,0.09812251,Bangladesh
2011,Carbon intensity of GDP (kg CO2e per 2021 PPP $ of GDP),EN.GHG.CO2.RT.GDP.PP.KD,0.097693343,Bangladesh
2010,Carbon intensity of GDP (kg CO2e per 2021 PPP $ of GDP),EN.GHG.CO2.RT.GDP.PP.KD,0.09678123,Bangladesh
2009,Carbon intensity of GDP (kg CO2e per 2021 PPP $ of GDP),EN.GHG.CO2.RT.GDP.PP.KD,0.092691775,Bangladesh
2008,Carbon intensity of GDP (kg CO2e per 2021 PPP $ of GDP),EN.GHG.CO2.RT.GDP.PP.KD,0.090657303,Bangladesh
2007,Carbon intensity of GDP (kg CO2e per 2021 PPP $ of GDP),EN.GHG.CO2.RT.GDP.PP.KD,0.086539716,Bangladesh
2006,Carbon intensity of GDP (kg CO2e per 2021 PPP $ of GDP),EN.GHG.CO2.RT.GDP.PP.KD,0.08718223,Bangladesh
2005,Carbon intensity of GDP (kg CO2e per 2021 PPP $ of GDP),EN.GHG.CO2.RT.GDP.PP.KD,0.086351032,Bangladesh
2004,Carbon intensity of GDP (kg CO2e per 2021 PPP $ of GDP),EN.GHG.CO2.RT.GDP.PP.KD,0.086360846,Bangladesh
2003,Carbon intensity of GDP (kg CO2e per 2021 PPP $ of GDP),EN.GHG.CO2.RT.GDP.PP.KD,0.086279155,Bangladesh
2002,Carbon intensity of GDP (kg CO2e per 2021 PPP $ of GDP),EN.GHG.CO2.RT.GDP.PP.KD,0.086240545,Bangladesh
2001,Carbon intensity of GDP (kg CO2e per 2021 PPP $ of GDP),EN.GHG.CO2.RT.GDP.PP.KD,0.085083123,Bangladesh
2000,Carbon intensity of GDP (kg CO2e per 2021 PPP $ of GDP),EN.GHG.CO2.RT.GDP.PP.KD,0.073908393,Bangladesh
1999,Carbon intensity of GDP (kg CO2e per 2021 PPP $ of GDP),EN.GHG.CO2.RT.GDP.PP.KD,0.07538044,Bangladesh
1998,Carbon intensity of GDP (kg CO2e per 2021 PPP $ of GDP),EN.GHG.CO2.RT.GDP.PP.KD,0.073915212,Bangladesh
1997,Carbon intensity of GDP (kg CO2e per 2021 PPP $ of GDP),EN.GHG.CO2.RT.GDP.PP.KD,0.076083153,Bangladesh
1996,Carbon intensity of GDP (kg CO2e per 2021 PPP $ of GDP),EN.GHG.CO2.RT.GDP.PP.KD,0.073289032,Bangladesh
1995,Carbon intensity of GDP (kg CO2e per 2021 PPP $ of GDP),EN.GHG.CO2.RT.GDP.PP.KD,0.075537312,Bangladesh
1994,Carbon intensity of GDP (kg CO2e per 2021 PPP $ of GDP),EN.GHG.CO2.RT.GDP.PP.KD,0.065631943,Bangladesh
1993,Carbon intensity of GDP (kg CO2e per 2021 PPP $ of GDP),EN.GHG.CO2.RT.GDP.PP.KD,0.064214705,Bangladesh
1992,Carbon intensity of GDP (kg CO2e per 2021 PPP $ of GDP),EN.GHG.CO2.RT.GDP.PP.KD,0.062402132,Bangladesh
1991,Carbon intensity of GDP (kg CO2e per 2021 PPP $ of GDP),EN.GHG.CO2.RT.GDP.PP.KD,0.058839773,Bangladesh
1990,Carbon intensity of GDP (kg CO2e per 2021 PPP $ of GDP),EN.GHG.CO2.RT.GDP.PP.KD,0.063910501,Bangladesh
2024,Carbon dioxide (CO2) emissions from Transport (Energy) (Mt CO2e),EN.GHG.CO2.TR.MT.CE.AR5,13.173,Bangladesh
2023,Carbon dioxide (CO2) emissions from Transport (Energy) (Mt CO2e),EN.GHG.CO2.TR.MT.CE.AR5,11.8827,Bangladesh
2022,Carbon dioxide (CO2) emissions from Transport (Energy) (Mt CO2e),EN.GHG.CO2.TR.MT.CE.AR5,13.4613,Bangladesh
2021,Carbon dioxide (CO2) emissions from Transport (Energy) (Mt CO2e),EN.GHG.CO2.TR.MT.CE.AR5,12.6731,Bangladesh
2020,Carbon dioxide (CO2) emissions from Transport (Energy) (Mt CO2e),EN.GHG.CO2.TR.MT.CE.AR5,11.4814,Bangladesh
2019,Carbon dioxide (CO2) emissions from Transport (Energy) (Mt CO2e),EN.GHG.CO2.TR.MT.CE.AR5,12.2388,Bangladesh
2018,Carbon dioxide (CO2) emissions from Transport (Energy) (Mt CO2e),EN.GHG.CO2.TR.MT.CE.AR5,11.6208,Bangladesh
2017,Carbon dioxide (CO2) emissions from Transport (Energy) (Mt CO2e),EN.GHG.CO2.TR.MT.CE.AR5,11.0668,Bangladesh
2016,Carbon dioxide (CO2) emissions from Transport (Energy) (Mt CO2e),EN.GHG.CO2.TR.MT.CE.AR5,9.928,Bangladesh
2015,Carbon dioxide (CO2) emissions from Transport (Energy) (Mt CO2e),EN.GHG.CO2.TR.MT.CE.AR5,9.358,Bangladesh
2014,Carbon dioxide (CO2) emissions from Transport (Energy) (Mt CO2e),EN.GHG.CO2.TR.MT.CE.AR5,8.9215,Bangladesh
2013,Carbon dioxide (CO2) emissions from Transport (Energy) (Mt CO2e),EN.GHG.CO2.TR.MT.CE.AR5,8.2603,Bangladesh
2012,Carbon dioxide (CO2) emissions from Transport (Energy) (Mt CO2e),EN.GHG.CO2.TR.MT.CE.AR5,8.7005,Bangladesh
2011,Carbon dioxide (CO2) emissions from Transport (Energy) (Mt CO2e),EN.GHG.CO2.TR.MT.CE.AR5,8.6172,Bangladesh
2010,Carbon dioxide (CO2) emissions from Transport (Energy) (Mt CO2e),EN.GHG.CO2.TR.MT.CE.AR5,7.3939,Bangladesh
2009,Carbon dioxide (CO2) emissions from Transport (Energy) (Mt CO2e),EN.GHG.CO2.TR.MT.CE.AR5,6.3944,Bangladesh
2008,Carbon dioxide (CO2) emissions from Transport (Energy) (Mt CO2e),EN.GHG.CO2.TR.MT.CE.AR5,6.069,Bangladesh
2007,Carbon dioxide (CO2) emissions from Transport (Energy) (Mt CO2e),EN.GHG.CO2.TR.MT.CE.AR5,5.4236,Bangladesh
2006,Carbon dioxide (CO2) emissions from Transport (Energy) (Mt CO2e),EN.GHG.CO2.TR.MT.CE.AR5,5.3132,Bangladesh
2005,Carbon dioxide (CO2) emissions from Transport (Energy) (Mt CO2e),EN.GHG.CO2.TR.MT.CE.AR5,5.0967,Bangladesh
2004,Carbon dioxide (CO2) emissions from Transport (Energy) (Mt CO2e),EN.GHG.CO2.TR.MT.CE.AR5,4.578,Bangladesh
2003,Carbon dioxide (CO2) emissions from Transport (Energy) (Mt CO2e),EN.GHG.CO2.TR.MT.CE.AR5,3.9626,Bangladesh
2002,Carbon dioxide (CO2) emissions from Transport (Energy) (Mt CO2e),EN.GHG.CO2.TR.MT.CE.AR5,3.8811,Bangladesh
2001,Carbon dioxide (CO2) emissions from Transport (Energy) (Mt CO2e),EN.GHG.CO2.TR.MT.CE.AR5,3.8193,Bangladesh
2000,Carbon dioxide (CO2) emissions from Transport (Energy) (Mt CO2e),EN.GHG.CO2.TR.MT.CE.AR5,3.0457,Bangladesh
1999,Carbon dioxide (CO2) emissions from Transport (Energy) (Mt CO2e),EN.GHG.CO2.TR.MT.CE.AR5,3.1199,Bangladesh
1998,Carbon dioxide (CO2) emissions from Transport (Energy) (Mt CO2e),EN.GHG.CO2.TR.MT.CE.AR5,3.4176,Bangladesh
1997,Carbon dioxide (CO2) emissions from Transport (Energy) (Mt CO2e),EN.GHG.CO2.TR.MT.CE.AR5,3.3399,Bangladesh
1996,Carbon dioxide (CO2) emissions from Transport (Energy) (Mt CO2e),EN.GHG.CO2.TR.MT.CE.AR5,2.9557,Bangladesh
1995,Carbon dioxide (CO2) emissions from Transport (Energy) (Mt CO2e),EN.GHG.CO2.TR.MT.CE.AR5,2.6853,Bangladesh
1994,Carbon dioxide (CO2) emissions from Transport (Energy) (Mt CO2e),EN.GHG.CO2.TR.MT.CE.AR5,2.2268,Bangladesh
1993,Carbon dioxide (CO2) emissions from Transport (Energy) (Mt CO2e),EN.GHG.CO2.TR.MT.CE.AR5,2.1802,Bangladesh
1992,Carbon dioxide (CO2) emissions from Transport (Energy) (Mt CO2e),EN.GHG.CO2.TR.MT.CE.AR5,2.1243,Bangladesh
1991,Carbon dioxide (CO2) emissions from Transport (Energy) (Mt CO2e),EN.GHG.CO2.TR.MT.CE.AR5,1.8465,Bangladesh
1990,Carbon dioxide (CO2) emissions from Transport (Energy) (Mt CO2e),EN.GHG.CO2.TR.MT.CE.AR5,1.6679,Bangladesh
1989,Carbon dioxide (CO2) emissions from Transport (Energy) (Mt CO2e),EN.GHG.CO2.TR.MT.CE.AR5,1.6427,Bangladesh
1988,Carbon dioxide (CO2) emissions from Transport (Energy) (Mt CO2e),EN.GHG.CO2.TR.MT.CE.AR5,1.5037,Bangladesh
1987,Carbon dioxide (CO2) emissions from Transport (Energy) (Mt CO2e),EN.GHG.CO2.TR.MT.CE.AR5,1.4181,Bangladesh
1986,Carbon dioxide (CO2) emissions from Transport (Energy) (Mt CO2e),EN.GHG.CO2.TR.MT.CE.AR5,1.3218,Bangladesh
1985,Carbon dioxide (CO2) emissions from Transport (Energy) (Mt CO2e),EN.GHG.CO2.TR.MT.CE.AR5,1.3486,Bangladesh
1984,Carbon dioxide (CO2) emissions from Transport (Energy) (Mt CO2e),EN.GHG.CO2.TR.MT.CE.AR5,1.0751,Bangladesh
1983,Carbon dioxide (CO2) emissions from Transport (Energy) (Mt CO2e),EN.GHG.CO2.TR.MT.CE.AR5,1.1021,Bangladesh
1982,Carbon dioxide (CO2) emissions from Transport (Energy) (Mt CO2e),EN.GHG.CO2.TR.MT.CE.AR5,0.9817,Bangladesh
1981,Carbon dioxide (CO2) emissions from Transport (Energy) (Mt CO2e),EN.GHG.CO2.TR.MT.CE.AR5,0.8305,Bangladesh
1980,Carbon dioxide (CO2) emissions from Transport (Energy) (Mt CO2e),EN.GHG.CO2.TR.MT.CE.AR5,0.9926,Bangladesh
1979,Carbon dioxide (CO2) emissions from Transport (Energy) (Mt CO2e),EN.GHG.CO2.TR.MT.CE.AR5,0.8548,Bangladesh
1978,Carbon dioxide (CO2) emissions from Transport (Energy) (Mt CO2e),EN.GHG.CO2.TR.MT.CE.AR5,0.6664,Bangladesh
1977,Carbon dioxide (CO2) emissions from Transport (Energy) (Mt CO2e),EN.GHG.CO2.TR.MT.CE.AR5,0.641,Bangladesh
1976,Carbon dioxide (CO2) emissions from Transport (Energy) (Mt CO2e),EN.GHG.CO2.TR.MT.CE.AR5,0.6566,Bangladesh
1975,Carbon dioxide (CO2) emissions from Transport (Energy) (Mt CO2e),EN.GHG.CO2.TR.MT.CE.AR5,0.6219,Bangladesh
1974,Carbon dioxide (CO2) emissions from Transport (Energy) (Mt CO2e),EN.GHG.CO2.TR.MT.CE.AR5,0.4961,Bangladesh
1973,Carbon dioxide (CO2) emissions from Transport (Energy) (Mt CO2e),EN.GHG.CO2.TR.MT.CE.AR5,0.2328,Bangladesh
1972,Carbon dioxide (CO2) emissions from Transport (Energy) (Mt CO2e),EN.GHG.CO2.TR.MT.CE.AR5,0.2478,Bangladesh
1971,Carbon dioxide (CO2) emissions from Transport (Energy) (Mt CO2e),EN.GHG.CO2.TR.MT.CE.AR5,0.2478,Bangladesh
1970,Carbon dioxide (CO2) emissions from Transport (Energy) (Mt CO2e),EN.GHG.CO2.TR.MT.CE.AR5,0.2478,Bangladesh
2024,Carbon dioxide (CO2) emissions (total) excluding LULUCF (% change from 1990),EN.GHG.CO2.ZG.AR5,741.0015575,Bangladesh
2023,Carbon dioxide (CO2) emissions (total) excluding LULUCF (% change from 1990),EN.GHG.CO2.ZG.AR5,705.7770705,Bangladesh
2022,Carbon dioxide (CO2) emissions (total) excluding LULUCF (% change from 1990),EN.GHG.CO2.ZG.AR5,718.4851358,Bangladesh
2021,Carbon dioxide (CO2) emissions (total) excluding LULUCF (% change from 1990),EN.GHG.CO2.ZG.AR5,697.5099885,Bangladesh
2020,Carbon dioxide (CO2) emissions (total) excluding LULUCF (% change from 1990),EN.GHG.CO2.ZG.AR5,605.1053024,Bangladesh
2019,Carbon dioxide (CO2) emissions (total) excluding LULUCF (% change from 1990),EN.GHG.CO2.ZG.AR5,640.3142141,Bangladesh
2018,Carbon dioxide (CO2) emissions (total) excluding LULUCF (% change from 1990),EN.GHG.CO2.ZG.AR5,612.2794068,Bangladesh
2017,Carbon dioxide (CO2) emissions (total) excluding LULUCF (% change from 1990),EN.GHG.CO2.ZG.AR5,584.2385048,Bangladesh
2016,Carbon dioxide (CO2) emissions (total) excluding LULUCF (% change from 1990),EN.GHG.CO2.ZG.AR5,536.5009819,Bangladesh
2015,Carbon dioxide (CO2) emissions (total) excluding LULUCF (% change from 1990),EN.GHG.CO2.ZG.AR5,478.6226045,Bangladesh
2014,Carbon dioxide (CO2) emissions (total) excluding LULUCF (% change from 1990),EN.GHG.CO2.ZG.AR5,419.0912169,Bangladesh
2013,Carbon dioxide (CO2) emissions (total) excluding LULUCF (% change from 1990),EN.GHG.CO2.ZG.AR5,388.1126837,Bangladesh
2012,Carbon dioxide (CO2) emissions (total) excluding LULUCF (% change from 1990),EN.GHG.CO2.ZG.AR5,373.163134,Bangladesh
2011,Carbon dioxide (CO2) emissions (total) excluding LULUCF (% change from 1990),EN.GHG.CO2.ZG.AR5,342.2523194,Bangladesh
2010,Carbon dioxide (CO2) emissions (total) excluding LULUCF (% change from 1990),EN.GHG.CO2.ZG.AR5,311.5209589,Bangladesh
2009,Carbon dioxide (CO2) emissions (total) excluding LULUCF (% change from 1990),EN.GHG.CO2.ZG.AR5,273.331076,Bangladesh
2008,Carbon dioxide (CO2) emissions (total) excluding LULUCF (% change from 1990),EN.GHG.CO2.ZG.AR5,247.6000542,Bangladesh
2007,Carbon dioxide (CO2) emissions (total) excluding LULUCF (% change from 1990),EN.GHG.CO2.ZG.AR5,212.9897745,Bangladesh
2006,Carbon dioxide (CO2) emissions (total) excluding LULUCF (% change from 1990),EN.GHG.CO2.ZG.AR5,194.5242771,Bangladesh
2005,Carbon dioxide (CO2) emissions (total) excluding LULUCF (% change from 1990),EN.GHG.CO2.ZG.AR5,173.4705763,Bangladesh
2004,Carbon dioxide (CO2) emissions (total) excluding LULUCF (% change from 1990),EN.GHG.CO2.ZG.AR5,156.7224216,Bangladesh
2003,Carbon dioxide (CO2) emissions (total) excluding LULUCF (% change from 1990),EN.GHG.CO2.ZG.AR5,143.7103,Bangladesh
2002,Carbon dioxide (CO2) emissions (total) excluding LULUCF (% change from 1990),EN.GHG.CO2.ZG.AR5,132.5780456,Bangladesh
2001,Carbon dioxide (CO2) emissions (total) excluding LULUCF (% change from 1990),EN.GHG.CO2.ZG.AR5,120.9859823,Bangladesh
2000,Carbon dioxide (CO2) emissions (total) excluding LULUCF (% change from 1990),EN.GHG.CO2.ZG.AR5,82.68639534,Bangladesh
1999,Carbon dioxide (CO2) emissions (total) excluding LULUCF (% change from 1990),EN.GHG.CO2.ZG.AR5,76.95808221,Bangladesh
1998,Carbon dioxide (CO2) emissions (total) excluding LULUCF (% change from 1990),EN.GHG.CO2.ZG.AR5,65.77639331,Bangladesh
1997,Carbon dioxide (CO2) emissions (total) excluding LULUCF (% change from 1990),EN.GHG.CO2.ZG.AR5,62.23945283,Bangladesh
1996,Carbon dioxide (CO2) emissions (total) excluding LULUCF (% change from 1990),EN.GHG.CO2.ZG.AR5,49.56592402,Bangladesh
1995,Carbon dioxide (CO2) emissions (total) excluding LULUCF (% change from 1990),EN.GHG.CO2.ZG.AR5,47.48357825,Bangladesh
1994,Carbon dioxide (CO2) emissions (total) excluding LULUCF (% change from 1990),EN.GHG.CO2.ZG.AR5,21.90086003,Bangladesh
1993,Carbon dioxide (CO2) emissions (total) excluding LULUCF (% change from 1990),EN.GHG.CO2.ZG.AR5,14.80260039,Bangladesh
1992,Carbon dioxide (CO2) emissions (total) excluding LULUCF (% change from 1990),EN.GHG.CO2.ZG.AR5,6.542290242,Bangladesh
1991,Carbon dioxide (CO2) emissions (total) excluding LULUCF (% change from 1990),EN.GHG.CO2.ZG.AR5,-4.725401232,Bangladesh
2024,F-gases emissions from Industrial Processes (Mt CO2e),EN.GHG.FGAS.IP.MT.CE.AR5,2.9007,Bangladesh
2023,F-gases emissions from Industrial Processes (Mt CO2e),EN.GHG.FGAS.IP.MT.CE.AR5,2.7123,Bangladesh
2022,F-gases emissions from Industrial Processes (Mt CO2e),EN.GHG.FGAS.IP.MT.CE.AR5,2.5231,Bangladesh
2021,F-gases emissions from Industrial Processes (Mt CO2e),EN.GHG.FGAS.IP.MT.CE.AR5,2.3354,Bangladesh
2020,F-gases emissions from Industrial Processes (Mt CO2e),EN.GHG.FGAS.IP.MT.CE.AR5,2.1427,Bangladesh
2019,F-gases emissions from Industrial Processes (Mt CO2e),EN.GHG.FGAS.IP.MT.CE.AR5,1.9557,Bangladesh
2018,F-gases emissions from Industrial Processes (Mt CO2e),EN.GHG.FGAS.IP.MT.CE.AR5,1.7723,Bangladesh
2017,F-gases emissions from Industrial Processes (Mt CO2e),EN.GHG.FGAS.IP.MT.CE.AR5,1.5644,Bangladesh
2016,F-gases emissions from Industrial Processes (Mt CO2e),EN.GHG.FGAS.IP.MT.CE.AR5,1.3946,Bangladesh
2015,F-gases emissions from Industrial Processes (Mt CO2e),EN.GHG.FGAS.IP.MT.CE.AR5,1.2224,Bangladesh
2014,F-gases emissions from Industrial Processes (Mt CO2e),EN.GHG.FGAS.IP.MT.CE.AR5,1.1061,Bangladesh
2013,F-gases emissions from Industrial Processes (Mt CO2e),EN.GHG.FGAS.IP.MT.CE.AR5,1.0148,Bangladesh
2012,F-gases emissions from Industrial Processes (Mt CO2e),EN.GHG.FGAS.IP.MT.CE.AR5,0.9874,Bangladesh
2011,F-gases emissions from Industrial Processes (Mt CO2e),EN.GHG.FGAS.IP.MT.CE.AR5,0.9683,Bangladesh
2010,F-gases emissions from Industrial Processes (Mt CO2e),EN.GHG.FGAS.IP.MT.CE.AR5,0.9617,Bangladesh
2009,F-gases emissions from Industrial Processes (Mt CO2e),EN.GHG.FGAS.IP.MT.CE.AR5,0.9673,Bangladesh
2008,F-gases emissions from Industrial Processes (Mt CO2e),EN.GHG.FGAS.IP.MT.CE.AR5,0.9358,Bangladesh
2007,F-gases emissions from Industrial Processes (Mt CO2e),EN.GHG.FGAS.IP.MT.CE.AR5,0.8999,Bangladesh
2006,F-gases emissions from Industrial Processes (Mt CO2e),EN.GHG.FGAS.IP.MT.CE.AR5,0.881,Bangladesh
2005,F-gases emissions from Industrial Processes (Mt CO2e),EN.GHG.FGAS.IP.MT.CE.AR5,0.835,Bangladesh
2004,F-gases emissions from Industrial Processes (Mt CO2e),EN.GHG.FGAS.IP.MT.CE.AR5,0.6991,Bangladesh
2003,F-gases emissions from Industrial Processes (Mt CO2e),EN.GHG.FGAS.IP.MT.CE.AR5,0.5862,Bangladesh
2002,F-gases emissions from Industrial Processes (Mt CO2e),EN.GHG.FGAS.IP.MT.CE.AR5,0.4746,Bangladesh
2001,F-gases emissions from Industrial Processes (Mt CO2e),EN.GHG.FGAS.IP.MT.CE.AR5,0.3769,Bangladesh
2000,F-gases emissions from Industrial Processes (Mt CO2e),EN.GHG.FGAS.IP.MT.CE.AR5,0.2751,Bangladesh
1999,F-gases emissions from Industrial Processes (Mt CO2e),EN.GHG.FGAS.IP.MT.CE.AR5,0.1516,Bangladesh
1998,F-gases emissions from Industrial Processes (Mt CO2e),EN.GHG.FGAS.IP.MT.CE.AR5,0.1039,Bangladesh
1997,F-gases emissions from Industrial Processes (Mt CO2e),EN.GHG.FGAS.IP.MT.CE.AR5,0.0764,Bangladesh
1996,F-gases emissions from Industrial Processes (Mt CO2e),EN.GHG.FGAS.IP.MT.CE.AR5,0.0553,Bangladesh
1995,F-gases emissions from Industrial Processes (Mt CO2e),EN.GHG.FGAS.IP.MT.CE.AR5,0.0353,Bangladesh
1994,F-gases emissions from Industrial Processes (Mt CO2e),EN.GHG.FGAS.IP.MT.CE.AR5,0.0205,Bangladesh
1993,F-gases emissions from Industrial Processes (Mt CO2e),EN.GHG.FGAS.IP.MT.CE.AR5,0.0087,Bangladesh
1992,F-gases emissions from Industrial Processes (Mt CO2e),EN.GHG.FGAS.IP.MT.CE.AR5,0.0054,Bangladesh
1991,F-gases emissions from Industrial Processes (Mt CO2e),EN.GHG.FGAS.IP.MT.CE.AR5,0.0034,Bangladesh
1990,F-gases emissions from Industrial Processes (Mt CO2e),EN.GHG.FGAS.IP.MT.CE.AR5,0.0005,Bangladesh
2024,Nitrous oxide (N2O) emissions from Agriculture (Mt CO2e),EN.GHG.N2O.AG.MT.CE.AR5,17.8511,Bangladesh
2023,Nitrous oxide (N2O) emissions from Agriculture (Mt CO2e),EN.GHG.N2O.AG.MT.CE.AR5,17.8619,Bangladesh
2022,Nitrous oxide (N2O) emissions from Agriculture (Mt CO2e),EN.GHG.N2O.AG.MT.CE.AR5,19.3142,Bangladesh
2021,Nitrous oxide (N2O) emissions from Agriculture (Mt CO2e),EN.GHG.N2O.AG.MT.CE.AR5,19.776,Bangladesh
2020,Nitrous oxide (N2O) emissions from Agriculture (Mt CO2e),EN.GHG.N2O.AG.MT.CE.AR5,18.8713,Bangladesh
2019,Nitrous oxide (N2O) emissions from Agriculture (Mt CO2e),EN.GHG.N2O.AG.MT.CE.AR5,18.418,Bangladesh
2018,Nitrous oxide (N2O) emissions from Agriculture (Mt CO2e),EN.GHG.N2O.AG.MT.CE.AR5,18.2856,Bangladesh
2017,Nitrous oxide (N2O) emissions from Agriculture (Mt CO2e),EN.GHG.N2O.AG.MT.CE.AR5,17.8401,Bangladesh
2016,Nitrous oxide (N2O) emissions from Agriculture (Mt CO2e),EN.GHG.N2O.AG.MT.CE.AR5,17.4338,Bangladesh
2015,Nitrous oxide (N2O) emissions from Agriculture (Mt CO2e),EN.GHG.N2O.AG.MT.CE.AR5,17.6916,Bangladesh
2014,Nitrous oxide (N2O) emissions from Agriculture (Mt CO2e),EN.GHG.N2O.AG.MT.CE.AR5,17.9978,Bangladesh
2013,Nitrous oxide (N2O) emissions from Agriculture (Mt CO2e),EN.GHG.N2O.AG.MT.CE.AR5,16.865,Bangladesh
2012,Nitrous oxide (N2O) emissions from Agriculture (Mt CO2e),EN.GHG.N2O.AG.MT.CE.AR5,16.6269,Bangladesh
2011,Nitrous oxide (N2O) emissions from Agriculture (Mt CO2e),EN.GHG.N2O.AG.MT.CE.AR5,16.5338,Bangladesh
2010,Nitrous oxide (N2O) emissions from Agriculture (Mt CO2e),EN.GHG.N2O.AG.MT.CE.AR5,17.0053,Bangladesh
2009,Nitrous oxide (N2O) emissions from Agriculture (Mt CO2e),EN.GHG.N2O.AG.MT.CE.AR5,16.2811,Bangladesh
2008,Nitrous oxide (N2O) emissions from Agriculture (Mt CO2e),EN.GHG.N2O.AG.MT.CE.AR5,16.2628,Bangladesh
2007,Nitrous oxide (N2O) emissions from Agriculture (Mt CO2e),EN.GHG.N2O.AG.MT.CE.AR5,16.6118,Bangladesh
2006,Nitrous oxide (N2O) emissions from Agriculture (Mt CO2e),EN.GHG.N2O.AG.MT.CE.AR5,15.7599,Bangladesh
2005,Nitrous oxide (N2O) emissions from Agriculture (Mt CO2e),EN.GHG.N2O.AG.MT.CE.AR5,15.5009,Bangladesh
2004,Nitrous oxide (N2O) emissions from Agriculture (Mt CO2e),EN.GHG.N2O.AG.MT.CE.AR5,15.3412,Bangladesh
2003,Nitrous oxide (N2O) emissions from Agriculture (Mt CO2e),EN.GHG.N2O.AG.MT.CE.AR5,14.8284,Bangladesh
2002,Nitrous oxide (N2O) emissions from Agriculture (Mt CO2e),EN.GHG.N2O.AG.MT.CE.AR5,14.4546,Bangladesh
2001,Nitrous oxide (N2O) emissions from Agriculture (Mt CO2e),EN.GHG.N2O.AG.MT.CE.AR5,14.296,Bangladesh
2000,Nitrous oxide (N2O) emissions from Agriculture (Mt CO2e),EN.GHG.N2O.AG.MT.CE.AR5,13.9189,Bangladesh
1999,Nitrous oxide (N2O) emissions from Agriculture (Mt CO2e),EN.GHG.N2O.AG.MT.CE.AR5,13.8252,Bangladesh
1998,Nitrous oxide (N2O) emissions from Agriculture (Mt CO2e),EN.GHG.N2O.AG.MT.CE.AR5,12.7959,Bangladesh
1997,Nitrous oxide (N2O) emissions from Agriculture (Mt CO2e),EN.GHG.N2O.AG.MT.CE.AR5,12.6521,Bangladesh
1996,Nitrous oxide (N2O) emissions from Agriculture (Mt CO2e),EN.GHG.N2O.AG.MT.CE.AR5,13.0822,Bangladesh
1995,Nitrous oxide (N2O) emissions from Agriculture (Mt CO2e),EN.GHG.N2O.AG.MT.CE.AR5,12.4298,Bangladesh
1994,Nitrous oxide (N2O) emissions from Agriculture (Mt CO2e),EN.GHG.N2O.AG.MT.CE.AR5,11.3403,Bangladesh
1993,Nitrous oxide (N2O) emissions from Agriculture (Mt CO2e),EN.GHG.N2O.AG.MT.CE.AR5,10.6944,Bangladesh
1992,Nitrous oxide (N2O) emissions from Agriculture (Mt CO2e),EN.GHG.N2O.AG.MT.CE.AR5,10.432,Bangladesh
1991,Nitrous oxide (N2O) emissions from Agriculture (Mt CO2e),EN.GHG.N2O.AG.MT.CE.AR5,10.2493,Bangladesh
1990,Nitrous oxide (N2O) emissions from Agriculture (Mt CO2e),EN.GHG.N2O.AG.MT.CE.AR5,9.6063,Bangladesh
1989,Nitrous oxide (N2O) emissions from Agriculture (Mt CO2e),EN.GHG.N2O.AG.MT.CE.AR5,9.5878,Bangladesh
1988,Nitrous oxide (N2O) emissions from Agriculture (Mt CO2e),EN.GHG.N2O.AG.MT.CE.AR5,8.8239,Bangladesh
1987,Nitrous oxide (N2O) emissions from Agriculture (Mt CO2e),EN.GHG.N2O.AG.MT.CE.AR5,8.4075,Bangladesh
1986,Nitrous oxide (N2O) emissions from Agriculture (Mt CO2e),EN.GHG.N2O.AG.MT.CE.AR5,8.0245,Bangladesh
1985,Nitrous oxide (N2O) emissions from Agriculture (Mt CO2e),EN.GHG.N2O.AG.MT.CE.AR5,7.6107,Bangladesh
1984,Nitrous oxide (N2O) emissions from Agriculture (Mt CO2e),EN.GHG.N2O.AG.MT.CE.AR5,7.5426,Bangladesh
1983,Nitrous oxide (N2O) emissions from Agriculture (Mt CO2e),EN.GHG.N2O.AG.MT.CE.AR5,7.1861,Bangladesh
1982,Nitrous oxide (N2O) emissions from Agriculture (Mt CO2e),EN.GHG.N2O.AG.MT.CE.AR5,6.9322,Bangladesh
1981,Nitrous oxide (N2O) emissions from Agriculture (Mt CO2e),EN.GHG.N2O.AG.MT.CE.AR5,6.5541,Bangladesh
1980,Nitrous oxide (N2O) emissions from Agriculture (Mt CO2e),EN.GHG.N2O.AG.MT.CE.AR5,6.5597,Bangladesh
1979,Nitrous oxide (N2O) emissions from Agriculture (Mt CO2e),EN.GHG.N2O.AG.MT.CE.AR5,7.4881,Bangladesh
1978,Nitrous oxide (N2O) emissions from Agriculture (Mt CO2e),EN.GHG.N2O.AG.MT.CE.AR5,7.1186,Bangladesh
1977,Nitrous oxide (N2O) emissions from Agriculture (Mt CO2e),EN.GHG.N2O.AG.MT.CE.AR5,6.6466,Bangladesh
1976,Nitrous oxide (N2O) emissions from Agriculture (Mt CO2e),EN.GHG.N2O.AG.MT.CE.AR5,6.2033,Bangladesh
1975,Nitrous oxide (N2O) emissions from Agriculture (Mt CO2e),EN.GHG.N2O.AG.MT.CE.AR5,5.9992,Bangladesh
1974,Nitrous oxide (N2O) emissions from Agriculture (Mt CO2e),EN.GHG.N2O.AG.MT.CE.AR5,5.4899,Bangladesh
1973,Nitrous oxide (N2O) emissions from Agriculture (Mt CO2e),EN.GHG.N2O.AG.MT.CE.AR5,5.677,Bangladesh
1972,Nitrous oxide (N2O) emissions from Agriculture (Mt CO2e),EN.GHG.N2O.AG.MT.CE.AR5,5.684,Bangladesh
1971,Nitrous oxide (N2O) emissions from Agriculture (Mt CO2e),EN.GHG.N2O.AG.MT.CE.AR5,5.6659,Bangladesh
1970,Nitrous oxide (N2O) emissions from Agriculture (Mt CO2e),EN.GHG.N2O.AG.MT.CE.AR5,5.7648,Bangladesh
2024,Nitrous oxide (N2O) emissions from Building (Energy) (Mt CO2e),EN.GHG.N2O.BU.MT.CE.AR5,1.5781,Bangladesh
2023,Nitrous oxide (N2O) emissions from Building (Energy) (Mt CO2e),EN.GHG.N2O.BU.MT.CE.AR5,1.5079,Bangladesh
2022,Nitrous oxide (N2O) emissions from Building (Energy) (Mt CO2e),EN.GHG.N2O.BU.MT.CE.AR5,1.5791,Bangladesh
2021,Nitrous oxide (N2O) emissions from Building (Energy) (Mt CO2e),EN.GHG.N2O.BU.MT.CE.AR5,1.6058,Bangladesh
2020,Nitrous oxide (N2O) emissions from Building (Energy) (Mt CO2e),EN.GHG.N2O.BU.MT.CE.AR5,1.4356,Bangladesh
2019,Nitrous oxide (N2O) emissions from Building (Energy) (Mt CO2e),EN.GHG.N2O.BU.MT.CE.AR5,1.4619,Bangladesh
2018,Nitrous oxide (N2O) emissions from Building (Energy) (Mt CO2e),EN.GHG.N2O.BU.MT.CE.AR5,1.4486,Bangladesh
2017,Nitrous oxide (N2O) emissions from Building (Energy) (Mt CO2e),EN.GHG.N2O.BU.MT.CE.AR5,1.4104,Bangladesh
2016,Nitrous oxide (N2O) emissions from Building (Energy) (Mt CO2e),EN.GHG.N2O.BU.MT.CE.AR5,1.4377,Bangladesh
2015,Nitrous oxide (N2O) emissions from Building (Energy) (Mt CO2e),EN.GHG.N2O.BU.MT.CE.AR5,1.4326,Bangladesh
2014,Nitrous oxide (N2O) emissions from Building (Energy) (Mt CO2e),EN.GHG.N2O.BU.MT.CE.AR5,1.4738,Bangladesh
2013,Nitrous oxide (N2O) emissions from Building (Energy) (Mt CO2e),EN.GHG.N2O.BU.MT.CE.AR5,1.4764,Bangladesh
2012,Nitrous oxide (N2O) emissions from Building (Energy) (Mt CO2e),EN.GHG.N2O.BU.MT.CE.AR5,1.508,Bangladesh
2011,Nitrous oxide (N2O) emissions from Building (Energy) (Mt CO2e),EN.GHG.N2O.BU.MT.CE.AR5,1.5083,Bangladesh
2010,Nitrous oxide (N2O) emissions from Building (Energy) (Mt CO2e),EN.GHG.N2O.BU.MT.CE.AR5,1.4358,Bangladesh
2009,Nitrous oxide (N2O) emissions from Building (Energy) (Mt CO2e),EN.GHG.N2O.BU.MT.CE.AR5,1.4019,Bangladesh
2008,Nitrous oxide (N2O) emissions from Building (Energy) (Mt CO2e),EN.GHG.N2O.BU.MT.CE.AR5,1.4022,Bangladesh
2007,Nitrous oxide (N2O) emissions from Building (Energy) (Mt CO2e),EN.GHG.N2O.BU.MT.CE.AR5,1.3903,Bangladesh
2006,Nitrous oxide (N2O) emissions from Building (Energy) (Mt CO2e),EN.GHG.N2O.BU.MT.CE.AR5,1.3804,Bangladesh
2005,Nitrous oxide (N2O) emissions from Building (Energy) (Mt CO2e),EN.GHG.N2O.BU.MT.CE.AR5,1.3665,Bangladesh
2004,Nitrous oxide (N2O) emissions from Building (Energy) (Mt CO2e),EN.GHG.N2O.BU.MT.CE.AR5,1.3247,Bangladesh
2003,Nitrous oxide (N2O) emissions from Building (Energy) (Mt CO2e),EN.GHG.N2O.BU.MT.CE.AR5,1.2797,Bangladesh
2002,Nitrous oxide (N2O) emissions from Building (Energy) (Mt CO2e),EN.GHG.N2O.BU.MT.CE.AR5,1.2657,Bangladesh
2001,Nitrous oxide (N2O) emissions from Building (Energy) (Mt CO2e),EN.GHG.N2O.BU.MT.CE.AR5,1.2414,Bangladesh
2000,Nitrous oxide (N2O) emissions from Building (Energy) (Mt CO2e),EN.GHG.N2O.BU.MT.CE.AR5,1.173,Bangladesh
1999,Nitrous oxide (N2O) emissions from Building (Energy) (Mt CO2e),EN.GHG.N2O.BU.MT.CE.AR5,1.1692,Bangladesh
1998,Nitrous oxide (N2O) emissions from Building (Energy) (Mt CO2e),EN.GHG.N2O.BU.MT.CE.AR5,1.1335,Bangladesh
1997,Nitrous oxide (N2O) emissions from Building (Energy) (Mt CO2e),EN.GHG.N2O.BU.MT.CE.AR5,1.1095,Bangladesh
1996,Nitrous oxide (N2O) emissions from Building (Energy) (Mt CO2e),EN.GHG.N2O.BU.MT.CE.AR5,1.085,Bangladesh
1995,Nitrous oxide (N2O) emissions from Building (Energy) (Mt CO2e),EN.GHG.N2O.BU.MT.CE.AR5,1.0991,Bangladesh
1994,Nitrous oxide (N2O) emissions from Building (Energy) (Mt CO2e),EN.GHG.N2O.BU.MT.CE.AR5,1.0628,Bangladesh
1993,Nitrous oxide (N2O) emissions from Building (Energy) (Mt CO2e),EN.GHG.N2O.BU.MT.CE.AR5,1.0541,Bangladesh
1992,Nitrous oxide (N2O) emissions from Building (Energy) (Mt CO2e),EN.GHG.N2O.BU.MT.CE.AR5,1.0366,Bangladesh
1991,Nitrous oxide (N2O) emissions from Building (Energy) (Mt CO2e),EN.GHG.N2O.BU.MT.CE.AR5,0.9898,Bangladesh
1990,Nitrous oxide (N2O) emissions from Building (Energy) (Mt CO2e),EN.GHG.N2O.BU.MT.CE.AR5,0.9981,Bangladesh
1989,Nitrous oxide (N2O) emissions from Building (Energy) (Mt CO2e),EN.GHG.N2O.BU.MT.CE.AR5,1.0111,Bangladesh
1988,Nitrous oxide (N2O) emissions from Building (Energy) (Mt CO2e),EN.GHG.N2O.BU.MT.CE.AR5,0.9616,Bangladesh
1987,Nitrous oxide (N2O) emissions from Building (Energy) (Mt CO2e),EN.GHG.N2O.BU.MT.CE.AR5,0.952,Bangladesh
1986,Nitrous oxide (N2O) emissions from Building (Energy) (Mt CO2e),EN.GHG.N2O.BU.MT.CE.AR5,0.9647,Bangladesh
1985,Nitrous oxide (N2O) emissions from Building (Energy) (Mt CO2e),EN.GHG.N2O.BU.MT.CE.AR5,0.9358,Bangladesh
1984,Nitrous oxide (N2O) emissions from Building (Energy) (Mt CO2e),EN.GHG.N2O.BU.MT.CE.AR5,0.915,Bangladesh
1983,Nitrous oxide (N2O) emissions from Building (Energy) (Mt CO2e),EN.GHG.N2O.BU.MT.CE.AR5,0.9227,Bangladesh
1982,Nitrous oxide (N2O) emissions from Building (Energy) (Mt CO2e),EN.GHG.N2O.BU.MT.CE.AR5,0.9063,Bangladesh
1981,Nitrous oxide (N2O) emissions from Building (Energy) (Mt CO2e),EN.GHG.N2O.BU.MT.CE.AR5,0.8995,Bangladesh
1980,Nitrous oxide (N2O) emissions from Building (Energy) (Mt CO2e),EN.GHG.N2O.BU.MT.CE.AR5,0.9008,Bangladesh
1979,Nitrous oxide (N2O) emissions from Building (Energy) (Mt CO2e),EN.GHG.N2O.BU.MT.CE.AR5,0.8899,Bangladesh
1978,Nitrous oxide (N2O) emissions from Building (Energy) (Mt CO2e),EN.GHG.N2O.BU.MT.CE.AR5,0.8778,Bangladesh
1977,Nitrous oxide (N2O) emissions from Building (Energy) (Mt CO2e),EN.GHG.N2O.BU.MT.CE.AR5,0.8723,Bangladesh
1976,Nitrous oxide (N2O) emissions from Building (Energy) (Mt CO2e),EN.GHG.N2O.BU.MT.CE.AR5,0.8662,Bangladesh
1975,Nitrous oxide (N2O) emissions from Building (Energy) (Mt CO2e),EN.GHG.N2O.BU.MT.CE.AR5,0.8595,Bangladesh
1974,Nitrous oxide (N2O) emissions from Building (Energy) (Mt CO2e),EN.GHG.N2O.BU.MT.CE.AR5,0.85,Bangladesh
1973,Nitrous oxide (N2O) emissions from Building (Energy) (Mt CO2e),EN.GHG.N2O.BU.MT.CE.AR5,0.8345,Bangladesh
1972,Nitrous oxide (N2O) emissions from Building (Energy) (Mt CO2e),EN.GHG.N2O.BU.MT.CE.AR5,0.8278,Bangladesh
1971,Nitrous oxide (N2O) emissions from Building (Energy) (Mt CO2e),EN.GHG.N2O.BU.MT.CE.AR5,0.8195,Bangladesh
1970,Nitrous oxide (N2O) emissions from Building (Energy) (Mt CO2e),EN.GHG.N2O.BU.MT.CE.AR5,0.8195,Bangladesh
2024,Nitrous oxide (N2O) emissions from Fugitive Emissions (Energy) (Mt CO2e),EN.GHG.N2O.FE.MT.CE.AR5,0.0041,Bangladesh
2023,Nitrous oxide (N2O) emissions from Fugitive Emissions (Energy) (Mt CO2e),EN.GHG.N2O.FE.MT.CE.AR5,0.0041,Bangladesh
2022,Nitrous oxide (N2O) emissions from Fugitive Emissions (Energy) (Mt CO2e),EN.GHG.N2O.FE.MT.CE.AR5,0.0042,Bangladesh
2021,Nitrous oxide (N2O) emissions from Fugitive Emissions (Energy) (Mt CO2e),EN.GHG.N2O.FE.MT.CE.AR5,0.0043,Bangladesh
2020,Nitrous oxide (N2O) emissions from Fugitive Emissions (Energy) (Mt CO2e),EN.GHG.N2O.FE.MT.CE.AR5,0.0042,Bangladesh
2019,Nitrous oxide (N2O) emissions from Fugitive Emissions (Energy) (Mt CO2e),EN.GHG.N2O.FE.MT.CE.AR5,0.0043,Bangladesh
2018,Nitrous oxide (N2O) emissions from Fugitive Emissions (Energy) (Mt CO2e),EN.GHG.N2O.FE.MT.CE.AR5,0.0043,Bangladesh
2017,Nitrous oxide (N2O) emissions from Fugitive Emissions (Energy) (Mt CO2e),EN.GHG.N2O.FE.MT.CE.AR5,0.0043,Bangladesh
2016,Nitrous oxide (N2O) emissions from Fugitive Emissions (Energy) (Mt CO2e),EN.GHG.N2O.FE.MT.CE.AR5,0.0044,Bangladesh
2015,Nitrous oxide (N2O) emissions from Fugitive Emissions (Energy) (Mt CO2e),EN.GHG.N2O.FE.MT.CE.AR5,0.0045,Bangladesh
2014,Nitrous oxide (N2O) emissions from Fugitive Emissions (Energy) (Mt CO2e),EN.GHG.N2O.FE.MT.CE.AR5,0.0044,Bangladesh
2013,Nitrous oxide (N2O) emissions from Fugitive Emissions (Energy) (Mt CO2e),EN.GHG.N2O.FE.MT.CE.AR5,0.0044,Bangladesh
2012,Nitrous oxide (N2O) emissions from Fugitive Emissions (Energy) (Mt CO2e),EN.GHG.N2O.FE.MT.CE.AR5,0.0044,Bangladesh
2011,Nitrous oxide (N2O) emissions from Fugitive Emissions (Energy) (Mt CO2e),EN.GHG.N2O.FE.MT.CE.AR5,0.0043,Bangladesh
2010,Nitrous oxide (N2O) emissions from Fugitive Emissions (Energy) (Mt CO2e),EN.GHG.N2O.FE.MT.CE.AR5,0.0043,Bangladesh
2009,Nitrous oxide (N2O) emissions from Fugitive Emissions (Energy) (Mt CO2e),EN.GHG.N2O.FE.MT.CE.AR5,0.0042,Bangladesh
2008,Nitrous oxide (N2O) emissions from Fugitive Emissions (Energy) (Mt CO2e),EN.GHG.N2O.FE.MT.CE.AR5,0.0042,Bangladesh
2007,Nitrous oxide (N2O) emissions from Fugitive Emissions (Energy) (Mt CO2e),EN.GHG.N2O.FE.MT.CE.AR5,0.0042,Bangladesh
2006,Nitrous oxide (N2O) emissions from Fugitive Emissions (Energy) (Mt CO2e),EN.GHG.N2O.FE.MT.CE.AR5,0.0042,Bangladesh
2005,Nitrous oxide (N2O) emissions from Fugitive Emissions (Energy) (Mt CO2e),EN.GHG.N2O.FE.MT.CE.AR5,0.0041,Bangladesh
2004,Nitrous oxide (N2O) emissions from Fugitive Emissions (Energy) (Mt CO2e),EN.GHG.N2O.FE.MT.CE.AR5,0.0041,Bangladesh
2003,Nitrous oxide (N2O) emissions from Fugitive Emissions (Energy) (Mt CO2e),EN.GHG.N2O.FE.MT.CE.AR5,0.004,Bangladesh
2002,Nitrous oxide (N2O) emissions from Fugitive Emissions (Energy) (Mt CO2e),EN.GHG.N2O.FE.MT.CE.AR5,0.004,Bangladesh
2001,Nitrous oxide (N2O) emissions from Fugitive Emissions (Energy) (Mt CO2e),EN.GHG.N2O.FE.MT.CE.AR5,0.0039,Bangladesh
2000,Nitrous oxide (N2O) emissions from Fugitive Emissions (Energy) (Mt CO2e),EN.GHG.N2O.FE.MT.CE.AR5,0.0038,Bangladesh
1999,Nitrous oxide (N2O) emissions from Fugitive Emissions (Energy) (Mt CO2e),EN.GHG.N2O.FE.MT.CE.AR5,0.0038,Bangladesh
1998,Nitrous oxide (N2O) emissions from Fugitive Emissions (Energy) (Mt CO2e),EN.GHG.N2O.FE.MT.CE.AR5,0.0035,Bangladesh
1997,Nitrous oxide (N2O) emissions from Fugitive Emissions (Energy) (Mt CO2e),EN.GHG.N2O.FE.MT.CE.AR5,0.0034,Bangladesh
1996,Nitrous oxide (N2O) emissions from Fugitive Emissions (Energy) (Mt CO2e),EN.GHG.N2O.FE.MT.CE.AR5,0.0034,Bangladesh
1995,Nitrous oxide (N2O) emissions from Fugitive Emissions (Energy) (Mt CO2e),EN.GHG.N2O.FE.MT.CE.AR5,0.0033,Bangladesh
1994,Nitrous oxide (N2O) emissions from Fugitive Emissions (Energy) (Mt CO2e),EN.GHG.N2O.FE.MT.CE.AR5,0.0035,Bangladesh
1993,Nitrous oxide (N2O) emissions from Fugitive Emissions (Energy) (Mt CO2e),EN.GHG.N2O.FE.MT.CE.AR5,0.0027,Bangladesh
1992,Nitrous oxide (N2O) emissions from Fugitive Emissions (Energy) (Mt CO2e),EN.GHG.N2O.FE.MT.CE.AR5,0.0032,Bangladesh
1991,Nitrous oxide (N2O) emissions from Fugitive Emissions (Energy) (Mt CO2e),EN.GHG.N2O.FE.MT.CE.AR5,0.0029,Bangladesh
1990,Nitrous oxide (N2O) emissions from Fugitive Emissions (Energy) (Mt CO2e),EN.GHG.N2O.FE.MT.CE.AR5,0.0026,Bangladesh
1989,Nitrous oxide (N2O) emissions from Fugitive Emissions (Energy) (Mt CO2e),EN.GHG.N2O.FE.MT.CE.AR5,0.0029,Bangladesh
1988,Nitrous oxide (N2O) emissions from Fugitive Emissions (Energy) (Mt CO2e),EN.GHG.N2O.FE.MT.CE.AR5,0.003,Bangladesh
1987,Nitrous oxide (N2O) emissions from Fugitive Emissions (Energy) (Mt CO2e),EN.GHG.N2O.FE.MT.CE.AR5,0.0027,Bangladesh
1986,Nitrous oxide (N2O) emissions from Fugitive Emissions (Energy) (Mt CO2e),EN.GHG.N2O.FE.MT.CE.AR5,0.0028,Bangladesh
1985,Nitrous oxide (N2O) emissions from Fugitive Emissions (Energy) (Mt CO2e),EN.GHG.N2O.FE.MT.CE.AR5,0.0028,Bangladesh
1984,Nitrous oxide (N2O) emissions from Fugitive Emissions (Energy) (Mt CO2e),EN.GHG.N2O.FE.MT.CE.AR5,0.0027,Bangladesh
1983,Nitrous oxide (N2O) emissions from Fugitive Emissions (Energy) (Mt CO2e),EN.GHG.N2O.FE.MT.CE.AR5,0.0062,Bangladesh
1982,Nitrous oxide (N2O) emissions from Fugitive Emissions (Energy) (Mt CO2e),EN.GHG.N2O.FE.MT.CE.AR5,0.0026,Bangladesh
1981,Nitrous oxide (N2O) emissions from Fugitive Emissions (Energy) (Mt CO2e),EN.GHG.N2O.FE.MT.CE.AR5,0.0003,Bangladesh
1980,Nitrous oxide (N2O) emissions from Fugitive Emissions (Energy) (Mt CO2e),EN.GHG.N2O.FE.MT.CE.AR5,0.0003,Bangladesh
1979,Nitrous oxide (N2O) emissions from Fugitive Emissions (Energy) (Mt CO2e),EN.GHG.N2O.FE.MT.CE.AR5,0.0002,Bangladesh
1978,Nitrous oxide (N2O) emissions from Fugitive Emissions (Energy) (Mt CO2e),EN.GHG.N2O.FE.MT.CE.AR5,0.0002,Bangladesh
1977,Nitrous oxide (N2O) emissions from Fugitive Emissions (Energy) (Mt CO2e),EN.GHG.N2O.FE.MT.CE.AR5,0.0003,Bangladesh
1976,Nitrous oxide (N2O) emissions from Fugitive Emissions (Energy) (Mt CO2e),EN.GHG.N2O.FE.MT.CE.AR5,0.0002,Bangladesh
1975,Nitrous oxide (N2O) emissions from Fugitive Emissions (Energy) (Mt CO2e),EN.GHG.N2O.FE.MT.CE.AR5,0.0002,Bangladesh
1974,Nitrous oxide (N2O) emissions from Fugitive Emissions (Energy) (Mt CO2e),EN.GHG.N2O.FE.MT.CE.AR5,0.0001,Bangladesh
1973,Nitrous oxide (N2O) emissions from Fugitive Emissions (Energy) (Mt CO2e),EN.GHG.N2O.FE.MT.CE.AR5,0.0002,Bangladesh
1972,Nitrous oxide (N2O) emissions from Fugitive Emissions (Energy) (Mt CO2e),EN.GHG.N2O.FE.MT.CE.AR5,0.0002,Bangladesh
1971,Nitrous oxide (N2O) emissions from Fugitive Emissions (Energy) (Mt CO2e),EN.GHG.N2O.FE.MT.CE.AR5,0.0002,Bangladesh
1970,Nitrous oxide (N2O) emissions from Fugitive Emissions (Energy) (Mt CO2e),EN.GHG.N2O.FE.MT.CE.AR5,0.0002,Bangladesh
2024,Nitrous oxide (N2O) emissions from Industrial Combustion (Energy) (Mt CO2e),EN.GHG.N2O.IC.MT.CE.AR5,0.0474,Bangladesh
2023,Nitrous oxide (N2O) emissions from Industrial Combustion (Energy) (Mt CO2e),EN.GHG.N2O.IC.MT.CE.AR5,0.0439,Bangladesh
2022,Nitrous oxide (N2O) emissions from Industrial Combustion (Energy) (Mt CO2e),EN.GHG.N2O.IC.MT.CE.AR5,0.0332,Bangladesh
2021,Nitrous oxide (N2O) emissions from Industrial Combustion (Energy) (Mt CO2e),EN.GHG.N2O.IC.MT.CE.AR5,0.0416,Bangladesh
2020,Nitrous oxide (N2O) emissions from Industrial Combustion (Energy) (Mt CO2e),EN.GHG.N2O.IC.MT.CE.AR5,0.0414,Bangladesh
2019,Nitrous oxide (N2O) emissions from Industrial Combustion (Energy) (Mt CO2e),EN.GHG.N2O.IC.MT.CE.AR5,0.0415,Bangladesh
2018,Nitrous oxide (N2O) emissions from Industrial Combustion (Energy) (Mt CO2e),EN.GHG.N2O.IC.MT.CE.AR5,0.0349,Bangladesh
2017,Nitrous oxide (N2O) emissions from Industrial Combustion (Energy) (Mt CO2e),EN.GHG.N2O.IC.MT.CE.AR5,0.0405,Bangladesh
2016,Nitrous oxide (N2O) emissions from Industrial Combustion (Energy) (Mt CO2e),EN.GHG.N2O.IC.MT.CE.AR5,0.0315,Bangladesh
2015,Nitrous oxide (N2O) emissions from Industrial Combustion (Energy) (Mt CO2e),EN.GHG.N2O.IC.MT.CE.AR5,0.0251,Bangladesh
2014,Nitrous oxide (N2O) emissions from Industrial Combustion (Energy) (Mt CO2e),EN.GHG.N2O.IC.MT.CE.AR5,0.0155,Bangladesh
2013,Nitrous oxide (N2O) emissions from Industrial Combustion (Energy) (Mt CO2e),EN.GHG.N2O.IC.MT.CE.AR5,0.0174,Bangladesh
2012,Nitrous oxide (N2O) emissions from Industrial Combustion (Energy) (Mt CO2e),EN.GHG.N2O.IC.MT.CE.AR5,0.0167,Bangladesh
2011,Nitrous oxide (N2O) emissions from Industrial Combustion (Energy) (Mt CO2e),EN.GHG.N2O.IC.MT.CE.AR5,0.0142,Bangladesh
2010,Nitrous oxide (N2O) emissions from Industrial Combustion (Energy) (Mt CO2e),EN.GHG.N2O.IC.MT.CE.AR5,0.0146,Bangladesh
2009,Nitrous oxide (N2O) emissions from Industrial Combustion (Energy) (Mt CO2e),EN.GHG.N2O.IC.MT.CE.AR5,0.0134,Bangladesh
2008,Nitrous oxide (N2O) emissions from Industrial Combustion (Energy) (Mt CO2e),EN.GHG.N2O.IC.MT.CE.AR5,0.0114,Bangladesh
2007,Nitrous oxide (N2O) emissions from Industrial Combustion (Energy) (Mt CO2e),EN.GHG.N2O.IC.MT.CE.AR5,0.011,Bangladesh
2006,Nitrous oxide (N2O) emissions from Industrial Combustion (Energy) (Mt CO2e),EN.GHG.N2O.IC.MT.CE.AR5,0.0106,Bangladesh
2005,Nitrous oxide (N2O) emissions from Industrial Combustion (Energy) (Mt CO2e),EN.GHG.N2O.IC.MT.CE.AR5,0.0107,Bangladesh
2004,Nitrous oxide (N2O) emissions from Industrial Combustion (Energy) (Mt CO2e),EN.GHG.N2O.IC.MT.CE.AR5,0.0094,Bangladesh
2003,Nitrous oxide (N2O) emissions from Industrial Combustion (Energy) (Mt CO2e),EN.GHG.N2O.IC.MT.CE.AR5,0.0114,Bangladesh
2002,Nitrous oxide (N2O) emissions from Industrial Combustion (Energy) (Mt CO2e),EN.GHG.N2O.IC.MT.CE.AR5,0.0114,Bangladesh
2001,Nitrous oxide (N2O) emissions from Industrial Combustion (Energy) (Mt CO2e),EN.GHG.N2O.IC.MT.CE.AR5,0.0094,Bangladesh
2000,Nitrous oxide (N2O) emissions from Industrial Combustion (Energy) (Mt CO2e),EN.GHG.N2O.IC.MT.CE.AR5,0.0051,Bangladesh
1999,Nitrous oxide (N2O) emissions from Industrial Combustion (Energy) (Mt CO2e),EN.GHG.N2O.IC.MT.CE.AR5,0.0056,Bangladesh
1998,Nitrous oxide (N2O) emissions from Industrial Combustion (Energy) (Mt CO2e),EN.GHG.N2O.IC.MT.CE.AR5,0.0063,Bangladesh
1997,Nitrous oxide (N2O) emissions from Industrial Combustion (Energy) (Mt CO2e),EN.GHG.N2O.IC.MT.CE.AR5,0.0098,Bangladesh
1996,Nitrous oxide (N2O) emissions from Industrial Combustion (Energy) (Mt CO2e),EN.GHG.N2O.IC.MT.CE.AR5,0.0114,Bangladesh
1995,Nitrous oxide (N2O) emissions from Industrial Combustion (Energy) (Mt CO2e),EN.GHG.N2O.IC.MT.CE.AR5,0.0221,Bangladesh
1994,Nitrous oxide (N2O) emissions from Industrial Combustion (Energy) (Mt CO2e),EN.GHG.N2O.IC.MT.CE.AR5,0.0163,Bangladesh
1993,Nitrous oxide (N2O) emissions from Industrial Combustion (Energy) (Mt CO2e),EN.GHG.N2O.IC.MT.CE.AR5,0.0167,Bangladesh
1992,Nitrous oxide (N2O) emissions from Industrial Combustion (Energy) (Mt CO2e),EN.GHG.N2O.IC.MT.CE.AR5,0.0173,Bangladesh
1991,Nitrous oxide (N2O) emissions from Industrial Combustion (Energy) (Mt CO2e),EN.GHG.N2O.IC.MT.CE.AR5,0.0179,Bangladesh
1990,Nitrous oxide (N2O) emissions from Industrial Combustion (Energy) (Mt CO2e),EN.GHG.N2O.IC.MT.CE.AR5,0.0205,Bangladesh
1989,Nitrous oxide (N2O) emissions from Industrial Combustion (Energy) (Mt CO2e),EN.GHG.N2O.IC.MT.CE.AR5,0.0177,Bangladesh
1988,Nitrous oxide (N2O) emissions from Industrial Combustion (Energy) (Mt CO2e),EN.GHG.N2O.IC.MT.CE.AR5,0.0174,Bangladesh
1987,Nitrous oxide (N2O) emissions from Industrial Combustion (Energy) (Mt CO2e),EN.GHG.N2O.IC.MT.CE.AR5,0.0176,Bangladesh
1986,Nitrous oxide (N2O) emissions from Industrial Combustion (Energy) (Mt CO2e),EN.GHG.N2O.IC.MT.CE.AR5,0.0168,Bangladesh
1985,Nitrous oxide (N2O) emissions from Industrial Combustion (Energy) (Mt CO2e),EN.GHG.N2O.IC.MT.CE.AR5,0.0166,Bangladesh
1984,Nitrous oxide (N2O) emissions from Industrial Combustion (Energy) (Mt CO2e),EN.GHG.N2O.IC.MT.CE.AR5,0.0168,Bangladesh
1983,Nitrous oxide (N2O) emissions from Industrial Combustion (Energy) (Mt CO2e),EN.GHG.N2O.IC.MT.CE.AR5,0.0176,Bangladesh
1982,Nitrous oxide (N2O) emissions from Industrial Combustion (Energy) (Mt CO2e),EN.GHG.N2O.IC.MT.CE.AR5,0.0191,Bangladesh
1981,Nitrous oxide (N2O) emissions from Industrial Combustion (Energy) (Mt CO2e),EN.GHG.N2O.IC.MT.CE.AR5,0.0189,Bangladesh
1980,Nitrous oxide (N2O) emissions from Industrial Combustion (Energy) (Mt CO2e),EN.GHG.N2O.IC.MT.CE.AR5,0.0192,Bangladesh
1979,Nitrous oxide (N2O) emissions from Industrial Combustion (Energy) (Mt CO2e),EN.GHG.N2O.IC.MT.CE.AR5,0.0182,Bangladesh
1978,Nitrous oxide (N2O) emissions from Industrial Combustion (Energy) (Mt CO2e),EN.GHG.N2O.IC.MT.CE.AR5,0.0185,Bangladesh
1977,Nitrous oxide (N2O) emissions from Industrial Combustion (Energy) (Mt CO2e),EN.GHG.N2O.IC.MT.CE.AR5,0.0185,Bangladesh
1976,Nitrous oxide (N2O) emissions from Industrial Combustion (Energy) (Mt CO2e),EN.GHG.N2O.IC.MT.CE.AR5,0.0185,Bangladesh
1975,Nitrous oxide (N2O) emissions from Industrial Combustion (Energy) (Mt CO2e),EN.GHG.N2O.IC.MT.CE.AR5,0.0185,Bangladesh
1974,Nitrous oxide (N2O) emissions from Industrial Combustion (Energy) (Mt CO2e),EN.GHG.N2O.IC.MT.CE.AR5,0.0181,Bangladesh
1973,Nitrous oxide (N2O) emissions from Industrial Combustion (Energy) (Mt CO2e),EN.GHG.N2O.IC.MT.CE.AR5,0.0181,Bangladesh
1972,Nitrous oxide (N2O) emissions from Industrial Combustion (Energy) (Mt CO2e),EN.GHG.N2O.IC.MT.CE.AR5,0.0173,Bangladesh
1971,Nitrous oxide (N2O) emissions from Industrial Combustion (Energy) (Mt CO2e),EN.GHG.N2O.IC.MT.CE.AR5,0.0173,Bangladesh
1970,Nitrous oxide (N2O) emissions from Industrial Combustion (Energy) (Mt CO2e),EN.GHG.N2O.IC.MT.CE.AR5,0.0173,Bangladesh
2024,Nitrous oxide (N2O) emissions from Industrial Processes (Mt CO2e),EN.GHG.N2O.IP.MT.CE.AR5,0.9946,Bangladesh
2023,Nitrous oxide (N2O) emissions from Industrial Processes (Mt CO2e),EN.GHG.N2O.IP.MT.CE.AR5,0.9118,Bangladesh
2022,Nitrous oxide (N2O) emissions from Industrial Processes (Mt CO2e),EN.GHG.N2O.IP.MT.CE.AR5,0.9513,Bangladesh
2021,Nitrous oxide (N2O) emissions from Industrial Processes (Mt CO2e),EN.GHG.N2O.IP.MT.CE.AR5,0.8964,Bangladesh
2020,Nitrous oxide (N2O) emissions from Industrial Processes (Mt CO2e),EN.GHG.N2O.IP.MT.CE.AR5,0.7501,Bangladesh
2019,Nitrous oxide (N2O) emissions from Industrial Processes (Mt CO2e),EN.GHG.N2O.IP.MT.CE.AR5,0.7953,Bangladesh
2018,Nitrous oxide (N2O) emissions from Industrial Processes (Mt CO2e),EN.GHG.N2O.IP.MT.CE.AR5,0.7876,Bangladesh
2017,Nitrous oxide (N2O) emissions from Industrial Processes (Mt CO2e),EN.GHG.N2O.IP.MT.CE.AR5,0.7603,Bangladesh
2016,Nitrous oxide (N2O) emissions from Industrial Processes (Mt CO2e),EN.GHG.N2O.IP.MT.CE.AR5,0.7124,Bangladesh
2015,Nitrous oxide (N2O) emissions from Industrial Processes (Mt CO2e),EN.GHG.N2O.IP.MT.CE.AR5,0.6684,Bangladesh
2014,Nitrous oxide (N2O) emissions from Industrial Processes (Mt CO2e),EN.GHG.N2O.IP.MT.CE.AR5,0.6369,Bangladesh
2013,Nitrous oxide (N2O) emissions from Industrial Processes (Mt CO2e),EN.GHG.N2O.IP.MT.CE.AR5,0.6144,Bangladesh
2012,Nitrous oxide (N2O) emissions from Industrial Processes (Mt CO2e),EN.GHG.N2O.IP.MT.CE.AR5,0.5927,Bangladesh
2011,Nitrous oxide (N2O) emissions from Industrial Processes (Mt CO2e),EN.GHG.N2O.IP.MT.CE.AR5,0.5584,Bangladesh
2010,Nitrous oxide (N2O) emissions from Industrial Processes (Mt CO2e),EN.GHG.N2O.IP.MT.CE.AR5,0.506,Bangladesh
2009,Nitrous oxide (N2O) emissions from Industrial Processes (Mt CO2e),EN.GHG.N2O.IP.MT.CE.AR5,0.4968,Bangladesh
2008,Nitrous oxide (N2O) emissions from Industrial Processes (Mt CO2e),EN.GHG.N2O.IP.MT.CE.AR5,0.4784,Bangladesh
2007,Nitrous oxide (N2O) emissions from Industrial Processes (Mt CO2e),EN.GHG.N2O.IP.MT.CE.AR5,0.4511,Bangladesh
2006,Nitrous oxide (N2O) emissions from Industrial Processes (Mt CO2e),EN.GHG.N2O.IP.MT.CE.AR5,0.4611,Bangladesh
2005,Nitrous oxide (N2O) emissions from Industrial Processes (Mt CO2e),EN.GHG.N2O.IP.MT.CE.AR5,0.4274,Bangladesh
2004,Nitrous oxide (N2O) emissions from Industrial Processes (Mt CO2e),EN.GHG.N2O.IP.MT.CE.AR5,0.4132,Bangladesh
2003,Nitrous oxide (N2O) emissions from Industrial Processes (Mt CO2e),EN.GHG.N2O.IP.MT.CE.AR5,0.3944,Bangladesh
2002,Nitrous oxide (N2O) emissions from Industrial Processes (Mt CO2e),EN.GHG.N2O.IP.MT.CE.AR5,0.3823,Bangladesh
2001,Nitrous oxide (N2O) emissions from Industrial Processes (Mt CO2e),EN.GHG.N2O.IP.MT.CE.AR5,0.3867,Bangladesh
2000,Nitrous oxide (N2O) emissions from Industrial Processes (Mt CO2e),EN.GHG.N2O.IP.MT.CE.AR5,0.35,Bangladesh
1999,Nitrous oxide (N2O) emissions from Industrial Processes (Mt CO2e),EN.GHG.N2O.IP.MT.CE.AR5,0.3576,Bangladesh
1998,Nitrous oxide (N2O) emissions from Industrial Processes (Mt CO2e),EN.GHG.N2O.IP.MT.CE.AR5,0.3434,Bangladesh
1997,Nitrous oxide (N2O) emissions from Industrial Processes (Mt CO2e),EN.GHG.N2O.IP.MT.CE.AR5,0.3399,Bangladesh
1996,Nitrous oxide (N2O) emissions from Industrial Processes (Mt CO2e),EN.GHG.N2O.IP.MT.CE.AR5,0.3332,Bangladesh
1995,Nitrous oxide (N2O) emissions from Industrial Processes (Mt CO2e),EN.GHG.N2O.IP.MT.CE.AR5,0.3647,Bangladesh
1994,Nitrous oxide (N2O) emissions from Industrial Processes (Mt CO2e),EN.GHG.N2O.IP.MT.CE.AR5,0.3407,Bangladesh
1993,Nitrous oxide (N2O) emissions from Industrial Processes (Mt CO2e),EN.GHG.N2O.IP.MT.CE.AR5,0.3263,Bangladesh
1992,Nitrous oxide (N2O) emissions from Industrial Processes (Mt CO2e),EN.GHG.N2O.IP.MT.CE.AR5,0.3212,Bangladesh
1991,Nitrous oxide (N2O) emissions from Industrial Processes (Mt CO2e),EN.GHG.N2O.IP.MT.CE.AR5,0.315,Bangladesh
1990,Nitrous oxide (N2O) emissions from Industrial Processes (Mt CO2e),EN.GHG.N2O.IP.MT.CE.AR5,0.3039,Bangladesh
1989,Nitrous oxide (N2O) emissions from Industrial Processes (Mt CO2e),EN.GHG.N2O.IP.MT.CE.AR5,0.299,Bangladesh
1988,Nitrous oxide (N2O) emissions from Industrial Processes (Mt CO2e),EN.GHG.N2O.IP.MT.CE.AR5,0.2954,Bangladesh
1987,Nitrous oxide (N2O) emissions from Industrial Processes (Mt CO2e),EN.GHG.N2O.IP.MT.CE.AR5,0.2701,Bangladesh
1986,Nitrous oxide (N2O) emissions from Industrial Processes (Mt CO2e),EN.GHG.N2O.IP.MT.CE.AR5,0.2857,Bangladesh
1985,Nitrous oxide (N2O) emissions from Industrial Processes (Mt CO2e),EN.GHG.N2O.IP.MT.CE.AR5,0.2708,Bangladesh
1984,Nitrous oxide (N2O) emissions from Industrial Processes (Mt CO2e),EN.GHG.N2O.IP.MT.CE.AR5,0.2637,Bangladesh
1983,Nitrous oxide (N2O) emissions from Industrial Processes (Mt CO2e),EN.GHG.N2O.IP.MT.CE.AR5,0.2602,Bangladesh
1982,Nitrous oxide (N2O) emissions from Industrial Processes (Mt CO2e),EN.GHG.N2O.IP.MT.CE.AR5,0.2599,Bangladesh
1981,Nitrous oxide (N2O) emissions from Industrial Processes (Mt CO2e),EN.GHG.N2O.IP.MT.CE.AR5,0.2398,Bangladesh
1980,Nitrous oxide (N2O) emissions from Industrial Processes (Mt CO2e),EN.GHG.N2O.IP.MT.CE.AR5,0.2412,Bangladesh
1979,Nitrous oxide (N2O) emissions from Industrial Processes (Mt CO2e),EN.GHG.N2O.IP.MT.CE.AR5,0.2321,Bangladesh
1978,Nitrous oxide (N2O) emissions from Industrial Processes (Mt CO2e),EN.GHG.N2O.IP.MT.CE.AR5,0.2249,Bangladesh
1977,Nitrous oxide (N2O) emissions from Industrial Processes (Mt CO2e),EN.GHG.N2O.IP.MT.CE.AR5,0.2203,Bangladesh
1976,Nitrous oxide (N2O) emissions from Industrial Processes (Mt CO2e),EN.GHG.N2O.IP.MT.CE.AR5,0.2173,Bangladesh
1975,Nitrous oxide (N2O) emissions from Industrial Processes (Mt CO2e),EN.GHG.N2O.IP.MT.CE.AR5,0.2134,Bangladesh
1974,Nitrous oxide (N2O) emissions from Industrial Processes (Mt CO2e),EN.GHG.N2O.IP.MT.CE.AR5,0.2046,Bangladesh
1973,Nitrous oxide (N2O) emissions from Industrial Processes (Mt CO2e),EN.GHG.N2O.IP.MT.CE.AR5,0.1992,Bangladesh
1972,Nitrous oxide (N2O) emissions from Industrial Processes (Mt CO2e),EN.GHG.N2O.IP.MT.CE.AR5,0.1921,Bangladesh
1971,Nitrous oxide (N2O) emissions from Industrial Processes (Mt CO2e),EN.GHG.N2O.IP.MT.CE.AR5,0.1869,Bangladesh
1970,Nitrous oxide (N2O) emissions from Industrial Processes (Mt CO2e),EN.GHG.N2O.IP.MT.CE.AR5,0.1872,Bangladesh
2024,Nitrous oxide (N2O) emissions (total) excluding LULUCF (Mt CO2e),EN.GHG.N2O.MT.CE.AR5,23.2799,Bangladesh
2023,Nitrous oxide (N2O) emissions (total) excluding LULUCF (Mt CO2e),EN.GHG.N2O.MT.CE.AR5,23.0547,Bangladesh
2022,Nitrous oxide (N2O) emissions (total) excluding LULUCF (Mt CO2e),EN.GHG.N2O.MT.CE.AR5,24.6094,Bangladesh
2021,Nitrous oxide (N2O) emissions (total) excluding LULUCF (Mt CO2e),EN.GHG.N2O.MT.CE.AR5,24.9697,Bangladesh
2020,Nitrous oxide (N2O) emissions (total) excluding LULUCF (Mt CO2e),EN.GHG.N2O.MT.CE.AR5,23.6494,Bangladesh
2019,Nitrous oxide (N2O) emissions (total) excluding LULUCF (Mt CO2e),EN.GHG.N2O.MT.CE.AR5,23.3106,Bangladesh
2018,Nitrous oxide (N2O) emissions (total) excluding LULUCF (Mt CO2e),EN.GHG.N2O.MT.CE.AR5,23.1182,Bangladesh
2017,Nitrous oxide (N2O) emissions (total) excluding LULUCF (Mt CO2e),EN.GHG.N2O.MT.CE.AR5,22.5557,Bangladesh
2016,Nitrous oxide (N2O) emissions (total) excluding LULUCF (Mt CO2e),EN.GHG.N2O.MT.CE.AR5,22.0341,Bangladesh
2015,Nitrous oxide (N2O) emissions (total) excluding LULUCF (Mt CO2e),EN.GHG.N2O.MT.CE.AR5,22.1419,Bangladesh
2014,Nitrous oxide (N2O) emissions (total) excluding LULUCF (Mt CO2e),EN.GHG.N2O.MT.CE.AR5,22.3696,Bangladesh
2013,Nitrous oxide (N2O) emissions (total) excluding LULUCF (Mt CO2e),EN.GHG.N2O.MT.CE.AR5,21.1268,Bangladesh
2012,Nitrous oxide (N2O) emissions (total) excluding LULUCF (Mt CO2e),EN.GHG.N2O.MT.CE.AR5,20.8841,Bangladesh
2011,Nitrous oxide (N2O) emissions (total) excluding LULUCF (Mt CO2e),EN.GHG.N2O.MT.CE.AR5,20.7116,Bangladesh
2010,Nitrous oxide (N2O) emissions (total) excluding LULUCF (Mt CO2e),EN.GHG.N2O.MT.CE.AR5,20.9636,Bangladesh
2009,Nitrous oxide (N2O) emissions (total) excluding LULUCF (Mt CO2e),EN.GHG.N2O.MT.CE.AR5,20.0264,Bangladesh
2008,Nitrous oxide (N2O) emissions (total) excluding LULUCF (Mt CO2e),EN.GHG.N2O.MT.CE.AR5,19.8677,Bangladesh
2007,Nitrous oxide (N2O) emissions (total) excluding LULUCF (Mt CO2e),EN.GHG.N2O.MT.CE.AR5,20.0247,Bangladesh
2006,Nitrous oxide (N2O) emissions (total) excluding LULUCF (Mt CO2e),EN.GHG.N2O.MT.CE.AR5,19.0995,Bangladesh
2005,Nitrous oxide (N2O) emissions (total) excluding LULUCF (Mt CO2e),EN.GHG.N2O.MT.CE.AR5,18.7258,Bangladesh
2004,Nitrous oxide (N2O) emissions (total) excluding LULUCF (Mt CO2e),EN.GHG.N2O.MT.CE.AR5,18.4644,Bangladesh
2003,Nitrous oxide (N2O) emissions (total) excluding LULUCF (Mt CO2e),EN.GHG.N2O.MT.CE.AR5,17.83,Bangladesh
2002,Nitrous oxide (N2O) emissions (total) excluding LULUCF (Mt CO2e),EN.GHG.N2O.MT.CE.AR5,17.3918,Bangladesh
2001,Nitrous oxide (N2O) emissions (total) excluding LULUCF (Mt CO2e),EN.GHG.N2O.MT.CE.AR5,17.1693,Bangladesh
2000,Nitrous oxide (N2O) emissions (total) excluding LULUCF (Mt CO2e),EN.GHG.N2O.MT.CE.AR5,16.6222,Bangladesh
1999,Nitrous oxide (N2O) emissions (total) excluding LULUCF (Mt CO2e),EN.GHG.N2O.MT.CE.AR5,16.5206,Bangladesh
1998,Nitrous oxide (N2O) emissions (total) excluding LULUCF (Mt CO2e),EN.GHG.N2O.MT.CE.AR5,15.4042,Bangladesh
1997,Nitrous oxide (N2O) emissions (total) excluding LULUCF (Mt CO2e),EN.GHG.N2O.MT.CE.AR5,15.1916,Bangladesh
1996,Nitrous oxide (N2O) emissions (total) excluding LULUCF (Mt CO2e),EN.GHG.N2O.MT.CE.AR5,15.5287,Bangladesh
1995,Nitrous oxide (N2O) emissions (total) excluding LULUCF (Mt CO2e),EN.GHG.N2O.MT.CE.AR5,14.8833,Bangladesh
1994,Nitrous oxide (N2O) emissions (total) excluding LULUCF (Mt CO2e),EN.GHG.N2O.MT.CE.AR5,13.6944,Bangladesh
1993,Nitrous oxide (N2O) emissions (total) excluding LULUCF (Mt CO2e),EN.GHG.N2O.MT.CE.AR5,12.9883,Bangladesh
1992,Nitrous oxide (N2O) emissions (total) excluding LULUCF (Mt CO2e),EN.GHG.N2O.MT.CE.AR5,12.7085,Bangladesh
1991,Nitrous oxide (N2O) emissions (total) excluding LULUCF (Mt CO2e),EN.GHG.N2O.MT.CE.AR5,12.4428,Bangladesh
1990,Nitrous oxide (N2O) emissions (total) excluding LULUCF (Mt CO2e),EN.GHG.N2O.MT.CE.AR5,11.7915,Bangladesh
1989,Nitrous oxide (N2O) emissions (total) excluding LULUCF (Mt CO2e),EN.GHG.N2O.MT.CE.AR5,11.7423,Bangladesh
1988,Nitrous oxide (N2O) emissions (total) excluding LULUCF (Mt CO2e),EN.GHG.N2O.MT.CE.AR5,10.9035,Bangladesh
1987,Nitrous oxide (N2O) emissions (total) excluding LULUCF (Mt CO2e),EN.GHG.N2O.MT.CE.AR5,10.433,Bangladesh
1986,Nitrous oxide (N2O) emissions (total) excluding LULUCF (Mt CO2e),EN.GHG.N2O.MT.CE.AR5,10.0402,Bangladesh
1985,Nitrous oxide (N2O) emissions (total) excluding LULUCF (Mt CO2e),EN.GHG.N2O.MT.CE.AR5,9.5836,Bangladesh
1984,Nitrous oxide (N2O) emissions (total) excluding LULUCF (Mt CO2e),EN.GHG.N2O.MT.CE.AR5,9.4449,Bangladesh
1983,Nitrous oxide (N2O) emissions (total) excluding LULUCF (Mt CO2e),EN.GHG.N2O.MT.CE.AR5,9.083,Bangladesh
1982,Nitrous oxide (N2O) emissions (total) excluding LULUCF (Mt CO2e),EN.GHG.N2O.MT.CE.AR5,8.7876,Bangladesh
1981,Nitrous oxide (N2O) emissions (total) excluding LULUCF (Mt CO2e),EN.GHG.N2O.MT.CE.AR5,8.3456,Bangladesh
1980,Nitrous oxide (N2O) emissions (total) excluding LULUCF (Mt CO2e),EN.GHG.N2O.MT.CE.AR5,8.3589,Bangladesh
1979,Nitrous oxide (N2O) emissions (total) excluding LULUCF (Mt CO2e),EN.GHG.N2O.MT.CE.AR5,9.2737,Bangladesh
1978,Nitrous oxide (N2O) emissions (total) excluding LULUCF (Mt CO2e),EN.GHG.N2O.MT.CE.AR5,8.8645,Bangladesh
1977,Nitrous oxide (N2O) emissions (total) excluding LULUCF (Mt CO2e),EN.GHG.N2O.MT.CE.AR5,8.3148,Bangladesh
1976,Nitrous oxide (N2O) emissions (total) excluding LULUCF (Mt CO2e),EN.GHG.N2O.MT.CE.AR5,7.8888,Bangladesh
1975,Nitrous oxide (N2O) emissions (total) excluding LULUCF (Mt CO2e),EN.GHG.N2O.MT.CE.AR5,7.6353,Bangladesh
1974,Nitrous oxide (N2O) emissions (total) excluding LULUCF (Mt CO2e),EN.GHG.N2O.MT.CE.AR5,7.129,Bangladesh
1973,Nitrous oxide (N2O) emissions (total) excluding LULUCF (Mt CO2e),EN.GHG.N2O.MT.CE.AR5,7.2601,Bangladesh
1972,Nitrous oxide (N2O) emissions (total) excluding LULUCF (Mt CO2e),EN.GHG.N2O.MT.CE.AR5,7.2037,Bangladesh
1971,Nitrous oxide (N2O) emissions (total) excluding LULUCF (Mt CO2e),EN.GHG.N2O.MT.CE.AR5,7.1834,Bangladesh
1970,Nitrous oxide (N2O) emissions (total) excluding LULUCF (Mt CO2e),EN.GHG.N2O.MT.CE.AR5,7.3041,Bangladesh
2024,Nitrous oxide (N2O) emissions from Power Industry (Energy) (Mt CO2e),EN.GHG.N2O.PI.MT.CE.AR5,0.0919,Bangladesh
2023,Nitrous oxide (N2O) emissions from Power Industry (Energy) (Mt CO2e),EN.GHG.N2O.PI.MT.CE.AR5,0.0835,Bangladesh
2022,Nitrous oxide (N2O) emissions from Power Industry (Energy) (Mt CO2e),EN.GHG.N2O.PI.MT.CE.AR5,0.0815,Bangladesh
2021,Nitrous oxide (N2O) emissions from Power Industry (Energy) (Mt CO2e),EN.GHG.N2O.PI.MT.CE.AR5,0.0683,Bangladesh
2020,Nitrous oxide (N2O) emissions from Power Industry (Energy) (Mt CO2e),EN.GHG.N2O.PI.MT.CE.AR5,0.0446,Bangladesh
2019,Nitrous oxide (N2O) emissions from Power Industry (Energy) (Mt CO2e),EN.GHG.N2O.PI.MT.CE.AR5,0.0455,Bangladesh
2018,Nitrous oxide (N2O) emissions from Power Industry (Energy) (Mt CO2e),EN.GHG.N2O.PI.MT.CE.AR5,0.0484,Bangladesh
2017,Nitrous oxide (N2O) emissions from Power Industry (Energy) (Mt CO2e),EN.GHG.N2O.PI.MT.CE.AR5,0.0421,Bangladesh
2016,Nitrous oxide (N2O) emissions from Power Industry (Energy) (Mt CO2e),EN.GHG.N2O.PI.MT.CE.AR5,0.0389,Bangladesh
2015,Nitrous oxide (N2O) emissions from Power Industry (Energy) (Mt CO2e),EN.GHG.N2O.PI.MT.CE.AR5,0.0347,Bangladesh
2014,Nitrous oxide (N2O) emissions from Power Industry (Energy) (Mt CO2e),EN.GHG.N2O.PI.MT.CE.AR5,0.0318,Bangladesh
2013,Nitrous oxide (N2O) emissions from Power Industry (Energy) (Mt CO2e),EN.GHG.N2O.PI.MT.CE.AR5,0.0287,Bangladesh
2012,Nitrous oxide (N2O) emissions from Power Industry (Energy) (Mt CO2e),EN.GHG.N2O.PI.MT.CE.AR5,0.0251,Bangladesh
2011,Nitrous oxide (N2O) emissions from Power Industry (Energy) (Mt CO2e),EN.GHG.N2O.PI.MT.CE.AR5,0.0208,Bangladesh
2010,Nitrous oxide (N2O) emissions from Power Industry (Energy) (Mt CO2e),EN.GHG.N2O.PI.MT.CE.AR5,0.0165,Bangladesh
2009,Nitrous oxide (N2O) emissions from Power Industry (Energy) (Mt CO2e),EN.GHG.N2O.PI.MT.CE.AR5,0.0153,Bangladesh
2008,Nitrous oxide (N2O) emissions from Power Industry (Energy) (Mt CO2e),EN.GHG.N2O.PI.MT.CE.AR5,0.014,Bangladesh
2007,Nitrous oxide (N2O) emissions from Power Industry (Energy) (Mt CO2e),EN.GHG.N2O.PI.MT.CE.AR5,0.0139,Bangladesh
2006,Nitrous oxide (N2O) emissions from Power Industry (Energy) (Mt CO2e),EN.GHG.N2O.PI.MT.CE.AR5,0.011,Bangladesh
2005,Nitrous oxide (N2O) emissions from Power Industry (Energy) (Mt CO2e),EN.GHG.N2O.PI.MT.CE.AR5,0.0093,Bangladesh
2004,Nitrous oxide (N2O) emissions from Power Industry (Energy) (Mt CO2e),EN.GHG.N2O.PI.MT.CE.AR5,0.0078,Bangladesh
2003,Nitrous oxide (N2O) emissions from Power Industry (Energy) (Mt CO2e),EN.GHG.N2O.PI.MT.CE.AR5,0.0073,Bangladesh
2002,Nitrous oxide (N2O) emissions from Power Industry (Energy) (Mt CO2e),EN.GHG.N2O.PI.MT.CE.AR5,0.0072,Bangladesh
2001,Nitrous oxide (N2O) emissions from Power Industry (Energy) (Mt CO2e),EN.GHG.N2O.PI.MT.CE.AR5,0.0067,Bangladesh
2000,Nitrous oxide (N2O) emissions from Power Industry (Energy) (Mt CO2e),EN.GHG.N2O.PI.MT.CE.AR5,0.0055,Bangladesh
1999,Nitrous oxide (N2O) emissions from Power Industry (Energy) (Mt CO2e),EN.GHG.N2O.PI.MT.CE.AR5,0.0056,Bangladesh
1998,Nitrous oxide (N2O) emissions from Power Industry (Energy) (Mt CO2e),EN.GHG.N2O.PI.MT.CE.AR5,0.0052,Bangladesh
1997,Nitrous oxide (N2O) emissions from Power Industry (Energy) (Mt CO2e),EN.GHG.N2O.PI.MT.CE.AR5,0.0047,Bangladesh
1996,Nitrous oxide (N2O) emissions from Power Industry (Energy) (Mt CO2e),EN.GHG.N2O.PI.MT.CE.AR5,0.004,Bangladesh
1995,Nitrous oxide (N2O) emissions from Power Industry (Energy) (Mt CO2e),EN.GHG.N2O.PI.MT.CE.AR5,0.0042,Bangladesh
1994,Nitrous oxide (N2O) emissions from Power Industry (Energy) (Mt CO2e),EN.GHG.N2O.PI.MT.CE.AR5,0.0035,Bangladesh
1993,Nitrous oxide (N2O) emissions from Power Industry (Energy) (Mt CO2e),EN.GHG.N2O.PI.MT.CE.AR5,0.0033,Bangladesh
1992,Nitrous oxide (N2O) emissions from Power Industry (Energy) (Mt CO2e),EN.GHG.N2O.PI.MT.CE.AR5,0.0028,Bangladesh
1991,Nitrous oxide (N2O) emissions from Power Industry (Energy) (Mt CO2e),EN.GHG.N2O.PI.MT.CE.AR5,0.0023,Bangladesh
1990,Nitrous oxide (N2O) emissions from Power Industry (Energy) (Mt CO2e),EN.GHG.N2O.PI.MT.CE.AR5,0.0024,Bangladesh
1989,Nitrous oxide (N2O) emissions from Power Industry (Energy) (Mt CO2e),EN.GHG.N2O.PI.MT.CE.AR5,0.0025,Bangladesh
1988,Nitrous oxide (N2O) emissions from Power Industry (Energy) (Mt CO2e),EN.GHG.N2O.PI.MT.CE.AR5,0.0026,Bangladesh
1987,Nitrous oxide (N2O) emissions from Power Industry (Energy) (Mt CO2e),EN.GHG.N2O.PI.MT.CE.AR5,0.0024,Bangladesh
1986,Nitrous oxide (N2O) emissions from Power Industry (Energy) (Mt CO2e),EN.GHG.N2O.PI.MT.CE.AR5,0.0026,Bangladesh
1985,Nitrous oxide (N2O) emissions from Power Industry (Energy) (Mt CO2e),EN.GHG.N2O.PI.MT.CE.AR5,0.0021,Bangladesh
1984,Nitrous oxide (N2O) emissions from Power Industry (Energy) (Mt CO2e),EN.GHG.N2O.PI.MT.CE.AR5,0.0016,Bangladesh
1983,Nitrous oxide (N2O) emissions from Power Industry (Energy) (Mt CO2e),EN.GHG.N2O.PI.MT.CE.AR5,0.0015,Bangladesh
1982,Nitrous oxide (N2O) emissions from Power Industry (Energy) (Mt CO2e),EN.GHG.N2O.PI.MT.CE.AR5,0.0018,Bangladesh
1981,Nitrous oxide (N2O) emissions from Power Industry (Energy) (Mt CO2e),EN.GHG.N2O.PI.MT.CE.AR5,0.0016,Bangladesh
1980,Nitrous oxide (N2O) emissions from Power Industry (Energy) (Mt CO2e),EN.GHG.N2O.PI.MT.CE.AR5,0.0014,Bangladesh
1979,Nitrous oxide (N2O) emissions from Power Industry (Energy) (Mt CO2e),EN.GHG.N2O.PI.MT.CE.AR5,0.0013,Bangladesh
1978,Nitrous oxide (N2O) emissions from Power Industry (Energy) (Mt CO2e),EN.GHG.N2O.PI.MT.CE.AR5,0.0013,Bangladesh
1977,Nitrous oxide (N2O) emissions from Power Industry (Energy) (Mt CO2e),EN.GHG.N2O.PI.MT.CE.AR5,0.001,Bangladesh
1976,Nitrous oxide (N2O) emissions from Power Industry (Energy) (Mt CO2e),EN.GHG.N2O.PI.MT.CE.AR5,0.001,Bangladesh
1975,Nitrous oxide (N2O) emissions from Power Industry (Energy) (Mt CO2e),EN.GHG.N2O.PI.MT.CE.AR5,0.0009,Bangladesh
1974,Nitrous oxide (N2O) emissions from Power Industry (Energy) (Mt CO2e),EN.GHG.N2O.PI.MT.CE.AR5,0.001,Bangladesh
1973,Nitrous oxide (N2O) emissions from Power Industry (Energy) (Mt CO2e),EN.GHG.N2O.PI.MT.CE.AR5,0.0013,Bangladesh
1972,Nitrous oxide (N2O) emissions from Power Industry (Energy) (Mt CO2e),EN.GHG.N2O.PI.MT.CE.AR5,0.0008,Bangladesh
1971,Nitrous oxide (N2O) emissions from Power Industry (Energy) (Mt CO2e),EN.GHG.N2O.PI.MT.CE.AR5,0.0008,Bangladesh
1970,Nitrous oxide (N2O) emissions from Power Industry (Energy) (Mt CO2e),EN.GHG.N2O.PI.MT.CE.AR5,0.0008,Bangladesh
2024,Nitrous oxide (N2O) emissions from Transport (Energy) (Mt CO2e),EN.GHG.N2O.TR.MT.CE.AR5,0.6849,Bangladesh
2023,Nitrous oxide (N2O) emissions from Transport (Energy) (Mt CO2e),EN.GHG.N2O.TR.MT.CE.AR5,0.662,Bangladesh
2022,Nitrous oxide (N2O) emissions from Transport (Energy) (Mt CO2e),EN.GHG.N2O.TR.MT.CE.AR5,0.7136,Bangladesh
2021,Nitrous oxide (N2O) emissions from Transport (Energy) (Mt CO2e),EN.GHG.N2O.TR.MT.CE.AR5,0.6814,Bangladesh
2020,Nitrous oxide (N2O) emissions from Transport (Energy) (Mt CO2e),EN.GHG.N2O.TR.MT.CE.AR5,0.6615,Bangladesh
2019,Nitrous oxide (N2O) emissions from Transport (Energy) (Mt CO2e),EN.GHG.N2O.TR.MT.CE.AR5,0.7558,Bangladesh
2018,Nitrous oxide (N2O) emissions from Transport (Energy) (Mt CO2e),EN.GHG.N2O.TR.MT.CE.AR5,0.7692,Bangladesh
2017,Nitrous oxide (N2O) emissions from Transport (Energy) (Mt CO2e),EN.GHG.N2O.TR.MT.CE.AR5,0.7608,Bangladesh
2016,Nitrous oxide (N2O) emissions from Transport (Energy) (Mt CO2e),EN.GHG.N2O.TR.MT.CE.AR5,0.7262,Bangladesh
2015,Nitrous oxide (N2O) emissions from Transport (Energy) (Mt CO2e),EN.GHG.N2O.TR.MT.CE.AR5,0.6777,Bangladesh
2014,Nitrous oxide (N2O) emissions from Transport (Energy) (Mt CO2e),EN.GHG.N2O.TR.MT.CE.AR5,0.6361,Bangladesh
2013,Nitrous oxide (N2O) emissions from Transport (Energy) (Mt CO2e),EN.GHG.N2O.TR.MT.CE.AR5,0.5837,Bangladesh
2012,Nitrous oxide (N2O) emissions from Transport (Energy) (Mt CO2e),EN.GHG.N2O.TR.MT.CE.AR5,0.602,Bangladesh
2011,Nitrous oxide (N2O) emissions from Transport (Energy) (Mt CO2e),EN.GHG.N2O.TR.MT.CE.AR5,0.5938,Bangladesh
2010,Nitrous oxide (N2O) emissions from Transport (Energy) (Mt CO2e),EN.GHG.N2O.TR.MT.CE.AR5,0.543,Bangladesh
2009,Nitrous oxide (N2O) emissions from Transport (Energy) (Mt CO2e),EN.GHG.N2O.TR.MT.CE.AR5,0.4342,Bangladesh
2008,Nitrous oxide (N2O) emissions from Transport (Energy) (Mt CO2e),EN.GHG.N2O.TR.MT.CE.AR5,0.3556,Bangladesh
2007,Nitrous oxide (N2O) emissions from Transport (Energy) (Mt CO2e),EN.GHG.N2O.TR.MT.CE.AR5,0.2455,Bangladesh
2006,Nitrous oxide (N2O) emissions from Transport (Energy) (Mt CO2e),EN.GHG.N2O.TR.MT.CE.AR5,0.1911,Bangladesh
2005,Nitrous oxide (N2O) emissions from Transport (Energy) (Mt CO2e),EN.GHG.N2O.TR.MT.CE.AR5,0.1548,Bangladesh
2004,Nitrous oxide (N2O) emissions from Transport (Energy) (Mt CO2e),EN.GHG.N2O.TR.MT.CE.AR5,0.135,Bangladesh
2003,Nitrous oxide (N2O) emissions from Transport (Energy) (Mt CO2e),EN.GHG.N2O.TR.MT.CE.AR5,0.1052,Bangladesh
2002,Nitrous oxide (N2O) emissions from Transport (Energy) (Mt CO2e),EN.GHG.N2O.TR.MT.CE.AR5,0.1084,Bangladesh
2001,Nitrous oxide (N2O) emissions from Transport (Energy) (Mt CO2e),EN.GHG.N2O.TR.MT.CE.AR5,0.1084,Bangladesh
2000,Nitrous oxide (N2O) emissions from Transport (Energy) (Mt CO2e),EN.GHG.N2O.TR.MT.CE.AR5,0.0856,Bangladesh
1999,Nitrous oxide (N2O) emissions from Transport (Energy) (Mt CO2e),EN.GHG.N2O.TR.MT.CE.AR5,0.0966,Bangladesh
1998,Nitrous oxide (N2O) emissions from Transport (Energy) (Mt CO2e),EN.GHG.N2O.TR.MT.CE.AR5,0.1018,Bangladesh
1997,Nitrous oxide (N2O) emissions from Transport (Energy) (Mt CO2e),EN.GHG.N2O.TR.MT.CE.AR5,0.0991,Bangladesh
1996,Nitrous oxide (N2O) emissions from Transport (Energy) (Mt CO2e),EN.GHG.N2O.TR.MT.CE.AR5,0.0949,Bangladesh
1995,Nitrous oxide (N2O) emissions from Transport (Energy) (Mt CO2e),EN.GHG.N2O.TR.MT.CE.AR5,0.0871,Bangladesh
1994,Nitrous oxide (N2O) emissions from Transport (Energy) (Mt CO2e),EN.GHG.N2O.TR.MT.CE.AR5,0.0727,Bangladesh
1993,Nitrous oxide (N2O) emissions from Transport (Energy) (Mt CO2e),EN.GHG.N2O.TR.MT.CE.AR5,0.0736,Bangladesh
1992,Nitrous oxide (N2O) emissions from Transport (Energy) (Mt CO2e),EN.GHG.N2O.TR.MT.CE.AR5,0.075,Bangladesh
1991,Nitrous oxide (N2O) emissions from Transport (Energy) (Mt CO2e),EN.GHG.N2O.TR.MT.CE.AR5,0.0659,Bangladesh
1990,Nitrous oxide (N2O) emissions from Transport (Energy) (Mt CO2e),EN.GHG.N2O.TR.MT.CE.AR5,0.0586,Bangladesh
1989,Nitrous oxide (N2O) emissions from Transport (Energy) (Mt CO2e),EN.GHG.N2O.TR.MT.CE.AR5,0.0571,Bangladesh
1988,Nitrous oxide (N2O) emissions from Transport (Energy) (Mt CO2e),EN.GHG.N2O.TR.MT.CE.AR5,0.0526,Bangladesh
1987,Nitrous oxide (N2O) emissions from Transport (Energy) (Mt CO2e),EN.GHG.N2O.TR.MT.CE.AR5,0.0504,Bangladesh
1986,Nitrous oxide (N2O) emissions from Transport (Energy) (Mt CO2e),EN.GHG.N2O.TR.MT.CE.AR5,0.0455,Bangladesh
1985,Nitrous oxide (N2O) emissions from Transport (Energy) (Mt CO2e),EN.GHG.N2O.TR.MT.CE.AR5,0.0475,Bangladesh
1984,Nitrous oxide (N2O) emissions from Transport (Energy) (Mt CO2e),EN.GHG.N2O.TR.MT.CE.AR5,0.0373,Bangladesh
1983,Nitrous oxide (N2O) emissions from Transport (Energy) (Mt CO2e),EN.GHG.N2O.TR.MT.CE.AR5,0.0394,Bangladesh
1982,Nitrous oxide (N2O) emissions from Transport (Energy) (Mt CO2e),EN.GHG.N2O.TR.MT.CE.AR5,0.0322,Bangladesh
1981,Nitrous oxide (N2O) emissions from Transport (Energy) (Mt CO2e),EN.GHG.N2O.TR.MT.CE.AR5,0.0277,Bangladesh
1980,Nitrous oxide (N2O) emissions from Transport (Energy) (Mt CO2e),EN.GHG.N2O.TR.MT.CE.AR5,0.033,Bangladesh
1979,Nitrous oxide (N2O) emissions from Transport (Energy) (Mt CO2e),EN.GHG.N2O.TR.MT.CE.AR5,0.0274,Bangladesh
1978,Nitrous oxide (N2O) emissions from Transport (Energy) (Mt CO2e),EN.GHG.N2O.TR.MT.CE.AR5,0.0209,Bangladesh
1977,Nitrous oxide (N2O) emissions from Transport (Energy) (Mt CO2e),EN.GHG.N2O.TR.MT.CE.AR5,0.0196,Bangladesh
1976,Nitrous oxide (N2O) emissions from Transport (Energy) (Mt CO2e),EN.GHG.N2O.TR.MT.CE.AR5,0.0199,Bangladesh
1975,Nitrous oxide (N2O) emissions from Transport (Energy) (Mt CO2e),EN.GHG.N2O.TR.MT.CE.AR5,0.0192,Bangladesh
1974,Nitrous oxide (N2O) emissions from Transport (Energy) (Mt CO2e),EN.GHG.N2O.TR.MT.CE.AR5,0.0165,Bangladesh
1973,Nitrous oxide (N2O) emissions from Transport (Energy) (Mt CO2e),EN.GHG.N2O.TR.MT.CE.AR5,0.0059,Bangladesh
1972,Nitrous oxide (N2O) emissions from Transport (Energy) (Mt CO2e),EN.GHG.N2O.TR.MT.CE.AR5,0.005,Bangladesh
1971,Nitrous oxide (N2O) emissions from Transport (Energy) (Mt CO2e),EN.GHG.N2O.TR.MT.CE.AR5,0.005,Bangladesh
1970,Nitrous oxide (N2O) emissions from Transport (Energy) (Mt CO2e),EN.GHG.N2O.TR.MT.CE.AR5,0.005,Bangladesh
2024,Nitrous oxide (N2O) emissions from Waste (Mt CO2e),EN.GHG.N2O.WA.MT.CE.AR5,2.0277,Bangladesh
2023,Nitrous oxide (N2O) emissions from Waste (Mt CO2e),EN.GHG.N2O.WA.MT.CE.AR5,1.9795,Bangladesh
2022,Nitrous oxide (N2O) emissions from Waste (Mt CO2e),EN.GHG.N2O.WA.MT.CE.AR5,1.9324,Bangladesh
2021,Nitrous oxide (N2O) emissions from Waste (Mt CO2e),EN.GHG.N2O.WA.MT.CE.AR5,1.8958,Bangladesh
2020,Nitrous oxide (N2O) emissions from Waste (Mt CO2e),EN.GHG.N2O.WA.MT.CE.AR5,1.8407,Bangladesh
2019,Nitrous oxide (N2O) emissions from Waste (Mt CO2e),EN.GHG.N2O.WA.MT.CE.AR5,1.7884,Bangladesh
2018,Nitrous oxide (N2O) emissions from Waste (Mt CO2e),EN.GHG.N2O.WA.MT.CE.AR5,1.7397,Bangladesh
2017,Nitrous oxide (N2O) emissions from Waste (Mt CO2e),EN.GHG.N2O.WA.MT.CE.AR5,1.697,Bangladesh
2016,Nitrous oxide (N2O) emissions from Waste (Mt CO2e),EN.GHG.N2O.WA.MT.CE.AR5,1.6493,Bangladesh
2015,Nitrous oxide (N2O) emissions from Waste (Mt CO2e),EN.GHG.N2O.WA.MT.CE.AR5,1.6072,Bangladesh
2014,Nitrous oxide (N2O) emissions from Waste (Mt CO2e),EN.GHG.N2O.WA.MT.CE.AR5,1.5733,Bangladesh
2013,Nitrous oxide (N2O) emissions from Waste (Mt CO2e),EN.GHG.N2O.WA.MT.CE.AR5,1.5368,Bangladesh
2012,Nitrous oxide (N2O) emissions from Waste (Mt CO2e),EN.GHG.N2O.WA.MT.CE.AR5,1.5084,Bangladesh
2011,Nitrous oxide (N2O) emissions from Waste (Mt CO2e),EN.GHG.N2O.WA.MT.CE.AR5,1.478,Bangladesh
2010,Nitrous oxide (N2O) emissions from Waste (Mt CO2e),EN.GHG.N2O.WA.MT.CE.AR5,1.4382,Bangladesh
2009,Nitrous oxide (N2O) emissions from Waste (Mt CO2e),EN.GHG.N2O.WA.MT.CE.AR5,1.3794,Bangladesh
2008,Nitrous oxide (N2O) emissions from Waste (Mt CO2e),EN.GHG.N2O.WA.MT.CE.AR5,1.3391,Bangladesh
2007,Nitrous oxide (N2O) emissions from Waste (Mt CO2e),EN.GHG.N2O.WA.MT.CE.AR5,1.297,Bangladesh
2006,Nitrous oxide (N2O) emissions from Waste (Mt CO2e),EN.GHG.N2O.WA.MT.CE.AR5,1.2813,Bangladesh
2005,Nitrous oxide (N2O) emissions from Waste (Mt CO2e),EN.GHG.N2O.WA.MT.CE.AR5,1.2522,Bangladesh
2004,Nitrous oxide (N2O) emissions from Waste (Mt CO2e),EN.GHG.N2O.WA.MT.CE.AR5,1.2289,Bangladesh
2003,Nitrous oxide (N2O) emissions from Waste (Mt CO2e),EN.GHG.N2O.WA.MT.CE.AR5,1.1996,Bangladesh
2002,Nitrous oxide (N2O) emissions from Waste (Mt CO2e),EN.GHG.N2O.WA.MT.CE.AR5,1.1581,Bangladesh
2001,Nitrous oxide (N2O) emissions from Waste (Mt CO2e),EN.GHG.N2O.WA.MT.CE.AR5,1.1167,Bangladesh
2000,Nitrous oxide (N2O) emissions from Waste (Mt CO2e),EN.GHG.N2O.WA.MT.CE.AR5,1.0802,Bangladesh
1999,Nitrous oxide (N2O) emissions from Waste (Mt CO2e),EN.GHG.N2O.WA.MT.CE.AR5,1.0569,Bangladesh
1998,Nitrous oxide (N2O) emissions from Waste (Mt CO2e),EN.GHG.N2O.WA.MT.CE.AR5,1.0147,Bangladesh
1997,Nitrous oxide (N2O) emissions from Waste (Mt CO2e),EN.GHG.N2O.WA.MT.CE.AR5,0.9731,Bangladesh
1996,Nitrous oxide (N2O) emissions from Waste (Mt CO2e),EN.GHG.N2O.WA.MT.CE.AR5,0.9147,Bangladesh
1995,Nitrous oxide (N2O) emissions from Waste (Mt CO2e),EN.GHG.N2O.WA.MT.CE.AR5,0.8731,Bangladesh
1994,Nitrous oxide (N2O) emissions from Waste (Mt CO2e),EN.GHG.N2O.WA.MT.CE.AR5,0.8545,Bangladesh
1993,Nitrous oxide (N2O) emissions from Waste (Mt CO2e),EN.GHG.N2O.WA.MT.CE.AR5,0.8173,Bangladesh
1992,Nitrous oxide (N2O) emissions from Waste (Mt CO2e),EN.GHG.N2O.WA.MT.CE.AR5,0.8204,Bangladesh
1991,Nitrous oxide (N2O) emissions from Waste (Mt CO2e),EN.GHG.N2O.WA.MT.CE.AR5,0.7999,Bangladesh
1990,Nitrous oxide (N2O) emissions from Waste (Mt CO2e),EN.GHG.N2O.WA.MT.CE.AR5,0.799,Bangladesh
1989,Nitrous oxide (N2O) emissions from Waste (Mt CO2e),EN.GHG.N2O.WA.MT.CE.AR5,0.7642,Bangladesh
1988,Nitrous oxide (N2O) emissions from Waste (Mt CO2e),EN.GHG.N2O.WA.MT.CE.AR5,0.747,Bangladesh
1987,Nitrous oxide (N2O) emissions from Waste (Mt CO2e),EN.GHG.N2O.WA.MT.CE.AR5,0.7303,Bangladesh
1986,Nitrous oxide (N2O) emissions from Waste (Mt CO2e),EN.GHG.N2O.WA.MT.CE.AR5,0.6975,Bangladesh
1985,Nitrous oxide (N2O) emissions from Waste (Mt CO2e),EN.GHG.N2O.WA.MT.CE.AR5,0.6973,Bangladesh
1984,Nitrous oxide (N2O) emissions from Waste (Mt CO2e),EN.GHG.N2O.WA.MT.CE.AR5,0.6653,Bangladesh
1983,Nitrous oxide (N2O) emissions from Waste (Mt CO2e),EN.GHG.N2O.WA.MT.CE.AR5,0.6492,Bangladesh
1982,Nitrous oxide (N2O) emissions from Waste (Mt CO2e),EN.GHG.N2O.WA.MT.CE.AR5,0.6334,Bangladesh
1981,Nitrous oxide (N2O) emissions from Waste (Mt CO2e),EN.GHG.N2O.WA.MT.CE.AR5,0.6037,Bangladesh
1980,Nitrous oxide (N2O) emissions from Waste (Mt CO2e),EN.GHG.N2O.WA.MT.CE.AR5,0.6032,Bangladesh
1979,Nitrous oxide (N2O) emissions from Waste (Mt CO2e),EN.GHG.N2O.WA.MT.CE.AR5,0.6164,Bangladesh
1978,Nitrous oxide (N2O) emissions from Waste (Mt CO2e),EN.GHG.N2O.WA.MT.CE.AR5,0.6022,Bangladesh
1977,Nitrous oxide (N2O) emissions from Waste (Mt CO2e),EN.GHG.N2O.WA.MT.CE.AR5,0.5362,Bangladesh
1976,Nitrous oxide (N2O) emissions from Waste (Mt CO2e),EN.GHG.N2O.WA.MT.CE.AR5,0.5623,Bangladesh
1975,Nitrous oxide (N2O) emissions from Waste (Mt CO2e),EN.GHG.N2O.WA.MT.CE.AR5,0.5244,Bangladesh
1974,Nitrous oxide (N2O) emissions from Waste (Mt CO2e),EN.GHG.N2O.WA.MT.CE.AR5,0.5487,Bangladesh
1973,Nitrous oxide (N2O) emissions from Waste (Mt CO2e),EN.GHG.N2O.WA.MT.CE.AR5,0.5238,Bangladesh
1972,Nitrous oxide (N2O) emissions from Waste (Mt CO2e),EN.GHG.N2O.WA.MT.CE.AR5,0.4765,Bangladesh
1971,Nitrous oxide (N2O) emissions from Waste (Mt CO2e),EN.GHG.N2O.WA.MT.CE.AR5,0.4878,Bangladesh
1970,Nitrous oxide (N2O) emissions from Waste (Mt CO2e),EN.GHG.N2O.WA.MT.CE.AR5,0.5093,Bangladesh
2024,Nitrous oxide (N2O) emissions (total) excluding LULUCF (% change from 1990),EN.GHG.N2O.ZG.AR5,97.4295043,Bangladesh
2023,Nitrous oxide (N2O) emissions (total) excluding LULUCF (% change from 1990),EN.GHG.N2O.ZG.AR5,95.51965399,Bangladesh
2022,Nitrous oxide (N2O) emissions (total) excluding LULUCF (% change from 1990),EN.GHG.N2O.ZG.AR5,108.7045753,Bangladesh
2021,Nitrous oxide (N2O) emissions (total) excluding LULUCF (% change from 1990),EN.GHG.N2O.ZG.AR5,111.7601662,Bangladesh
2020,Nitrous oxide (N2O) emissions (total) excluding LULUCF (% change from 1990),EN.GHG.N2O.ZG.AR5,100.5631175,Bangladesh
2019,Nitrous oxide (N2O) emissions (total) excluding LULUCF (% change from 1990),EN.GHG.N2O.ZG.AR5,97.68986134,Bangladesh
2018,Nitrous oxide (N2O) emissions (total) excluding LULUCF (% change from 1990),EN.GHG.N2O.ZG.AR5,96.0581775,Bangladesh
2017,Nitrous oxide (N2O) emissions (total) excluding LULUCF (% change from 1990),EN.GHG.N2O.ZG.AR5,91.28779205,Bangladesh
2016,Nitrous oxide (N2O) emissions (total) excluding LULUCF (% change from 1990),EN.GHG.N2O.ZG.AR5,86.86426663,Bangladesh
2015,Nitrous oxide (N2O) emissions (total) excluding LULUCF (% change from 1990),EN.GHG.N2O.ZG.AR5,87.7784845,Bangladesh
2014,Nitrous oxide (N2O) emissions (total) excluding LULUCF (% change from 1990),EN.GHG.N2O.ZG.AR5,89.70953653,Bangladesh
2013,Nitrous oxide (N2O) emissions (total) excluding LULUCF (% change from 1990),EN.GHG.N2O.ZG.AR5,79.16974092,Bangladesh
2012,Nitrous oxide (N2O) emissions (total) excluding LULUCF (% change from 1990),EN.GHG.N2O.ZG.AR5,77.11147861,Bangladesh
2011,Nitrous oxide (N2O) emissions (total) excluding LULUCF (% change from 1990),EN.GHG.N2O.ZG.AR5,75.6485604,Bangladesh
2010,Nitrous oxide (N2O) emissions (total) excluding LULUCF (% change from 1990),EN.GHG.N2O.ZG.AR5,77.78569308,Bangladesh
2009,Nitrous oxide (N2O) emissions (total) excluding LULUCF (% change from 1990),EN.GHG.N2O.ZG.AR5,69.83759488,Bangladesh
2008,Nitrous oxide (N2O) emissions (total) excluding LULUCF (% change from 1990),EN.GHG.N2O.ZG.AR5,68.49171013,Bangladesh
2007,Nitrous oxide (N2O) emissions (total) excluding LULUCF (% change from 1990),EN.GHG.N2O.ZG.AR5,69.82317771,Bangladesh
2006,Nitrous oxide (N2O) emissions (total) excluding LULUCF (% change from 1990),EN.GHG.N2O.ZG.AR5,61.97684773,Bangladesh
2005,Nitrous oxide (N2O) emissions (total) excluding LULUCF (% change from 1990),EN.GHG.N2O.ZG.AR5,58.80761566,Bangladesh
2004,Nitrous oxide (N2O) emissions (total) excluding LULUCF (% change from 1990),EN.GHG.N2O.ZG.AR5,56.59076453,Bangladesh
2003,Nitrous oxide (N2O) emissions (total) excluding LULUCF (% change from 1990),EN.GHG.N2O.ZG.AR5,51.21061782,Bangladesh
2002,Nitrous oxide (N2O) emissions (total) excluding LULUCF (% change from 1990),EN.GHG.N2O.ZG.AR5,47.49438155,Bangladesh
2001,Nitrous oxide (N2O) emissions (total) excluding LULUCF (% change from 1990),EN.GHG.N2O.ZG.AR5,45.60742908,Bangladesh
2000,Nitrous oxide (N2O) emissions (total) excluding LULUCF (% change from 1990),EN.GHG.N2O.ZG.AR5,40.96764619,Bangladesh
1999,Nitrous oxide (N2O) emissions (total) excluding LULUCF (% change from 1990),EN.GHG.N2O.ZG.AR5,40.10600857,Bangladesh
1998,Nitrous oxide (N2O) emissions (total) excluding LULUCF (% change from 1990),EN.GHG.N2O.ZG.AR5,30.63817156,Bangladesh
1997,Nitrous oxide (N2O) emissions (total) excluding LULUCF (% change from 1990),EN.GHG.N2O.ZG.AR5,28.83517788,Bangladesh
1996,Nitrous oxide (N2O) emissions (total) excluding LULUCF (% change from 1990),EN.GHG.N2O.ZG.AR5,31.69401688,Bangladesh
1995,Nitrous oxide (N2O) emissions (total) excluding LULUCF (% change from 1990),EN.GHG.N2O.ZG.AR5,26.22058262,Bangladesh
1994,Nitrous oxide (N2O) emissions (total) excluding LULUCF (% change from 1990),EN.GHG.N2O.ZG.AR5,16.13789594,Bangladesh
1993,Nitrous oxide (N2O) emissions (total) excluding LULUCF (% change from 1990),EN.GHG.N2O.ZG.AR5,10.14968409,Bangladesh
1992,Nitrous oxide (N2O) emissions (total) excluding LULUCF (% change from 1990),EN.GHG.N2O.ZG.AR5,7.776788364,Bangladesh
1991,Nitrous oxide (N2O) emissions (total) excluding LULUCF (% change from 1990),EN.GHG.N2O.ZG.AR5,5.523470296,Bangladesh
2024,Total greenhouse gas emissions excluding LULUCF (% change from 1990),EN.GHG.TOT.ZG.AR5,194.9291147,Bangladesh
2023,Total greenhouse gas emissions excluding LULUCF (% change from 1990),EN.GHG.TOT.ZG.AR5,188.2606228,Bangladesh
2022,Total greenhouse gas emissions excluding LULUCF (% change from 1990),EN.GHG.TOT.ZG.AR5,197.8041923,Bangladesh
2021,Total greenhouse gas emissions excluding LULUCF (% change from 1990),EN.GHG.TOT.ZG.AR5,192.9769147,Bangladesh
2020,Total greenhouse gas emissions excluding LULUCF (% change from 1990),EN.GHG.TOT.ZG.AR5,170.7769668,Bangladesh
2019,Total greenhouse gas emissions excluding LULUCF (% change from 1990),EN.GHG.TOT.ZG.AR5,174.7856747,Bangladesh
2018,Total greenhouse gas emissions excluding LULUCF (% change from 1990),EN.GHG.TOT.ZG.AR5,167.8335081,Bangladesh
2017,Total greenhouse gas emissions excluding LULUCF (% change from 1990),EN.GHG.TOT.ZG.AR5,161.0376029,Bangladesh
2016,Total greenhouse gas emissions excluding LULUCF (% change from 1990),EN.GHG.TOT.ZG.AR5,148.6958844,Bangladesh
2015,Total greenhouse gas emissions excluding LULUCF (% change from 1990),EN.GHG.TOT.ZG.AR5,137.0130018,Bangladesh
2014,Total greenhouse gas emissions excluding LULUCF (% change from 1990),EN.GHG.TOT.ZG.AR5,124.7921522,Bangladesh
2013,Total greenhouse gas emissions excluding LULUCF (% change from 1990),EN.GHG.TOT.ZG.AR5,116.0927953,Bangladesh
2012,Total greenhouse gas emissions excluding LULUCF (% change from 1990),EN.GHG.TOT.ZG.AR5,111.9616158,Bangladesh
2011,Total greenhouse gas emissions excluding LULUCF (% change from 1990),EN.GHG.TOT.ZG.AR5,104.7567596,Bangladesh
2010,Total greenhouse gas emissions excluding LULUCF (% change from 1990),EN.GHG.TOT.ZG.AR5,98.10563009,Bangladesh
2009,Total greenhouse gas emissions excluding LULUCF (% change from 1990),EN.GHG.TOT.ZG.AR5,87.93220656,Bangladesh
2008,Total greenhouse gas emissions excluding LULUCF (% change from 1990),EN.GHG.TOT.ZG.AR5,81.33129437,Bangladesh
2007,Total greenhouse gas emissions excluding LULUCF (% change from 1990),EN.GHG.TOT.ZG.AR5,71.92849368,Bangladesh
2006,Total greenhouse gas emissions excluding LULUCF (% change from 1990),EN.GHG.TOT.ZG.AR5,65.87609934,Bangladesh
2005,Total greenhouse gas emissions excluding LULUCF (% change from 1990),EN.GHG.TOT.ZG.AR5,59.83158485,Bangladesh
2004,Total greenhouse gas emissions excluding LULUCF (% change from 1990),EN.GHG.TOT.ZG.AR5,54.37391902,Bangladesh
2003,Total greenhouse gas emissions excluding LULUCF (% change from 1990),EN.GHG.TOT.ZG.AR5,50.91065717,Bangladesh
2002,Total greenhouse gas emissions excluding LULUCF (% change from 1990),EN.GHG.TOT.ZG.AR5,46.94495456,Bangladesh
2001,Total greenhouse gas emissions excluding LULUCF (% change from 1990),EN.GHG.TOT.ZG.AR5,42.8420891,Bangladesh
2000,Total greenhouse gas emissions excluding LULUCF (% change from 1990),EN.GHG.TOT.ZG.AR5,34.02773975,Bangladesh
1999,Total greenhouse gas emissions excluding LULUCF (% change from 1990),EN.GHG.TOT.ZG.AR5,31.29116054,Bangladesh
1998,Total greenhouse gas emissions excluding LULUCF (% change from 1990),EN.GHG.TOT.ZG.AR5,25.03095179,Bangladesh
1997,Total greenhouse gas emissions excluding LULUCF (% change from 1990),EN.GHG.TOT.ZG.AR5,23.56222746,Bangladesh
1996,Total greenhouse gas emissions excluding LULUCF (% change from 1990),EN.GHG.TOT.ZG.AR5,20.16347355,Bangladesh
1995,Total greenhouse gas emissions excluding LULUCF (% change from 1990),EN.GHG.TOT.ZG.AR5,18.14462868,Bangladesh
1994,Total greenhouse gas emissions excluding LULUCF (% change from 1990),EN.GHG.TOT.ZG.AR5,9.970016494,Bangladesh
1993,Total greenhouse gas emissions excluding LULUCF (% change from 1990),EN.GHG.TOT.ZG.AR5,6.063880226,Bangladesh
1992,Total greenhouse gas emissions excluding LULUCF (% change from 1990),EN.GHG.TOT.ZG.AR5,3.705667484,Bangladesh
1991,Total greenhouse gas emissions excluding LULUCF (% change from 1990),EN.GHG.TOT.ZG.AR5,0.149182966,Bangladesh
2022,"Plant species (higher), threatened",EN.HPT.THRD.NO,35,Bangladesh
2018,"Plant species (higher), threatened",EN.HPT.THRD.NO,23,Bangladesh
2022,"Mammal species, threatened",EN.MAM.THRD.NO,39,Bangladesh
2018,"Mammal species, threatened",EN.MAM.THRD.NO,37,Bangladesh
2015,Rural population living in areas where elevation is below 5 meters (% of total population),EN.POP.EL5M.RU.ZS,2.317001578,Bangladesh
2000,Rural population living in areas where elevation is below 5 meters (% of total population),EN.POP.EL5M.RU.ZS,2.901316925,Bangladesh
1990,Rural population living in areas where elevation is below 5 meters (% of total population),EN.POP.EL5M.RU.ZS,3.508831564,Bangladesh
2015,Urban population living in areas where elevation is below 5 meters (% of total population),EN.POP.EL5M.UR.ZS,6.064835929,Bangladesh
2000,Urban population living in areas where elevation is below 5 meters (% of total population),EN.POP.EL5M.UR.ZS,6.517182758,Bangladesh
1990,Urban population living in areas where elevation is below 5 meters (% of total population),EN.POP.EL5M.UR.ZS,6.765402898,Bangladesh
2015,Population living in areas where elevation is below 5 meters (% of total population),EN.POP.EL5M.ZS,8.381837507,Bangladesh
2000,Population living in areas where elevation is below 5 meters (% of total population),EN.POP.EL5M.ZS,9.418499683,Bangladesh
1990,Population living in areas where elevation is below 5 meters (% of total population),EN.POP.EL5M.ZS,10.27423446,Bangladesh
2022,Population living in slums (% of urban population),EN.POP.SLUM.UR.ZS,51.50833,Bangladesh
2020,Population living in slums (% of urban population),EN.POP.SLUM.UR.ZS,51.86921,Bangladesh
2018,Population living in slums (% of urban population),EN.POP.SLUM.UR.ZS,52.51337,Bangladesh
2016,Population living in slums (% of urban population),EN.POP.SLUM.UR.ZS,53.15752,Bangladesh
2014,Population living in slums (% of urban population),EN.POP.SLUM.UR.ZS,53.80168,Bangladesh
2012,Population living in slums (% of urban population),EN.POP.SLUM.UR.ZS,54.44584,Bangladesh
2010,Population living in slums (% of urban population),EN.POP.SLUM.UR.ZS,55.08999,Bangladesh
2008,Population living in slums (% of urban population),EN.POP.SLUM.UR.ZS,55.73415,Bangladesh
2006,Population living in slums (% of urban population),EN.POP.SLUM.UR.ZS,56.3783,Bangladesh
2004,Population living in slums (% of urban population),EN.POP.SLUM.UR.ZS,57.02246,Bangladesh
2002,Population living in slums (% of urban population),EN.POP.SLUM.UR.ZS,57.66662,Bangladesh
2000,Population living in slums (% of urban population),EN.POP.SLUM.UR.ZS,58.31077,Bangladesh
2023,Aquaculture production (metric tons),ER.FSH.AQUA.MT,2852572,Bangladesh
2022,Aquaculture production (metric tons),ER.FSH.AQUA.MT,2731563,Bangladesh
2021,Aquaculture production (metric tons),ER.FSH.AQUA.MT,2639185,Bangladesh
2020,Aquaculture production (metric tons),ER.FSH.AQUA.MT,2584256,Bangladesh
2019,Aquaculture production (metric tons),ER.FSH.AQUA.MT,2488800,Bangladesh
2018,Aquaculture production (metric tons),ER.FSH.AQUA.MT,2405516,Bangladesh
2017,Aquaculture production (metric tons),ER.FSH.AQUA.MT,2333402,Bangladesh
2016,Aquaculture production (metric tons),ER.FSH.AQUA.MT,2203554,Bangladesh
2015,Aquaculture production (metric tons),ER.FSH.AQUA.MT,2060408,Bangladesh
2014,Aquaculture production (metric tons),ER.FSH.AQUA.MT,1956925,Bangladesh
2013,Aquaculture production (metric tons),ER.FSH.AQUA.MT,1859808,Bangladesh
2012,Aquaculture production (metric tons),ER.FSH.AQUA.MT,1726066,Bangladesh
2011,Aquaculture production (metric tons),ER.FSH.AQUA.MT,1523759,Bangladesh
2010,Aquaculture production (metric tons),ER.FSH.AQUA.MT,1308515,Bangladesh
2009,Aquaculture production (metric tons),ER.FSH.AQUA.MT,1064285,Bangladesh
2008,Aquaculture production (metric tons),ER.FSH.AQUA.MT,1005542,Bangladesh
2007,Aquaculture production (metric tons),ER.FSH.AQUA.MT,945812,Bangladesh
2006,Aquaculture production (metric tons),ER.FSH.AQUA.MT,892049,Bangladesh
2005,Aquaculture production (metric tons),ER.FSH.AQUA.MT,882091,Bangladesh
2004,Aquaculture production (metric tons),ER.FSH.AQUA.MT,914752,Bangladesh
2003,Aquaculture production (metric tons),ER.FSH.AQUA.MT,856956,Bangladesh
2002,Aquaculture production (metric tons),ER.FSH.AQUA.MT,786604,Bangladesh
2001,Aquaculture production (metric tons),ER.FSH.AQUA.MT,712640,Bangladesh
2000,Aquaculture production (metric tons),ER.FSH.AQUA.MT,657120,Bangladesh
1999,Aquaculture production (metric tons),ER.FSH.AQUA.MT,593202,Bangladesh
1998,Aquaculture production (metric tons),ER.FSH.AQUA.MT,574812,Bangladesh
1997,Aquaculture production (metric tons),ER.FSH.AQUA.MT,485864,Bangladesh
1996,Aquaculture production (metric tons),ER.FSH.AQUA.MT,379087,Bangladesh
1995,Aquaculture production (metric tons),ER.FSH.AQUA.MT,317073,Bangladesh
1994,Aquaculture production (metric tons),ER.FSH.AQUA.MT,264190,Bangladesh
1993,Aquaculture production (metric tons),ER.FSH.AQUA.MT,237743,Bangladesh
1992,Aquaculture production (metric tons),ER.FSH.AQUA.MT,226863,Bangladesh
1991,Aquaculture production (metric tons),ER.FSH.AQUA.MT,210993,Bangladesh
1990,Aquaculture production (metric tons),ER.FSH.AQUA.MT,192592,Bangladesh
1989,Aquaculture production (metric tons),ER.FSH.AQUA.MT,183505,Bangladesh
1988,Aquaculture production (metric tons),ER.FSH.AQUA.MT,175925,Bangladesh
1987,Aquaculture production (metric tons),ER.FSH.AQUA.MT,166100,Bangladesh
1986,Aquaculture production (metric tons),ER.FSH.AQUA.MT,144723,Bangladesh
1985,Aquaculture production (metric tons),ER.FSH.AQUA.MT,123811,Bangladesh
1984,Aquaculture production (metric tons),ER.FSH.AQUA.MT,117025,Bangladesh
1983,Aquaculture production (metric tons),ER.FSH.AQUA.MT,107000,Bangladesh
1982,Aquaculture production (metric tons),ER.FSH.AQUA.MT,101630,Bangladesh
1981,Aquaculture production (metric tons),ER.FSH.AQUA.MT,96780,Bangladesh
1980,Aquaculture production (metric tons),ER.FSH.AQUA.MT,91030,Bangladesh
1979,Aquaculture production (metric tons),ER.FSH.AQUA.MT,87360,Bangladesh
1978,Aquaculture production (metric tons),ER.FSH.AQUA.MT,82760,Bangladesh
1977,Aquaculture production (metric tons),ER.FSH.AQUA.MT,77230,Bangladesh
1976,Aquaculture production (metric tons),ER.FSH.AQUA.MT,77063,Bangladesh
1975,Aquaculture production (metric tons),ER.FSH.AQUA.MT,73340,Bangladesh
1974,Aquaculture production (metric tons),ER.FSH.AQUA.MT,70970,Bangladesh
1973,Aquaculture production (metric tons),ER.FSH.AQUA.MT,70525,Bangladesh
1972,Aquaculture production (metric tons),ER.FSH.AQUA.MT,68508,Bangladesh
1971,Aquaculture production (metric tons),ER.FSH.AQUA.MT,68080,Bangladesh
1970,Aquaculture production (metric tons),ER.FSH.AQUA.MT,64716,Bangladesh
1969,Aquaculture production (metric tons),ER.FSH.AQUA.MT,62927,Bangladesh
1968,Aquaculture production (metric tons),ER.FSH.AQUA.MT,59460,Bangladesh
1967,Aquaculture production (metric tons),ER.FSH.AQUA.MT,59519,Bangladesh
1966,Aquaculture production (metric tons),ER.FSH.AQUA.MT,57897,Bangladesh
1965,Aquaculture production (metric tons),ER.FSH.AQUA.MT,58030,Bangladesh
1964,Aquaculture production (metric tons),ER.FSH.AQUA.MT,54824,Bangladesh
1963,Aquaculture production (metric tons),ER.FSH.AQUA.MT,53362,Bangladesh
1962,Aquaculture production (metric tons),ER.FSH.AQUA.MT,51944,Bangladesh
1961,Aquaculture production (metric tons),ER.FSH.AQUA.MT,50569,Bangladesh
1960,Aquaculture production (metric tons),ER.FSH.AQUA.MT,49237,Bangladesh
2023,Capture fisheries production (metric tons),ER.FSH.CAPT.MT,2062668,Bangladesh
2022,Capture fisheries production (metric tons),ER.FSH.CAPT.MT,2027660.999,Bangladesh
2021,Capture fisheries production (metric tons),ER.FSH.CAPT.MT,1982483,Bangladesh
2020,Capture fisheries production (metric tons),ER.FSH.CAPT.MT,1919505,Bangladesh
2019,Capture fisheries production (metric tons),ER.FSH.CAPT.MT,1896096,Bangladesh
2018,Capture fisheries production (metric tons),ER.FSH.CAPT.MT,1871225,Bangladesh
2017,Capture fisheries production (metric tons),ER.FSH.CAPT.MT,1801084,Bangladesh
2016,Capture fisheries production (metric tons),ER.FSH.CAPT.MT,1675370,Bangladesh
2015,Capture fisheries production (metric tons),ER.FSH.CAPT.MT,1624237,Bangladesh
2014,Capture fisheries production (metric tons),ER.FSH.CAPT.MT,1592604,Bangladesh
2013,Capture fisheries production (metric tons),ER.FSH.CAPT.MT,1550446,Bangladesh
2012,Capture fisheries production (metric tons),ER.FSH.CAPT.MT,1535715,Bangladesh
2011,Capture fisheries production (metric tons),ER.FSH.CAPT.MT,1600918,Bangladesh
2010,Capture fisheries production (metric tons),ER.FSH.CAPT.MT,1726586,Bangladesh
2009,Capture fisheries production (metric tons),ER.FSH.CAPT.MT,1821579,Bangladesh
2008,Capture fisheries production (metric tons),ER.FSH.CAPT.MT,1557754,Bangladesh
2007,Capture fisheries production (metric tons),ER.FSH.CAPT.MT,1494199,Bangladesh
2006,Capture fisheries production (metric tons),ER.FSH.CAPT.MT,1436496,Bangladesh
2005,Capture fisheries production (metric tons),ER.FSH.CAPT.MT,1333866,Bangladesh
2004,Capture fisheries production (metric tons),ER.FSH.CAPT.MT,1187274,Bangladesh
2003,Capture fisheries production (metric tons),ER.FSH.CAPT.MT,1141241,Bangladesh
2002,Capture fisheries production (metric tons),ER.FSH.CAPT.MT,1103855,Bangladesh
2001,Capture fisheries production (metric tons),ER.FSH.CAPT.MT,1068417,Bangladesh
2000,Capture fisheries production (metric tons),ER.FSH.CAPT.MT,1004264,Bangladesh
1999,Capture fisheries production (metric tons),ER.FSH.CAPT.MT,959215,Bangladesh
1998,Capture fisheries production (metric tons),ER.FSH.CAPT.MT,839141,Bangladesh
1997,Capture fisheries production (metric tons),ER.FSH.CAPT.MT,829426,Bangladesh
1996,Capture fisheries production (metric tons),ER.FSH.CAPT.MT,814787,Bangladesh
1995,Capture fisheries production (metric tons),ER.FSH.CAPT.MT,792389,Bangladesh
1994,Capture fisheries production (metric tons),ER.FSH.CAPT.MT,770790,Bangladesh
1993,Capture fisheries production (metric tons),ER.FSH.CAPT.MT,764824,Bangladesh
1992,Capture fisheries production (metric tons),ER.FSH.CAPT.MT,709332,Bangladesh
1991,Capture fisheries production (metric tons),ER.FSH.CAPT.MT,689727,Bangladesh
1990,Capture fisheries production (metric tons),ER.FSH.CAPT.MT,653552,Bangladesh
1989,Capture fisheries production (metric tons),ER.FSH.CAPT.MT,656439,Bangladesh
1988,Capture fisheries production (metric tons),ER.FSH.CAPT.MT,654668,Bangladesh
1987,Capture fisheries production (metric tons),ER.FSH.CAPT.MT,639185,Bangladesh
1986,Capture fisheries production (metric tons),ER.FSH.CAPT.MT,648468,Bangladesh
1985,Capture fisheries production (metric tons),ER.FSH.CAPT.MT,642270,Bangladesh
1984,Capture fisheries production (metric tons),ER.FSH.CAPT.MT,633171,Bangladesh
1983,Capture fisheries production (metric tons),ER.FSH.CAPT.MT,619587,Bangladesh
1982,Capture fisheries production (metric tons),ER.FSH.CAPT.MT,587868,Bangladesh
1981,Capture fisheries production (metric tons),ER.FSH.CAPT.MT,554476,Bangladesh
1980,Capture fisheries production (metric tons),ER.FSH.CAPT.MT,555940,Bangladesh
1979,Capture fisheries production (metric tons),ER.FSH.CAPT.MT,559768,Bangladesh
1978,Capture fisheries production (metric tons),ER.FSH.CAPT.MT,564135,Bangladesh
1977,Capture fisheries production (metric tons),ER.FSH.CAPT.MT,566539,Bangladesh
1976,Capture fisheries production (metric tons),ER.FSH.CAPT.MT,564542,Bangladesh
1975,Capture fisheries production (metric tons),ER.FSH.CAPT.MT,566730,Bangladesh
1974,Capture fisheries production (metric tons),ER.FSH.CAPT.MT,751112,Bangladesh
1973,Capture fisheries production (metric tons),ER.FSH.CAPT.MT,749675,Bangladesh
1972,Capture fisheries production (metric tons),ER.FSH.CAPT.MT,749592,Bangladesh
1971,Capture fisheries production (metric tons),ER.FSH.CAPT.MT,672020,Bangladesh
1970,Capture fisheries production (metric tons),ER.FSH.CAPT.MT,625384,Bangladesh
1969,Capture fisheries production (metric tons),ER.FSH.CAPT.MT,588723,Bangladesh
1968,Capture fisheries production (metric tons),ER.FSH.CAPT.MT,592000,Bangladesh
1967,Capture fisheries production (metric tons),ER.FSH.CAPT.MT,541781,Bangladesh
1966,Capture fisheries production (metric tons),ER.FSH.CAPT.MT,543253,Bangladesh
1965,Capture fisheries production (metric tons),ER.FSH.CAPT.MT,543000,Bangladesh
1964,Capture fisheries production (metric tons),ER.FSH.CAPT.MT,496086,Bangladesh
1963,Capture fisheries production (metric tons),ER.FSH.CAPT.MT,447448,Bangladesh
1962,Capture fisheries production (metric tons),ER.FSH.CAPT.MT,448776,Bangladesh
1961,Capture fisheries production (metric tons),ER.FSH.CAPT.MT,400071,Bangladesh
1960,Capture fisheries production (metric tons),ER.FSH.CAPT.MT,351333,Bangladesh
2023,Total fisheries production (metric tons),ER.FSH.PROD.MT,4915240,Bangladesh
2022,Total fisheries production (metric tons),ER.FSH.PROD.MT,4759223.999,Bangladesh
2021,Total fisheries production (metric tons),ER.FSH.PROD.MT,4621668,Bangladesh
2020,Total fisheries production (metric tons),ER.FSH.PROD.MT,4503761,Bangladesh
2019,Total fisheries production (metric tons),ER.FSH.PROD.MT,4384896,Bangladesh
2018,Total fisheries production (metric tons),ER.FSH.PROD.MT,4276741,Bangladesh
2017,Total fisheries production (metric tons),ER.FSH.PROD.MT,4134486,Bangladesh
2016,Total fisheries production (metric tons),ER.FSH.PROD.MT,3878924,Bangladesh
2015,Total fisheries production (metric tons),ER.FSH.PROD.MT,3684645,Bangladesh
2014,Total fisheries production (metric tons),ER.FSH.PROD.MT,3549529,Bangladesh
2013,Total fisheries production (metric tons),ER.FSH.PROD.MT,3410254,Bangladesh
2012,Total fisheries production (metric tons),ER.FSH.PROD.MT,3261781,Bangladesh
2011,Total fisheries production (metric tons),ER.FSH.PROD.MT,3124677,Bangladesh
2010,Total fisheries production (metric tons),ER.FSH.PROD.MT,3035101,Bangladesh
2009,Total fisheries production (metric tons),ER.FSH.PROD.MT,2885864,Bangladesh
2008,Total fisheries production (metric tons),ER.FSH.PROD.MT,2563296,Bangladesh
2007,Total fisheries production (metric tons),ER.FSH.PROD.MT,2440011,Bangladesh
2006,Total fisheries production (metric tons),ER.FSH.PROD.MT,2328545,Bangladesh
2005,Total fisheries production (metric tons),ER.FSH.PROD.MT,2215957,Bangladesh
2004,Total fisheries production (metric tons),ER.FSH.PROD.MT,2102026,Bangladesh
2003,Total fisheries production (metric tons),ER.FSH.PROD.MT,1998197,Bangladesh
2002,Total fisheries production (metric tons),ER.FSH.PROD.MT,1890459,Bangladesh
2001,Total fisheries production (metric tons),ER.FSH.PROD.MT,1781057,Bangladesh
2000,Total fisheries production (metric tons),ER.FSH.PROD.MT,1661384,Bangladesh
1999,Total fisheries production (metric tons),ER.FSH.PROD.MT,1552417,Bangladesh
1998,Total fisheries production (metric tons),ER.FSH.PROD.MT,1413953,Bangladesh
1997,Total fisheries production (metric tons),ER.FSH.PROD.MT,1315290,Bangladesh
1996,Total fisheries production (metric tons),ER.FSH.PROD.MT,1193874,Bangladesh
1995,Total fisheries production (metric tons),ER.FSH.PROD.MT,1109462,Bangladesh
1994,Total fisheries production (metric tons),ER.FSH.PROD.MT,1034980,Bangladesh
1993,Total fisheries production (metric tons),ER.FSH.PROD.MT,1002567,Bangladesh
1992,Total fisheries production (metric tons),ER.FSH.PROD.MT,936195,Bangladesh
1991,Total fisheries production (metric tons),ER.FSH.PROD.MT,900720,Bangladesh
1990,Total fisheries production (metric tons),ER.FSH.PROD.MT,846144,Bangladesh
1989,Total fisheries production (metric tons),ER.FSH.PROD.MT,839944,Bangladesh
1988,Total fisheries production (metric tons),ER.FSH.PROD.MT,830593,Bangladesh
1987,Total fisheries production (metric tons),ER.FSH.PROD.MT,805285,Bangladesh
1986,Total fisheries production (metric tons),ER.FSH.PROD.MT,793191,Bangladesh
1985,Total fisheries production (metric tons),ER.FSH.PROD.MT,766081,Bangladesh
1984,Total fisheries production (metric tons),ER.FSH.PROD.MT,750196,Bangladesh
1983,Total fisheries production (metric tons),ER.FSH.PROD.MT,726587,Bangladesh
1982,Total fisheries production (metric tons),ER.FSH.PROD.MT,689498,Bangladesh
1981,Total fisheries production (metric tons),ER.FSH.PROD.MT,651256,Bangladesh
1980,Total fisheries production (metric tons),ER.FSH.PROD.MT,646970,Bangladesh
1979,Total fisheries production (metric tons),ER.FSH.PROD.MT,647128,Bangladesh
1978,Total fisheries production (metric tons),ER.FSH.PROD.MT,646895,Bangladesh
1977,Total fisheries production (metric tons),ER.FSH.PROD.MT,643769,Bangladesh
1976,Total fisheries production (metric tons),ER.FSH.PROD.MT,641605,Bangladesh
1975,Total fisheries production (metric tons),ER.FSH.PROD.MT,640070,Bangladesh
1974,Total fisheries production (metric tons),ER.FSH.PROD.MT,822082,Bangladesh
1973,Total fisheries production (metric tons),ER.FSH.PROD.MT,820200,Bangladesh
1972,Total fisheries production (metric tons),ER.FSH.PROD.MT,818100,Bangladesh
1971,Total fisheries production (metric tons),ER.FSH.PROD.MT,740100,Bangladesh
1970,Total fisheries production (metric tons),ER.FSH.PROD.MT,690100,Bangladesh
1969,Total fisheries production (metric tons),ER.FSH.PROD.MT,651650,Bangladesh
1968,Total fisheries production (metric tons),ER.FSH.PROD.MT,651460,Bangladesh
1967,Total fisheries production (metric tons),ER.FSH.PROD.MT,601300,Bangladesh
1966,Total fisheries production (metric tons),ER.FSH.PROD.MT,601150,Bangladesh
1965,Total fisheries production (metric tons),ER.FSH.PROD.MT,601030,Bangladesh
1964,Total fisheries production (metric tons),ER.FSH.PROD.MT,550910,Bangladesh
1963,Total fisheries production (metric tons),ER.FSH.PROD.MT,500810,Bangladesh
1962,Total fisheries production (metric tons),ER.FSH.PROD.MT,500720,Bangladesh
1961,Total fisheries production (metric tons),ER.FSH.PROD.MT,450640,Bangladesh
1960,Total fisheries production (metric tons),ER.FSH.PROD.MT,400570,Bangladesh
2022,"Water productivity, total (constant 2015 US$ GDP per cubic meter of total freshwater withdrawal)",ER.GDP.FWTL.M3.KD,8.520477506,Bangladesh
2021,"Water productivity, total (constant 2015 US$ GDP per cubic meter of total freshwater withdrawal)",ER.GDP.FWTL.M3.KD,7.955640643,Bangladesh
2020,"Water productivity, total (constant 2015 US$ GDP per cubic meter of total freshwater withdrawal)",ER.GDP.FWTL.M3.KD,7.439441657,Bangladesh
2019,"Water productivity, total (constant 2015 US$ GDP per cubic meter of total freshwater withdrawal)",ER.GDP.FWTL.M3.KD,7.191478226,Bangladesh
2018,"Water productivity, total (constant 2015 US$ GDP per cubic meter of total freshwater withdrawal)",ER.GDP.FWTL.M3.KD,6.666064665,Bangladesh
2017,"Water productivity, total (constant 2015 US$ GDP per cubic meter of total freshwater withdrawal)",ER.GDP.FWTL.M3.KD,6.21142485,Bangladesh
2016,"Water productivity, total (constant 2015 US$ GDP per cubic meter of total freshwater withdrawal)",ER.GDP.FWTL.M3.KD,5.827385573,Bangladesh
2015,"Water productivity, total (constant 2015 US$ GDP per cubic meter of total freshwater withdrawal)",ER.GDP.FWTL.M3.KD,5.440384973,Bangladesh
2014,"Water productivity, total (constant 2015 US$ GDP per cubic meter of total freshwater withdrawal)",ER.GDP.FWTL.M3.KD,5.105819038,Bangladesh
2013,"Water productivity, total (constant 2015 US$ GDP per cubic meter of total freshwater withdrawal)",ER.GDP.FWTL.M3.KD,4.814037376,Bangladesh
2012,"Water productivity, total (constant 2015 US$ GDP per cubic meter of total freshwater withdrawal)",ER.GDP.FWTL.M3.KD,4.540961838,Bangladesh
2011,"Water productivity, total (constant 2015 US$ GDP per cubic meter of total freshwater withdrawal)",ER.GDP.FWTL.M3.KD,4.262954985,Bangladesh
2010,"Water productivity, total (constant 2015 US$ GDP per cubic meter of total freshwater withdrawal)",ER.GDP.FWTL.M3.KD,4.004113883,Bangladesh
2009,"Water productivity, total (constant 2015 US$ GDP per cubic meter of total freshwater withdrawal)",ER.GDP.FWTL.M3.KD,3.792787782,Bangladesh
2008,"Water productivity, total (constant 2015 US$ GDP per cubic meter of total freshwater withdrawal)",ER.GDP.FWTL.M3.KD,3.610627137,Bangladesh
2022,"Annual freshwater withdrawals, agriculture (% of total freshwater withdrawal)",ER.H2O.FWAG.ZS,87.81711737,Bangladesh
2021,"Annual freshwater withdrawals, agriculture (% of total freshwater withdrawal)",ER.H2O.FWAG.ZS,87.81711737,Bangladesh
2020,"Annual freshwater withdrawals, agriculture (% of total freshwater withdrawal)",ER.H2O.FWAG.ZS,87.81711737,Bangladesh
2019,"Annual freshwater withdrawals, agriculture (% of total freshwater withdrawal)",ER.H2O.FWAG.ZS,87.81711737,Bangladesh
2018,"Annual freshwater withdrawals, agriculture (% of total freshwater withdrawal)",ER.H2O.FWAG.ZS,87.81711737,Bangladesh
2017,"Annual freshwater withdrawals, agriculture (% of total freshwater withdrawal)",ER.H2O.FWAG.ZS,87.81711737,Bangladesh
2016,"Annual freshwater withdrawals, agriculture (% of total freshwater withdrawal)",ER.H2O.FWAG.ZS,87.81711737,Bangladesh
2015,"Annual freshwater withdrawals, agriculture (% of total freshwater withdrawal)",ER.H2O.FWAG.ZS,87.81711737,Bangladesh
2014,"Annual freshwater withdrawals, agriculture (% of total freshwater withdrawal)",ER.H2O.FWAG.ZS,87.81711737,Bangladesh
2013,"Annual freshwater withdrawals, agriculture (% of total freshwater withdrawal)",ER.H2O.FWAG.ZS,87.81711737,Bangladesh
2012,"Annual freshwater withdrawals, agriculture (% of total freshwater withdrawal)",ER.H2O.FWAG.ZS,87.81711737,Bangladesh
2011,"Annual freshwater withdrawals, agriculture (% of total freshwater withdrawal)",ER.H2O.FWAG.ZS,87.81711737,Bangladesh
2010,"Annual freshwater withdrawals, agriculture (% of total freshwater withdrawal)",ER.H2O.FWAG.ZS,87.81711737,Bangladesh
2009,"Annual freshwater withdrawals, agriculture (% of total freshwater withdrawal)",ER.H2O.FWAG.ZS,87.81711737,Bangladesh
2008,"Annual freshwater withdrawals, agriculture (% of total freshwater withdrawal)",ER.H2O.FWAG.ZS,87.81711737,Bangladesh
2022,"Annual freshwater withdrawals, domestic (% of total freshwater withdrawal)",ER.H2O.FWDM.ZS,10.03624198,Bangladesh
2021,"Annual freshwater withdrawals, domestic (% of total freshwater withdrawal)",ER.H2O.FWDM.ZS,10.03624198,Bangladesh
2020,"Annual freshwater withdrawals, domestic (% of total freshwater withdrawal)",ER.H2O.FWDM.ZS,10.03624198,Bangladesh
2019,"Annual freshwater withdrawals, domestic (% of total freshwater withdrawal)",ER.H2O.FWDM.ZS,10.03624198,Bangladesh
2018,"Annual freshwater withdrawals, domestic (% of total freshwater withdrawal)",ER.H2O.FWDM.ZS,10.03624198,Bangladesh
2017,"Annual freshwater withdrawals, domestic (% of total freshwater withdrawal)",ER.H2O.FWDM.ZS,10.03624198,Bangladesh
2016,"Annual freshwater withdrawals, domestic (% of total freshwater withdrawal)",ER.H2O.FWDM.ZS,10.03624198,Bangladesh
2015,"Annual freshwater withdrawals, domestic (% of total freshwater withdrawal)",ER.H2O.FWDM.ZS,10.03624198,Bangladesh
2014,"Annual freshwater withdrawals, domestic (% of total freshwater withdrawal)",ER.H2O.FWDM.ZS,10.03624198,Bangladesh
2013,"Annual freshwater withdrawals, domestic (% of total freshwater withdrawal)",ER.H2O.FWDM.ZS,10.03624198,Bangladesh
2012,"Annual freshwater withdrawals, domestic (% of total freshwater withdrawal)",ER.H2O.FWDM.ZS,10.03624198,Bangladesh
2011,"Annual freshwater withdrawals, domestic (% of total freshwater withdrawal)",ER.H2O.FWDM.ZS,10.03624198,Bangladesh
2010,"Annual freshwater withdrawals, domestic (% of total freshwater withdrawal)",ER.H2O.FWDM.ZS,10.03624198,Bangladesh
2009,"Annual freshwater withdrawals, domestic (% of total freshwater withdrawal)",ER.H2O.FWDM.ZS,10.03624198,Bangladesh
2008,"Annual freshwater withdrawals, domestic (% of total freshwater withdrawal)",ER.H2O.FWDM.ZS,10.03624198,Bangladesh
2022,"Annual freshwater withdrawals, industry (% of total freshwater withdrawal)",ER.H2O.FWIN.ZS,2.146640647,Bangladesh
2021,"Annual freshwater withdrawals, industry (% of total freshwater withdrawal)",ER.H2O.FWIN.ZS,2.146640647,Bangladesh
2020,"Annual freshwater withdrawals, industry (% of total freshwater withdrawal)",ER.H2O.FWIN.ZS,2.146640647,Bangladesh
2019,"Annual freshwater withdrawals, industry (% of total freshwater withdrawal)",ER.H2O.FWIN.ZS,2.146640647,Bangladesh
2018,"Annual freshwater withdrawals, industry (% of total freshwater withdrawal)",ER.H2O.FWIN.ZS,2.146640647,Bangladesh
2017,"Annual freshwater withdrawals, industry (% of total freshwater withdrawal)",ER.H2O.FWIN.ZS,2.146640647,Bangladesh
2016,"Annual freshwater withdrawals, industry (% of total freshwater withdrawal)",ER.H2O.FWIN.ZS,2.146640647,Bangladesh
2015,"Annual freshwater withdrawals, industry (% of total freshwater withdrawal)",ER.H2O.FWIN.ZS,2.146640647,Bangladesh
2014,"Annual freshwater withdrawals, industry (% of total freshwater withdrawal)",ER.H2O.FWIN.ZS,2.146640647,Bangladesh
2013,"Annual freshwater withdrawals, industry (% of total freshwater withdrawal)",ER.H2O.FWIN.ZS,2.146640647,Bangladesh
2012,"Annual freshwater withdrawals, industry (% of total freshwater withdrawal)",ER.H2O.FWIN.ZS,2.146640647,Bangladesh
2011,"Annual freshwater withdrawals, industry (% of total freshwater withdrawal)",ER.H2O.FWIN.ZS,2.146640647,Bangladesh
2010,"Annual freshwater withdrawals, industry (% of total freshwater withdrawal)",ER.H2O.FWIN.ZS,2.146640647,Bangladesh
2009,"Annual freshwater withdrawals, industry (% of total freshwater withdrawal)",ER.H2O.FWIN.ZS,2.146640647,Bangladesh
2008,"Annual freshwater withdrawals, industry (% of total freshwater withdrawal)",ER.H2O.FWIN.ZS,2.146640647,Bangladesh
2022,Level of water stress: freshwater withdrawal as a proportion of available freshwater resources,ER.H2O.FWST.ZS,5.723339482,Bangladesh
2021,Level of water stress: freshwater withdrawal as a proportion of available freshwater resources,ER.H2O.FWST.ZS,5.723339482,Bangladesh
2020,Level of water stress: freshwater withdrawal as a proportion of available freshwater resources,ER.H2O.FWST.ZS,5.723339482,Bangladesh
2019,Level of water stress: freshwater withdrawal as a proportion of available freshwater resources,ER.H2O.FWST.ZS,5.723339482,Bangladesh
2018,Level of water stress: freshwater withdrawal as a proportion of available freshwater resources,ER.H2O.FWST.ZS,5.723339482,Bangladesh
2017,Level of water stress: freshwater withdrawal as a proportion of available freshwater resources,ER.H2O.FWST.ZS,5.723339482,Bangladesh
2016,Level of water stress: freshwater withdrawal as a proportion of available freshwater resources,ER.H2O.FWST.ZS,5.723339482,Bangladesh
2015,Level of water stress: freshwater withdrawal as a proportion of available freshwater resources,ER.H2O.FWST.ZS,5.723339482,Bangladesh
2014,Level of water stress: freshwater withdrawal as a proportion of available freshwater resources,ER.H2O.FWST.ZS,5.723339482,Bangladesh
2013,Level of water stress: freshwater withdrawal as a proportion of available freshwater resources,ER.H2O.FWST.ZS,5.723339482,Bangladesh
2012,Level of water stress: freshwater withdrawal as a proportion of available freshwater resources,ER.H2O.FWST.ZS,5.723339482,Bangladesh
2011,Level of water stress: freshwater withdrawal as a proportion of available freshwater resources,ER.H2O.FWST.ZS,5.723339482,Bangladesh
2010,Level of water stress: freshwater withdrawal as a proportion of available freshwater resources,ER.H2O.FWST.ZS,5.723339482,Bangladesh
2009,Level of water stress: freshwater withdrawal as a proportion of available freshwater resources,ER.H2O.FWST.ZS,5.723339482,Bangladesh
2008,Level of water stress: freshwater withdrawal as a proportion of available freshwater resources,ER.H2O.FWST.ZS,5.723339482,Bangladesh
2022,"Annual freshwater withdrawals, total (billion cubic meters)",ER.H2O.FWTL.K3,35.87,Bangladesh
2021,"Annual freshwater withdrawals, total (billion cubic meters)",ER.H2O.FWTL.K3,35.87,Bangladesh
2020,"Annual freshwater withdrawals, total (billion cubic meters)",ER.H2O.FWTL.K3,35.87,Bangladesh
2019,"Annual freshwater withdrawals, total (billion cubic meters)",ER.H2O.FWTL.K3,35.87,Bangladesh
2018,"Annual freshwater withdrawals, total (billion cubic meters)",ER.H2O.FWTL.K3,35.87,Bangladesh
2017,"Annual freshwater withdrawals, total (billion cubic meters)",ER.H2O.FWTL.K3,35.87,Bangladesh
2016,"Annual freshwater withdrawals, total (billion cubic meters)",ER.H2O.FWTL.K3,35.87,Bangladesh
2015,"Annual freshwater withdrawals, total (billion cubic meters)",ER.H2O.FWTL.K3,35.87,Bangladesh
2014,"Annual freshwater withdrawals, total (billion cubic meters)",ER.H2O.FWTL.K3,35.87,Bangladesh
2013,"Annual freshwater withdrawals, total (billion cubic meters)",ER.H2O.FWTL.K3,35.87,Bangladesh
2012,"Annual freshwater withdrawals, total (billion cubic meters)",ER.H2O.FWTL.K3,35.87,Bangladesh
2011,"Annual freshwater withdrawals, total (billion cubic meters)",ER.H2O.FWTL.K3,35.87,Bangladesh
2010,"Annual freshwater withdrawals, total (billion cubic meters)",ER.H2O.FWTL.K3,35.87,Bangladesh
2009,"Annual freshwater withdrawals, total (billion cubic meters)",ER.H2O.FWTL.K3,35.87,Bangladesh
2008,"Annual freshwater withdrawals, total (billion cubic meters)",ER.H2O.FWTL.K3,35.87,Bangladesh
2022,"Annual freshwater withdrawals, total (% of internal resources)",ER.H2O.FWTL.ZS,34.16190476,Bangladesh
2021,"Annual freshwater withdrawals, total (% of internal resources)",ER.H2O.FWTL.ZS,34.16190476,Bangladesh
2020,"Annual freshwater withdrawals, total (% of internal resources)",ER.H2O.FWTL.ZS,34.16190476,Bangladesh
2019,"Annual freshwater withdrawals, total (% of internal resources)",ER.H2O.FWTL.ZS,34.16190476,Bangladesh
2018,"Annual freshwater withdrawals, total (% of internal resources)",ER.H2O.FWTL.ZS,34.16190476,Bangladesh
2017,"Annual freshwater withdrawals, total (% of internal resources)",ER.H2O.FWTL.ZS,34.16190476,Bangladesh
2016,"Annual freshwater withdrawals, total (% of internal resources)",ER.H2O.FWTL.ZS,34.16190476,Bangladesh
2015,"Annual freshwater withdrawals, total (% of internal resources)",ER.H2O.FWTL.ZS,34.16190476,Bangladesh
2014,"Annual freshwater withdrawals, total (% of internal resources)",ER.H2O.FWTL.ZS,34.16190476,Bangladesh
2013,"Annual freshwater withdrawals, total (% of internal resources)",ER.H2O.FWTL.ZS,34.16190476,Bangladesh
2012,"Annual freshwater withdrawals, total (% of internal resources)",ER.H2O.FWTL.ZS,34.16190476,Bangladesh
2011,"Annual freshwater withdrawals, total (% of internal resources)",ER.H2O.FWTL.ZS,34.16190476,Bangladesh
2010,"Annual freshwater withdrawals, total (% of internal resources)",ER.H2O.FWTL.ZS,34.16190476,Bangladesh
2009,"Annual freshwater withdrawals, total (% of internal resources)",ER.H2O.FWTL.ZS,34.16190476,Bangladesh
2008,"Annual freshwater withdrawals, total (% of internal resources)",ER.H2O.FWTL.ZS,34.16190476,Bangladesh
2022,"Renewable internal freshwater resources, total (billion cubic meters)",ER.H2O.INTR.K3,105,Bangladesh
2021,"Renewable internal freshwater resources, total (billion cubic meters)",ER.H2O.INTR.K3,105,Bangladesh
2020,"Renewable internal freshwater resources, total (billion cubic meters)",ER.H2O.INTR.K3,105,Bangladesh
2019,"Renewable internal freshwater resources, total (billion cubic meters)",ER.H2O.INTR.K3,105,Bangladesh
2018,"Renewable internal freshwater resources, total (billion cubic meters)",ER.H2O.INTR.K3,105,Bangladesh
2017,"Renewable internal freshwater resources, total (billion cubic meters)",ER.H2O.INTR.K3,105,Bangladesh
2016,"Renewable internal freshwater resources, total (billion cubic meters)",ER.H2O.INTR.K3,105,Bangladesh
2015,"Renewable internal freshwater resources, total (billion cubic meters)",ER.H2O.INTR.K3,105,Bangladesh
2014,"Renewable internal freshwater resources, total (billion cubic meters)",ER.H2O.INTR.K3,105,Bangladesh
2013,"Renewable internal freshwater resources, total (billion cubic meters)",ER.H2O.INTR.K3,105,Bangladesh
2012,"Renewable internal freshwater resources, total (billion cubic meters)",ER.H2O.INTR.K3,105,Bangladesh
2011,"Renewable internal freshwater resources, total (billion cubic meters)",ER.H2O.INTR.K3,105,Bangladesh
2010,"Renewable internal freshwater resources, total (billion cubic meters)",ER.H2O.INTR.K3,105,Bangladesh
2009,"Renewable internal freshwater resources, total (billion cubic meters)",ER.H2O.INTR.K3,105,Bangladesh
2008,"Renewable internal freshwater resources, total (billion cubic meters)",ER.H2O.INTR.K3,105,Bangladesh
2007,"Renewable internal freshwater resources, total (billion cubic meters)",ER.H2O.INTR.K3,105,Bangladesh
2006,"Renewable internal freshwater resources, total (billion cubic meters)",ER.H2O.INTR.K3,105,Bangladesh
2005,"Renewable internal freshwater resources, total (billion cubic meters)",ER.H2O.INTR.K3,105,Bangladesh
2004,"Renewable internal freshwater resources, total (billion cubic meters)",ER.H2O.INTR.K3,105,Bangladesh
2003,"Renewable internal freshwater resources, total (billion cubic meters)",ER.H2O.INTR.K3,105,Bangladesh
2002,"Renewable internal freshwater resources, total (billion cubic meters)",ER.H2O.INTR.K3,105,Bangladesh
2001,"Renewable internal freshwater resources, total (billion cubic meters)",ER.H2O.INTR.K3,105,Bangladesh
2000,"Renewable internal freshwater resources, total (billion cubic meters)",ER.H2O.INTR.K3,105,Bangladesh
1999,"Renewable internal freshwater resources, total (billion cubic meters)",ER.H2O.INTR.K3,105,Bangladesh
1998,"Renewable internal freshwater resources, total (billion cubic meters)",ER.H2O.INTR.K3,105,Bangladesh
1997,"Renewable internal freshwater resources, total (billion cubic meters)",ER.H2O.INTR.K3,105,Bangladesh
1996,"Renewable internal freshwater resources, total (billion cubic meters)",ER.H2O.INTR.K3,105,Bangladesh
1995,"Renewable internal freshwater resources, total (billion cubic meters)",ER.H2O.INTR.K3,105,Bangladesh
1994,"Renewable internal freshwater resources, total (billion cubic meters)",ER.H2O.INTR.K3,105,Bangladesh
1993,"Renewable internal freshwater resources, total (billion cubic meters)",ER.H2O.INTR.K3,105,Bangladesh
1992,"Renewable internal freshwater resources, total (billion cubic meters)",ER.H2O.INTR.K3,105,Bangladesh
1991,"Renewable internal freshwater resources, total (billion cubic meters)",ER.H2O.INTR.K3,105,Bangladesh
1990,"Renewable internal freshwater resources, total (billion cubic meters)",ER.H2O.INTR.K3,105,Bangladesh
1989,"Renewable internal freshwater resources, total (billion cubic meters)",ER.H2O.INTR.K3,105,Bangladesh
1988,"Renewable internal freshwater resources, total (billion cubic meters)",ER.H2O.INTR.K3,105,Bangladesh
1987,"Renewable internal freshwater resources, total (billion cubic meters)",ER.H2O.INTR.K3,105,Bangladesh
1986,"Renewable internal freshwater resources, total (billion cubic meters)",ER.H2O.INTR.K3,105,Bangladesh
1985,"Renewable internal freshwater resources, total (billion cubic meters)",ER.H2O.INTR.K3,105,Bangladesh
1984,"Renewable internal freshwater resources, total (billion cubic meters)",ER.H2O.INTR.K3,105,Bangladesh
1983,"Renewable internal freshwater resources, total (billion cubic meters)",ER.H2O.INTR.K3,105,Bangladesh
1982,"Renewable internal freshwater resources, total (billion cubic meters)",ER.H2O.INTR.K3,105,Bangladesh
1981,"Renewable internal freshwater resources, total (billion cubic meters)",ER.H2O.INTR.K3,105,Bangladesh
1980,"Renewable internal freshwater resources, total (billion cubic meters)",ER.H2O.INTR.K3,105,Bangladesh
1979,"Renewable internal freshwater resources, total (billion cubic meters)",ER.H2O.INTR.K3,105,Bangladesh
1978,"Renewable internal freshwater resources, total (billion cubic meters)",ER.H2O.INTR.K3,105,Bangladesh
1977,"Renewable internal freshwater resources, total (billion cubic meters)",ER.H2O.INTR.K3,105,Bangladesh
1976,"Renewable internal freshwater resources, total (billion cubic meters)",ER.H2O.INTR.K3,105,Bangladesh
1975,"Renewable internal freshwater resources, total (billion cubic meters)",ER.H2O.INTR.K3,105,Bangladesh
1974,"Renewable internal freshwater resources, total (billion cubic meters)",ER.H2O.INTR.K3,105,Bangladesh
1973,"Renewable internal freshwater resources, total (billion cubic meters)",ER.H2O.INTR.K3,105,Bangladesh
1972,"Renewable internal freshwater resources, total (billion cubic meters)",ER.H2O.INTR.K3,105,Bangladesh
1971,"Renewable internal freshwater resources, total (billion cubic meters)",ER.H2O.INTR.K3,105,Bangladesh
1970,"Renewable internal freshwater resources, total (billion cubic meters)",ER.H2O.INTR.K3,105,Bangladesh
1969,"Renewable internal freshwater resources, total (billion cubic meters)",ER.H2O.INTR.K3,105,Bangladesh
1968,"Renewable internal freshwater resources, total (billion cubic meters)",ER.H2O.INTR.K3,105,Bangladesh
1967,"Renewable internal freshwater resources, total (billion cubic meters)",ER.H2O.INTR.K3,105,Bangladesh
1966,"Renewable internal freshwater resources, total (billion cubic meters)",ER.H2O.INTR.K3,105,Bangladesh
1965,"Renewable internal freshwater resources, total (billion cubic meters)",ER.H2O.INTR.K3,105,Bangladesh
1964,"Renewable internal freshwater resources, total (billion cubic meters)",ER.H2O.INTR.K3,105,Bangladesh
1963,"Renewable internal freshwater resources, total (billion cubic meters)",ER.H2O.INTR.K3,105,Bangladesh
1962,"Renewable internal freshwater resources, total (billion cubic meters)",ER.H2O.INTR.K3,105,Bangladesh
1961,"Renewable internal freshwater resources, total (billion cubic meters)",ER.H2O.INTR.K3,105,Bangladesh
2022,Renewable internal freshwater resources per capita (cubic meters),ER.H2O.INTR.PC,619.8899776,Bangladesh
2021,Renewable internal freshwater resources per capita (cubic meters),ER.H2O.INTR.PC,626.2717268,Bangladesh
2020,Renewable internal freshwater resources per capita (cubic meters),ER.H2O.INTR.PC,631.3965583,Bangladesh
2019,Renewable internal freshwater resources per capita (cubic meters),ER.H2O.INTR.PC,636.6991382,Bangladesh
2018,Renewable internal freshwater resources per capita (cubic meters),ER.H2O.INTR.PC,642.1111028,Bangladesh
2017,Renewable internal freshwater resources per capita (cubic meters),ER.H2O.INTR.PC,647.4042447,Bangladesh
2016,Renewable internal freshwater resources per capita (cubic meters),ER.H2O.INTR.PC,652.9366241,Bangladesh
2015,Renewable internal freshwater resources per capita (cubic meters),ER.H2O.INTR.PC,658.7897208,Bangladesh
2014,Renewable internal freshwater resources per capita (cubic meters),ER.H2O.INTR.PC,664.7045054,Bangladesh
2013,Renewable internal freshwater resources per capita (cubic meters),ER.H2O.INTR.PC,670.7887551,Bangladesh
2012,Renewable internal freshwater resources per capita (cubic meters),ER.H2O.INTR.PC,677.1131206,Bangladesh
2011,Renewable internal freshwater resources per capita (cubic meters),ER.H2O.INTR.PC,683.6334684,Bangladesh
2010,Renewable internal freshwater resources per capita (cubic meters),ER.H2O.INTR.PC,689.8727553,Bangladesh
2009,Renewable internal freshwater resources per capita (cubic meters),ER.H2O.INTR.PC,695.9462799,Bangladesh
2008,Renewable internal freshwater resources per capita (cubic meters),ER.H2O.INTR.PC,702.462064,Bangladesh
2007,Renewable internal freshwater resources per capita (cubic meters),ER.H2O.INTR.PC,709.5108606,Bangladesh
2006,Renewable internal freshwater resources per capita (cubic meters),ER.H2O.INTR.PC,717.1838542,Bangladesh
2005,Renewable internal freshwater resources per capita (cubic meters),ER.H2O.INTR.PC,725.5600989,Bangladesh
2004,Renewable internal freshwater resources per capita (cubic meters),ER.H2O.INTR.PC,734.7648811,Bangladesh
2003,Renewable internal freshwater resources per capita (cubic meters),ER.H2O.INTR.PC,744.837473,Bangladesh
2002,Renewable internal freshwater resources per capita (cubic meters),ER.H2O.INTR.PC,755.7563913,Bangladesh
2001,Renewable internal freshwater resources per capita (cubic meters),ER.H2O.INTR.PC,767.5112629,Bangladesh
2000,Renewable internal freshwater resources per capita (cubic meters),ER.H2O.INTR.PC,780.412079,Bangladesh
1999,Renewable internal freshwater resources per capita (cubic meters),ER.H2O.INTR.PC,794.80386,Bangladesh
1998,Renewable internal freshwater resources per capita (cubic meters),ER.H2O.INTR.PC,810.0456023,Bangladesh
1997,Renewable internal freshwater resources per capita (cubic meters),ER.H2O.INTR.PC,825.4842296,Bangladesh
1996,Renewable internal freshwater resources per capita (cubic meters),ER.H2O.INTR.PC,840.9271794,Bangladesh
1995,Renewable internal freshwater resources per capita (cubic meters),ER.H2O.INTR.PC,856.4411347,Bangladesh
1994,Renewable internal freshwater resources per capita (cubic meters),ER.H2O.INTR.PC,872.504789,Bangladesh
1993,Renewable internal freshwater resources per capita (cubic meters),ER.H2O.INTR.PC,888.8335084,Bangladesh
1992,Renewable internal freshwater resources per capita (cubic meters),ER.H2O.INTR.PC,905.5456235,Bangladesh
1991,Renewable internal freshwater resources per capita (cubic meters),ER.H2O.INTR.PC,922.7758832,Bangladesh
1990,Renewable internal freshwater resources per capita (cubic meters),ER.H2O.INTR.PC,940.5760448,Bangladesh
1989,Renewable internal freshwater resources per capita (cubic meters),ER.H2O.INTR.PC,959.4841901,Bangladesh
1988,Renewable internal freshwater resources per capita (cubic meters),ER.H2O.INTR.PC,979.33137,Bangladesh
1987,Renewable internal freshwater resources per capita (cubic meters),ER.H2O.INTR.PC,1000.387855,Bangladesh
1986,Renewable internal freshwater resources per capita (cubic meters),ER.H2O.INTR.PC,1023.03712,Bangladesh
1985,Renewable internal freshwater resources per capita (cubic meters),ER.H2O.INTR.PC,1047.341585,Bangladesh
1984,Renewable internal freshwater resources per capita (cubic meters),ER.H2O.INTR.PC,1073.455365,Bangladesh
1983,Renewable internal freshwater resources per capita (cubic meters),ER.H2O.INTR.PC,1101.377556,Bangladesh
1982,Renewable internal freshwater resources per capita (cubic meters),ER.H2O.INTR.PC,1131.288668,Bangladesh
1981,Renewable internal freshwater resources per capita (cubic meters),ER.H2O.INTR.PC,1162.750716,Bangladesh
1980,Renewable internal freshwater resources per capita (cubic meters),ER.H2O.INTR.PC,1192.95906,Bangladesh
1979,Renewable internal freshwater resources per capita (cubic meters),ER.H2O.INTR.PC,1221.852703,Bangladesh
1978,Renewable internal freshwater resources per capita (cubic meters),ER.H2O.INTR.PC,1251.644199,Bangladesh
1977,Renewable internal freshwater resources per capita (cubic meters),ER.H2O.INTR.PC,1282.563932,Bangladesh
1976,Renewable internal freshwater resources per capita (cubic meters),ER.H2O.INTR.PC,1314.87799,Bangladesh
1975,Renewable internal freshwater resources per capita (cubic meters),ER.H2O.INTR.PC,1348.672215,Bangladesh
1974,Renewable internal freshwater resources per capita (cubic meters),ER.H2O.INTR.PC,1384.505574,Bangladesh
1973,Renewable internal freshwater resources per capita (cubic meters),ER.H2O.INTR.PC,1424.263873,Bangladesh
1972,Renewable internal freshwater resources per capita (cubic meters),ER.H2O.INTR.PC,1465.630565,Bangladesh
1971,Renewable internal freshwater resources per capita (cubic meters),ER.H2O.INTR.PC,1494.092827,Bangladesh
1970,Renewable internal freshwater resources per capita (cubic meters),ER.H2O.INTR.PC,1520.441379,Bangladesh
1969,Renewable internal freshwater resources per capita (cubic meters),ER.H2O.INTR.PC,1560.314329,Bangladesh
1968,Renewable internal freshwater resources per capita (cubic meters),ER.H2O.INTR.PC,1605.301445,Bangladesh
1967,Renewable internal freshwater resources per capita (cubic meters),ER.H2O.INTR.PC,1653.258764,Bangladesh
1966,Renewable internal freshwater resources per capita (cubic meters),ER.H2O.INTR.PC,1702.616026,Bangladesh
1965,Renewable internal freshwater resources per capita (cubic meters),ER.H2O.INTR.PC,1752.847823,Bangladesh
1964,Renewable internal freshwater resources per capita (cubic meters),ER.H2O.INTR.PC,1804.794338,Bangladesh
1963,Renewable internal freshwater resources per capita (cubic meters),ER.H2O.INTR.PC,1858.2623,Bangladesh
1962,Renewable internal freshwater resources per capita (cubic meters),ER.H2O.INTR.PC,1913.225354,Bangladesh
1961,Renewable internal freshwater resources per capita (cubic meters),ER.H2O.INTR.PC,1969.598848,Bangladesh
2025,Terrestrial protected areas (% of total land area),ER.LND.PTLD.ZS,4.2,Bangladesh
2024,Terrestrial protected areas (% of total land area),ER.LND.PTLD.ZS,4.2,Bangladesh
2023,Terrestrial protected areas (% of total land area),ER.LND.PTLD.ZS,4.6,Bangladesh
2022,Terrestrial protected areas (% of total land area),ER.LND.PTLD.ZS,4.6,Bangladesh
2021,Terrestrial protected areas (% of total land area),ER.LND.PTLD.ZS,4.6,Bangladesh
2020,Terrestrial protected areas (% of total land area),ER.LND.PTLD.ZS,4.6,Bangladesh
2019,Terrestrial protected areas (% of total land area),ER.LND.PTLD.ZS,4.6,Bangladesh
2018,Terrestrial protected areas (% of total land area),ER.LND.PTLD.ZS,4.6,Bangladesh
2017,Terrestrial protected areas (% of total land area),ER.LND.PTLD.ZS,4.6,Bangladesh
2016,Terrestrial protected areas (% of total land area),ER.LND.PTLD.ZS,4.6,Bangladesh
2015,Terrestrial protected areas (% of total land area),ER.LND.PTLD.ZS,4.6,Bangladesh
2014,Terrestrial protected areas (% of total land area),ER.LND.PTLD.ZS,4.6,Bangladesh
2013,Terrestrial protected areas (% of total land area),ER.LND.PTLD.ZS,4.7,Bangladesh
2025,Marine protected areas (% of territorial waters),ER.MRN.PTMR.ZS,8.6,Bangladesh
2024,Marine protected areas (% of territorial waters),ER.MRN.PTMR.ZS,8,Bangladesh
2023,Marine protected areas (% of territorial waters),ER.MRN.PTMR.ZS,8,Bangladesh
2022,Marine protected areas (% of territorial waters),ER.MRN.PTMR.ZS,5.4,Bangladesh
2021,Marine protected areas (% of territorial waters),ER.MRN.PTMR.ZS,5.4,Bangladesh
2020,Marine protected areas (% of territorial waters),ER.MRN.PTMR.ZS,5.4,Bangladesh
2019,Marine protected areas (% of territorial waters),ER.MRN.PTMR.ZS,5.4,Bangladesh
2018,Marine protected areas (% of territorial waters),ER.MRN.PTMR.ZS,5.4,Bangladesh
2017,Marine protected areas (% of territorial waters),ER.MRN.PTMR.ZS,5.4,Bangladesh
2016,Marine protected areas (% of territorial waters),ER.MRN.PTMR.ZS,5.4,Bangladesh
2015,Marine protected areas (% of territorial waters),ER.MRN.PTMR.ZS,5.4,Bangladesh
2014,Marine protected areas (% of territorial waters),ER.MRN.PTMR.ZS,5.4,Bangladesh
2013,Marine protected areas (% of territorial waters),ER.MRN.PTMR.ZS,1.4,Bangladesh
2025,Terrestrial and marine protected areas (% of total territorial area),ER.PTD.TOTL.ZS,5.9,Bangladesh
2024,Terrestrial and marine protected areas (% of total territorial area),ER.PTD.TOTL.ZS,5.6,Bangladesh
2023,Terrestrial and marine protected areas (% of total territorial area),ER.PTD.TOTL.ZS,5.9,Bangladesh
2022,Terrestrial and marine protected areas (% of total territorial area),ER.PTD.TOTL.ZS,4.9,Bangladesh
2021,Terrestrial and marine protected areas (% of total territorial area),ER.PTD.TOTL.ZS,4.9,Bangladesh
2020,Terrestrial and marine protected areas (% of total territorial area),ER.PTD.TOTL.ZS,4.9,Bangladesh
2019,Terrestrial and marine protected areas (% of total territorial area),ER.PTD.TOTL.ZS,4.9,Bangladesh
2018,Terrestrial and marine protected areas (% of total territorial area),ER.PTD.TOTL.ZS,4.9,Bangladesh
2017,Terrestrial and marine protected areas (% of total territorial area),ER.PTD.TOTL.ZS,4.9,Bangladesh
2016,Terrestrial and marine protected areas (% of total territorial area),ER.PTD.TOTL.ZS,4.9,Bangladesh
2015,Terrestrial and marine protected areas (% of total territorial area),ER.PTD.TOTL.ZS,4.9,Bangladesh
2014,Terrestrial and marine protected areas (% of total territorial area),ER.PTD.TOTL.ZS,4.9,Bangladesh
2013,Terrestrial and marine protected areas (% of total territorial area),ER.PTD.TOTL.ZS,3.5,Bangladesh
2021,Adjusted savings: education expenditure (current US$),NY.ADJ.AEDU.CD,5896415883,Bangladesh
2020,Adjusted savings: education expenditure (current US$),NY.ADJ.AEDU.CD,5239773603,Bangladesh
2019,Adjusted savings: education expenditure (current US$),NY.ADJ.AEDU.CD,4920136109,Bangladesh
2018,Adjusted savings: education expenditure (current US$),NY.ADJ.AEDU.CD,5027073863,Bangladesh
2017,Adjusted savings: education expenditure (current US$),NY.ADJ.AEDU.CD,5052190884,Bangladesh
2016,Adjusted savings: education expenditure (current US$),NY.ADJ.AEDU.CD,5055864611,Bangladesh
2015,Adjusted savings: education expenditure (current US$),NY.ADJ.AEDU.CD,3811772830,Bangladesh
2014,Adjusted savings: education expenditure (current US$),NY.ADJ.AEDU.CD,3409400115,Bangladesh
2013,Adjusted savings: education expenditure (current US$),NY.ADJ.AEDU.CD,3018791463,Bangladesh
2012,Adjusted savings: education expenditure (current US$),NY.ADJ.AEDU.CD,2714659001,Bangladesh
2011,Adjusted savings: education expenditure (current US$),NY.ADJ.AEDU.CD,2729343424,Bangladesh
2010,Adjusted savings: education expenditure (current US$),NY.ADJ.AEDU.CD,2215727277,Bangladesh
2009,Adjusted savings: education expenditure (current US$),NY.ADJ.AEDU.CD,1758582651,Bangladesh
2008,Adjusted savings: education expenditure (current US$),NY.ADJ.AEDU.CD,1687498334,Bangladesh
2007,Adjusted savings: education expenditure (current US$),NY.ADJ.AEDU.CD,1516485097,Bangladesh
2006,Adjusted savings: education expenditure (current US$),NY.ADJ.AEDU.CD,1221510706,Bangladesh
2005,Adjusted savings: education expenditure (current US$),NY.ADJ.AEDU.CD,1120444300,Bangladesh
2004,Adjusted savings: education expenditure (current US$),NY.ADJ.AEDU.CD,1005296599,Bangladesh
2003,Adjusted savings: education expenditure (current US$),NY.ADJ.AEDU.CD,1051413057,Bangladesh
2002,Adjusted savings: education expenditure (current US$),NY.ADJ.AEDU.CD,711350557.2,Bangladesh
2001,Adjusted savings: education expenditure (current US$),NY.ADJ.AEDU.CD,723187157.2,Bangladesh
2000,Adjusted savings: education expenditure (current US$),NY.ADJ.AEDU.CD,705302389.2,Bangladesh
1999,Adjusted savings: education expenditure (current US$),NY.ADJ.AEDU.CD,697506614,Bangladesh
1998,Adjusted savings: education expenditure (current US$),NY.ADJ.AEDU.CD,767526505.9,Bangladesh
1997,Adjusted savings: education expenditure (current US$),NY.ADJ.AEDU.CD,644973536.3,Bangladesh
1996,Adjusted savings: education expenditure (current US$),NY.ADJ.AEDU.CD,621844439,Bangladesh
1995,Adjusted savings: education expenditure (current US$),NY.ADJ.AEDU.CD,522684712,Bangladesh
1994,Adjusted savings: education expenditure (current US$),NY.ADJ.AEDU.CD,465568427.2,Bangladesh
1993,Adjusted savings: education expenditure (current US$),NY.ADJ.AEDU.CD,442899831.8,Bangladesh
1992,Adjusted savings: education expenditure (current US$),NY.ADJ.AEDU.CD,389743630.4,Bangladesh
1991,Adjusted savings: education expenditure (current US$),NY.ADJ.AEDU.CD,347804032.1,Bangladesh
1990,Adjusted savings: education expenditure (current US$),NY.ADJ.AEDU.CD,386808665.9,Bangladesh
1989,Adjusted savings: education expenditure (current US$),NY.ADJ.AEDU.CD,353022820.5,Bangladesh
1988,Adjusted savings: education expenditure (current US$),NY.ADJ.AEDU.CD,299027236.3,Bangladesh
1987,Adjusted savings: education expenditure (current US$),NY.ADJ.AEDU.CD,273536290.3,Bangladesh
1986,Adjusted savings: education expenditure (current US$),NY.ADJ.AEDU.CD,244223833.3,Bangladesh
1985,Adjusted savings: education expenditure (current US$),NY.ADJ.AEDU.CD,203898115.4,Bangladesh
1984,Adjusted savings: education expenditure (current US$),NY.ADJ.AEDU.CD,175076280,Bangladesh
1983,Adjusted savings: education expenditure (current US$),NY.ADJ.AEDU.CD,144983838.4,Bangladesh
1982,Adjusted savings: education expenditure (current US$),NY.ADJ.AEDU.CD,131930089.8,Bangladesh
1981,Adjusted savings: education expenditure (current US$),NY.ADJ.AEDU.CD,144135312.1,Bangladesh
1980,Adjusted savings: education expenditure (current US$),NY.ADJ.AEDU.CD,127098591,Bangladesh
1979,Adjusted savings: education expenditure (current US$),NY.ADJ.AEDU.CD,108750033.7,Bangladesh
1978,Adjusted savings: education expenditure (current US$),NY.ADJ.AEDU.CD,85368133.64,Bangladesh
1977,Adjusted savings: education expenditure (current US$),NY.ADJ.AEDU.CD,57653133.39,Bangladesh
1976,Adjusted savings: education expenditure (current US$),NY.ADJ.AEDU.CD,50526484.75,Bangladesh
1975,Adjusted savings: education expenditure (current US$),NY.ADJ.AEDU.CD,155519354,Bangladesh
1974,Adjusted savings: education expenditure (current US$),NY.ADJ.AEDU.CD,112705737.1,Bangladesh
1973,Adjusted savings: education expenditure (current US$),NY.ADJ.AEDU.CD,43986993.02,Bangladesh
2021,Adjusted savings: education expenditure (% of GNI),NY.ADJ.AEDU.GN.ZS,1.345675679,Bangladesh
2020,Adjusted savings: education expenditure (% of GNI),NY.ADJ.AEDU.GN.ZS,1.345675679,Bangladesh
2019,Adjusted savings: education expenditure (% of GNI),NY.ADJ.AEDU.GN.ZS,1.345675679,Bangladesh
2018,Adjusted savings: education expenditure (% of GNI),NY.ADJ.AEDU.GN.ZS,1.504072117,Bangladesh
2017,Adjusted savings: education expenditure (% of GNI),NY.ADJ.AEDU.GN.ZS,1.662468555,Bangladesh
2016,Adjusted savings: education expenditure (% of GNI),NY.ADJ.AEDU.GN.ZS,1.820864993,Bangladesh
2015,Adjusted savings: education expenditure (% of GNI),NY.ADJ.AEDU.GN.ZS,1.834852959,Bangladesh
2014,Adjusted savings: education expenditure (% of GNI),NY.ADJ.AEDU.GN.ZS,1.848840925,Bangladesh
2013,Adjusted savings: education expenditure (% of GNI),NY.ADJ.AEDU.GN.ZS,1.862828891,Bangladesh
2012,Adjusted savings: education expenditure (% of GNI),NY.ADJ.AEDU.GN.ZS,1.876816858,Bangladesh
2011,Adjusted savings: education expenditure (% of GNI),NY.ADJ.AEDU.GN.ZS,1.966056644,Bangladesh
2010,Adjusted savings: education expenditure (% of GNI),NY.ADJ.AEDU.GN.ZS,1.778028322,Bangladesh
2009,Adjusted savings: education expenditure (% of GNI),NY.ADJ.AEDU.GN.ZS,1.59,Bangladesh
2008,Adjusted savings: education expenditure (% of GNI),NY.ADJ.AEDU.GN.ZS,1.71,Bangladesh
2007,Adjusted savings: education expenditure (% of GNI),NY.ADJ.AEDU.GN.ZS,1.79,Bangladesh
2006,Adjusted savings: education expenditure (% of GNI),NY.ADJ.AEDU.GN.ZS,1.61,Bangladesh
2005,Adjusted savings: education expenditure (% of GNI),NY.ADJ.AEDU.GN.ZS,1.545,Bangladesh
2004,Adjusted savings: education expenditure (% of GNI),NY.ADJ.AEDU.GN.ZS,1.48,Bangladesh
2003,Adjusted savings: education expenditure (% of GNI),NY.ADJ.AEDU.GN.ZS,1.68,Bangladesh
2002,Adjusted savings: education expenditure (% of GNI),NY.ADJ.AEDU.GN.ZS,1.25,Bangladesh
2001,Adjusted savings: education expenditure (% of GNI),NY.ADJ.AEDU.GN.ZS,1.3,Bangladesh
2000,Adjusted savings: education expenditure (% of GNI),NY.ADJ.AEDU.GN.ZS,1.28,Bangladesh
1999,Adjusted savings: education expenditure (% of GNI),NY.ADJ.AEDU.GN.ZS,1.32,Bangladesh
1998,Adjusted savings: education expenditure (% of GNI),NY.ADJ.AEDU.GN.ZS,1.4927874,Bangladesh
1997,Adjusted savings: education expenditure (% of GNI),NY.ADJ.AEDU.GN.ZS,1.3,Bangladesh
1996,Adjusted savings: education expenditure (% of GNI),NY.ADJ.AEDU.GN.ZS,1.3050351,Bangladesh
1995,Adjusted savings: education expenditure (% of GNI),NY.ADJ.AEDU.GN.ZS,1.3369002,Bangladesh
1994,Adjusted savings: education expenditure (% of GNI),NY.ADJ.AEDU.GN.ZS,1.3369002,Bangladesh
1993,Adjusted savings: education expenditure (% of GNI),NY.ADJ.AEDU.GN.ZS,1.3,Bangladesh
1992,Adjusted savings: education expenditure (% of GNI),NY.ADJ.AEDU.GN.ZS,1.2,Bangladesh
1991,Adjusted savings: education expenditure (% of GNI),NY.ADJ.AEDU.GN.ZS,1.1,Bangladesh
1990,Adjusted savings: education expenditure (% of GNI),NY.ADJ.AEDU.GN.ZS,1.2,Bangladesh
1989,Adjusted savings: education expenditure (% of GNI),NY.ADJ.AEDU.GN.ZS,1.2,Bangladesh
1988,Adjusted savings: education expenditure (% of GNI),NY.ADJ.AEDU.GN.ZS,1.1,Bangladesh
1987,Adjusted savings: education expenditure (% of GNI),NY.ADJ.AEDU.GN.ZS,1.1,Bangladesh
1986,Adjusted savings: education expenditure (% of GNI),NY.ADJ.AEDU.GN.ZS,1.1,Bangladesh
1985,Adjusted savings: education expenditure (% of GNI),NY.ADJ.AEDU.GN.ZS,0.9,Bangladesh
1984,Adjusted savings: education expenditure (% of GNI),NY.ADJ.AEDU.GN.ZS,0.9,Bangladesh
1983,Adjusted savings: education expenditure (% of GNI),NY.ADJ.AEDU.GN.ZS,0.8,Bangladesh
1982,Adjusted savings: education expenditure (% of GNI),NY.ADJ.AEDU.GN.ZS,0.7,Bangladesh
1981,Adjusted savings: education expenditure (% of GNI),NY.ADJ.AEDU.GN.ZS,0.7,Bangladesh
1980,Adjusted savings: education expenditure (% of GNI),NY.ADJ.AEDU.GN.ZS,0.7,Bangladesh
1979,Adjusted savings: education expenditure (% of GNI),NY.ADJ.AEDU.GN.ZS,0.7,Bangladesh
1978,Adjusted savings: education expenditure (% of GNI),NY.ADJ.AEDU.GN.ZS,0.6448609,Bangladesh
1977,Adjusted savings: education expenditure (% of GNI),NY.ADJ.AEDU.GN.ZS,0.6,Bangladesh
1976,Adjusted savings: education expenditure (% of GNI),NY.ADJ.AEDU.GN.ZS,0.5,Bangladesh
1975,Adjusted savings: education expenditure (% of GNI),NY.ADJ.AEDU.GN.ZS,0.8,Bangladesh
1974,Adjusted savings: education expenditure (% of GNI),NY.ADJ.AEDU.GN.ZS,0.9,Bangladesh
1973,Adjusted savings: education expenditure (% of GNI),NY.ADJ.AEDU.GN.ZS,0.5425099,Bangladesh
1972,Adjusted savings: education expenditure (% of GNI),NY.ADJ.AEDU.GN.ZS,0.5425099,Bangladesh
1971,Adjusted savings: education expenditure (% of GNI),NY.ADJ.AEDU.GN.ZS,0.5425099,Bangladesh
1970,Adjusted savings: education expenditure (% of GNI),NY.ADJ.AEDU.GN.ZS,0.5425099,Bangladesh
2021,Adjusted savings: carbon dioxide damage (current US$),NY.ADJ.DCO2.CD,4527926059,Bangladesh
2020,Adjusted savings: carbon dioxide damage (current US$),NY.ADJ.DCO2.CD,3963991266,Bangladesh
2019,Adjusted savings: carbon dioxide damage (current US$),NY.ADJ.DCO2.CD,3700279184,Bangladesh
2018,Adjusted savings: carbon dioxide damage (current US$),NY.ADJ.DCO2.CD,3269466204,Bangladesh
2017,Adjusted savings: carbon dioxide damage (current US$),NY.ADJ.DCO2.CD,2968672007,Bangladesh
2016,Adjusted savings: carbon dioxide damage (current US$),NY.ADJ.DCO2.CD,2671101309,Bangladesh
2015,Adjusted savings: carbon dioxide damage (current US$),NY.ADJ.DCO2.CD,2510249885,Bangladesh
2014,Adjusted savings: carbon dioxide damage (current US$),NY.ADJ.DCO2.CD,2149204478,Bangladesh
2013,Adjusted savings: carbon dioxide damage (current US$),NY.ADJ.DCO2.CD,1958918345,Bangladesh
2012,Adjusted savings: carbon dioxide damage (current US$),NY.ADJ.DCO2.CD,1801752167,Bangladesh
2011,Adjusted savings: carbon dioxide damage (current US$),NY.ADJ.DCO2.CD,1623260769,Bangladesh
2010,Adjusted savings: carbon dioxide damage (current US$),NY.ADJ.DCO2.CD,1445487563,Bangladesh
2009,Adjusted savings: carbon dioxide damage (current US$),NY.ADJ.DCO2.CD,1235882095,Bangladesh
2008,Adjusted savings: carbon dioxide damage (current US$),NY.ADJ.DCO2.CD,1115913265,Bangladesh
2007,Adjusted savings: carbon dioxide damage (current US$),NY.ADJ.DCO2.CD,978365939.8,Bangladesh
2006,Adjusted savings: carbon dioxide damage (current US$),NY.ADJ.DCO2.CD,880404056.5,Bangladesh
2005,Adjusted savings: carbon dioxide damage (current US$),NY.ADJ.DCO2.CD,761038893,Bangladesh
2004,Adjusted savings: carbon dioxide damage (current US$),NY.ADJ.DCO2.CD,673566182.3,Bangladesh
2003,Adjusted savings: carbon dioxide damage (current US$),NY.ADJ.DCO2.CD,601598819.2,Bangladesh
2002,Adjusted savings: carbon dioxide damage (current US$),NY.ADJ.DCO2.CD,552790265.9,Bangladesh
2001,Adjusted savings: carbon dioxide damage (current US$),NY.ADJ.DCO2.CD,500308358.8,Bangladesh
2000,Adjusted savings: carbon dioxide damage (current US$),NY.ADJ.DCO2.CD,401858883.7,Bangladesh
1999,Adjusted savings: carbon dioxide damage (current US$),NY.ADJ.DCO2.CD,356972761,Bangladesh
1998,Adjusted savings: carbon dioxide damage (current US$),NY.ADJ.DCO2.CD,329543635,Bangladesh
1997,Adjusted savings: carbon dioxide damage (current US$),NY.ADJ.DCO2.CD,314069225.9,Bangladesh
1996,Adjusted savings: carbon dioxide damage (current US$),NY.ADJ.DCO2.CD,267888198.7,Bangladesh
1995,Adjusted savings: carbon dioxide damage (current US$),NY.ADJ.DCO2.CD,253002187.3,Bangladesh
1994,Adjusted savings: carbon dioxide damage (current US$),NY.ADJ.DCO2.CD,198275505.9,Bangladesh
1993,Adjusted savings: carbon dioxide damage (current US$),NY.ADJ.DCO2.CD,176256835.4,Bangladesh
1992,Adjusted savings: carbon dioxide damage (current US$),NY.ADJ.DCO2.CD,158340024,Bangladesh
1991,Adjusted savings: carbon dioxide damage (current US$),NY.ADJ.DCO2.CD,138724215.5,Bangladesh
1990,Adjusted savings: carbon dioxide damage (current US$),NY.ADJ.DCO2.CD,139594740.4,Bangladesh
2021,Adjusted savings: carbon dioxide damage (% of GNI),NY.ADJ.DCO2.GN.ZS,1.033359942,Bangladesh
2020,Adjusted savings: carbon dioxide damage (% of GNI),NY.ADJ.DCO2.GN.ZS,1.018029984,Bangladesh
2019,Adjusted savings: carbon dioxide damage (% of GNI),NY.ADJ.DCO2.GN.ZS,1.012040235,Bangladesh
2018,Adjusted savings: carbon dioxide damage (% of GNI),NY.ADJ.DCO2.GN.ZS,0.978205829,Bangladesh
2017,Adjusted savings: carbon dioxide damage (% of GNI),NY.ADJ.DCO2.GN.ZS,0.976868051,Bangladesh
2016,Adjusted savings: carbon dioxide damage (% of GNI),NY.ADJ.DCO2.GN.ZS,0.961994681,Bangladesh
2015,Adjusted savings: carbon dioxide damage (% of GNI),NY.ADJ.DCO2.GN.ZS,1.208345732,Bangladesh
2014,Adjusted savings: carbon dioxide damage (% of GNI),NY.ADJ.DCO2.GN.ZS,1.165465203,Bangladesh
2013,Adjusted savings: carbon dioxide damage (% of GNI),NY.ADJ.DCO2.GN.ZS,1.208804826,Bangladesh
2012,Adjusted savings: carbon dioxide damage (% of GNI),NY.ADJ.DCO2.GN.ZS,1.245666155,Bangladesh
2011,Adjusted savings: carbon dioxide damage (% of GNI),NY.ADJ.DCO2.GN.ZS,1.169300496,Bangladesh
2010,Adjusted savings: carbon dioxide damage (% of GNI),NY.ADJ.DCO2.GN.ZS,1.159943217,Bangladesh
2009,Adjusted savings: carbon dioxide damage (% of GNI),NY.ADJ.DCO2.GN.ZS,1.117406981,Bangladesh
2008,Adjusted savings: carbon dioxide damage (% of GNI),NY.ADJ.DCO2.GN.ZS,1.130793225,Bangladesh
2007,Adjusted savings: carbon dioxide damage (% of GNI),NY.ADJ.DCO2.GN.ZS,1.154825086,Bangladesh
2006,Adjusted savings: carbon dioxide damage (% of GNI),NY.ADJ.DCO2.GN.ZS,1.160407783,Bangladesh
2005,Adjusted savings: carbon dioxide damage (% of GNI),NY.ADJ.DCO2.GN.ZS,1.049409676,Bangladesh
2004,Adjusted savings: carbon dioxide damage (% of GNI),NY.ADJ.DCO2.GN.ZS,0.991625706,Bangladesh
2003,Adjusted savings: carbon dioxide damage (% of GNI),NY.ADJ.DCO2.GN.ZS,0.961264471,Bangladesh
2002,Adjusted savings: carbon dioxide damage (% of GNI),NY.ADJ.DCO2.GN.ZS,0.971374557,Bangladesh
2001,Adjusted savings: carbon dioxide damage (% of GNI),NY.ADJ.DCO2.GN.ZS,0.899353452,Bangladesh
2000,Adjusted savings: carbon dioxide damage (% of GNI),NY.ADJ.DCO2.GN.ZS,0.729303316,Bangladesh
1999,Adjusted savings: carbon dioxide damage (% of GNI),NY.ADJ.DCO2.GN.ZS,0.675554948,Bangladesh
1998,Adjusted savings: carbon dioxide damage (% of GNI),NY.ADJ.DCO2.GN.ZS,0.640940192,Bangladesh
1997,Adjusted savings: carbon dioxide damage (% of GNI),NY.ADJ.DCO2.GN.ZS,0.633033715,Bangladesh
1996,Adjusted savings: carbon dioxide damage (% of GNI),NY.ADJ.DCO2.GN.ZS,0.562204114,Bangladesh
1995,Adjusted savings: carbon dioxide damage (% of GNI),NY.ADJ.DCO2.GN.ZS,0.64711798,Bangladesh
1994,Adjusted savings: carbon dioxide damage (% of GNI),NY.ADJ.DCO2.GN.ZS,0.569356829,Bangladesh
1993,Adjusted savings: carbon dioxide damage (% of GNI),NY.ADJ.DCO2.GN.ZS,0.517349228,Bangladesh
1992,Adjusted savings: carbon dioxide damage (% of GNI),NY.ADJ.DCO2.GN.ZS,0.48752055,Bangladesh
1991,Adjusted savings: carbon dioxide damage (% of GNI),NY.ADJ.DCO2.GN.ZS,0.438743151,Bangladesh
1990,Adjusted savings: carbon dioxide damage (% of GNI),NY.ADJ.DCO2.GN.ZS,0.433066018,Bangladesh
2021,Adjusted savings: net forest depletion (current US$),NY.ADJ.DFOR.CD,312966727.2,Bangladesh
2020,Adjusted savings: net forest depletion (current US$),NY.ADJ.DFOR.CD,299597988.6,Bangladesh
2019,Adjusted savings: net forest depletion (current US$),NY.ADJ.DFOR.CD,251092117.8,Bangladesh
2018,Adjusted savings: net forest depletion (current US$),NY.ADJ.DFOR.CD,227013586.7,Bangladesh
2017,Adjusted savings: net forest depletion (current US$),NY.ADJ.DFOR.CD,402734880.7,Bangladesh
2016,Adjusted savings: net forest depletion (current US$),NY.ADJ.DFOR.CD,479499881.1,Bangladesh
2015,Adjusted savings: net forest depletion (current US$),NY.ADJ.DFOR.CD,408636225.9,Bangladesh
2014,Adjusted savings: net forest depletion (current US$),NY.ADJ.DFOR.CD,333151562.4,Bangladesh
2013,Adjusted savings: net forest depletion (current US$),NY.ADJ.DFOR.CD,311572975,Bangladesh
2012,Adjusted savings: net forest depletion (current US$),NY.ADJ.DFOR.CD,385203080.2,Bangladesh
2011,Adjusted savings: net forest depletion (current US$),NY.ADJ.DFOR.CD,450702523,Bangladesh
2010,Adjusted savings: net forest depletion (current US$),NY.ADJ.DFOR.CD,425951874.5,Bangladesh
2009,Adjusted savings: net forest depletion (current US$),NY.ADJ.DFOR.CD,232318034,Bangladesh
2008,Adjusted savings: net forest depletion (current US$),NY.ADJ.DFOR.CD,240301557.7,Bangladesh
2007,Adjusted savings: net forest depletion (current US$),NY.ADJ.DFOR.CD,262734265.3,Bangladesh
2006,Adjusted savings: net forest depletion (current US$),NY.ADJ.DFOR.CD,159040276.2,Bangladesh
2005,Adjusted savings: net forest depletion (current US$),NY.ADJ.DFOR.CD,115162648.5,Bangladesh
2004,Adjusted savings: net forest depletion (current US$),NY.ADJ.DFOR.CD,117309740.5,Bangladesh
2003,Adjusted savings: net forest depletion (current US$),NY.ADJ.DFOR.CD,116561600.6,Bangladesh
2002,Adjusted savings: net forest depletion (current US$),NY.ADJ.DFOR.CD,102486310.2,Bangladesh
2001,Adjusted savings: net forest depletion (current US$),NY.ADJ.DFOR.CD,106457562.9,Bangladesh
2000,Adjusted savings: net forest depletion (current US$),NY.ADJ.DFOR.CD,107271227.2,Bangladesh
1999,Adjusted savings: net forest depletion (current US$),NY.ADJ.DFOR.CD,110551050,Bangladesh
1998,Adjusted savings: net forest depletion (current US$),NY.ADJ.DFOR.CD,106464059.6,Bangladesh
1997,Adjusted savings: net forest depletion (current US$),NY.ADJ.DFOR.CD,107385375.2,Bangladesh
1996,Adjusted savings: net forest depletion (current US$),NY.ADJ.DFOR.CD,124687022.1,Bangladesh
1995,Adjusted savings: net forest depletion (current US$),NY.ADJ.DFOR.CD,125704420.9,Bangladesh
1994,Adjusted savings: net forest depletion (current US$),NY.ADJ.DFOR.CD,99697174.8,Bangladesh
1993,Adjusted savings: net forest depletion (current US$),NY.ADJ.DFOR.CD,111129924.6,Bangladesh
1992,Adjusted savings: net forest depletion (current US$),NY.ADJ.DFOR.CD,135437092.5,Bangladesh
1991,Adjusted savings: net forest depletion (current US$),NY.ADJ.DFOR.CD,133865905.7,Bangladesh
1990,Adjusted savings: net forest depletion (current US$),NY.ADJ.DFOR.CD,133430758.2,Bangladesh
1989,Adjusted savings: net forest depletion (current US$),NY.ADJ.DFOR.CD,113534833.4,Bangladesh
1988,Adjusted savings: net forest depletion (current US$),NY.ADJ.DFOR.CD,114715318.3,Bangladesh
1987,Adjusted savings: net forest depletion (current US$),NY.ADJ.DFOR.CD,104510377.9,Bangladesh
1986,Adjusted savings: net forest depletion (current US$),NY.ADJ.DFOR.CD,114140501.1,Bangladesh
1985,Adjusted savings: net forest depletion (current US$),NY.ADJ.DFOR.CD,64862239.36,Bangladesh
1984,Adjusted savings: net forest depletion (current US$),NY.ADJ.DFOR.CD,93006753.92,Bangladesh
1983,Adjusted savings: net forest depletion (current US$),NY.ADJ.DFOR.CD,105891605.7,Bangladesh
1982,Adjusted savings: net forest depletion (current US$),NY.ADJ.DFOR.CD,160593112.7,Bangladesh
1981,Adjusted savings: net forest depletion (current US$),NY.ADJ.DFOR.CD,107045053.3,Bangladesh
1980,Adjusted savings: net forest depletion (current US$),NY.ADJ.DFOR.CD,120376000.3,Bangladesh
1979,Adjusted savings: net forest depletion (current US$),NY.ADJ.DFOR.CD,97815341.09,Bangladesh
1978,Adjusted savings: net forest depletion (current US$),NY.ADJ.DFOR.CD,231998555.2,Bangladesh
1977,Adjusted savings: net forest depletion (current US$),NY.ADJ.DFOR.CD,233623080,Bangladesh
1976,Adjusted savings: net forest depletion (current US$),NY.ADJ.DFOR.CD,67044381.85,Bangladesh
1975,Adjusted savings: net forest depletion (current US$),NY.ADJ.DFOR.CD,107345632.1,Bangladesh
1974,Adjusted savings: net forest depletion (current US$),NY.ADJ.DFOR.CD,46492784.41,Bangladesh
1973,Adjusted savings: net forest depletion (current US$),NY.ADJ.DFOR.CD,39749899.66,Bangladesh
1972,Adjusted savings: net forest depletion (current US$),NY.ADJ.DFOR.CD,20779287.9,Bangladesh
1971,Adjusted savings: net forest depletion (current US$),NY.ADJ.DFOR.CD,22744322.51,Bangladesh
1970,Adjusted savings: net forest depletion (current US$),NY.ADJ.DFOR.CD,26342180.86,Bangladesh
2021,Adjusted savings: net forest depletion (% of GNI),NY.ADJ.DFOR.GN.ZS,0.071425035,Bangladesh
2020,Adjusted savings: net forest depletion (% of GNI),NY.ADJ.DFOR.GN.ZS,0.076942585,Bangladesh
2019,Adjusted savings: net forest depletion (% of GNI),NY.ADJ.DFOR.GN.ZS,0.068674636,Bangladesh
2018,Adjusted savings: net forest depletion (% of GNI),NY.ADJ.DFOR.GN.ZS,0.067921183,Bangladesh
2017,Adjusted savings: net forest depletion (% of GNI),NY.ADJ.DFOR.GN.ZS,0.132523511,Bangladesh
2016,Adjusted savings: net forest depletion (% of GNI),NY.ADJ.DFOR.GN.ZS,0.172691442,Bangladesh
2015,Adjusted savings: net forest depletion (% of GNI),NY.ADJ.DFOR.GN.ZS,0.196703062,Bangladesh
2014,Adjusted savings: net forest depletion (% of GNI),NY.ADJ.DFOR.GN.ZS,0.180660592,Bangladesh
2013,Adjusted savings: net forest depletion (% of GNI),NY.ADJ.DFOR.GN.ZS,0.192264735,Bangladesh
2012,Adjusted savings: net forest depletion (% of GNI),NY.ADJ.DFOR.GN.ZS,0.26631545,Bangladesh
2011,Adjusted savings: net forest depletion (% of GNI),NY.ADJ.DFOR.GN.ZS,0.324659287,Bangladesh
2010,Adjusted savings: net forest depletion (% of GNI),NY.ADJ.DFOR.GN.ZS,0.341808536,Bangladesh
2009,Adjusted savings: net forest depletion (% of GNI),NY.ADJ.DFOR.GN.ZS,0.210047378,Bangladesh
2008,Adjusted savings: net forest depletion (% of GNI),NY.ADJ.DFOR.GN.ZS,0.243505819,Bangladesh
2007,Adjusted savings: net forest depletion (% of GNI),NY.ADJ.DFOR.GN.ZS,0.310121303,Bangladesh
2006,Adjusted savings: net forest depletion (% of GNI),NY.ADJ.DFOR.GN.ZS,0.209621449,Bangladesh
2005,Adjusted savings: net forest depletion (% of GNI),NY.ADJ.DFOR.GN.ZS,0.158799765,Bangladesh
2004,Adjusted savings: net forest depletion (% of GNI),NY.ADJ.DFOR.GN.ZS,0.172703674,Bangladesh
2003,Adjusted savings: net forest depletion (% of GNI),NY.ADJ.DFOR.GN.ZS,0.186247914,Bangladesh
2002,Adjusted savings: net forest depletion (% of GNI),NY.ADJ.DFOR.GN.ZS,0.180091077,Bangladesh
2001,Adjusted savings: net forest depletion (% of GNI),NY.ADJ.DFOR.GN.ZS,0.191367933,Bangladesh
2000,Adjusted savings: net forest depletion (% of GNI),NY.ADJ.DFOR.GN.ZS,0.194678443,Bangladesh
1999,Adjusted savings: net forest depletion (% of GNI),NY.ADJ.DFOR.GN.ZS,0.209212907,Bangladesh
1998,Adjusted savings: net forest depletion (% of GNI),NY.ADJ.DFOR.GN.ZS,0.207065431,Bangladesh
1997,Adjusted savings: net forest depletion (% of GNI),NY.ADJ.DFOR.GN.ZS,0.21644452,Bangladesh
1996,Adjusted savings: net forest depletion (% of GNI),NY.ADJ.DFOR.GN.ZS,0.261674673,Bangladesh
1995,Adjusted savings: net forest depletion (% of GNI),NY.ADJ.DFOR.GN.ZS,0.321521295,Bangladesh
1994,Adjusted savings: net forest depletion (% of GNI),NY.ADJ.DFOR.GN.ZS,0.286284819,Bangladesh
1993,Adjusted savings: net forest depletion (% of GNI),NY.ADJ.DFOR.GN.ZS,0.326188659,Bangladesh
1992,Adjusted savings: net forest depletion (% of GNI),NY.ADJ.DFOR.GN.ZS,0.417003636,Bangladesh
1991,Adjusted savings: net forest depletion (% of GNI),NY.ADJ.DFOR.GN.ZS,0.423377772,Bangladesh
1990,Adjusted savings: net forest depletion (% of GNI),NY.ADJ.DFOR.GN.ZS,0.41394344,Bangladesh
1989,Adjusted savings: net forest depletion (% of GNI),NY.ADJ.DFOR.GN.ZS,0.385929159,Bangladesh
1988,Adjusted savings: net forest depletion (% of GNI),NY.ADJ.DFOR.GN.ZS,0.421991159,Bangladesh
1987,Adjusted savings: net forest depletion (% of GNI),NY.ADJ.DFOR.GN.ZS,0.420278478,Bangladesh
1986,Adjusted savings: net forest depletion (% of GNI),NY.ADJ.DFOR.GN.ZS,0.514096227,Bangladesh
1985,Adjusted savings: net forest depletion (% of GNI),NY.ADJ.DFOR.GN.ZS,0.286299926,Bangladesh
1984,Adjusted savings: net forest depletion (% of GNI),NY.ADJ.DFOR.GN.ZS,0.478112047,Bangladesh
1983,Adjusted savings: net forest depletion (% of GNI),NY.ADJ.DFOR.GN.ZS,0.584294674,Bangladesh
1982,Adjusted savings: net forest depletion (% of GNI),NY.ADJ.DFOR.GN.ZS,0.852081425,Bangladesh
1981,Adjusted savings: net forest depletion (% of GNI),NY.ADJ.DFOR.GN.ZS,0.519869394,Bangladesh
1980,Adjusted savings: net forest depletion (% of GNI),NY.ADJ.DFOR.GN.ZS,0.662975093,Bangladesh
1979,Adjusted savings: net forest depletion (% of GNI),NY.ADJ.DFOR.GN.ZS,0.629615794,Bangladesh
1978,Adjusted savings: net forest depletion (% of GNI),NY.ADJ.DFOR.GN.ZS,1.75248996,Bangladesh
1977,Adjusted savings: net forest depletion (% of GNI),NY.ADJ.DFOR.GN.ZS,2.431330958,Bangladesh
1976,Adjusted savings: net forest depletion (% of GNI),NY.ADJ.DFOR.GN.ZS,0.66345781,Bangladesh
1975,Adjusted savings: net forest depletion (% of GNI),NY.ADJ.DFOR.GN.ZS,0.552191759,Bangladesh
1974,Adjusted savings: net forest depletion (% of GNI),NY.ADJ.DFOR.GN.ZS,0.371263319,Bangladesh
1973,Adjusted savings: net forest depletion (% of GNI),NY.ADJ.DFOR.GN.ZS,0.490252063,Bangladesh
2021,Adjusted savings: consumption of fixed capital (current US$),NY.ADJ.DKAP.CD,5370739514,Bangladesh
2020,Adjusted savings: consumption of fixed capital (current US$),NY.ADJ.DKAP.CD,3955876572,Bangladesh
2019,Adjusted savings: consumption of fixed capital (current US$),NY.ADJ.DKAP.CD,2900436981,Bangladesh
2018,Adjusted savings: consumption of fixed capital (current US$),NY.ADJ.DKAP.CD,26528459996,Bangladesh
2017,Adjusted savings: consumption of fixed capital (current US$),NY.ADJ.DKAP.CD,24319557261,Bangladesh
2016,Adjusted savings: consumption of fixed capital (current US$),NY.ADJ.DKAP.CD,21718854720,Bangladesh
2015,Adjusted savings: consumption of fixed capital (current US$),NY.ADJ.DKAP.CD,15828451671,Bangladesh
2014,Adjusted savings: consumption of fixed capital (current US$),NY.ADJ.DKAP.CD,13991508305,Bangladesh
2013,Adjusted savings: consumption of fixed capital (current US$),NY.ADJ.DKAP.CD,11954555153,Bangladesh
2012,Adjusted savings: consumption of fixed capital (current US$),NY.ADJ.DKAP.CD,10536854475,Bangladesh
2011,Adjusted savings: consumption of fixed capital (current US$),NY.ADJ.DKAP.CD,10239745158,Bangladesh
2010,Adjusted savings: consumption of fixed capital (current US$),NY.ADJ.DKAP.CD,9216324272,Bangladesh
2009,Adjusted savings: consumption of fixed capital (current US$),NY.ADJ.DKAP.CD,8265761639,Bangladesh
2008,Adjusted savings: consumption of fixed capital (current US$),NY.ADJ.DKAP.CD,7336415574,Bangladesh
2007,Adjusted savings: consumption of fixed capital (current US$),NY.ADJ.DKAP.CD,6475152373,Bangladesh
2006,Adjusted savings: consumption of fixed capital (current US$),NY.ADJ.DKAP.CD,5890776070,Bangladesh
2005,Adjusted savings: consumption of fixed capital (current US$),NY.ADJ.DKAP.CD,5146589283,Bangladesh
2004,Adjusted savings: consumption of fixed capital (current US$),NY.ADJ.DKAP.CD,4847451716,Bangladesh
2003,Adjusted savings: consumption of fixed capital (current US$),NY.ADJ.DKAP.CD,4539592723,Bangladesh
2002,Adjusted savings: consumption of fixed capital (current US$),NY.ADJ.DKAP.CD,4149981382,Bangladesh
2001,Adjusted savings: consumption of fixed capital (current US$),NY.ADJ.DKAP.CD,4131248291,Bangladesh
2000,Adjusted savings: consumption of fixed capital (current US$),NY.ADJ.DKAP.CD,4017560654,Bangladesh
1999,Adjusted savings: consumption of fixed capital (current US$),NY.ADJ.DKAP.CD,3910895244,Bangladesh
1998,Adjusted savings: consumption of fixed capital (current US$),NY.ADJ.DKAP.CD,3821302943,Bangladesh
1997,Adjusted savings: consumption of fixed capital (current US$),NY.ADJ.DKAP.CD,3643209358,Bangladesh
1996,Adjusted savings: consumption of fixed capital (current US$),NY.ADJ.DKAP.CD,3533874912,Bangladesh
1995,Adjusted savings: consumption of fixed capital (current US$),NY.ADJ.DKAP.CD,2855543242,Bangladesh
1994,Adjusted savings: consumption of fixed capital (current US$),NY.ADJ.DKAP.CD,2562426845,Bangladesh
1993,Adjusted savings: consumption of fixed capital (current US$),NY.ADJ.DKAP.CD,2505942064,Bangladesh
1992,Adjusted savings: consumption of fixed capital (current US$),NY.ADJ.DKAP.CD,2397033336,Bangladesh
1991,Adjusted savings: consumption of fixed capital (current US$),NY.ADJ.DKAP.CD,2303927468,Bangladesh
1990,Adjusted savings: consumption of fixed capital (current US$),NY.ADJ.DKAP.CD,2362319686,Bangladesh
1989,Adjusted savings: consumption of fixed capital (current US$),NY.ADJ.DKAP.CD,2142637261,Bangladesh
1988,Adjusted savings: consumption of fixed capital (current US$),NY.ADJ.DKAP.CD,1985447402,Bangladesh
1987,Adjusted savings: consumption of fixed capital (current US$),NY.ADJ.DKAP.CD,1768366625,Bangladesh
1986,Adjusted savings: consumption of fixed capital (current US$),NY.ADJ.DKAP.CD,1569223828,Bangladesh
1985,Adjusted savings: consumption of fixed capital (current US$),NY.ADJ.DKAP.CD,1631389033,Bangladesh
1984,Adjusted savings: consumption of fixed capital (current US$),NY.ADJ.DKAP.CD,1380716298,Bangladesh
1983,Adjusted savings: consumption of fixed capital (current US$),NY.ADJ.DKAP.CD,1288023608,Bangladesh
1982,Adjusted savings: consumption of fixed capital (current US$),NY.ADJ.DKAP.CD,1332745625,Bangladesh
1981,Adjusted savings: consumption of fixed capital (current US$),NY.ADJ.DKAP.CD,1502135183,Bangladesh
1980,Adjusted savings: consumption of fixed capital (current US$),NY.ADJ.DKAP.CD,1360397981,Bangladesh
1979,Adjusted savings: consumption of fixed capital (current US$),NY.ADJ.DKAP.CD,1172845291,Bangladesh
1978,Adjusted savings: consumption of fixed capital (current US$),NY.ADJ.DKAP.CD,981519623.4,Bangladesh
1977,Adjusted savings: consumption of fixed capital (current US$),NY.ADJ.DKAP.CD,718491685.1,Bangladesh
1976,Adjusted savings: consumption of fixed capital (current US$),NY.ADJ.DKAP.CD,780582277.4,Bangladesh
1975,Adjusted savings: consumption of fixed capital (current US$),NY.ADJ.DKAP.CD,1459981077,Bangladesh
1974,Adjusted savings: consumption of fixed capital (current US$),NY.ADJ.DKAP.CD,883460331.1,Bangladesh
1973,Adjusted savings: consumption of fixed capital (current US$),NY.ADJ.DKAP.CD,606093333.7,Bangladesh
1972,Adjusted savings: consumption of fixed capital (current US$),NY.ADJ.DKAP.CD,500278563.4,Bangladesh
1971,Adjusted savings: consumption of fixed capital (current US$),NY.ADJ.DKAP.CD,689022545.1,Bangladesh
1970,Adjusted savings: consumption of fixed capital (current US$),NY.ADJ.DKAP.CD,699218868.1,Bangladesh
2021,Adjusted savings: consumption of fixed capital (% of GNI),NY.ADJ.DKAP.GN.ZS,1.225706206,Bangladesh
2020,Adjusted savings: consumption of fixed capital (% of GNI),NY.ADJ.DKAP.GN.ZS,1.015945973,Bangladesh
2019,Adjusted savings: consumption of fixed capital (% of GNI),NY.ADJ.DKAP.GN.ZS,0.793280393,Bangladesh
2018,Adjusted savings: consumption of fixed capital (% of GNI),NY.ADJ.DKAP.GN.ZS,7.937165451,Bangladesh
2017,Adjusted savings: consumption of fixed capital (% of GNI),NY.ADJ.DKAP.GN.ZS,8.002567628,Bangladesh
2016,Adjusted savings: consumption of fixed capital (% of GNI),NY.ADJ.DKAP.GN.ZS,7.822025566,Bangladesh
2015,Adjusted savings: consumption of fixed capital (% of GNI),NY.ADJ.DKAP.GN.ZS,7.619258198,Bangladesh
2014,Adjusted savings: consumption of fixed capital (% of GNI),NY.ADJ.DKAP.GN.ZS,7.587279958,Bangladesh
2013,Adjusted savings: consumption of fixed capital (% of GNI),NY.ADJ.DKAP.GN.ZS,7.376889392,Bangladesh
2012,Adjusted savings: consumption of fixed capital (% of GNI),NY.ADJ.DKAP.GN.ZS,7.284799343,Bangladesh
2011,Adjusted savings: consumption of fixed capital (% of GNI),NY.ADJ.DKAP.GN.ZS,7.376103286,Bangladesh
2010,Adjusted savings: consumption of fixed capital (% of GNI),NY.ADJ.DKAP.GN.ZS,7.395714153,Bangladesh
2009,Adjusted savings: consumption of fixed capital (% of GNI),NY.ADJ.DKAP.GN.ZS,7.473382611,Bangladesh
2008,Adjusted savings: consumption of fixed capital (% of GNI),NY.ADJ.DKAP.GN.ZS,7.434241787,Bangladesh
2007,Adjusted savings: consumption of fixed capital (% of GNI),NY.ADJ.DKAP.GN.ZS,7.643017904,Bangladesh
2006,Adjusted savings: consumption of fixed capital (% of GNI),NY.ADJ.DKAP.GN.ZS,7.764278629,Bangladesh
2005,Adjusted savings: consumption of fixed capital (% of GNI),NY.ADJ.DKAP.GN.ZS,7.096720865,Bangladesh
2004,Adjusted savings: consumption of fixed capital (% of GNI),NY.ADJ.DKAP.GN.ZS,7.136429731,Bangladesh
2003,Adjusted savings: consumption of fixed capital (% of GNI),NY.ADJ.DKAP.GN.ZS,7.253586708,Bangladesh
2002,Adjusted savings: consumption of fixed capital (% of GNI),NY.ADJ.DKAP.GN.ZS,7.292433633,Bangladesh
2001,Adjusted savings: consumption of fixed capital (% of GNI),NY.ADJ.DKAP.GN.ZS,7.42632488,Bangladesh
2000,Adjusted savings: consumption of fixed capital (% of GNI),NY.ADJ.DKAP.GN.ZS,7.291167187,Bangladesh
1999,Adjusted savings: consumption of fixed capital (% of GNI),NY.ADJ.DKAP.GN.ZS,7.401193936,Bangladesh
1998,Adjusted savings: consumption of fixed capital (% of GNI),NY.ADJ.DKAP.GN.ZS,7.432177052,Bangladesh
1997,Adjusted savings: consumption of fixed capital (% of GNI),NY.ADJ.DKAP.GN.ZS,7.343203866,Bangladesh
1996,Adjusted savings: consumption of fixed capital (% of GNI),NY.ADJ.DKAP.GN.ZS,7.41637379,Bangladesh
1995,Adjusted savings: consumption of fixed capital (% of GNI),NY.ADJ.DKAP.GN.ZS,7.303784181,Bangladesh
1994,Adjusted savings: consumption of fixed capital (% of GNI),NY.ADJ.DKAP.GN.ZS,7.358121301,Bangladesh
1993,Adjusted savings: consumption of fixed capital (% of GNI),NY.ADJ.DKAP.GN.ZS,7.355443488,Bangladesh
1992,Adjusted savings: consumption of fixed capital (% of GNI),NY.ADJ.DKAP.GN.ZS,7.380338712,Bangladesh
1991,Adjusted savings: consumption of fixed capital (% of GNI),NY.ADJ.DKAP.GN.ZS,7.286632646,Bangladesh
1990,Adjusted savings: consumption of fixed capital (% of GNI),NY.ADJ.DKAP.GN.ZS,7.328645589,Bangladesh
1989,Adjusted savings: consumption of fixed capital (% of GNI),NY.ADJ.DKAP.GN.ZS,7.283281883,Bangladesh
1988,Adjusted savings: consumption of fixed capital (% of GNI),NY.ADJ.DKAP.GN.ZS,7.303656245,Bangladesh
1987,Adjusted savings: consumption of fixed capital (% of GNI),NY.ADJ.DKAP.GN.ZS,7.111317058,Bangladesh
1986,Adjusted savings: consumption of fixed capital (% of GNI),NY.ADJ.DKAP.GN.ZS,7.067885994,Bangladesh
1985,Adjusted savings: consumption of fixed capital (% of GNI),NY.ADJ.DKAP.GN.ZS,7.200900936,Bangladesh
1984,Adjusted savings: consumption of fixed capital (% of GNI),NY.ADJ.DKAP.GN.ZS,7.097732874,Bangladesh
1983,Adjusted savings: consumption of fixed capital (% of GNI),NY.ADJ.DKAP.GN.ZS,7.107129303,Bangladesh
1982,Adjusted savings: consumption of fixed capital (% of GNI),NY.ADJ.DKAP.GN.ZS,7.071335575,Bangladesh
1981,Adjusted savings: consumption of fixed capital (% of GNI),NY.ADJ.DKAP.GN.ZS,7.295190973,Bangladesh
1980,Adjusted savings: consumption of fixed capital (% of GNI),NY.ADJ.DKAP.GN.ZS,7.492440154,Bangladesh
1979,Adjusted savings: consumption of fixed capital (% of GNI),NY.ADJ.DKAP.GN.ZS,7.549346663,Bangladesh
1978,Adjusted savings: consumption of fixed capital (% of GNI),NY.ADJ.DKAP.GN.ZS,7.414284473,Bangladesh
1977,Adjusted savings: consumption of fixed capital (% of GNI),NY.ADJ.DKAP.GN.ZS,7.477390832,Bangladesh
1976,Adjusted savings: consumption of fixed capital (% of GNI),NY.ADJ.DKAP.GN.ZS,7.72448629,Bangladesh
1975,Adjusted savings: consumption of fixed capital (% of GNI),NY.ADJ.DKAP.GN.ZS,7.510221919,Bangladesh
1974,Adjusted savings: consumption of fixed capital (% of GNI),NY.ADJ.DKAP.GN.ZS,7.054781047,Bangladesh
1973,Adjusted savings: consumption of fixed capital (% of GNI),NY.ADJ.DKAP.GN.ZS,7.475201447,Bangladesh
2021,Adjusted savings: mineral depletion (current US$),NY.ADJ.DMIN.CD,0,Bangladesh
2020,Adjusted savings: mineral depletion (current US$),NY.ADJ.DMIN.CD,0,Bangladesh
2019,Adjusted savings: mineral depletion (current US$),NY.ADJ.DMIN.CD,0,Bangladesh
2018,Adjusted savings: mineral depletion (current US$),NY.ADJ.DMIN.CD,0,Bangladesh
2017,Adjusted savings: mineral depletion (current US$),NY.ADJ.DMIN.CD,0,Bangladesh
2016,Adjusted savings: mineral depletion (current US$),NY.ADJ.DMIN.CD,0,Bangladesh
2015,Adjusted savings: mineral depletion (current US$),NY.ADJ.DMIN.CD,0,Bangladesh
2014,Adjusted savings: mineral depletion (current US$),NY.ADJ.DMIN.CD,0,Bangladesh
2013,Adjusted savings: mineral depletion (current US$),NY.ADJ.DMIN.CD,0,Bangladesh
2012,Adjusted savings: mineral depletion (current US$),NY.ADJ.DMIN.CD,0,Bangladesh
2011,Adjusted savings: mineral depletion (current US$),NY.ADJ.DMIN.CD,0,Bangladesh
2010,Adjusted savings: mineral depletion (current US$),NY.ADJ.DMIN.CD,0,Bangladesh
2009,Adjusted savings: mineral depletion (current US$),NY.ADJ.DMIN.CD,0,Bangladesh
2008,Adjusted savings: mineral depletion (current US$),NY.ADJ.DMIN.CD,0,Bangladesh
2007,Adjusted savings: mineral depletion (current US$),NY.ADJ.DMIN.CD,0,Bangladesh
2006,Adjusted savings: mineral depletion (current US$),NY.ADJ.DMIN.CD,0,Bangladesh
2005,Adjusted savings: mineral depletion (current US$),NY.ADJ.DMIN.CD,0,Bangladesh
2004,Adjusted savings: mineral depletion (current US$),NY.ADJ.DMIN.CD,0,Bangladesh
2003,Adjusted savings: mineral depletion (current US$),NY.ADJ.DMIN.CD,0,Bangladesh
2002,Adjusted savings: mineral depletion (current US$),NY.ADJ.DMIN.CD,0,Bangladesh
2001,Adjusted savings: mineral depletion (current US$),NY.ADJ.DMIN.CD,0,Bangladesh
2000,Adjusted savings: mineral depletion (current US$),NY.ADJ.DMIN.CD,0,Bangladesh
1999,Adjusted savings: mineral depletion (current US$),NY.ADJ.DMIN.CD,0,Bangladesh
1998,Adjusted savings: mineral depletion (current US$),NY.ADJ.DMIN.CD,0,Bangladesh
1997,Adjusted savings: mineral depletion (current US$),NY.ADJ.DMIN.CD,0,Bangladesh
1996,Adjusted savings: mineral depletion (current US$),NY.ADJ.DMIN.CD,0,Bangladesh
1995,Adjusted savings: mineral depletion (current US$),NY.ADJ.DMIN.CD,0,Bangladesh
1994,Adjusted savings: mineral depletion (current US$),NY.ADJ.DMIN.CD,0,Bangladesh
1993,Adjusted savings: mineral depletion (current US$),NY.ADJ.DMIN.CD,0,Bangladesh
1992,Adjusted savings: mineral depletion (current US$),NY.ADJ.DMIN.CD,0,Bangladesh
1991,Adjusted savings: mineral depletion (current US$),NY.ADJ.DMIN.CD,0,Bangladesh
1990,Adjusted savings: mineral depletion (current US$),NY.ADJ.DMIN.CD,0,Bangladesh
1989,Adjusted savings: mineral depletion (current US$),NY.ADJ.DMIN.CD,0,Bangladesh
1988,Adjusted savings: mineral depletion (current US$),NY.ADJ.DMIN.CD,0,Bangladesh
1987,Adjusted savings: mineral depletion (current US$),NY.ADJ.DMIN.CD,0,Bangladesh
1986,Adjusted savings: mineral depletion (current US$),NY.ADJ.DMIN.CD,0,Bangladesh
1985,Adjusted savings: mineral depletion (current US$),NY.ADJ.DMIN.CD,0,Bangladesh
1984,Adjusted savings: mineral depletion (current US$),NY.ADJ.DMIN.CD,0,Bangladesh
1983,Adjusted savings: mineral depletion (current US$),NY.ADJ.DMIN.CD,0,Bangladesh
1982,Adjusted savings: mineral depletion (current US$),NY.ADJ.DMIN.CD,0,Bangladesh
1981,Adjusted savings: mineral depletion (current US$),NY.ADJ.DMIN.CD,0,Bangladesh
1980,Adjusted savings: mineral depletion (current US$),NY.ADJ.DMIN.CD,0,Bangladesh
1979,Adjusted savings: mineral depletion (current US$),NY.ADJ.DMIN.CD,0,Bangladesh
1978,Adjusted savings: mineral depletion (current US$),NY.ADJ.DMIN.CD,0,Bangladesh
1977,Adjusted savings: mineral depletion (current US$),NY.ADJ.DMIN.CD,0,Bangladesh
1976,Adjusted savings: mineral depletion (current US$),NY.ADJ.DMIN.CD,0,Bangladesh
1975,Adjusted savings: mineral depletion (current US$),NY.ADJ.DMIN.CD,0,Bangladesh
1974,Adjusted savings: mineral depletion (current US$),NY.ADJ.DMIN.CD,0,Bangladesh
1973,Adjusted savings: mineral depletion (current US$),NY.ADJ.DMIN.CD,0,Bangladesh
1972,Adjusted savings: mineral depletion (current US$),NY.ADJ.DMIN.CD,0,Bangladesh
1971,Adjusted savings: mineral depletion (current US$),NY.ADJ.DMIN.CD,0,Bangladesh
1970,Adjusted savings: mineral depletion (current US$),NY.ADJ.DMIN.CD,0,Bangladesh
2021,Adjusted savings: mineral depletion (% of GNI),NY.ADJ.DMIN.GN.ZS,0,Bangladesh
2020,Adjusted savings: mineral depletion (% of GNI),NY.ADJ.DMIN.GN.ZS,0,Bangladesh
2019,Adjusted savings: mineral depletion (% of GNI),NY.ADJ.DMIN.GN.ZS,0,Bangladesh
2018,Adjusted savings: mineral depletion (% of GNI),NY.ADJ.DMIN.GN.ZS,0,Bangladesh
2017,Adjusted savings: mineral depletion (% of GNI),NY.ADJ.DMIN.GN.ZS,0,Bangladesh
2016,Adjusted savings: mineral depletion (% of GNI),NY.ADJ.DMIN.GN.ZS,0,Bangladesh
2015,Adjusted savings: mineral depletion (% of GNI),NY.ADJ.DMIN.GN.ZS,0,Bangladesh
2014,Adjusted savings: mineral depletion (% of GNI),NY.ADJ.DMIN.GN.ZS,0,Bangladesh
2013,Adjusted savings: mineral depletion (% of GNI),NY.ADJ.DMIN.GN.ZS,0,Bangladesh
2012,Adjusted savings: mineral depletion (% of GNI),NY.ADJ.DMIN.GN.ZS,0,Bangladesh
2011,Adjusted savings: mineral depletion (% of GNI),NY.ADJ.DMIN.GN.ZS,0,Bangladesh
2010,Adjusted savings: mineral depletion (% of GNI),NY.ADJ.DMIN.GN.ZS,0,Bangladesh
2009,Adjusted savings: mineral depletion (% of GNI),NY.ADJ.DMIN.GN.ZS,0,Bangladesh
2008,Adjusted savings: mineral depletion (% of GNI),NY.ADJ.DMIN.GN.ZS,0,Bangladesh
2007,Adjusted savings: mineral depletion (% of GNI),NY.ADJ.DMIN.GN.ZS,0,Bangladesh
2006,Adjusted savings: mineral depletion (% of GNI),NY.ADJ.DMIN.GN.ZS,0,Bangladesh
2005,Adjusted savings: mineral depletion (% of GNI),NY.ADJ.DMIN.GN.ZS,0,Bangladesh
2004,Adjusted savings: mineral depletion (% of GNI),NY.ADJ.DMIN.GN.ZS,0,Bangladesh
2003,Adjusted savings: mineral depletion (% of GNI),NY.ADJ.DMIN.GN.ZS,0,Bangladesh
2002,Adjusted savings: mineral depletion (% of GNI),NY.ADJ.DMIN.GN.ZS,0,Bangladesh
2001,Adjusted savings: mineral depletion (% of GNI),NY.ADJ.DMIN.GN.ZS,0,Bangladesh
2000,Adjusted savings: mineral depletion (% of GNI),NY.ADJ.DMIN.GN.ZS,0,Bangladesh
1999,Adjusted savings: mineral depletion (% of GNI),NY.ADJ.DMIN.GN.ZS,0,Bangladesh
1998,Adjusted savings: mineral depletion (% of GNI),NY.ADJ.DMIN.GN.ZS,0,Bangladesh
1997,Adjusted savings: mineral depletion (% of GNI),NY.ADJ.DMIN.GN.ZS,0,Bangladesh
1996,Adjusted savings: mineral depletion (% of GNI),NY.ADJ.DMIN.GN.ZS,0,Bangladesh
1995,Adjusted savings: mineral depletion (% of GNI),NY.ADJ.DMIN.GN.ZS,0,Bangladesh
1994,Adjusted savings: mineral depletion (% of GNI),NY.ADJ.DMIN.GN.ZS,0,Bangladesh
1993,Adjusted savings: mineral depletion (% of GNI),NY.ADJ.DMIN.GN.ZS,0,Bangladesh
1992,Adjusted savings: mineral depletion (% of GNI),NY.ADJ.DMIN.GN.ZS,0,Bangladesh
1991,Adjusted savings: mineral depletion (% of GNI),NY.ADJ.DMIN.GN.ZS,0,Bangladesh
1990,Adjusted savings: mineral depletion (% of GNI),NY.ADJ.DMIN.GN.ZS,0,Bangladesh
1989,Adjusted savings: mineral depletion (% of GNI),NY.ADJ.DMIN.GN.ZS,0,Bangladesh
1988,Adjusted savings: mineral depletion (% of GNI),NY.ADJ.DMIN.GN.ZS,0,Bangladesh
1987,Adjusted savings: mineral depletion (% of GNI),NY.ADJ.DMIN.GN.ZS,0,Bangladesh
1986,Adjusted savings: mineral depletion (% of GNI),NY.ADJ.DMIN.GN.ZS,0,Bangladesh
1985,Adjusted savings: mineral depletion (% of GNI),NY.ADJ.DMIN.GN.ZS,0,Bangladesh
1984,Adjusted savings: mineral depletion (% of GNI),NY.ADJ.DMIN.GN.ZS,0,Bangladesh
1983,Adjusted savings: mineral depletion (% of GNI),NY.ADJ.DMIN.GN.ZS,0,Bangladesh
1982,Adjusted savings: mineral depletion (% of GNI),NY.ADJ.DMIN.GN.ZS,0,Bangladesh
1981,Adjusted savings: mineral depletion (% of GNI),NY.ADJ.DMIN.GN.ZS,0,Bangladesh
1980,Adjusted savings: mineral depletion (% of GNI),NY.ADJ.DMIN.GN.ZS,0,Bangladesh
1979,Adjusted savings: mineral depletion (% of GNI),NY.ADJ.DMIN.GN.ZS,0,Bangladesh
1978,Adjusted savings: mineral depletion (% of GNI),NY.ADJ.DMIN.GN.ZS,0,Bangladesh
1977,Adjusted savings: mineral depletion (% of GNI),NY.ADJ.DMIN.GN.ZS,0,Bangladesh
1976,Adjusted savings: mineral depletion (% of GNI),NY.ADJ.DMIN.GN.ZS,0,Bangladesh
1975,Adjusted savings: mineral depletion (% of GNI),NY.ADJ.DMIN.GN.ZS,0,Bangladesh
1974,Adjusted savings: mineral depletion (% of GNI),NY.ADJ.DMIN.GN.ZS,0,Bangladesh
1973,Adjusted savings: mineral depletion (% of GNI),NY.ADJ.DMIN.GN.ZS,0,Bangladesh
2021,Adjusted savings: energy depletion (current US$),NY.ADJ.DNGY.CD,2036631102,Bangladesh
2020,Adjusted savings: energy depletion (current US$),NY.ADJ.DNGY.CD,1663475076,Bangladesh
2019,Adjusted savings: energy depletion (current US$),NY.ADJ.DNGY.CD,1846936436,Bangladesh
2018,Adjusted savings: energy depletion (current US$),NY.ADJ.DNGY.CD,1697737368,Bangladesh
2017,Adjusted savings: energy depletion (current US$),NY.ADJ.DNGY.CD,1495035556,Bangladesh
2016,Adjusted savings: energy depletion (current US$),NY.ADJ.DNGY.CD,1257211532,Bangladesh
2015,Adjusted savings: energy depletion (current US$),NY.ADJ.DNGY.CD,1173376785,Bangladesh
2014,Adjusted savings: energy depletion (current US$),NY.ADJ.DNGY.CD,1229560257,Bangladesh
2013,Adjusted savings: energy depletion (current US$),NY.ADJ.DNGY.CD,1157545057,Bangladesh
2012,Adjusted savings: energy depletion (current US$),NY.ADJ.DNGY.CD,1337680806,Bangladesh
2011,Adjusted savings: energy depletion (current US$),NY.ADJ.DNGY.CD,1172268733,Bangladesh
2010,Adjusted savings: energy depletion (current US$),NY.ADJ.DNGY.CD,881615016.2,Bangladesh
2009,Adjusted savings: energy depletion (current US$),NY.ADJ.DNGY.CD,700779976.5,Bangladesh
2008,Adjusted savings: energy depletion (current US$),NY.ADJ.DNGY.CD,629402940.9,Bangladesh
2007,Adjusted savings: energy depletion (current US$),NY.ADJ.DNGY.CD,517307264.8,Bangladesh
2006,Adjusted savings: energy depletion (current US$),NY.ADJ.DNGY.CD,658376128.4,Bangladesh
2005,Adjusted savings: energy depletion (current US$),NY.ADJ.DNGY.CD,517016851.1,Bangladesh
2004,Adjusted savings: energy depletion (current US$),NY.ADJ.DNGY.CD,400720211.8,Bangladesh
2003,Adjusted savings: energy depletion (current US$),NY.ADJ.DNGY.CD,322112372,Bangladesh
2002,Adjusted savings: energy depletion (current US$),NY.ADJ.DNGY.CD,317011607.9,Bangladesh
2001,Adjusted savings: energy depletion (current US$),NY.ADJ.DNGY.CD,234163573.9,Bangladesh
2000,Adjusted savings: energy depletion (current US$),NY.ADJ.DNGY.CD,217161410.1,Bangladesh
1999,Adjusted savings: energy depletion (current US$),NY.ADJ.DNGY.CD,120749264,Bangladesh
1998,Adjusted savings: energy depletion (current US$),NY.ADJ.DNGY.CD,87994696.93,Bangladesh
1997,Adjusted savings: energy depletion (current US$),NY.ADJ.DNGY.CD,74018378.13,Bangladesh
1996,Adjusted savings: energy depletion (current US$),NY.ADJ.DNGY.CD,79317318.66,Bangladesh
1995,Adjusted savings: energy depletion (current US$),NY.ADJ.DNGY.CD,68424970.47,Bangladesh
1994,Adjusted savings: energy depletion (current US$),NY.ADJ.DNGY.CD,50863895.25,Bangladesh
1993,Adjusted savings: energy depletion (current US$),NY.ADJ.DNGY.CD,39340126.48,Bangladesh
1992,Adjusted savings: energy depletion (current US$),NY.ADJ.DNGY.CD,32197842.51,Bangladesh
1991,Adjusted savings: energy depletion (current US$),NY.ADJ.DNGY.CD,13442090.78,Bangladesh
1990,Adjusted savings: energy depletion (current US$),NY.ADJ.DNGY.CD,19338756.33,Bangladesh
1989,Adjusted savings: energy depletion (current US$),NY.ADJ.DNGY.CD,12285957.92,Bangladesh
1988,Adjusted savings: energy depletion (current US$),NY.ADJ.DNGY.CD,10690012.48,Bangladesh
1987,Adjusted savings: energy depletion (current US$),NY.ADJ.DNGY.CD,11081558.13,Bangladesh
1986,Adjusted savings: energy depletion (current US$),NY.ADJ.DNGY.CD,8096469.662,Bangladesh
1985,Adjusted savings: energy depletion (current US$),NY.ADJ.DNGY.CD,4537024.9,Bangladesh
1984,Adjusted savings: energy depletion (current US$),NY.ADJ.DNGY.CD,3733531.301,Bangladesh
1983,Adjusted savings: energy depletion (current US$),NY.ADJ.DNGY.CD,3861663.584,Bangladesh
1982,Adjusted savings: energy depletion (current US$),NY.ADJ.DNGY.CD,585980.1476,Bangladesh
1981,Adjusted savings: energy depletion (current US$),NY.ADJ.DNGY.CD,1219334.533,Bangladesh
1980,Adjusted savings: energy depletion (current US$),NY.ADJ.DNGY.CD,3154524.054,Bangladesh
1979,Adjusted savings: energy depletion (current US$),NY.ADJ.DNGY.CD,1991726.082,Bangladesh
1978,Adjusted savings: energy depletion (current US$),NY.ADJ.DNGY.CD,1334927.202,Bangladesh
1977,Adjusted savings: energy depletion (current US$),NY.ADJ.DNGY.CD,1605303.264,Bangladesh
1976,Adjusted savings: energy depletion (current US$),NY.ADJ.DNGY.CD,1190469.3,Bangladesh
1975,Adjusted savings: energy depletion (current US$),NY.ADJ.DNGY.CD,758971.0083,Bangladesh
1974,Adjusted savings: energy depletion (current US$),NY.ADJ.DNGY.CD,845017.0548,Bangladesh
1973,Adjusted savings: energy depletion (current US$),NY.ADJ.DNGY.CD,321949.3563,Bangladesh
1972,Adjusted savings: energy depletion (current US$),NY.ADJ.DNGY.CD,183392.45,Bangladesh
1971,Adjusted savings: energy depletion (current US$),NY.ADJ.DNGY.CD,213045.0131,Bangladesh
1970,Adjusted savings: energy depletion (current US$),NY.ADJ.DNGY.CD,130885.7025,Bangladesh
2021,Adjusted savings: energy depletion (% of GNI),NY.ADJ.DNGY.GN.ZS,0.464798446,Bangladesh
2020,Adjusted savings: energy depletion (% of GNI),NY.ADJ.DNGY.GN.ZS,0.427212724,Bangladesh
2019,Adjusted savings: energy depletion (% of GNI),NY.ADJ.DNGY.GN.ZS,0.505144042,Bangladesh
2018,Adjusted savings: energy depletion (% of GNI),NY.ADJ.DNGY.GN.ZS,0.507953435,Bangladesh
2017,Adjusted savings: energy depletion (% of GNI),NY.ADJ.DNGY.GN.ZS,0.491954809,Bangladesh
2016,Adjusted savings: energy depletion (% of GNI),NY.ADJ.DNGY.GN.ZS,0.452783578,Bangladesh
2015,Adjusted savings: energy depletion (% of GNI),NY.ADJ.DNGY.GN.ZS,0.564822187,Bangladesh
2014,Adjusted savings: energy depletion (% of GNI),NY.ADJ.DNGY.GN.ZS,0.666762846,Bangladesh
2013,Adjusted savings: energy depletion (% of GNI),NY.ADJ.DNGY.GN.ZS,0.714295241,Bangladesh
2012,Adjusted savings: energy depletion (% of GNI),NY.ADJ.DNGY.GN.ZS,0.924824034,Bangladesh
2011,Adjusted savings: energy depletion (% of GNI),NY.ADJ.DNGY.GN.ZS,0.844432661,Bangladesh
2010,Adjusted savings: energy depletion (% of GNI),NY.ADJ.DNGY.GN.ZS,0.707459119,Bangladesh
2009,Adjusted savings: energy depletion (% of GNI),NY.ADJ.DNGY.GN.ZS,0.633601248,Bangladesh
2008,Adjusted savings: energy depletion (% of GNI),NY.ADJ.DNGY.GN.ZS,0.63779561,Bangladesh
2007,Adjusted savings: energy depletion (% of GNI),NY.ADJ.DNGY.GN.ZS,0.610609366,Bangladesh
2006,Adjusted savings: energy depletion (% of GNI),NY.ADJ.DNGY.GN.ZS,0.867766088,Bangladesh
2005,Adjusted savings: energy depletion (% of GNI),NY.ADJ.DNGY.GN.ZS,0.712923467,Bangladesh
2004,Adjusted savings: energy depletion (% of GNI),NY.ADJ.DNGY.GN.ZS,0.589941231,Bangladesh
2003,Adjusted savings: energy depletion (% of GNI),NY.ADJ.DNGY.GN.ZS,0.514687146,Bangladesh
2002,Adjusted savings: energy depletion (% of GNI),NY.ADJ.DNGY.GN.ZS,0.557059393,Bangladesh
2001,Adjusted savings: energy depletion (% of GNI),NY.ADJ.DNGY.GN.ZS,0.420932041,Bangladesh
2000,Adjusted savings: energy depletion (% of GNI),NY.ADJ.DNGY.GN.ZS,0.39410983,Bangladesh
1999,Adjusted savings: energy depletion (% of GNI),NY.ADJ.DNGY.GN.ZS,0.228512569,Bangladesh
1998,Adjusted savings: energy depletion (% of GNI),NY.ADJ.DNGY.GN.ZS,0.171143764,Bangladesh
1997,Adjusted savings: energy depletion (% of GNI),NY.ADJ.DNGY.GN.ZS,0.149190449,Bangladesh
1996,Adjusted savings: energy depletion (% of GNI),NY.ADJ.DNGY.GN.ZS,0.166459453,Bangladesh
1995,Adjusted savings: energy depletion (% of GNI),NY.ADJ.DNGY.GN.ZS,0.17501441,Bangladesh
1994,Adjusted savings: energy depletion (% of GNI),NY.ADJ.DNGY.GN.ZS,0.146057911,Bangladesh
1993,Adjusted savings: energy depletion (% of GNI),NY.ADJ.DNGY.GN.ZS,0.115471176,Bangladesh
1992,Adjusted savings: energy depletion (% of GNI),NY.ADJ.DNGY.GN.ZS,0.099135452,Bangladesh
1991,Adjusted savings: energy depletion (% of GNI),NY.ADJ.DNGY.GN.ZS,0.042513308,Bangladesh
1990,Adjusted savings: energy depletion (% of GNI),NY.ADJ.DNGY.GN.ZS,0.059994798,Bangladesh
1989,Adjusted savings: energy depletion (% of GNI),NY.ADJ.DNGY.GN.ZS,0.041762596,Bangladesh
1988,Adjusted savings: energy depletion (% of GNI),NY.ADJ.DNGY.GN.ZS,0.039324223,Bangladesh
1987,Adjusted savings: energy depletion (% of GNI),NY.ADJ.DNGY.GN.ZS,0.044563425,Bangladesh
1986,Adjusted savings: energy depletion (% of GNI),NY.ADJ.DNGY.GN.ZS,0.036467025,Bangladesh
1985,Adjusted savings: energy depletion (% of GNI),NY.ADJ.DNGY.GN.ZS,0.020026288,Bangladesh
1984,Adjusted savings: energy depletion (% of GNI),NY.ADJ.DNGY.GN.ZS,0.019192652,Bangladesh
1983,Adjusted savings: energy depletion (% of GNI),NY.ADJ.DNGY.GN.ZS,0.021308105,Bangladesh
1982,Adjusted savings: energy depletion (% of GNI),NY.ADJ.DNGY.GN.ZS,0.003109117,Bangladesh
1981,Adjusted savings: energy depletion (% of GNI),NY.ADJ.DNGY.GN.ZS,0.005921756,Bangladesh
1980,Adjusted savings: energy depletion (% of GNI),NY.ADJ.DNGY.GN.ZS,0.017373653,Bangladesh
1979,Adjusted savings: energy depletion (% of GNI),NY.ADJ.DNGY.GN.ZS,0.012820302,Bangladesh
1978,Adjusted savings: energy depletion (% of GNI),NY.ADJ.DNGY.GN.ZS,0.010083884,Bangladesh
1977,Adjusted savings: energy depletion (% of GNI),NY.ADJ.DNGY.GN.ZS,0.016706498,Bangladesh
1976,Adjusted savings: energy depletion (% of GNI),NY.ADJ.DNGY.GN.ZS,0.011780646,Bangladesh
1975,Adjusted savings: energy depletion (% of GNI),NY.ADJ.DNGY.GN.ZS,0.003904188,Bangladesh
1974,Adjusted savings: energy depletion (% of GNI),NY.ADJ.DNGY.GN.ZS,0.006747796,Bangladesh
1973,Adjusted savings: energy depletion (% of GNI),NY.ADJ.DNGY.GN.ZS,0.003970735,Bangladesh
2021,Adjusted savings: particulate emission damage (current US$),NY.ADJ.DPEM.CD,2693721184,Bangladesh
2020,Adjusted savings: particulate emission damage (current US$),NY.ADJ.DPEM.CD,2583111683,Bangladesh
2019,Adjusted savings: particulate emission damage (current US$),NY.ADJ.DPEM.CD,2505868719,Bangladesh
2018,Adjusted savings: particulate emission damage (current US$),NY.ADJ.DPEM.CD,2458195241,Bangladesh
2017,Adjusted savings: particulate emission damage (current US$),NY.ADJ.DPEM.CD,2407487502,Bangladesh
2016,Adjusted savings: particulate emission damage (current US$),NY.ADJ.DPEM.CD,2365846031,Bangladesh
2015,Adjusted savings: particulate emission damage (current US$),NY.ADJ.DPEM.CD,1872668308,Bangladesh
2014,Adjusted savings: particulate emission damage (current US$),NY.ADJ.DPEM.CD,1783842478,Bangladesh
2013,Adjusted savings: particulate emission damage (current US$),NY.ADJ.DPEM.CD,1678145010,Bangladesh
2012,Adjusted savings: particulate emission damage (current US$),NY.ADJ.DPEM.CD,1614002582,Bangladesh
2011,Adjusted savings: particulate emission damage (current US$),NY.ADJ.DPEM.CD,1666114664,Bangladesh
2010,Adjusted savings: particulate emission damage (current US$),NY.ADJ.DPEM.CD,1593100531,Bangladesh
2009,Adjusted savings: particulate emission damage (current US$),NY.ADJ.DPEM.CD,1482390188,Bangladesh
2008,Adjusted savings: particulate emission damage (current US$),NY.ADJ.DPEM.CD,1380979879,Bangladesh
2007,Adjusted savings: particulate emission damage (current US$),NY.ADJ.DPEM.CD,1273127760,Bangladesh
2006,Adjusted savings: particulate emission damage (current US$),NY.ADJ.DPEM.CD,1222135239,Bangladesh
2005,Adjusted savings: particulate emission damage (current US$),NY.ADJ.DPEM.CD,1260736349,Bangladesh
2004,Adjusted savings: particulate emission damage (current US$),NY.ADJ.DPEM.CD,1260825431,Bangladesh
2003,Adjusted savings: particulate emission damage (current US$),NY.ADJ.DPEM.CD,1237946783,Bangladesh
2002,Adjusted savings: particulate emission damage (current US$),NY.ADJ.DPEM.CD,1195455943,Bangladesh
2001,Adjusted savings: particulate emission damage (current US$),NY.ADJ.DPEM.CD,1242546537,Bangladesh
2000,Adjusted savings: particulate emission damage (current US$),NY.ADJ.DPEM.CD,1316105533,Bangladesh
1999,Adjusted savings: particulate emission damage (current US$),NY.ADJ.DPEM.CD,1343098917,Bangladesh
1998,Adjusted savings: particulate emission damage (current US$),NY.ADJ.DPEM.CD,1401151520,Bangladesh
1997,Adjusted savings: particulate emission damage (current US$),NY.ADJ.DPEM.CD,1458831415,Bangladesh
1996,Adjusted savings: particulate emission damage (current US$),NY.ADJ.DPEM.CD,1486319586,Bangladesh
1995,Adjusted savings: particulate emission damage (current US$),NY.ADJ.DPEM.CD,1270701589,Bangladesh
1994,Adjusted savings: particulate emission damage (current US$),NY.ADJ.DPEM.CD,1182583587,Bangladesh
1993,Adjusted savings: particulate emission damage (current US$),NY.ADJ.DPEM.CD,1223575262,Bangladesh
1992,Adjusted savings: particulate emission damage (current US$),NY.ADJ.DPEM.CD,1240212313,Bangladesh
1991,Adjusted savings: particulate emission damage (current US$),NY.ADJ.DPEM.CD,1243480250,Bangladesh
1990,Adjusted savings: particulate emission damage (current US$),NY.ADJ.DPEM.CD,1384521801,Bangladesh
2021,Adjusted savings: particulate emission damage (% of GNI),NY.ADJ.DPEM.GN.ZS,0.61475906,Bangladesh
2020,Adjusted savings: particulate emission damage (% of GNI),NY.ADJ.DPEM.GN.ZS,0.663393274,Bangladesh
2019,Adjusted savings: particulate emission damage (% of GNI),NY.ADJ.DPEM.GN.ZS,0.685364493,Bangladesh
2018,Adjusted savings: particulate emission damage (% of GNI),NY.ADJ.DPEM.GN.ZS,0.735478137,Bangladesh
2017,Adjusted savings: particulate emission damage (% of GNI),NY.ADJ.DPEM.GN.ZS,0.792205275,Bangladesh
2016,Adjusted savings: particulate emission damage (% of GNI),NY.ADJ.DPEM.GN.ZS,0.852057274,Bangladesh
2015,Adjusted savings: particulate emission damage (% of GNI),NY.ADJ.DPEM.GN.ZS,0.901436455,Bangladesh
2014,Adjusted savings: particulate emission damage (% of GNI),NY.ADJ.DPEM.GN.ZS,0.967337616,Bangladesh
2013,Adjusted savings: particulate emission damage (% of GNI),NY.ADJ.DPEM.GN.ZS,1.035545862,Bangladesh
2012,Adjusted savings: particulate emission damage (% of GNI),NY.ADJ.DPEM.GN.ZS,1.115862896,Bangladesh
2011,Adjusted savings: particulate emission damage (% of GNI),NY.ADJ.DPEM.GN.ZS,1.200169893,Bangladesh
2010,Adjusted savings: particulate emission damage (% of GNI),NY.ADJ.DPEM.GN.ZS,1.278396441,Bangladesh
2009,Adjusted savings: particulate emission damage (% of GNI),NY.ADJ.DPEM.GN.ZS,1.340284119,Bangladesh
2008,Adjusted savings: particulate emission damage (% of GNI),NY.ADJ.DPEM.GN.ZS,1.399394325,Bangladesh
2007,Adjusted savings: particulate emission damage (% of GNI),NY.ADJ.DPEM.GN.ZS,1.502750468,Bangladesh
2006,Adjusted savings: particulate emission damage (% of GNI),NY.ADJ.DPEM.GN.ZS,1.610823159,Bangladesh
2005,Adjusted savings: particulate emission damage (% of GNI),NY.ADJ.DPEM.GN.ZS,1.73845113,Bangladesh
2004,Adjusted savings: particulate emission damage (% of GNI),NY.ADJ.DPEM.GN.ZS,1.856190143,Bangladesh
2003,Adjusted savings: particulate emission damage (% of GNI),NY.ADJ.DPEM.GN.ZS,1.978052852,Bangladesh
2002,Adjusted savings: particulate emission damage (% of GNI),NY.ADJ.DPEM.GN.ZS,2.100680056,Bangladesh
2001,Adjusted savings: particulate emission damage (% of GNI),NY.ADJ.DPEM.GN.ZS,2.233599535,Bangladesh
2000,Adjusted savings: particulate emission damage (% of GNI),NY.ADJ.DPEM.GN.ZS,2.388500462,Bangladesh
1999,Adjusted savings: particulate emission damage (% of GNI),NY.ADJ.DPEM.GN.ZS,2.541754493,Bangladesh
1998,Adjusted savings: particulate emission damage (% of GNI),NY.ADJ.DPEM.GN.ZS,2.725145411,Bangladesh
1997,Adjusted savings: particulate emission damage (% of GNI),NY.ADJ.DPEM.GN.ZS,2.940401014,Bangladesh
1996,Adjusted savings: particulate emission damage (% of GNI),NY.ADJ.DPEM.GN.ZS,3.119267631,Bangladesh
1995,Adjusted savings: particulate emission damage (% of GNI),NY.ADJ.DPEM.GN.ZS,3.250145201,Bangladesh
1994,Adjusted savings: particulate emission damage (% of GNI),NY.ADJ.DPEM.GN.ZS,3.395840742,Bangladesh
1993,Adjusted savings: particulate emission damage (% of GNI),NY.ADJ.DPEM.GN.ZS,3.591439253,Bangladesh
1992,Adjusted savings: particulate emission damage (% of GNI),NY.ADJ.DPEM.GN.ZS,3.81854804,Bangladesh
1991,Adjusted savings: particulate emission damage (% of GNI),NY.ADJ.DPEM.GN.ZS,3.932755656,Bangladesh
1990,Adjusted savings: particulate emission damage (% of GNI),NY.ADJ.DPEM.GN.ZS,4.295214424,Bangladesh
2021,Adjusted savings: gross savings (% of GNI),NY.ADJ.ICTR.GN.ZS,34.24794362,Bangladesh
2020,Adjusted savings: gross savings (% of GNI),NY.ADJ.ICTR.GN.ZS,35.71191462,Bangladesh
2019,Adjusted savings: gross savings (% of GNI),NY.ADJ.ICTR.GN.ZS,34.92299947,Bangladesh
2018,Adjusted savings: gross savings (% of GNI),NY.ADJ.ICTR.GN.ZS,34.09532089,Bangladesh
2017,Adjusted savings: gross savings (% of GNI),NY.ADJ.ICTR.GN.ZS,34.10724346,Bangladesh
2016,Adjusted savings: gross savings (% of GNI),NY.ADJ.ICTR.GN.ZS,35.61162831,Bangladesh
2015,Adjusted savings: gross savings (% of GNI),NY.ADJ.ICTR.GN.ZS,34.49447684,Bangladesh
2014,Adjusted savings: gross savings (% of GNI),NY.ADJ.ICTR.GN.ZS,35.41880081,Bangladesh
2013,Adjusted savings: gross savings (% of GNI),NY.ADJ.ICTR.GN.ZS,36.78715404,Bangladesh
2012,Adjusted savings: gross savings (% of GNI),NY.ADJ.ICTR.GN.ZS,37.42833402,Bangladesh
2011,Adjusted savings: gross savings (% of GNI),NY.ADJ.ICTR.GN.ZS,35.26502175,Bangladesh
2010,Adjusted savings: gross savings (% of GNI),NY.ADJ.ICTR.GN.ZS,35.87543213,Bangladesh
2009,Adjusted savings: gross savings (% of GNI),NY.ADJ.ICTR.GN.ZS,36.11292658,Bangladesh
2008,Adjusted savings: gross savings (% of GNI),NY.ADJ.ICTR.GN.ZS,34.71084821,Bangladesh
2007,Adjusted savings: gross savings (% of GNI),NY.ADJ.ICTR.GN.ZS,34.12777478,Bangladesh
2006,Adjusted savings: gross savings (% of GNI),NY.ADJ.ICTR.GN.ZS,33.45157914,Bangladesh
2005,Adjusted savings: gross savings (% of GNI),NY.ADJ.ICTR.GN.ZS,30.98923031,Bangladesh
2004,Adjusted savings: gross savings (% of GNI),NY.ADJ.ICTR.GN.ZS,30.26787033,Bangladesh
2003,Adjusted savings: gross savings (% of GNI),NY.ADJ.ICTR.GN.ZS,28.99569589,Bangladesh
2002,Adjusted savings: gross savings (% of GNI),NY.ADJ.ICTR.GN.ZS,29.56911363,Bangladesh
2001,Adjusted savings: gross savings (% of GNI),NY.ADJ.ICTR.GN.ZS,27.58515465,Bangladesh
2000,Adjusted savings: gross savings (% of GNI),NY.ADJ.ICTR.GN.ZS,26.92372616,Bangladesh
1999,Adjusted savings: gross savings (% of GNI),NY.ADJ.ICTR.GN.ZS,25.86742434,Bangladesh
1998,Adjusted savings: gross savings (% of GNI),NY.ADJ.ICTR.GN.ZS,25.11499074,Bangladesh
1997,Adjusted savings: gross savings (% of GNI),NY.ADJ.ICTR.GN.ZS,23.72425022,Bangladesh
1996,Adjusted savings: gross savings (% of GNI),NY.ADJ.ICTR.GN.ZS,22.5506567,Bangladesh
1995,Adjusted savings: gross savings (% of GNI),NY.ADJ.ICTR.GN.ZS,21.49076952,Bangladesh
1994,Adjusted savings: gross savings (% of GNI),NY.ADJ.ICTR.GN.ZS,21.73751522,Bangladesh
1993,Adjusted savings: gross savings (% of GNI),NY.ADJ.ICTR.GN.ZS,20.34740363,Bangladesh
1992,Adjusted savings: gross savings (% of GNI),NY.ADJ.ICTR.GN.ZS,21.47273402,Bangladesh
1991,Adjusted savings: gross savings (% of GNI),NY.ADJ.ICTR.GN.ZS,22.0887245,Bangladesh
1990,Adjusted savings: gross savings (% of GNI),NY.ADJ.ICTR.GN.ZS,22.57032847,Bangladesh
1989,Adjusted savings: gross savings (% of GNI),NY.ADJ.ICTR.GN.ZS,21.8624179,Bangladesh
1988,Adjusted savings: gross savings (% of GNI),NY.ADJ.ICTR.GN.ZS,21.70167957,Bangladesh
1987,Adjusted savings: gross savings (% of GNI),NY.ADJ.ICTR.GN.ZS,22.10775611,Bangladesh
1986,Adjusted savings: gross savings (% of GNI),NY.ADJ.ICTR.GN.ZS,22.33686453,Bangladesh
1985,Adjusted savings: gross savings (% of GNI),NY.ADJ.ICTR.GN.ZS,21.16225474,Bangladesh
1984,Adjusted savings: gross savings (% of GNI),NY.ADJ.ICTR.GN.ZS,15.84918956,Bangladesh
1983,Adjusted savings: gross savings (% of GNI),NY.ADJ.ICTR.GN.ZS,22.44448359,Bangladesh
1982,Adjusted savings: gross savings (% of GNI),NY.ADJ.ICTR.GN.ZS,23.12680669,Bangladesh
1981,Adjusted savings: gross savings (% of GNI),NY.ADJ.ICTR.GN.ZS,20.79296686,Bangladesh
1980,Adjusted savings: gross savings (% of GNI),NY.ADJ.ICTR.GN.ZS,8.324260818,Bangladesh
1979,Adjusted savings: gross savings (% of GNI),NY.ADJ.ICTR.GN.ZS,7.089837298,Bangladesh
1978,Adjusted savings: gross savings (% of GNI),NY.ADJ.ICTR.GN.ZS,5.723206373,Bangladesh
1977,Adjusted savings: gross savings (% of GNI),NY.ADJ.ICTR.GN.ZS,10.0841137,Bangladesh
1976,Adjusted savings: gross savings (% of GNI),NY.ADJ.ICTR.GN.ZS,-0.84188991,Bangladesh
2021,Adjusted savings: net national savings (current US$),NY.ADJ.NNAT.CD,1.45E+11,Bangladesh
2020,Adjusted savings: net national savings (current US$),NY.ADJ.NNAT.CD,1.35E+11,Bangladesh
2019,Adjusted savings: net national savings (current US$),NY.ADJ.NNAT.CD,1.25E+11,Bangladesh
2018,Adjusted savings: net national savings (current US$),NY.ADJ.NNAT.CD,87428639916,Bangladesh
2017,Adjusted savings: net national savings (current US$),NY.ADJ.NNAT.CD,79331308185,Bangladesh
2016,Adjusted savings: net national savings (current US$),NY.ADJ.NNAT.CD,77161387381,Bangladesh
2015,Adjusted savings: net national savings (current US$),NY.ADJ.NNAT.CD,55831301203,Bangladesh
2014,Adjusted savings: net national savings (current US$),NY.ADJ.NNAT.CD,51323393539,Bangladesh
2013,Adjusted savings: net national savings (current US$),NY.ADJ.NNAT.CD,47660553389,Bangladesh
2012,Adjusted savings: net national savings (current US$),NY.ADJ.NNAT.CD,43600108020,Bangladesh
2011,Adjusted savings: net national savings (current US$),NY.ADJ.NNAT.CD,38716298657,Bangladesh
2010,Adjusted savings: net national savings (current US$),NY.ADJ.NNAT.CD,35490597750,Bangladesh
2009,Adjusted savings: net national savings (current US$),NY.ADJ.NNAT.CD,31676103872,Bangladesh
2008,Adjusted savings: net national savings (current US$),NY.ADJ.NNAT.CD,26917677132,Bangladesh
2007,Adjusted savings: net national savings (current US$),NY.ADJ.NNAT.CD,22437843075,Bangladesh
2006,Adjusted savings: net national savings (current US$),NY.ADJ.NNAT.CD,19489014029,Bangladesh
2005,Adjusted savings: net national savings (current US$),NY.ADJ.NNAT.CD,17327007131,Bangladesh
2004,Adjusted savings: net national savings (current US$),NY.ADJ.NNAT.CD,15712134171,Bangladesh
2003,Adjusted savings: net national savings (current US$),NY.ADJ.NNAT.CD,13607105645,Bangladesh
2002,Adjusted savings: net national savings (current US$),NY.ADJ.NNAT.CD,12677222986,Bangladesh
2001,Adjusted savings: net national savings (current US$),NY.ADJ.NNAT.CD,11214312917,Bangladesh
2000,Adjusted savings: net national savings (current US$),NY.ADJ.NNAT.CD,10817883396,Bangladesh
1999,Adjusted savings: net national savings (current US$),NY.ADJ.NNAT.CD,9757816546,Bangladesh
1998,Adjusted savings: net national savings (current US$),NY.ADJ.NNAT.CD,9091735506,Bangladesh
1997,Adjusted savings: net national savings (current US$),NY.ADJ.NNAT.CD,8127185686,Bangladesh
1996,Adjusted savings: net national savings (current US$),NY.ADJ.NNAT.CD,7211430301,Bangladesh
1995,Adjusted savings: net national savings (current US$),NY.ADJ.NNAT.CD,5546652134,Bangladesh
1994,Adjusted savings: net national savings (current US$),NY.ADJ.NNAT.CD,5007547915,Bangladesh
1993,Adjusted savings: net national savings (current US$),NY.ADJ.NNAT.CD,4426259201,Bangladesh
1992,Adjusted savings: net national savings (current US$),NY.ADJ.NNAT.CD,4577017757,Bangladesh
1991,Adjusted savings: net national savings (current US$),NY.ADJ.NNAT.CD,4680206575,Bangladesh
1990,Adjusted savings: net national savings (current US$),NY.ADJ.NNAT.CD,4913012519,Bangladesh
1989,Adjusted savings: net national savings (current US$),NY.ADJ.NNAT.CD,4288973099,Bangladesh
1988,Adjusted savings: net national savings (current US$),NY.ADJ.NNAT.CD,3914001020,Bangladesh
1987,Adjusted savings: net national savings (current US$),NY.ADJ.NNAT.CD,3729154824,Bangladesh
1986,Adjusted savings: net national savings (current US$),NY.ADJ.NNAT.CD,3390044063,Bangladesh
1985,Adjusted savings: net national savings (current US$),NY.ADJ.NNAT.CD,3162993032,Bangladesh
1984,Adjusted savings: net national savings (current US$),NY.ADJ.NNAT.CD,1702413869,Bangladesh
1983,Adjusted savings: net national savings (current US$),NY.ADJ.NNAT.CD,2779585619,Bangladesh
1982,Adjusted savings: net national savings (current US$),NY.ADJ.NNAT.CD,3025999637,Bangladesh
1981,Adjusted savings: net national savings (current US$),NY.ADJ.NNAT.CD,2779294485,Bangladesh
1980,Adjusted savings: net national savings (current US$),NY.ADJ.NNAT.CD,151033191.8,Bangladesh
1979,Adjusted savings: net national savings (current US$),NY.ADJ.NNAT.CD,-71388084.19,Bangladesh
1978,Adjusted savings: net national savings (current US$),NY.ADJ.NNAT.CD,-223868715.3,Bangladesh
1977,Adjusted savings: net national savings (current US$),NY.ADJ.NNAT.CD,250476235.5,Bangladesh
1976,Adjusted savings: net national savings (current US$),NY.ADJ.NNAT.CD,-865657752.8,Bangladesh
2021,Adjusted savings: net national savings (% of GNI),NY.ADJ.NNAT.GN.ZS,33.02223741,Bangladesh
2020,Adjusted savings: net national savings (% of GNI),NY.ADJ.NNAT.GN.ZS,34.69596865,Bangladesh
2019,Adjusted savings: net national savings (% of GNI),NY.ADJ.NNAT.GN.ZS,34.12971908,Bangladesh
2018,Adjusted savings: net national savings (% of GNI),NY.ADJ.NNAT.GN.ZS,26.15815544,Bangladesh
2017,Adjusted savings: net national savings (% of GNI),NY.ADJ.NNAT.GN.ZS,26.10467583,Bangladesh
2016,Adjusted savings: net national savings (% of GNI),NY.ADJ.NNAT.GN.ZS,27.78960275,Bangladesh
2015,Adjusted savings: net national savings (% of GNI),NY.ADJ.NNAT.GN.ZS,26.87521864,Bangladesh
2014,Adjusted savings: net national savings (% of GNI),NY.ADJ.NNAT.GN.ZS,27.83152085,Bangladesh
2013,Adjusted savings: net national savings (% of GNI),NY.ADJ.NNAT.GN.ZS,29.41026464,Bangladesh
2012,Adjusted savings: net national savings (% of GNI),NY.ADJ.NNAT.GN.ZS,30.14353468,Bangladesh
2011,Adjusted savings: net national savings (% of GNI),NY.ADJ.NNAT.GN.ZS,27.88891846,Bangladesh
2010,Adjusted savings: net national savings (% of GNI),NY.ADJ.NNAT.GN.ZS,28.47971798,Bangladesh
2009,Adjusted savings: net national savings (% of GNI),NY.ADJ.NNAT.GN.ZS,28.63954397,Bangladesh
2008,Adjusted savings: net national savings (% of GNI),NY.ADJ.NNAT.GN.ZS,27.27660642,Bangladesh
2007,Adjusted savings: net national savings (% of GNI),NY.ADJ.NNAT.GN.ZS,26.48475688,Bangladesh
2006,Adjusted savings: net national savings (% of GNI),NY.ADJ.NNAT.GN.ZS,25.68730051,Bangladesh
2005,Adjusted savings: net national savings (% of GNI),NY.ADJ.NNAT.GN.ZS,23.89250944,Bangladesh
2004,Adjusted savings: net national savings (% of GNI),NY.ADJ.NNAT.GN.ZS,23.1314406,Bangladesh
2003,Adjusted savings: net national savings (% of GNI),NY.ADJ.NNAT.GN.ZS,21.74210918,Bangladesh
2002,Adjusted savings: net national savings (% of GNI),NY.ADJ.NNAT.GN.ZS,22.27668,Bangladesh
2001,Adjusted savings: net national savings (% of GNI),NY.ADJ.NNAT.GN.ZS,20.15882977,Bangladesh
2000,Adjusted savings: net national savings (% of GNI),NY.ADJ.NNAT.GN.ZS,19.63255897,Bangladesh
1999,Adjusted savings: net national savings (% of GNI),NY.ADJ.NNAT.GN.ZS,18.4662304,Bangladesh
1998,Adjusted savings: net national savings (% of GNI),NY.ADJ.NNAT.GN.ZS,17.68281369,Bangladesh
1997,Adjusted savings: net national savings (% of GNI),NY.ADJ.NNAT.GN.ZS,16.38104635,Bangladesh
1996,Adjusted savings: net national savings (% of GNI),NY.ADJ.NNAT.GN.ZS,15.13428291,Bangladesh
1995,Adjusted savings: net national savings (% of GNI),NY.ADJ.NNAT.GN.ZS,14.18698534,Bangladesh
1994,Adjusted savings: net national savings (% of GNI),NY.ADJ.NNAT.GN.ZS,14.37939391,Bangladesh
1993,Adjusted savings: net national savings (% of GNI),NY.ADJ.NNAT.GN.ZS,12.99196014,Bangladesh
1992,Adjusted savings: net national savings (% of GNI),NY.ADJ.NNAT.GN.ZS,14.09239531,Bangladesh
1991,Adjusted savings: net national savings (% of GNI),NY.ADJ.NNAT.GN.ZS,14.80209186,Bangladesh
1990,Adjusted savings: net national savings (% of GNI),NY.ADJ.NNAT.GN.ZS,15.24168289,Bangladesh
1989,Adjusted savings: net national savings (% of GNI),NY.ADJ.NNAT.GN.ZS,14.57913602,Bangladesh
1988,Adjusted savings: net national savings (% of GNI),NY.ADJ.NNAT.GN.ZS,14.39802332,Bangladesh
1987,Adjusted savings: net national savings (% of GNI),NY.ADJ.NNAT.GN.ZS,14.99643905,Bangladesh
1986,Adjusted savings: net national savings (% of GNI),NY.ADJ.NNAT.GN.ZS,15.26897854,Bangladesh
1985,Adjusted savings: net national savings (% of GNI),NY.ADJ.NNAT.GN.ZS,13.9613538,Bangladesh
1984,Adjusted savings: net national savings (% of GNI),NY.ADJ.NNAT.GN.ZS,8.751456691,Bangladesh
1983,Adjusted savings: net national savings (% of GNI),NY.ADJ.NNAT.GN.ZS,15.33735429,Bangladesh
1982,Adjusted savings: net national savings (% of GNI),NY.ADJ.NNAT.GN.ZS,16.05547111,Bangladesh
1981,Adjusted savings: net national savings (% of GNI),NY.ADJ.NNAT.GN.ZS,13.49777588,Bangladesh
1980,Adjusted savings: net national savings (% of GNI),NY.ADJ.NNAT.GN.ZS,0.831820664,Bangladesh
1979,Adjusted savings: net national savings (% of GNI),NY.ADJ.NNAT.GN.ZS,-0.459509365,Bangladesh
1978,Adjusted savings: net national savings (% of GNI),NY.ADJ.NNAT.GN.ZS,-1.6910781,Bangladesh
1977,Adjusted savings: net national savings (% of GNI),NY.ADJ.NNAT.GN.ZS,2.606722869,Bangladesh
1976,Adjusted savings: net national savings (% of GNI),NY.ADJ.NNAT.GN.ZS,-8.5663762,Bangladesh
2021,"Adjusted net savings, including particulate emission damage (current US$)",NY.ADJ.SVNG.CD,1.41E+11,Bangladesh
2020,"Adjusted net savings, including particulate emission damage (current US$)",NY.ADJ.SVNG.CD,1.32E+11,Bangladesh
2019,"Adjusted net savings, including particulate emission damage (current US$)",NY.ADJ.SVNG.CD,1.21E+11,Bangladesh
2018,"Adjusted net savings, including particulate emission damage (current US$)",NY.ADJ.SVNG.CD,84803301379,Bangladesh
2017,"Adjusted net savings, including particulate emission damage (current US$)",NY.ADJ.SVNG.CD,77109569123,Bangladesh
2016,"Adjusted net savings, including particulate emission damage (current US$)",NY.ADJ.SVNG.CD,75443593239,Bangladesh
2015,"Adjusted net savings, including particulate emission damage (current US$)",NY.ADJ.SVNG.CD,53678142830,Bangladesh
2014,"Adjusted net savings, including particulate emission damage (current US$)",NY.ADJ.SVNG.CD,49237034878,Bangladesh
2013,"Adjusted net savings, including particulate emission damage (current US$)",NY.ADJ.SVNG.CD,45573163465,Bangladesh
2012,"Adjusted net savings, including particulate emission damage (current US$)",NY.ADJ.SVNG.CD,41176128386,Bangladesh
2011,"Adjusted net savings, including particulate emission damage (current US$)",NY.ADJ.SVNG.CD,36533295392,Bangladesh
2010,"Adjusted net savings, including particulate emission damage (current US$)",NY.ADJ.SVNG.CD,33360170042,Bangladesh
2009,"Adjusted net savings, including particulate emission damage (current US$)",NY.ADJ.SVNG.CD,29783316230,Bangladesh
2008,"Adjusted net savings, including particulate emission damage (current US$)",NY.ADJ.SVNG.CD,25238577824,Bangladesh
2007,"Adjusted net savings, including particulate emission damage (current US$)",NY.ADJ.SVNG.CD,20922792943,Bangladesh
2006,"Adjusted net savings, including particulate emission damage (current US$)",NY.ADJ.SVNG.CD,17790569036,Bangladesh
2005,"Adjusted net savings, including particulate emission damage (current US$)",NY.ADJ.SVNG.CD,15793496689,Bangladesh
2004,"Adjusted net savings, including particulate emission damage (current US$)",NY.ADJ.SVNG.CD,14265009205,Bangladesh
2003,"Adjusted net savings, including particulate emission damage (current US$)",NY.ADJ.SVNG.CD,12380299127,Bangladesh
2002,"Adjusted net savings, including particulate emission damage (current US$)",NY.ADJ.SVNG.CD,11220829416,Bangladesh
2001,"Adjusted net savings, including particulate emission damage (current US$)",NY.ADJ.SVNG.CD,9854024042,Bangladesh
2000,"Adjusted net savings, including particulate emission damage (current US$)",NY.ADJ.SVNG.CD,9480788730,Bangladesh
1999,"Adjusted net savings, including particulate emission damage (current US$)",NY.ADJ.SVNG.CD,8523951169,Bangladesh
1998,"Adjusted net savings, including particulate emission damage (current US$)",NY.ADJ.SVNG.CD,7934108100,Bangladesh
1997,"Adjusted net savings, including particulate emission damage (current US$)",NY.ADJ.SVNG.CD,6817854828,Bangladesh
1996,"Adjusted net savings, including particulate emission damage (current US$)",NY.ADJ.SVNG.CD,5875062614,Bangladesh
1995,"Adjusted net savings, including particulate emission damage (current US$)",NY.ADJ.SVNG.CD,4351503678,Bangladesh
1994,"Adjusted net savings, including particulate emission damage (current US$)",NY.ADJ.SVNG.CD,3941696180,Bangladesh
1993,"Adjusted net savings, including particulate emission damage (current US$)",NY.ADJ.SVNG.CD,3318856884,Bangladesh
1992,"Adjusted net savings, including particulate emission damage (current US$)",NY.ADJ.SVNG.CD,3400574115,Bangladesh
1991,"Adjusted net savings, including particulate emission damage (current US$)",NY.ADJ.SVNG.CD,3498498145,Bangladesh
1990,"Adjusted net savings, including particulate emission damage (current US$)",NY.ADJ.SVNG.CD,3622935129,Bangladesh
2021,"Adjusted net savings, including particulate emission damage (% of GNI)",NY.ADJ.SVNG.GN.ZS,32.18357061,Bangladesh
2020,"Adjusted net savings, including particulate emission damage (% of GNI)",NY.ADJ.SVNG.GN.ZS,33.85606576,Bangladesh
2019,"Adjusted net savings, including particulate emission damage (% of GNI)",NY.ADJ.SVNG.GN.ZS,33.20417135,Bangladesh
2018,"Adjusted net savings, including particulate emission damage (% of GNI)",NY.ADJ.SVNG.GN.ZS,25.37266897,Bangladesh
2017,"Adjusted net savings, including particulate emission damage (% of GNI)",NY.ADJ.SVNG.GN.ZS,25.37359274,Bangladesh
2016,"Adjusted net savings, including particulate emission damage (% of GNI)",NY.ADJ.SVNG.GN.ZS,27.17094077,Bangladesh
2015,"Adjusted net savings, including particulate emission damage (% of GNI)",NY.ADJ.SVNG.GN.ZS,25.83876416,Bangladesh
2014,"Adjusted net savings, including particulate emission damage (% of GNI)",NY.ADJ.SVNG.GN.ZS,26.70013552,Bangladesh
2013,"Adjusted net savings, including particulate emission damage (% of GNI)",NY.ADJ.SVNG.GN.ZS,28.12218287,Bangladesh
2012,"Adjusted net savings, including particulate emission damage (% of GNI)",NY.ADJ.SVNG.GN.ZS,28.467683,Bangladesh
2011,"Adjusted net savings, including particulate emission damage (% of GNI)",NY.ADJ.SVNG.GN.ZS,26.31641277,Bangladesh
2010,"Adjusted net savings, including particulate emission damage (% of GNI)",NY.ADJ.SVNG.GN.ZS,26.77013899,Bangladesh
2009,"Adjusted net savings, including particulate emission damage (% of GNI)",NY.ADJ.SVNG.GN.ZS,26.92820424,Bangladesh
2008,"Adjusted net savings, including particulate emission damage (% of GNI)",NY.ADJ.SVNG.GN.ZS,25.57511744,Bangladesh
2007,"Adjusted net savings, including particulate emission damage (% of GNI)",NY.ADJ.SVNG.GN.ZS,24.69645066,Bangladesh
2006,"Adjusted net savings, including particulate emission damage (% of GNI)",NY.ADJ.SVNG.GN.ZS,23.44868203,Bangladesh
2005,"Adjusted net savings, including particulate emission damage (% of GNI)",NY.ADJ.SVNG.GN.ZS,21.7779254,Bangladesh
2004,"Adjusted net savings, including particulate emission damage (% of GNI)",NY.ADJ.SVNG.GN.ZS,21.00097985,Bangladesh
2003,"Adjusted net savings, including particulate emission damage (% of GNI)",NY.ADJ.SVNG.GN.ZS,19.7818568,Bangladesh
2002,"Adjusted net savings, including particulate emission damage (% of GNI)",NY.ADJ.SVNG.GN.ZS,19.71747492,Bangladesh
2001,"Adjusted net savings, including particulate emission damage (% of GNI)",NY.ADJ.SVNG.GN.ZS,17.71357681,Bangladesh
2000,"Adjusted net savings, including particulate emission damage (% of GNI)",NY.ADJ.SVNG.GN.ZS,17.20596692,Bangladesh
1999,"Adjusted net savings, including particulate emission damage (% of GNI)",NY.ADJ.SVNG.GN.ZS,16.13119549,Bangladesh
1998,"Adjusted net savings, including particulate emission damage (% of GNI)",NY.ADJ.SVNG.GN.ZS,15.43130629,Bangladesh
1997,"Adjusted net savings, including particulate emission damage (% of GNI)",NY.ADJ.SVNG.GN.ZS,13.74197665,Bangladesh
1996,"Adjusted net savings, including particulate emission damage (% of GNI)",NY.ADJ.SVNG.GN.ZS,12.32971214,Bangladesh
1995,"Adjusted net savings, including particulate emission damage (% of GNI)",NY.ADJ.SVNG.GN.ZS,11.13008665,Bangladesh
1994,"Adjusted net savings, including particulate emission damage (% of GNI)",NY.ADJ.SVNG.GN.ZS,11.31875381,Bangladesh
1993,"Adjusted net savings, including particulate emission damage (% of GNI)",NY.ADJ.SVNG.GN.ZS,9.741511825,Bangladesh
1992,"Adjusted net savings, including particulate emission damage (% of GNI)",NY.ADJ.SVNG.GN.ZS,10.47018763,Bangladesh
1991,"Adjusted net savings, including particulate emission damage (% of GNI)",NY.ADJ.SVNG.GN.ZS,11.06470197,Bangladesh
1990,"Adjusted net savings, including particulate emission damage (% of GNI)",NY.ADJ.SVNG.GN.ZS,11.23946421,Bangladesh
2021,"Adjusted net savings, excluding particulate emission damage (current US$)",NY.ADJ.SVNX.CD,1.44E+11,Bangladesh
2020,"Adjusted net savings, excluding particulate emission damage (current US$)",NY.ADJ.SVNX.CD,1.34E+11,Bangladesh
2019,"Adjusted net savings, excluding particulate emission damage (current US$)",NY.ADJ.SVNX.CD,1.24E+11,Bangladesh
2018,"Adjusted net savings, excluding particulate emission damage (current US$)",NY.ADJ.SVNX.CD,87261496619,Bangladesh
2017,"Adjusted net savings, excluding particulate emission damage (current US$)",NY.ADJ.SVNX.CD,79517056624,Bangladesh
2016,"Adjusted net savings, excluding particulate emission damage (current US$)",NY.ADJ.SVNX.CD,77809439271,Bangladesh
2015,"Adjusted net savings, excluding particulate emission damage (current US$)",NY.ADJ.SVNX.CD,55550811137,Bangladesh
2014,"Adjusted net savings, excluding particulate emission damage (current US$)",NY.ADJ.SVNX.CD,51020877356,Bangladesh
2013,"Adjusted net savings, excluding particulate emission damage (current US$)",NY.ADJ.SVNX.CD,47251308475,Bangladesh
2012,"Adjusted net savings, excluding particulate emission damage (current US$)",NY.ADJ.SVNX.CD,42790130968,Bangladesh
2011,"Adjusted net savings, excluding particulate emission damage (current US$)",NY.ADJ.SVNX.CD,38199410056,Bangladesh
2010,"Adjusted net savings, excluding particulate emission damage (current US$)",NY.ADJ.SVNX.CD,34953270573,Bangladesh
2009,"Adjusted net savings, excluding particulate emission damage (current US$)",NY.ADJ.SVNX.CD,31265706418,Bangladesh
2008,"Adjusted net savings, excluding particulate emission damage (current US$)",NY.ADJ.SVNX.CD,26619557703,Bangladesh
2007,"Adjusted net savings, excluding particulate emission damage (current US$)",NY.ADJ.SVNX.CD,22195920703,Bangladesh
2006,"Adjusted net savings, excluding particulate emission damage (current US$)",NY.ADJ.SVNX.CD,19012704274,Bangladesh
2005,"Adjusted net savings, excluding particulate emission damage (current US$)",NY.ADJ.SVNX.CD,17054233039,Bangladesh
2004,"Adjusted net savings, excluding particulate emission damage (current US$)",NY.ADJ.SVNX.CD,15525834636,Bangladesh
2003,"Adjusted net savings, excluding particulate emission damage (current US$)",NY.ADJ.SVNX.CD,13618245910,Bangladesh
2002,"Adjusted net savings, excluding particulate emission damage (current US$)",NY.ADJ.SVNX.CD,12416285359,Bangladesh
2001,"Adjusted net savings, excluding particulate emission damage (current US$)",NY.ADJ.SVNX.CD,11096570579,Bangladesh
2000,"Adjusted net savings, excluding particulate emission damage (current US$)",NY.ADJ.SVNX.CD,10796894264,Bangladesh
1999,"Adjusted net savings, excluding particulate emission damage (current US$)",NY.ADJ.SVNX.CD,9867050085,Bangladesh
1998,"Adjusted net savings, excluding particulate emission damage (current US$)",NY.ADJ.SVNX.CD,9335259620,Bangladesh
1997,"Adjusted net savings, excluding particulate emission damage (current US$)",NY.ADJ.SVNX.CD,8276686244,Bangladesh
1996,"Adjusted net savings, excluding particulate emission damage (current US$)",NY.ADJ.SVNX.CD,7361382201,Bangladesh
1995,"Adjusted net savings, excluding particulate emission damage (current US$)",NY.ADJ.SVNX.CD,5622205267,Bangladesh
1994,"Adjusted net savings, excluding particulate emission damage (current US$)",NY.ADJ.SVNX.CD,5124279766,Bangladesh
1993,"Adjusted net savings, excluding particulate emission damage (current US$)",NY.ADJ.SVNX.CD,4542432146,Bangladesh
1992,"Adjusted net savings, excluding particulate emission damage (current US$)",NY.ADJ.SVNX.CD,4640786428,Bangladesh
1991,"Adjusted net savings, excluding particulate emission damage (current US$)",NY.ADJ.SVNX.CD,4741978395,Bangladesh
1990,"Adjusted net savings, excluding particulate emission damage (current US$)",NY.ADJ.SVNX.CD,5007456930,Bangladesh
2021,"Adjusted net savings, excluding particulate emission damage (% of GNI)",NY.ADJ.SVNX.GN.ZS,32.79832967,Bangladesh
2020,"Adjusted net savings, excluding particulate emission damage (% of GNI)",NY.ADJ.SVNX.GN.ZS,34.51945903,Bangladesh
2019,"Adjusted net savings, excluding particulate emission damage (% of GNI)",NY.ADJ.SVNX.GN.ZS,33.88953584,Bangladesh
2018,"Adjusted net savings, excluding particulate emission damage (% of GNI)",NY.ADJ.SVNX.GN.ZS,26.10814711,Bangladesh
2017,"Adjusted net savings, excluding particulate emission damage (% of GNI)",NY.ADJ.SVNX.GN.ZS,26.16579802,Bangladesh
2016,"Adjusted net savings, excluding particulate emission damage (% of GNI)",NY.ADJ.SVNX.GN.ZS,28.02299804,Bangladesh
2015,"Adjusted net savings, excluding particulate emission damage (% of GNI)",NY.ADJ.SVNX.GN.ZS,26.74020062,Bangladesh
2014,"Adjusted net savings, excluding particulate emission damage (% of GNI)",NY.ADJ.SVNX.GN.ZS,27.66747314,Bangladesh
2013,"Adjusted net savings, excluding particulate emission damage (% of GNI)",NY.ADJ.SVNX.GN.ZS,29.15772873,Bangladesh
2012,"Adjusted net savings, excluding particulate emission damage (% of GNI)",NY.ADJ.SVNX.GN.ZS,29.5835459,Bangladesh
2011,"Adjusted net savings, excluding particulate emission damage (% of GNI)",NY.ADJ.SVNX.GN.ZS,27.51658266,Bangladesh
2010,"Adjusted net savings, excluding particulate emission damage (% of GNI)",NY.ADJ.SVNX.GN.ZS,28.04853543,Bangladesh
2009,"Adjusted net savings, excluding particulate emission damage (% of GNI)",NY.ADJ.SVNX.GN.ZS,28.26848836,Bangladesh
2008,"Adjusted net savings, excluding particulate emission damage (% of GNI)",NY.ADJ.SVNX.GN.ZS,26.97451177,Bangladesh
2007,"Adjusted net savings, excluding particulate emission damage (% of GNI)",NY.ADJ.SVNX.GN.ZS,26.19920112,Bangladesh
2006,"Adjusted net savings, excluding particulate emission damage (% of GNI)",NY.ADJ.SVNX.GN.ZS,25.05950519,Bangladesh
2005,"Adjusted net savings, excluding particulate emission damage (% of GNI)",NY.ADJ.SVNX.GN.ZS,23.51637653,Bangladesh
2004,"Adjusted net savings, excluding particulate emission damage (% of GNI)",NY.ADJ.SVNX.GN.ZS,22.85716999,Bangladesh
2003,"Adjusted net savings, excluding particulate emission damage (% of GNI)",NY.ADJ.SVNX.GN.ZS,21.75990965,Bangladesh
2002,"Adjusted net savings, excluding particulate emission damage (% of GNI)",NY.ADJ.SVNX.GN.ZS,21.81815497,Bangladesh
2001,"Adjusted net savings, excluding particulate emission damage (% of GNI)",NY.ADJ.SVNX.GN.ZS,19.94717634,Bangladesh
2000,"Adjusted net savings, excluding particulate emission damage (% of GNI)",NY.ADJ.SVNX.GN.ZS,19.59446738,Bangladesh
1999,"Adjusted net savings, excluding particulate emission damage (% of GNI)",NY.ADJ.SVNX.GN.ZS,18.67294998,Bangladesh
1998,"Adjusted net savings, excluding particulate emission damage (% of GNI)",NY.ADJ.SVNX.GN.ZS,18.1564517,Bangladesh
1997,"Adjusted net savings, excluding particulate emission damage (% of GNI)",NY.ADJ.SVNX.GN.ZS,16.68237767,Bangladesh
1996,"Adjusted net savings, excluding particulate emission damage (% of GNI)",NY.ADJ.SVNX.GN.ZS,15.44897977,Bangladesh
1995,"Adjusted net savings, excluding particulate emission damage (% of GNI)",NY.ADJ.SVNX.GN.ZS,14.38023186,Bangladesh
1994,"Adjusted net savings, excluding particulate emission damage (% of GNI)",NY.ADJ.SVNX.GN.ZS,14.71459456,Bangladesh
1993,"Adjusted net savings, excluding particulate emission damage (% of GNI)",NY.ADJ.SVNX.GN.ZS,13.33295108,Bangladesh
1992,"Adjusted net savings, excluding particulate emission damage (% of GNI)",NY.ADJ.SVNX.GN.ZS,14.28873567,Bangladesh
1991,"Adjusted net savings, excluding particulate emission damage (% of GNI)",NY.ADJ.SVNX.GN.ZS,14.99745763,Bangladesh
1990,"Adjusted net savings, excluding particulate emission damage (% of GNI)",NY.ADJ.SVNX.GN.ZS,15.53467863,Bangladesh
2021,Coal rents (% of GDP),NY.GDP.COAL.RT.ZS,0.013252672,Bangladesh
2020,Coal rents (% of GDP),NY.GDP.COAL.RT.ZS,0.00725364,Bangladesh
2019,Coal rents (% of GDP),NY.GDP.COAL.RT.ZS,0.009070688,Bangladesh
2018,Coal rents (% of GDP),NY.GDP.COAL.RT.ZS,0.015515094,Bangladesh
2017,Coal rents (% of GDP),NY.GDP.COAL.RT.ZS,0.018118903,Bangladesh
2016,Coal rents (% of GDP),NY.GDP.COAL.RT.ZS,0.013234623,Bangladesh
2015,Coal rents (% of GDP),NY.GDP.COAL.RT.ZS,0.010582089,Bangladesh
2014,Coal rents (% of GDP),NY.GDP.COAL.RT.ZS,0.021468581,Bangladesh
2013,Coal rents (% of GDP),NY.GDP.COAL.RT.ZS,0.026091387,Bangladesh
2012,Coal rents (% of GDP),NY.GDP.COAL.RT.ZS,0.034152134,Bangladesh
2011,Coal rents (% of GDP),NY.GDP.COAL.RT.ZS,0.039596986,Bangladesh
2010,Coal rents (% of GDP),NY.GDP.COAL.RT.ZS,0.037567224,Bangladesh
2009,Coal rents (% of GDP),NY.GDP.COAL.RT.ZS,0.033365423,Bangladesh
2008,Coal rents (% of GDP),NY.GDP.COAL.RT.ZS,0.063656764,Bangladesh
2007,Coal rents (% of GDP),NY.GDP.COAL.RT.ZS,0.019907995,Bangladesh
2006,Coal rents (% of GDP),NY.GDP.COAL.RT.ZS,0.012467358,Bangladesh
2005,Coal rents (% of GDP),NY.GDP.COAL.RT.ZS,0.006913609,Bangladesh
2004,Coal rents (% of GDP),NY.GDP.COAL.RT.ZS,0,Bangladesh
2003,Coal rents (% of GDP),NY.GDP.COAL.RT.ZS,0,Bangladesh
2002,Coal rents (% of GDP),NY.GDP.COAL.RT.ZS,0,Bangladesh
2001,Coal rents (% of GDP),NY.GDP.COAL.RT.ZS,0,Bangladesh
2000,Coal rents (% of GDP),NY.GDP.COAL.RT.ZS,0,Bangladesh
1999,Coal rents (% of GDP),NY.GDP.COAL.RT.ZS,0,Bangladesh
1998,Coal rents (% of GDP),NY.GDP.COAL.RT.ZS,0,Bangladesh
1997,Coal rents (% of GDP),NY.GDP.COAL.RT.ZS,0,Bangladesh
1996,Coal rents (% of GDP),NY.GDP.COAL.RT.ZS,0,Bangladesh
1995,Coal rents (% of GDP),NY.GDP.COAL.RT.ZS,0,Bangladesh
1994,Coal rents (% of GDP),NY.GDP.COAL.RT.ZS,0,Bangladesh
1993,Coal rents (% of GDP),NY.GDP.COAL.RT.ZS,0,Bangladesh
1992,Coal rents (% of GDP),NY.GDP.COAL.RT.ZS,0,Bangladesh
1991,Coal rents (% of GDP),NY.GDP.COAL.RT.ZS,0,Bangladesh
1990,Coal rents (% of GDP),NY.GDP.COAL.RT.ZS,0,Bangladesh
1989,Coal rents (% of GDP),NY.GDP.COAL.RT.ZS,0,Bangladesh
1988,Coal rents (% of GDP),NY.GDP.COAL.RT.ZS,0,Bangladesh
1987,Coal rents (% of GDP),NY.GDP.COAL.RT.ZS,0,Bangladesh
1986,Coal rents (% of GDP),NY.GDP.COAL.RT.ZS,0,Bangladesh
1985,Coal rents (% of GDP),NY.GDP.COAL.RT.ZS,0,Bangladesh
1984,Coal rents (% of GDP),NY.GDP.COAL.RT.ZS,0,Bangladesh
1983,Coal rents (% of GDP),NY.GDP.COAL.RT.ZS,0,Bangladesh
1982,Coal rents (% of GDP),NY.GDP.COAL.RT.ZS,0,Bangladesh
1981,Coal rents (% of GDP),NY.GDP.COAL.RT.ZS,0,Bangladesh
1980,Coal rents (% of GDP),NY.GDP.COAL.RT.ZS,0,Bangladesh
1979,Coal rents (% of GDP),NY.GDP.COAL.RT.ZS,0,Bangladesh
1978,Coal rents (% of GDP),NY.GDP.COAL.RT.ZS,0,Bangladesh
1977,Coal rents (% of GDP),NY.GDP.COAL.RT.ZS,0,Bangladesh
1976,Coal rents (% of GDP),NY.GDP.COAL.RT.ZS,0,Bangladesh
1975,Coal rents (% of GDP),NY.GDP.COAL.RT.ZS,0,Bangladesh
1974,Coal rents (% of GDP),NY.GDP.COAL.RT.ZS,0,Bangladesh
1973,Coal rents (% of GDP),NY.GDP.COAL.RT.ZS,0,Bangladesh
1972,Coal rents (% of GDP),NY.GDP.COAL.RT.ZS,0,Bangladesh
1971,Coal rents (% of GDP),NY.GDP.COAL.RT.ZS,0,Bangladesh
2021,Forest rents (% of GDP),NY.GDP.FRST.RT.ZS,0.075184503,Bangladesh
2020,Forest rents (% of GDP),NY.GDP.FRST.RT.ZS,0.080127381,Bangladesh
2019,Forest rents (% of GDP),NY.GDP.FRST.RT.ZS,0.071487646,Bangladesh
2018,Forest rents (% of GDP),NY.GDP.FRST.RT.ZS,0.070637338,Bangladesh
2017,Forest rents (% of GDP),NY.GDP.FRST.RT.ZS,0.137099068,Bangladesh
2016,Forest rents (% of GDP),NY.GDP.FRST.RT.ZS,0.180782184,Bangladesh
2015,Forest rents (% of GDP),NY.GDP.FRST.RT.ZS,0.209472521,Bangladesh
2014,Forest rents (% of GDP),NY.GDP.FRST.RT.ZS,0.192700747,Bangladesh
2013,Forest rents (% of GDP),NY.GDP.FRST.RT.ZS,0.207728541,Bangladesh
2012,Forest rents (% of GDP),NY.GDP.FRST.RT.ZS,0.288853748,Bangladesh
2011,Forest rents (% of GDP),NY.GDP.FRST.RT.ZS,0.350365163,Bangladesh
2010,Forest rents (% of GDP),NY.GDP.FRST.RT.ZS,0.369496255,Bangladesh
2009,Forest rents (% of GDP),NY.GDP.FRST.RT.ZS,0.22670086,Bangladesh
2008,Forest rents (% of GDP),NY.GDP.FRST.RT.ZS,0.262248396,Bangladesh
2007,Forest rents (% of GDP),NY.GDP.FRST.RT.ZS,0.330018884,Bangladesh
2006,Forest rents (% of GDP),NY.GDP.FRST.RT.ZS,0.221445705,Bangladesh
2005,Forest rents (% of GDP),NY.GDP.FRST.RT.ZS,0.165837799,Bangladesh
2004,Forest rents (% of GDP),NY.GDP.FRST.RT.ZS,0.180175647,Bangladesh
2003,Forest rents (% of GDP),NY.GDP.FRST.RT.ZS,0.193756109,Bangladesh
2002,Forest rents (% of GDP),NY.GDP.FRST.RT.ZS,0.187278265,Bangladesh
2001,Forest rents (% of GDP),NY.GDP.FRST.RT.ZS,0.197175439,Bangladesh
2000,Forest rents (% of GDP),NY.GDP.FRST.RT.ZS,0.200996168,Bangladesh
1999,Forest rents (% of GDP),NY.GDP.FRST.RT.ZS,0.215622823,Bangladesh
1998,Forest rents (% of GDP),NY.GDP.FRST.RT.ZS,0.212993894,Bangladesh
1997,Forest rents (% of GDP),NY.GDP.FRST.RT.ZS,0.222586616,Bangladesh
1996,Forest rents (% of GDP),NY.GDP.FRST.RT.ZS,0.268499337,Bangladesh
1995,Forest rents (% of GDP),NY.GDP.FRST.RT.ZS,0.331326445,Bangladesh
1994,Forest rents (% of GDP),NY.GDP.FRST.RT.ZS,0.295235796,Bangladesh
1993,Forest rents (% of GDP),NY.GDP.FRST.RT.ZS,0.335066587,Bangladesh
1992,Forest rents (% of GDP),NY.GDP.FRST.RT.ZS,0.427126772,Bangladesh
1991,Forest rents (% of GDP),NY.GDP.FRST.RT.ZS,0.432418558,Bangladesh
1990,Forest rents (% of GDP),NY.GDP.FRST.RT.ZS,0.422271401,Bangladesh
1989,Forest rents (% of GDP),NY.GDP.FRST.RT.ZS,0.394468621,Bangladesh
1988,Forest rents (% of GDP),NY.GDP.FRST.RT.ZS,0.431601239,Bangladesh
1987,Forest rents (% of GDP),NY.GDP.FRST.RT.ZS,0.43011869,Bangladesh
1986,Forest rents (% of GDP),NY.GDP.FRST.RT.ZS,0.524204677,Bangladesh
1985,Forest rents (% of GDP),NY.GDP.FRST.RT.ZS,0.291143763,Bangladesh
1984,Forest rents (% of GDP),NY.GDP.FRST.RT.ZS,0.491557214,Bangladesh
1983,Forest rents (% of GDP),NY.GDP.FRST.RT.ZS,0.601347675,Bangladesh
1982,Forest rents (% of GDP),NY.GDP.FRST.RT.ZS,0.866880713,Bangladesh
1981,Forest rents (% of GDP),NY.GDP.FRST.RT.ZS,0.528625535,Bangladesh
1980,Forest rents (% of GDP),NY.GDP.FRST.RT.ZS,0.663665644,Bangladesh
1979,Forest rents (% of GDP),NY.GDP.FRST.RT.ZS,0.628411967,Bangladesh
1978,Forest rents (% of GDP),NY.GDP.FRST.RT.ZS,1.746744636,Bangladesh
1977,Forest rents (% of GDP),NY.GDP.FRST.RT.ZS,2.420676261,Bangladesh
1976,Forest rents (% of GDP),NY.GDP.FRST.RT.ZS,0.662682918,Bangladesh
1975,Forest rents (% of GDP),NY.GDP.FRST.RT.ZS,0.551952442,Bangladesh
1974,Forest rents (% of GDP),NY.GDP.FRST.RT.ZS,0.371571877,Bangladesh
1973,Forest rents (% of GDP),NY.GDP.FRST.RT.ZS,0.491545045,Bangladesh
1972,Forest rents (% of GDP),NY.GDP.FRST.RT.ZS,0.330446493,Bangladesh
1971,Forest rents (% of GDP),NY.GDP.FRST.RT.ZS,0.259880381,Bangladesh
1970,Forest rents (% of GDP),NY.GDP.FRST.RT.ZS,0.292927786,Bangladesh
2021,Mineral rents (% of GDP),NY.GDP.MINR.RT.ZS,0,Bangladesh
2020,Mineral rents (% of GDP),NY.GDP.MINR.RT.ZS,0,Bangladesh
2019,Mineral rents (% of GDP),NY.GDP.MINR.RT.ZS,0,Bangladesh
2018,Mineral rents (% of GDP),NY.GDP.MINR.RT.ZS,0,Bangladesh
2017,Mineral rents (% of GDP),NY.GDP.MINR.RT.ZS,0,Bangladesh
2016,Mineral rents (% of GDP),NY.GDP.MINR.RT.ZS,0,Bangladesh
2015,Mineral rents (% of GDP),NY.GDP.MINR.RT.ZS,0,Bangladesh
2014,Mineral rents (% of GDP),NY.GDP.MINR.RT.ZS,0,Bangladesh
2013,Mineral rents (% of GDP),NY.GDP.MINR.RT.ZS,0,Bangladesh
2012,Mineral rents (% of GDP),NY.GDP.MINR.RT.ZS,0,Bangladesh
2011,Mineral rents (% of GDP),NY.GDP.MINR.RT.ZS,0,Bangladesh
2010,Mineral rents (% of GDP),NY.GDP.MINR.RT.ZS,0,Bangladesh
2009,Mineral rents (% of GDP),NY.GDP.MINR.RT.ZS,0,Bangladesh
2008,Mineral rents (% of GDP),NY.GDP.MINR.RT.ZS,0,Bangladesh
2007,Mineral rents (% of GDP),NY.GDP.MINR.RT.ZS,0,Bangladesh
2006,Mineral rents (% of GDP),NY.GDP.MINR.RT.ZS,0,Bangladesh
2005,Mineral rents (% of GDP),NY.GDP.MINR.RT.ZS,0,Bangladesh
2004,Mineral rents (% of GDP),NY.GDP.MINR.RT.ZS,0,Bangladesh
2003,Mineral rents (% of GDP),NY.GDP.MINR.RT.ZS,0,Bangladesh
2002,Mineral rents (% of GDP),NY.GDP.MINR.RT.ZS,0,Bangladesh
2001,Mineral rents (% of GDP),NY.GDP.MINR.RT.ZS,0,Bangladesh
2000,Mineral rents (% of GDP),NY.GDP.MINR.RT.ZS,0,Bangladesh
1999,Mineral rents (% of GDP),NY.GDP.MINR.RT.ZS,0,Bangladesh
1998,Mineral rents (% of GDP),NY.GDP.MINR.RT.ZS,0,Bangladesh
1997,Mineral rents (% of GDP),NY.GDP.MINR.RT.ZS,0,Bangladesh
1996,Mineral rents (% of GDP),NY.GDP.MINR.RT.ZS,0,Bangladesh
1995,Mineral rents (% of GDP),NY.GDP.MINR.RT.ZS,0,Bangladesh
1994,Mineral rents (% of GDP),NY.GDP.MINR.RT.ZS,0,Bangladesh
1993,Mineral rents (% of GDP),NY.GDP.MINR.RT.ZS,0,Bangladesh
1992,Mineral rents (% of GDP),NY.GDP.MINR.RT.ZS,0,Bangladesh
1991,Mineral rents (% of GDP),NY.GDP.MINR.RT.ZS,0,Bangladesh
1990,Mineral rents (% of GDP),NY.GDP.MINR.RT.ZS,0,Bangladesh
1989,Mineral rents (% of GDP),NY.GDP.MINR.RT.ZS,0,Bangladesh
1988,Mineral rents (% of GDP),NY.GDP.MINR.RT.ZS,0,Bangladesh
1987,Mineral rents (% of GDP),NY.GDP.MINR.RT.ZS,0,Bangladesh
1986,Mineral rents (% of GDP),NY.GDP.MINR.RT.ZS,0,Bangladesh
1985,Mineral rents (% of GDP),NY.GDP.MINR.RT.ZS,0,Bangladesh
1984,Mineral rents (% of GDP),NY.GDP.MINR.RT.ZS,0,Bangladesh
1983,Mineral rents (% of GDP),NY.GDP.MINR.RT.ZS,0,Bangladesh
1982,Mineral rents (% of GDP),NY.GDP.MINR.RT.ZS,0,Bangladesh
1981,Mineral rents (% of GDP),NY.GDP.MINR.RT.ZS,0,Bangladesh
1980,Mineral rents (% of GDP),NY.GDP.MINR.RT.ZS,0,Bangladesh
1979,Mineral rents (% of GDP),NY.GDP.MINR.RT.ZS,0,Bangladesh
1978,Mineral rents (% of GDP),NY.GDP.MINR.RT.ZS,0,Bangladesh
1977,Mineral rents (% of GDP),NY.GDP.MINR.RT.ZS,0,Bangladesh
1976,Mineral rents (% of GDP),NY.GDP.MINR.RT.ZS,0,Bangladesh
1975,Mineral rents (% of GDP),NY.GDP.MINR.RT.ZS,0,Bangladesh
1974,Mineral rents (% of GDP),NY.GDP.MINR.RT.ZS,0,Bangladesh
1973,Mineral rents (% of GDP),NY.GDP.MINR.RT.ZS,0,Bangladesh
1972,Mineral rents (% of GDP),NY.GDP.MINR.RT.ZS,0,Bangladesh
1971,Mineral rents (% of GDP),NY.GDP.MINR.RT.ZS,0,Bangladesh
1970,Mineral rents (% of GDP),NY.GDP.MINR.RT.ZS,0,Bangladesh
2021,Natural gas rents (% of GDP),NY.GDP.NGAS.RT.ZS,0.490054815,Bangladesh
2020,Natural gas rents (% of GDP),NY.GDP.NGAS.RT.ZS,0.457007846,Bangladesh
2019,Natural gas rents (% of GDP),NY.GDP.NGAS.RT.ZS,0.516998313,Bangladesh
2018,Natural gas rents (% of GDP),NY.GDP.NGAS.RT.ZS,0.501783631,Bangladesh
2017,Natural gas rents (% of GDP),NY.GDP.NGAS.RT.ZS,0.509162512,Bangladesh
2016,Natural gas rents (% of GDP),NY.GDP.NGAS.RT.ZS,0.490629925,Bangladesh
2015,Natural gas rents (% of GDP),NY.GDP.NGAS.RT.ZS,0.628140947,Bangladesh
2014,Natural gas rents (% of GDP),NY.GDP.NGAS.RT.ZS,0.73705326,Bangladesh
2013,Natural gas rents (% of GDP),NY.GDP.NGAS.RT.ZS,0.78131638,Bangladesh
2012,Natural gas rents (% of GDP),NY.GDP.NGAS.RT.ZS,1.066324564,Bangladesh
2011,Natural gas rents (% of GDP),NY.GDP.NGAS.RT.ZS,1.051225408,Bangladesh
2010,Natural gas rents (% of GDP),NY.GDP.NGAS.RT.ZS,0.898444844,Bangladesh
2009,Natural gas rents (% of GDP),NY.GDP.NGAS.RT.ZS,0.851690938,Bangladesh
2008,Natural gas rents (% of GDP),NY.GDP.NGAS.RT.ZS,0.712400706,Bangladesh
2007,Natural gas rents (% of GDP),NY.GDP.NGAS.RT.ZS,0.783588563,Bangladesh
2006,Natural gas rents (% of GDP),NY.GDP.NGAS.RT.ZS,1.286890686,Bangladesh
2005,Natural gas rents (% of GDP),NY.GDP.NGAS.RT.ZS,1.163325725,Bangladesh
2004,Natural gas rents (% of GDP),NY.GDP.NGAS.RT.ZS,0.981489496,Bangladesh
2003,Natural gas rents (% of GDP),NY.GDP.NGAS.RT.ZS,0.908071955,Bangladesh
2002,Natural gas rents (% of GDP),NY.GDP.NGAS.RT.ZS,0.885287428,Bangladesh
2001,Natural gas rents (% of GDP),NY.GDP.NGAS.RT.ZS,0.69948303,Bangladesh
2000,Natural gas rents (% of GDP),NY.GDP.NGAS.RT.ZS,0.687350828,Bangladesh
1999,Natural gas rents (% of GDP),NY.GDP.NGAS.RT.ZS,0.430095812,Bangladesh
1998,Natural gas rents (% of GDP),NY.GDP.NGAS.RT.ZS,0.316799451,Bangladesh
1997,Natural gas rents (% of GDP),NY.GDP.NGAS.RT.ZS,0.271240318,Bangladesh
1996,Natural gas rents (% of GDP),NY.GDP.NGAS.RT.ZS,0.303754678,Bangladesh
1995,Natural gas rents (% of GDP),NY.GDP.NGAS.RT.ZS,0.324387065,Bangladesh
1994,Natural gas rents (% of GDP),NY.GDP.NGAS.RT.ZS,0.28761643,Bangladesh
1993,Natural gas rents (% of GDP),NY.GDP.NGAS.RT.ZS,0.235350652,Bangladesh
1992,Natural gas rents (% of GDP),NY.GDP.NGAS.RT.ZS,0.213532577,Bangladesh
1991,Natural gas rents (% of GDP),NY.GDP.NGAS.RT.ZS,0.184237103,Bangladesh
1990,Natural gas rents (% of GDP),NY.GDP.NGAS.RT.ZS,0.24391916,Bangladesh
1989,Natural gas rents (% of GDP),NY.GDP.NGAS.RT.ZS,0.211599025,Bangladesh
1988,Natural gas rents (% of GDP),NY.GDP.NGAS.RT.ZS,0.110148062,Bangladesh
1987,Natural gas rents (% of GDP),NY.GDP.NGAS.RT.ZS,0.140821319,Bangladesh
1986,Natural gas rents (% of GDP),NY.GDP.NGAS.RT.ZS,0.136235575,Bangladesh
1985,Natural gas rents (% of GDP),NY.GDP.NGAS.RT.ZS,0.029308868,Bangladesh
1984,Natural gas rents (% of GDP),NY.GDP.NGAS.RT.ZS,0.02916565,Bangladesh
1983,Natural gas rents (% of GDP),NY.GDP.NGAS.RT.ZS,0.07509506,Bangladesh
1982,Natural gas rents (% of GDP),NY.GDP.NGAS.RT.ZS,0,Bangladesh
1981,Natural gas rents (% of GDP),NY.GDP.NGAS.RT.ZS,0.013190646,Bangladesh
1980,Natural gas rents (% of GDP),NY.GDP.NGAS.RT.ZS,0.096208571,Bangladesh
1979,Natural gas rents (% of GDP),NY.GDP.NGAS.RT.ZS,0.05779422,Bangladesh
1978,Natural gas rents (% of GDP),NY.GDP.NGAS.RT.ZS,0.073972611,Bangladesh
1977,Natural gas rents (% of GDP),NY.GDP.NGAS.RT.ZS,0.1408572,Bangladesh
1976,Natural gas rents (% of GDP),NY.GDP.NGAS.RT.ZS,0.09890791,Bangladesh
1975,Natural gas rents (% of GDP),NY.GDP.NGAS.RT.ZS,0.029782484,Bangladesh
1974,Natural gas rents (% of GDP),NY.GDP.NGAS.RT.ZS,0.048154419,Bangladesh
1973,Natural gas rents (% of GDP),NY.GDP.NGAS.RT.ZS,0.057261818,Bangladesh
1972,Natural gas rents (% of GDP),NY.GDP.NGAS.RT.ZS,0.050951242,Bangladesh
1971,Natural gas rents (% of GDP),NY.GDP.NGAS.RT.ZS,0.044029076,Bangladesh
1970,Natural gas rents (% of GDP),NY.GDP.NGAS.RT.ZS,0.033033994,Bangladesh
2021,Oil rents (% of GDP),NY.GDP.PETR.RT.ZS,0.031577189,Bangladesh
2020,Oil rents (% of GDP),NY.GDP.PETR.RT.ZS,0.016478832,Bangladesh
2019,Oil rents (% of GDP),NY.GDP.PETR.RT.ZS,0.040160917,Bangladesh
2018,Oil rents (% of GDP),NY.GDP.PETR.RT.ZS,0.061302761,Bangladesh
2017,Oil rents (% of GDP),NY.GDP.PETR.RT.ZS,0.046039527,Bangladesh
2016,Oil rents (% of GDP),NY.GDP.PETR.RT.ZS,0.031494026,Bangladesh
2015,Oil rents (% of GDP),NY.GDP.PETR.RT.ZS,0.051618323,Bangladesh
2014,Oil rents (% of GDP),NY.GDP.PETR.RT.ZS,0.095958161,Bangladesh
2013,Oil rents (% of GDP),NY.GDP.PETR.RT.ZS,0.136547577,Bangladesh
2012,Oil rents (% of GDP),NY.GDP.PETR.RT.ZS,0.165239329,Bangladesh
2011,Oil rents (% of GDP),NY.GDP.PETR.RT.ZS,0.148237511,Bangladesh
2010,Oil rents (% of GDP),NY.GDP.PETR.RT.ZS,0.110401376,Bangladesh
2009,Oil rents (% of GDP),NY.GDP.PETR.RT.ZS,0.080921545,Bangladesh
2008,Oil rents (% of GDP),NY.GDP.PETR.RT.ZS,0.207602558,Bangladesh
2007,Oil rents (% of GDP),NY.GDP.PETR.RT.ZS,0.146631401,Bangladesh
2006,Oil rents (% of GDP),NY.GDP.PETR.RT.ZS,0.101110752,Bangladesh
2005,Oil rents (% of GDP),NY.GDP.PETR.RT.ZS,0.085431476,Bangladesh
2004,Oil rents (% of GDP),NY.GDP.PETR.RT.ZS,0.088665739,Bangladesh
2003,Oil rents (% of GDP),NY.GDP.PETR.RT.ZS,0.070842254,Bangladesh
2002,Oil rents (% of GDP),NY.GDP.PETR.RT.ZS,0.083750111,Bangladesh
2001,Oil rents (% of GDP),NY.GDP.PETR.RT.ZS,0.054371042,Bangladesh
2000,Oil rents (% of GDP),NY.GDP.PETR.RT.ZS,0.035323148,Bangladesh
1999,Oil rents (% of GDP),NY.GDP.PETR.RT.ZS,0.017950739,Bangladesh
1998,Oil rents (% of GDP),NY.GDP.PETR.RT.ZS,0.008010457,Bangladesh
1997,Oil rents (% of GDP),NY.GDP.PETR.RT.ZS,0.017330874,Bangladesh
1996,Oil rents (% of GDP),NY.GDP.PETR.RT.ZS,0.01780103,Bangladesh
1995,Oil rents (% of GDP),NY.GDP.PETR.RT.ZS,0.013196471,Bangladesh
1994,Oil rents (% of GDP),NY.GDP.PETR.RT.ZS,0.017204913,Bangladesh
1993,Oil rents (% of GDP),NY.GDP.PETR.RT.ZS,0.012315303,Bangladesh
1992,Oil rents (% of GDP),NY.GDP.PETR.RT.ZS,0.014044921,Bangladesh
1991,Oil rents (% of GDP),NY.GDP.PETR.RT.ZS,0.011371516,Bangladesh
1990,Oil rents (% of GDP),NY.GDP.PETR.RT.ZS,0.020320146,Bangladesh
1989,Oil rents (% of GDP),NY.GDP.PETR.RT.ZS,0.009787723,Bangladesh
1988,Oil rents (% of GDP),NY.GDP.PETR.RT.ZS,0.007747298,Bangladesh
1987,Oil rents (% of GDP),NY.GDP.PETR.RT.ZS,0.01015065,Bangladesh
1986,Oil rents (% of GDP),NY.GDP.PETR.RT.ZS,0.007659904,Bangladesh
1985,Oil rents (% of GDP),NY.GDP.PETR.RT.ZS,0.014993193,Bangladesh
1984,Oil rents (% of GDP),NY.GDP.PETR.RT.ZS,0.015034824,Bangladesh
1983,Oil rents (% of GDP),NY.GDP.PETR.RT.ZS,0.00967401,Bangladesh
1982,Oil rents (% of GDP),NY.GDP.PETR.RT.ZS,0.00355682,Bangladesh
1981,Oil rents (% of GDP),NY.GDP.PETR.RT.ZS,0.004927945,Bangladesh
1980,Oil rents (% of GDP),NY.GDP.PETR.RT.ZS,0.006261258,Bangladesh
1979,Oil rents (% of GDP),NY.GDP.PETR.RT.ZS,0.007750118,Bangladesh
1978,Oil rents (% of GDP),NY.GDP.PETR.RT.ZS,0.004245746,Bangladesh
1977,Oil rents (% of GDP),NY.GDP.PETR.RT.ZS,0.006319153,Bangladesh
1976,Oil rents (% of GDP),NY.GDP.PETR.RT.ZS,0.005780921,Bangladesh
1975,Oil rents (% of GDP),NY.GDP.PETR.RT.ZS,0.002760656,Bangladesh
1974,Oil rents (% of GDP),NY.GDP.PETR.RT.ZS,0.003965451,Bangladesh
1973,Oil rents (% of GDP),NY.GDP.PETR.RT.ZS,0.001020889,Bangladesh
1972,Oil rents (% of GDP),NY.GDP.PETR.RT.ZS,0.001050289,Bangladesh
1971,Oil rents (% of GDP),NY.GDP.PETR.RT.ZS,0.000854001,Bangladesh
1970,Oil rents (% of GDP),NY.GDP.PETR.RT.ZS,0.000599114,Bangladesh
2021,Total natural resources rents (% of GDP),NY.GDP.TOTL.RT.ZS,0.610069178,Bangladesh
2020,Total natural resources rents (% of GDP),NY.GDP.TOTL.RT.ZS,0.560867699,Bangladesh
2019,Total natural resources rents (% of GDP),NY.GDP.TOTL.RT.ZS,0.637717564,Bangladesh
2018,Total natural resources rents (% of GDP),NY.GDP.TOTL.RT.ZS,0.649238823,Bangladesh
2017,Total natural resources rents (% of GDP),NY.GDP.TOTL.RT.ZS,0.71042001,Bangladesh
2016,Total natural resources rents (% of GDP),NY.GDP.TOTL.RT.ZS,0.716140757,Bangladesh
2015,Total natural resources rents (% of GDP),NY.GDP.TOTL.RT.ZS,0.89981388,Bangladesh
2014,Total natural resources rents (% of GDP),NY.GDP.TOTL.RT.ZS,1.047180748,Bangladesh
2013,Total natural resources rents (% of GDP),NY.GDP.TOTL.RT.ZS,1.151683885,Bangladesh
2012,Total natural resources rents (% of GDP),NY.GDP.TOTL.RT.ZS,1.554569775,Bangladesh
2011,Total natural resources rents (% of GDP),NY.GDP.TOTL.RT.ZS,1.589425068,Bangladesh
2010,Total natural resources rents (% of GDP),NY.GDP.TOTL.RT.ZS,1.415909699,Bangladesh
2009,Total natural resources rents (% of GDP),NY.GDP.TOTL.RT.ZS,1.192678765,Bangladesh
2008,Total natural resources rents (% of GDP),NY.GDP.TOTL.RT.ZS,1.245908424,Bangladesh
2007,Total natural resources rents (% of GDP),NY.GDP.TOTL.RT.ZS,1.280146844,Bangladesh
2006,Total natural resources rents (% of GDP),NY.GDP.TOTL.RT.ZS,1.621914501,Bangladesh
2005,Total natural resources rents (% of GDP),NY.GDP.TOTL.RT.ZS,1.421508609,Bangladesh
2004,Total natural resources rents (% of GDP),NY.GDP.TOTL.RT.ZS,1.250330881,Bangladesh
2003,Total natural resources rents (% of GDP),NY.GDP.TOTL.RT.ZS,1.172670318,Bangladesh
2002,Total natural resources rents (% of GDP),NY.GDP.TOTL.RT.ZS,1.156315805,Bangladesh
2001,Total natural resources rents (% of GDP),NY.GDP.TOTL.RT.ZS,0.951029511,Bangladesh
2000,Total natural resources rents (% of GDP),NY.GDP.TOTL.RT.ZS,0.923670144,Bangladesh
1999,Total natural resources rents (% of GDP),NY.GDP.TOTL.RT.ZS,0.663669373,Bangladesh
1998,Total natural resources rents (% of GDP),NY.GDP.TOTL.RT.ZS,0.537803802,Bangladesh
1997,Total natural resources rents (% of GDP),NY.GDP.TOTL.RT.ZS,0.511157808,Bangladesh
1996,Total natural resources rents (% of GDP),NY.GDP.TOTL.RT.ZS,0.590055046,Bangladesh
1995,Total natural resources rents (% of GDP),NY.GDP.TOTL.RT.ZS,0.668909981,Bangladesh
1994,Total natural resources rents (% of GDP),NY.GDP.TOTL.RT.ZS,0.60005714,Bangladesh
1993,Total natural resources rents (% of GDP),NY.GDP.TOTL.RT.ZS,0.582732541,Bangladesh
1992,Total natural resources rents (% of GDP),NY.GDP.TOTL.RT.ZS,0.654704269,Bangladesh
1991,Total natural resources rents (% of GDP),NY.GDP.TOTL.RT.ZS,0.628027178,Bangladesh
1990,Total natural resources rents (% of GDP),NY.GDP.TOTL.RT.ZS,0.686510707,Bangladesh
1989,Total natural resources rents (% of GDP),NY.GDP.TOTL.RT.ZS,0.61585537,Bangladesh
1988,Total natural resources rents (% of GDP),NY.GDP.TOTL.RT.ZS,0.549496599,Bangladesh
1987,Total natural resources rents (% of GDP),NY.GDP.TOTL.RT.ZS,0.581090659,Bangladesh
1986,Total natural resources rents (% of GDP),NY.GDP.TOTL.RT.ZS,0.668100156,Bangladesh
1985,Total natural resources rents (% of GDP),NY.GDP.TOTL.RT.ZS,0.335445825,Bangladesh
1984,Total natural resources rents (% of GDP),NY.GDP.TOTL.RT.ZS,0.535757688,Bangladesh
1983,Total natural resources rents (% of GDP),NY.GDP.TOTL.RT.ZS,0.686116745,Bangladesh
1982,Total natural resources rents (% of GDP),NY.GDP.TOTL.RT.ZS,0.870437533,Bangladesh
1981,Total natural resources rents (% of GDP),NY.GDP.TOTL.RT.ZS,0.546744126,Bangladesh
1980,Total natural resources rents (% of GDP),NY.GDP.TOTL.RT.ZS,0.766135473,Bangladesh
1979,Total natural resources rents (% of GDP),NY.GDP.TOTL.RT.ZS,0.693956305,Bangladesh
1978,Total natural resources rents (% of GDP),NY.GDP.TOTL.RT.ZS,1.824962994,Bangladesh
1977,Total natural resources rents (% of GDP),NY.GDP.TOTL.RT.ZS,2.567852614,Bangladesh
1976,Total natural resources rents (% of GDP),NY.GDP.TOTL.RT.ZS,0.767371749,Bangladesh
1975,Total natural resources rents (% of GDP),NY.GDP.TOTL.RT.ZS,0.584495582,Bangladesh
1974,Total natural resources rents (% of GDP),NY.GDP.TOTL.RT.ZS,0.423691748,Bangladesh
1973,Total natural resources rents (% of GDP),NY.GDP.TOTL.RT.ZS,0.549827753,Bangladesh
1972,Total natural resources rents (% of GDP),NY.GDP.TOTL.RT.ZS,0.382448024,Bangladesh
1971,Total natural resources rents (% of GDP),NY.GDP.TOTL.RT.ZS,0.304763457,Bangladesh
1970,Total natural resources rents (% of GDP),NY.GDP.TOTL.RT.ZS,0.326560893,Bangladesh
2024,"People using at least basic drinking water services, rural (% of rural population)",SH.H2O.BASW.RU.ZS,98.79540083,Bangladesh
2023,"People using at least basic drinking water services, rural (% of rural population)",SH.H2O.BASW.RU.ZS,98.655968,Bangladesh
2022,"People using at least basic drinking water services, rural (% of rural population)",SH.H2O.BASW.RU.ZS,98.51645441,Bangladesh
2021,"People using at least basic drinking water services, rural (% of rural population)",SH.H2O.BASW.RU.ZS,98.31547319,Bangladesh
2020,"People using at least basic drinking water services, rural (% of rural population)",SH.H2O.BASW.RU.ZS,98.07954884,Bangladesh
2019,"People using at least basic drinking water services, rural (% of rural population)",SH.H2O.BASW.RU.ZS,97.84381717,Bangladesh
2018,"People using at least basic drinking water services, rural (% of rural population)",SH.H2O.BASW.RU.ZS,97.60827817,Bangladesh
2017,"People using at least basic drinking water services, rural (% of rural population)",SH.H2O.BASW.RU.ZS,97.37293185,Bangladesh
2016,"People using at least basic drinking water services, rural (% of rural population)",SH.H2O.BASW.RU.ZS,97.13777821,Bangladesh
2015,"People using at least basic drinking water services, rural (% of rural population)",SH.H2O.BASW.RU.ZS,96.90281725,Bangladesh
2014,"People using at least basic drinking water services, rural (% of rural population)",SH.H2O.BASW.RU.ZS,96.66804896,Bangladesh
2013,"People using at least basic drinking water services, rural (% of rural population)",SH.H2O.BASW.RU.ZS,96.43347335,Bangladesh
2012,"People using at least basic drinking water services, rural (% of rural population)",SH.H2O.BASW.RU.ZS,96.19909042,Bangladesh
2011,"People using at least basic drinking water services, rural (% of rural population)",SH.H2O.BASW.RU.ZS,95.96490016,Bangladesh
2010,"People using at least basic drinking water services, rural (% of rural population)",SH.H2O.BASW.RU.ZS,95.73090258,Bangladesh
2009,"People using at least basic drinking water services, rural (% of rural population)",SH.H2O.BASW.RU.ZS,95.49709768,Bangladesh
2008,"People using at least basic drinking water services, rural (% of rural population)",SH.H2O.BASW.RU.ZS,95.26348546,Bangladesh
2007,"People using at least basic drinking water services, rural (% of rural population)",SH.H2O.BASW.RU.ZS,95.03006591,Bangladesh
2006,"People using at least basic drinking water services, rural (% of rural population)",SH.H2O.BASW.RU.ZS,94.79683905,Bangladesh
2005,"People using at least basic drinking water services, rural (% of rural population)",SH.H2O.BASW.RU.ZS,94.56380485,Bangladesh
2004,"People using at least basic drinking water services, rural (% of rural population)",SH.H2O.BASW.RU.ZS,94.33096334,Bangladesh
2003,"People using at least basic drinking water services, rural (% of rural population)",SH.H2O.BASW.RU.ZS,94.14784599,Bangladesh
2002,"People using at least basic drinking water services, rural (% of rural population)",SH.H2O.BASW.RU.ZS,93.96472864,Bangladesh
2001,"People using at least basic drinking water services, rural (% of rural population)",SH.H2O.BASW.RU.ZS,93.78161129,Bangladesh
2000,"People using at least basic drinking water services, rural (% of rural population)",SH.H2O.BASW.RU.ZS,93.59849394,Bangladesh
2024,"People using at least basic drinking water services, urban (% of urban population)",SH.H2O.BASW.UR.ZS,98.76421963,Bangladesh
2023,"People using at least basic drinking water services, urban (% of urban population)",SH.H2O.BASW.UR.ZS,98.71946489,Bangladesh
2022,"People using at least basic drinking water services, urban (% of urban population)",SH.H2O.BASW.UR.ZS,98.67470276,Bangladesh
2021,"People using at least basic drinking water services, urban (% of urban population)",SH.H2O.BASW.UR.ZS,98.62993323,Bangladesh
2020,"People using at least basic drinking water services, urban (% of urban population)",SH.H2O.BASW.UR.ZS,98.58515631,Bangladesh
2019,"People using at least basic drinking water services, urban (% of urban population)",SH.H2O.BASW.UR.ZS,98.54037199,Bangladesh
2018,"People using at least basic drinking water services, urban (% of urban population)",SH.H2O.BASW.UR.ZS,98.49558029,Bangladesh
2017,"People using at least basic drinking water services, urban (% of urban population)",SH.H2O.BASW.UR.ZS,98.45078119,Bangladesh
2016,"People using at least basic drinking water services, urban (% of urban population)",SH.H2O.BASW.UR.ZS,98.40597469,Bangladesh
2015,"People using at least basic drinking water services, urban (% of urban population)",SH.H2O.BASW.UR.ZS,98.36116081,Bangladesh
2014,"People using at least basic drinking water services, urban (% of urban population)",SH.H2O.BASW.UR.ZS,98.31633953,Bangladesh
2013,"People using at least basic drinking water services, urban (% of urban population)",SH.H2O.BASW.UR.ZS,98.27151086,Bangladesh
2012,"People using at least basic drinking water services, urban (% of urban population)",SH.H2O.BASW.UR.ZS,98.2266748,Bangladesh
2011,"People using at least basic drinking water services, urban (% of urban population)",SH.H2O.BASW.UR.ZS,98.18183134,Bangladesh
2010,"People using at least basic drinking water services, urban (% of urban population)",SH.H2O.BASW.UR.ZS,98.13698049,Bangladesh
2009,"People using at least basic drinking water services, urban (% of urban population)",SH.H2O.BASW.UR.ZS,98.09212225,Bangladesh
2008,"People using at least basic drinking water services, urban (% of urban population)",SH.H2O.BASW.UR.ZS,98.04725662,Bangladesh
2007,"People using at least basic drinking water services, urban (% of urban population)",SH.H2O.BASW.UR.ZS,98.00238359,Bangladesh
2006,"People using at least basic drinking water services, urban (% of urban population)",SH.H2O.BASW.UR.ZS,97.95750317,Bangladesh
2005,"People using at least basic drinking water services, urban (% of urban population)",SH.H2O.BASW.UR.ZS,97.91261536,Bangladesh
2004,"People using at least basic drinking water services, urban (% of urban population)",SH.H2O.BASW.UR.ZS,97.86772016,Bangladesh
2003,"People using at least basic drinking water services, urban (% of urban population)",SH.H2O.BASW.UR.ZS,97.81584737,Bangladesh
2002,"People using at least basic drinking water services, urban (% of urban population)",SH.H2O.BASW.UR.ZS,97.76397459,Bangladesh
2001,"People using at least basic drinking water services, urban (% of urban population)",SH.H2O.BASW.UR.ZS,97.7121018,Bangladesh
2000,"People using at least basic drinking water services, urban (% of urban population)",SH.H2O.BASW.UR.ZS,97.66022902,Bangladesh
2024,People using at least basic drinking water services (% of population),SH.H2O.BASW.ZS,98.78254219,Bangladesh
2023,People using at least basic drinking water services (% of population),SH.H2O.BASW.ZS,98.68166836,Bangladesh
2022,People using at least basic drinking water services (% of population),SH.H2O.BASW.ZS,98.57929725,Bangladesh
2021,People using at least basic drinking water services (% of population),SH.H2O.BASW.ZS,98.43794366,Bangladesh
2020,People using at least basic drinking water services (% of population),SH.H2O.BASW.ZS,98.27257197,Bangladesh
2019,People using at least basic drinking water services (% of population),SH.H2O.BASW.ZS,98.10436331,Bangladesh
2018,People using at least basic drinking water services (% of population),SH.H2O.BASW.ZS,97.93331617,Bangladesh
2017,People using at least basic drinking water services (% of population),SH.H2O.BASW.ZS,97.75942557,Bangladesh
2016,People using at least basic drinking water services (% of population),SH.H2O.BASW.ZS,97.58269817,Bangladesh
2015,People using at least basic drinking water services (% of population),SH.H2O.BASW.ZS,97.40314382,Bangladesh
2014,People using at least basic drinking water services (% of population),SH.H2O.BASW.ZS,97.22080362,Bangladesh
2013,People using at least basic drinking water services (% of population),SH.H2O.BASW.ZS,97.03564854,Bangladesh
2012,People using at least basic drinking water services (% of population),SH.H2O.BASW.ZS,96.84777337,Bangladesh
2011,People using at least basic drinking water services (% of population),SH.H2O.BASW.ZS,96.65713824,Bangladesh
2010,People using at least basic drinking water services (% of population),SH.H2O.BASW.ZS,96.46383922,Bangladesh
2009,People using at least basic drinking water services (% of population),SH.H2O.BASW.ZS,96.26805157,Bangladesh
2008,People using at least basic drinking water services (% of population),SH.H2O.BASW.ZS,96.06988688,Bangladesh
2007,People using at least basic drinking water services (% of population),SH.H2O.BASW.ZS,95.86936138,Bangladesh
2006,People using at least basic drinking water services (% of population),SH.H2O.BASW.ZS,95.66656129,Bangladesh
2005,People using at least basic drinking water services (% of population),SH.H2O.BASW.ZS,95.46158692,Bangladesh
2004,People using at least basic drinking water services (% of population),SH.H2O.BASW.ZS,95.254549,Bangladesh
2003,People using at least basic drinking water services (% of population),SH.H2O.BASW.ZS,95.08058246,Bangladesh
2002,People using at least basic drinking water services (% of population),SH.H2O.BASW.ZS,94.90526872,Bangladesh
2001,People using at least basic drinking water services (% of population),SH.H2O.BASW.ZS,94.7286986,Bangladesh
2000,People using at least basic drinking water services (% of population),SH.H2O.BASW.ZS,94.5566591,Bangladesh
2024,"People using safely managed drinking water services, rural (% of rural population)",SH.H2O.SMDW.RU.ZS,62.50552364,Bangladesh
2023,"People using safely managed drinking water services, rural (% of rural population)",SH.H2O.SMDW.RU.ZS,62.44982072,Bangladesh
2022,"People using safely managed drinking water services, rural (% of rural population)",SH.H2O.SMDW.RU.ZS,62.39400859,Bangladesh
2021,"People using safely managed drinking water services, rural (% of rural population)",SH.H2O.SMDW.RU.ZS,62.2991883,Bangladesh
2020,"People using safely managed drinking water services, rural (% of rural population)",SH.H2O.SMDW.RU.ZS,62.13361976,Bangladesh
2019,"People using safely managed drinking water services, rural (% of rural population)",SH.H2O.SMDW.RU.ZS,61.96823382,Bangladesh
2018,"People using safely managed drinking water services, rural (% of rural population)",SH.H2O.SMDW.RU.ZS,61.8030305,Bangladesh
2017,"People using safely managed drinking water services, rural (% of rural population)",SH.H2O.SMDW.RU.ZS,61.63800978,Bangladesh
2016,"People using safely managed drinking water services, rural (% of rural population)",SH.H2O.SMDW.RU.ZS,61.47317168,Bangladesh
2015,"People using safely managed drinking water services, rural (% of rural population)",SH.H2O.SMDW.RU.ZS,61.30851618,Bangladesh
2014,"People using safely managed drinking water services, rural (% of rural population)",SH.H2O.SMDW.RU.ZS,61.1440433,Bangladesh
2013,"People using safely managed drinking water services, rural (% of rural population)",SH.H2O.SMDW.RU.ZS,60.97975302,Bangladesh
2012,"People using safely managed drinking water services, rural (% of rural population)",SH.H2O.SMDW.RU.ZS,60.81564535,Bangladesh
2011,"People using safely managed drinking water services, rural (% of rural population)",SH.H2O.SMDW.RU.ZS,60.65172029,Bangladesh
2010,"People using safely managed drinking water services, rural (% of rural population)",SH.H2O.SMDW.RU.ZS,60.53556028,Bangladesh
2009,"People using safely managed drinking water services, rural (% of rural population)",SH.H2O.SMDW.RU.ZS,60.41940026,Bangladesh
2008,"People using safely managed drinking water services, rural (% of rural population)",SH.H2O.SMDW.RU.ZS,60.30324025,Bangladesh
2007,"People using safely managed drinking water services, rural (% of rural population)",SH.H2O.SMDW.RU.ZS,60.18708024,Bangladesh
2006,"People using safely managed drinking water services, rural (% of rural population)",SH.H2O.SMDW.RU.ZS,60.07092023,Bangladesh
2005,"People using safely managed drinking water services, rural (% of rural population)",SH.H2O.SMDW.RU.ZS,59.95476021,Bangladesh
2004,"People using safely managed drinking water services, rural (% of rural population)",SH.H2O.SMDW.RU.ZS,59.8386002,Bangladesh
2003,"People using safely managed drinking water services, rural (% of rural population)",SH.H2O.SMDW.RU.ZS,59.72244019,Bangladesh
2002,"People using safely managed drinking water services, rural (% of rural population)",SH.H2O.SMDW.RU.ZS,59.60628018,Bangladesh
2001,"People using safely managed drinking water services, rural (% of rural population)",SH.H2O.SMDW.RU.ZS,59.49012016,Bangladesh
2000,"People using safely managed drinking water services, rural (% of rural population)",SH.H2O.SMDW.RU.ZS,59.37396015,Bangladesh
2024,"People using safely managed drinking water services, urban (% of urban population)",SH.H2O.SMDW.UR.ZS,54.30737613,Bangladesh
2023,"People using safely managed drinking water services, urban (% of urban population)",SH.H2O.SMDW.UR.ZS,54.27889355,Bangladesh
2022,"People using safely managed drinking water services, urban (% of urban population)",SH.H2O.SMDW.UR.ZS,54.25041097,Bangladesh
2021,"People using safely managed drinking water services, urban (% of urban population)",SH.H2O.SMDW.UR.ZS,54.22192839,Bangladesh
2020,"People using safely managed drinking water services, urban (% of urban population)",SH.H2O.SMDW.UR.ZS,53.03294857,Bangladesh
2019,"People using safely managed drinking water services, urban (% of urban population)",SH.H2O.SMDW.UR.ZS,51.84518861,Bangladesh
2018,"People using safely managed drinking water services, urban (% of urban population)",SH.H2O.SMDW.UR.ZS,50.6586485,Bangladesh
2017,"People using safely managed drinking water services, urban (% of urban population)",SH.H2O.SMDW.UR.ZS,49.47332824,Bangladesh
2016,"People using safely managed drinking water services, urban (% of urban population)",SH.H2O.SMDW.UR.ZS,48.28922783,Bangladesh
2015,"People using safely managed drinking water services, urban (% of urban population)",SH.H2O.SMDW.UR.ZS,47.10634727,Bangladesh
2014,"People using safely managed drinking water services, urban (% of urban population)",SH.H2O.SMDW.UR.ZS,45.92468656,Bangladesh
2013,"People using safely managed drinking water services, urban (% of urban population)",SH.H2O.SMDW.UR.ZS,44.7442457,Bangladesh
2012,"People using safely managed drinking water services, urban (% of urban population)",SH.H2O.SMDW.UR.ZS,43.5650247,Bangladesh
2011,"People using safely managed drinking water services, urban (% of urban population)",SH.H2O.SMDW.UR.ZS,42.38702354,Bangladesh
2010,"People using safely managed drinking water services, urban (% of urban population)",SH.H2O.SMDW.UR.ZS,42.36464021,Bangladesh
2009,"People using safely managed drinking water services, urban (% of urban population)",SH.H2O.SMDW.UR.ZS,42.34225688,Bangladesh
2008,"People using safely managed drinking water services, urban (% of urban population)",SH.H2O.SMDW.UR.ZS,42.31987355,Bangladesh
2007,"People using safely managed drinking water services, urban (% of urban population)",SH.H2O.SMDW.UR.ZS,42.29749023,Bangladesh
2006,"People using safely managed drinking water services, urban (% of urban population)",SH.H2O.SMDW.UR.ZS,42.2751069,Bangladesh
2005,"People using safely managed drinking water services, urban (% of urban population)",SH.H2O.SMDW.UR.ZS,42.25272357,Bangladesh
2004,"People using safely managed drinking water services, urban (% of urban population)",SH.H2O.SMDW.UR.ZS,42.23034024,Bangladesh
2003,"People using safely managed drinking water services, urban (% of urban population)",SH.H2O.SMDW.UR.ZS,42.20795691,Bangladesh
2002,"People using safely managed drinking water services, urban (% of urban population)",SH.H2O.SMDW.UR.ZS,42.18557358,Bangladesh
2001,"People using safely managed drinking water services, urban (% of urban population)",SH.H2O.SMDW.UR.ZS,42.16319025,Bangladesh
2000,"People using safely managed drinking water services, urban (% of urban population)",SH.H2O.SMDW.UR.ZS,42.14080693,Bangladesh
2024,People using safely managed drinking water services (% of population),SH.H2O.SMDW.ZS,59.12542599,Bangladesh
2023,People using safely managed drinking water services (% of population),SH.H2O.SMDW.ZS,59.14280211,Bangladesh
2022,People using safely managed drinking water services (% of population),SH.H2O.SMDW.ZS,59.16010502,Bangladesh
2021,People using safely managed drinking water services (% of population),SH.H2O.SMDW.ZS,59.15341917,Bangladesh
2020,People using safely managed drinking water services (% of population),SH.H2O.SMDW.ZS,58.65925479,Bangladesh
2019,People using safely managed drinking water services (% of population),SH.H2O.SMDW.ZS,58.18170875,Bangladesh
2018,People using safely managed drinking water services (% of population),SH.H2O.SMDW.ZS,57.72062128,Bangladesh
2017,People using safely managed drinking water services (% of population),SH.H2O.SMDW.ZS,57.27599745,Bangladesh
2016,People using safely managed drinking water services (% of population),SH.H2O.SMDW.ZS,56.84784791,Bangladesh
2015,People using safely managed drinking water services (% of population),SH.H2O.SMDW.ZS,56.43603461,Bangladesh
2014,People using safely managed drinking water services (% of population),SH.H2O.SMDW.ZS,56.04023227,Bangladesh
2013,People using safely managed drinking water services (% of population),SH.H2O.SMDW.ZS,55.66067459,Bangladesh
2012,People using safely managed drinking water services (% of population),SH.H2O.SMDW.ZS,55.29665333,Bangladesh
2011,People using safely managed drinking water services (% of population),SH.H2O.SMDW.ZS,54.94856969,Bangladesh
2010,People using safely managed drinking water services (% of population),SH.H2O.SMDW.ZS,55.00033306,Bangladesh
2009,People using safely managed drinking water services (% of population),SH.H2O.SMDW.ZS,55.04886068,Bangladesh
2008,People using safely managed drinking water services (% of population),SH.H2O.SMDW.ZS,55.0938174,Bangladesh
2007,People using safely managed drinking water services (% of population),SH.H2O.SMDW.ZS,55.13559779,Bangladesh
2006,People using safely managed drinking water services (% of population),SH.H2O.SMDW.ZS,55.17404778,Bangladesh
2005,People using safely managed drinking water services (% of population),SH.H2O.SMDW.ZS,55.20902081,Bangladesh
2004,People using safely managed drinking water services (% of population),SH.H2O.SMDW.ZS,55.24037775,Bangladesh
2003,People using safely managed drinking water services (% of population),SH.H2O.SMDW.ZS,55.26868235,Bangladesh
2002,People using safely managed drinking water services (% of population),SH.H2O.SMDW.ZS,55.29360959,Bangladesh
2001,People using safely managed drinking water services (% of population),SH.H2O.SMDW.ZS,55.315021,Bangladesh
2000,People using safely managed drinking water services (% of population),SH.H2O.SMDW.ZS,55.30866039,Bangladesh
2019,"Mortality rate attributed to household and ambient air pollution, age-standardized (per 100,000 population)",SH.STA.AIRP.P5,143.9,Bangladesh
2024,"People using at least basic sanitation services, rural (% of rural population)",SH.STA.BASS.RU.ZS,67.61836924,Bangladesh
2023,"People using at least basic sanitation services, rural (% of rural population)",SH.STA.BASS.RU.ZS,65.17437755,Bangladesh
2022,"People using at least basic sanitation services, rural (% of rural population)",SH.STA.BASS.RU.ZS,62.76184977,Bangladesh
2021,"People using at least basic sanitation services, rural (% of rural population)",SH.STA.BASS.RU.ZS,60.3807859,Bangladesh
2020,"People using at least basic sanitation services, rural (% of rural population)",SH.STA.BASS.RU.ZS,58.03118593,Bangladesh
2019,"People using at least basic sanitation services, rural (% of rural population)",SH.STA.BASS.RU.ZS,55.71304987,Bangladesh
2018,"People using at least basic sanitation services, rural (% of rural population)",SH.STA.BASS.RU.ZS,53.42637772,Bangladesh
2017,"People using at least basic sanitation services, rural (% of rural population)",SH.STA.BASS.RU.ZS,51.17116948,Bangladesh
2016,"People using at least basic sanitation services, rural (% of rural population)",SH.STA.BASS.RU.ZS,48.94742515,Bangladesh
2015,"People using at least basic sanitation services, rural (% of rural population)",SH.STA.BASS.RU.ZS,46.75514472,Bangladesh
2014,"People using at least basic sanitation services, rural (% of rural population)",SH.STA.BASS.RU.ZS,44.5943282,Bangladesh
2013,"People using at least basic sanitation services, rural (% of rural population)",SH.STA.BASS.RU.ZS,42.46497559,Bangladesh
2012,"People using at least basic sanitation services, rural (% of rural population)",SH.STA.BASS.RU.ZS,40.36708689,Bangladesh
2011,"People using at least basic sanitation services, rural (% of rural population)",SH.STA.BASS.RU.ZS,38.30066209,Bangladesh
2010,"People using at least basic sanitation services, rural (% of rural population)",SH.STA.BASS.RU.ZS,36.26570121,Bangladesh
2009,"People using at least basic sanitation services, rural (% of rural population)",SH.STA.BASS.RU.ZS,34.26220423,Bangladesh
2008,"People using at least basic sanitation services, rural (% of rural population)",SH.STA.BASS.RU.ZS,32.29017116,Bangladesh
2007,"People using at least basic sanitation services, rural (% of rural population)",SH.STA.BASS.RU.ZS,30.34960199,Bangladesh
2006,"People using at least basic sanitation services, rural (% of rural population)",SH.STA.BASS.RU.ZS,28.44049674,Bangladesh
2005,"People using at least basic sanitation services, rural (% of rural population)",SH.STA.BASS.RU.ZS,26.56285539,Bangladesh
2004,"People using at least basic sanitation services, rural (% of rural population)",SH.STA.BASS.RU.ZS,24.71667795,Bangladesh
2003,"People using at least basic sanitation services, rural (% of rural population)",SH.STA.BASS.RU.ZS,23.13153653,Bangladesh
2002,"People using at least basic sanitation services, rural (% of rural population)",SH.STA.BASS.RU.ZS,21.54639511,Bangladesh
2001,"People using at least basic sanitation services, rural (% of rural population)",SH.STA.BASS.RU.ZS,19.9612537,Bangladesh
2000,"People using at least basic sanitation services, rural (% of rural population)",SH.STA.BASS.RU.ZS,18.37611228,Bangladesh
2024,"People using at least basic sanitation services, urban (% of urban population)",SH.STA.BASS.UR.ZS,67.61547737,Bangladesh
2023,"People using at least basic sanitation services, urban (% of urban population)",SH.STA.BASS.UR.ZS,66.30114167,Bangladesh
2022,"People using at least basic sanitation services, urban (% of urban population)",SH.STA.BASS.UR.ZS,64.99906569,Bangladesh
2021,"People using at least basic sanitation services, urban (% of urban population)",SH.STA.BASS.UR.ZS,63.70924943,Bangladesh
2020,"People using at least basic sanitation services, urban (% of urban population)",SH.STA.BASS.UR.ZS,62.43169288,Bangladesh
2019,"People using at least basic sanitation services, urban (% of urban population)",SH.STA.BASS.UR.ZS,61.16639606,Bangladesh
2018,"People using at least basic sanitation services, urban (% of urban population)",SH.STA.BASS.UR.ZS,59.91335896,Bangladesh
2017,"People using at least basic sanitation services, urban (% of urban population)",SH.STA.BASS.UR.ZS,58.67258158,Bangladesh
2016,"People using at least basic sanitation services, urban (% of urban population)",SH.STA.BASS.UR.ZS,57.44406393,Bangladesh
2015,"People using at least basic sanitation services, urban (% of urban population)",SH.STA.BASS.UR.ZS,56.22780599,Bangladesh
2014,"People using at least basic sanitation services, urban (% of urban population)",SH.STA.BASS.UR.ZS,55.02380777,Bangladesh
2013,"People using at least basic sanitation services, urban (% of urban population)",SH.STA.BASS.UR.ZS,53.83206927,Bangladesh
2012,"People using at least basic sanitation services, urban (% of urban population)",SH.STA.BASS.UR.ZS,52.6525905,Bangladesh
2011,"People using at least basic sanitation services, urban (% of urban population)",SH.STA.BASS.UR.ZS,51.48537144,Bangladesh
2010,"People using at least basic sanitation services, urban (% of urban population)",SH.STA.BASS.UR.ZS,50.3304121,Bangladesh
2009,"People using at least basic sanitation services, urban (% of urban population)",SH.STA.BASS.UR.ZS,49.18771249,Bangladesh
2008,"People using at least basic sanitation services, urban (% of urban population)",SH.STA.BASS.UR.ZS,48.05727259,Bangladesh
2007,"People using at least basic sanitation services, urban (% of urban population)",SH.STA.BASS.UR.ZS,46.93909242,Bangladesh
2006,"People using at least basic sanitation services, urban (% of urban population)",SH.STA.BASS.UR.ZS,45.83317197,Bangladesh
2005,"People using at least basic sanitation services, urban (% of urban population)",SH.STA.BASS.UR.ZS,44.73951124,Bangladesh
2004,"People using at least basic sanitation services, urban (% of urban population)",SH.STA.BASS.UR.ZS,43.65811022,Bangladesh
2003,"People using at least basic sanitation services, urban (% of urban population)",SH.STA.BASS.UR.ZS,42.97407145,Bangladesh
2002,"People using at least basic sanitation services, urban (% of urban population)",SH.STA.BASS.UR.ZS,42.29003268,Bangladesh
2001,"People using at least basic sanitation services, urban (% of urban population)",SH.STA.BASS.UR.ZS,41.60599391,Bangladesh
2000,"People using at least basic sanitation services, urban (% of urban population)",SH.STA.BASS.UR.ZS,40.92195513,Bangladesh
2024,People using at least basic sanitation services (% of population),SH.STA.BASS.ZS,67.61717512,Bangladesh
2023,People using at least basic sanitation services (% of population),SH.STA.BASS.ZS,65.63041363,Bangladesh
2022,People using at least basic sanitation services (% of population),SH.STA.BASS.ZS,63.65027113,Bangladesh
2021,People using at least basic sanitation services (% of population),SH.STA.BASS.ZS,61.67708985,Bangladesh
2020,People using at least basic sanitation services (% of population),SH.STA.BASS.ZS,59.71116594,Bangladesh
2019,People using at least basic sanitation services (% of population),SH.STA.BASS.ZS,57.75287386,Bangladesh
2018,People using at least basic sanitation services (% of population),SH.STA.BASS.ZS,55.80268958,Bangladesh
2017,People using at least basic sanitation services (% of population),SH.STA.BASS.ZS,53.86102498,Bangladesh
2016,People using at least basic sanitation services (% of population),SH.STA.BASS.ZS,51.92830014,Bangladesh
2015,People using at least basic sanitation services (% of population),SH.STA.BASS.ZS,50.00502455,Bangladesh
2014,People using at least basic sanitation services (% of population),SH.STA.BASS.ZS,48.09185438,Bangladesh
2013,People using at least basic sanitation services (% of population),SH.STA.BASS.ZS,46.18906156,Bangladesh
2012,People using at least basic sanitation services (% of population),SH.STA.BASS.ZS,44.29758693,Bangladesh
2011,People using at least basic sanitation services (% of population),SH.STA.BASS.ZS,42.41758803,Bangladesh
2010,People using at least basic sanitation services (% of population),SH.STA.BASS.ZS,40.55009221,Bangladesh
2009,People using at least basic sanitation services (% of population),SH.STA.BASS.ZS,38.69642264,Bangladesh
2008,People using at least basic sanitation services (% of population),SH.STA.BASS.ZS,36.85758484,Bangladesh
2007,People using at least basic sanitation services (% of population),SH.STA.BASS.ZS,35.03397729,Bangladesh
2006,People using at least basic sanitation services (% of population),SH.STA.BASS.ZS,33.22643983,Bangladesh
2005,People using at least basic sanitation services (% of population),SH.STA.BASS.ZS,31.43583495,Bangladesh
2004,People using at least basic sanitation services (% of population),SH.STA.BASS.ZS,29.66304236,Bangladesh
2003,People using at least basic sanitation services (% of population),SH.STA.BASS.ZS,28.17729497,Bangladesh
2002,People using at least basic sanitation services (% of population),SH.STA.BASS.ZS,26.68168941,Bangladesh
2001,People using at least basic sanitation services (% of population),SH.STA.BASS.ZS,25.1767693,Bangladesh
2000,People using at least basic sanitation services (% of population),SH.STA.BASS.ZS,23.69467708,Bangladesh
2024,"People with basic handwashing facilities including soap and water, rural (% of rural population)",SH.STA.HYGN.RU.ZS,66.06216787,Bangladesh
2023,"People with basic handwashing facilities including soap and water, rural (% of rural population)",SH.STA.HYGN.RU.ZS,62.53456975,Bangladesh
2022,"People with basic handwashing facilities including soap and water, rural (% of rural population)",SH.STA.HYGN.RU.ZS,59.00697164,Bangladesh
2021,"People with basic handwashing facilities including soap and water, rural (% of rural population)",SH.STA.HYGN.RU.ZS,55.47937352,Bangladesh
2020,"People with basic handwashing facilities including soap and water, rural (% of rural population)",SH.STA.HYGN.RU.ZS,51.9517754,Bangladesh
2019,"People with basic handwashing facilities including soap and water, rural (% of rural population)",SH.STA.HYGN.RU.ZS,48.42417728,Bangladesh
2018,"People with basic handwashing facilities including soap and water, rural (% of rural population)",SH.STA.HYGN.RU.ZS,44.89657916,Bangladesh
2017,"People with basic handwashing facilities including soap and water, rural (% of rural population)",SH.STA.HYGN.RU.ZS,41.36898104,Bangladesh
2016,"People with basic handwashing facilities including soap and water, rural (% of rural population)",SH.STA.HYGN.RU.ZS,37.84138292,Bangladesh
2015,"People with basic handwashing facilities including soap and water, rural (% of rural population)",SH.STA.HYGN.RU.ZS,34.3137848,Bangladesh
2014,"People with basic handwashing facilities including soap and water, rural (% of rural population)",SH.STA.HYGN.RU.ZS,30.78618668,Bangladesh
2013,"People with basic handwashing facilities including soap and water, rural (% of rural population)",SH.STA.HYGN.RU.ZS,27.25858856,Bangladesh
2012,"People with basic handwashing facilities including soap and water, rural (% of rural population)",SH.STA.HYGN.RU.ZS,23.73099044,Bangladesh
2011,"People with basic handwashing facilities including soap and water, rural (% of rural population)",SH.STA.HYGN.RU.ZS,20.20339233,Bangladesh
2010,"People with basic handwashing facilities including soap and water, rural (% of rural population)",SH.STA.HYGN.RU.ZS,16.67579421,Bangladesh
2009,"People with basic handwashing facilities including soap and water, rural (% of rural population)",SH.STA.HYGN.RU.ZS,13.14819609,Bangladesh
2008,"People with basic handwashing facilities including soap and water, rural (% of rural population)",SH.STA.HYGN.RU.ZS,13.14819609,Bangladesh
2007,"People with basic handwashing facilities including soap and water, rural (% of rural population)",SH.STA.HYGN.RU.ZS,13.14819609,Bangladesh
2006,"People with basic handwashing facilities including soap and water, rural (% of rural population)",SH.STA.HYGN.RU.ZS,13.14819609,Bangladesh
2005,"People with basic handwashing facilities including soap and water, rural (% of rural population)",SH.STA.HYGN.RU.ZS,13.14819609,Bangladesh
2024,"People with basic handwashing facilities including soap and water, urban (% of urban population)",SH.STA.HYGN.UR.ZS,80.01798481,Bangladesh
2023,"People with basic handwashing facilities including soap and water, urban (% of urban population)",SH.STA.HYGN.UR.ZS,77.35375938,Bangladesh
2022,"People with basic handwashing facilities including soap and water, urban (% of urban population)",SH.STA.HYGN.UR.ZS,74.68953395,Bangladesh
2021,"People with basic handwashing facilities including soap and water, urban (% of urban population)",SH.STA.HYGN.UR.ZS,72.02530852,Bangladesh
2020,"People with basic handwashing facilities including soap and water, urban (% of urban population)",SH.STA.HYGN.UR.ZS,69.36108309,Bangladesh
2019,"People with basic handwashing facilities including soap and water, urban (% of urban population)",SH.STA.HYGN.UR.ZS,66.69685766,Bangladesh
2018,"People with basic handwashing facilities including soap and water, urban (% of urban population)",SH.STA.HYGN.UR.ZS,64.03263223,Bangladesh
2017,"People with basic handwashing facilities including soap and water, urban (% of urban population)",SH.STA.HYGN.UR.ZS,61.36840679,Bangladesh
2016,"People with basic handwashing facilities including soap and water, urban (% of urban population)",SH.STA.HYGN.UR.ZS,58.70418136,Bangladesh
2015,"People with basic handwashing facilities including soap and water, urban (% of urban population)",SH.STA.HYGN.UR.ZS,56.03995593,Bangladesh
2014,"People with basic handwashing facilities including soap and water, urban (% of urban population)",SH.STA.HYGN.UR.ZS,53.3757305,Bangladesh
2013,"People with basic handwashing facilities including soap and water, urban (% of urban population)",SH.STA.HYGN.UR.ZS,50.71150507,Bangladesh
2012,"People with basic handwashing facilities including soap and water, urban (% of urban population)",SH.STA.HYGN.UR.ZS,48.04727964,Bangladesh
2011,"People with basic handwashing facilities including soap and water, urban (% of urban population)",SH.STA.HYGN.UR.ZS,45.38305421,Bangladesh
2010,"People with basic handwashing facilities including soap and water, urban (% of urban population)",SH.STA.HYGN.UR.ZS,42.71882878,Bangladesh
2009,"People with basic handwashing facilities including soap and water, urban (% of urban population)",SH.STA.HYGN.UR.ZS,40.05460334,Bangladesh
2008,"People with basic handwashing facilities including soap and water, urban (% of urban population)",SH.STA.HYGN.UR.ZS,40.05460334,Bangladesh
2007,"People with basic handwashing facilities including soap and water, urban (% of urban population)",SH.STA.HYGN.UR.ZS,40.05460334,Bangladesh
2006,"People with basic handwashing facilities including soap and water, urban (% of urban population)",SH.STA.HYGN.UR.ZS,40.05460334,Bangladesh
2005,"People with basic handwashing facilities including soap and water, urban (% of urban population)",SH.STA.HYGN.UR.ZS,40.05460334,Bangladesh
2024,People with basic handwashing facilities including soap and water (% of population),SH.STA.HYGN.ZS,71.81614905,Bangladesh
2023,People with basic handwashing facilities including soap and water (% of population),SH.STA.HYGN.ZS,68.53234126,Bangladesh
2022,People with basic handwashing facilities including soap and water (% of population),SH.STA.HYGN.ZS,65.23467455,Bangladesh
2021,People with basic handwashing facilities including soap and water (% of population),SH.STA.HYGN.ZS,61.92335392,Bangladesh
2020,People with basic handwashing facilities including soap and water (% of population),SH.STA.HYGN.ZS,58.59812551,Bangladesh
2019,People with basic handwashing facilities including soap and water (% of population),SH.STA.HYGN.ZS,55.2590731,Bangladesh
2018,People with basic handwashing facilities including soap and water (% of population),SH.STA.HYGN.ZS,51.90649904,Bangladesh
2017,People with basic handwashing facilities including soap and water (% of population),SH.STA.HYGN.ZS,48.54037431,Bangladesh
2016,People with basic handwashing facilities including soap and water (% of population),SH.STA.HYGN.ZS,45.16067774,Bangladesh
2015,People with basic handwashing facilities including soap and water (% of population),SH.STA.HYGN.ZS,41.76759925,Bangladesh
2014,People with basic handwashing facilities including soap and water (% of population),SH.STA.HYGN.ZS,38.36159035,Bangladesh
2013,People with basic handwashing facilities including soap and water (% of population),SH.STA.HYGN.ZS,34.94223211,Bangladesh
2012,People with basic handwashing facilities including soap and water (% of population),SH.STA.HYGN.ZS,31.51049983,Bangladesh
2011,People with basic handwashing facilities including soap and water (% of population),SH.STA.HYGN.ZS,28.06574187,Bangladesh
2010,People with basic handwashing facilities including soap and water (% of population),SH.STA.HYGN.ZS,24.6090226,Bangladesh
2009,People with basic handwashing facilities including soap and water (% of population),SH.STA.HYGN.ZS,21.14182011,Bangladesh
2008,People with basic handwashing facilities including soap and water (% of population),SH.STA.HYGN.ZS,20.94244434,Bangladesh
2007,People with basic handwashing facilities including soap and water (% of population),SH.STA.HYGN.ZS,20.74575895,Bangladesh
2006,People with basic handwashing facilities including soap and water (% of population),SH.STA.HYGN.ZS,20.55203243,Bangladesh
2005,People with basic handwashing facilities including soap and water (% of population),SH.STA.HYGN.ZS,20.36153481,Bangladesh
2024,"People practicing open defecation, rural (% of rural population)",SH.STA.ODFC.RU.ZS,0,Bangladesh
2023,"People practicing open defecation, rural (% of rural population)",SH.STA.ODFC.RU.ZS,0,Bangladesh
2022,"People practicing open defecation, rural (% of rural population)",SH.STA.ODFC.RU.ZS,0,Bangladesh
2021,"People practicing open defecation, rural (% of rural population)",SH.STA.ODFC.RU.ZS,0,Bangladesh
2020,"People practicing open defecation, rural (% of rural population)",SH.STA.ODFC.RU.ZS,0,Bangladesh
2019,"People practicing open defecation, rural (% of rural population)",SH.STA.ODFC.RU.ZS,0.770561815,Bangladesh
2018,"People practicing open defecation, rural (% of rural population)",SH.STA.ODFC.RU.ZS,1.746078931,Bangladesh
2017,"People practicing open defecation, rural (% of rural population)",SH.STA.ODFC.RU.ZS,2.721596047,Bangladesh
2016,"People practicing open defecation, rural (% of rural population)",SH.STA.ODFC.RU.ZS,3.697113163,Bangladesh
2015,"People practicing open defecation, rural (% of rural population)",SH.STA.ODFC.RU.ZS,4.67263028,Bangladesh
2014,"People practicing open defecation, rural (% of rural population)",SH.STA.ODFC.RU.ZS,5.648147396,Bangladesh
2013,"People practicing open defecation, rural (% of rural population)",SH.STA.ODFC.RU.ZS,6.623664512,Bangladesh
2012,"People practicing open defecation, rural (% of rural population)",SH.STA.ODFC.RU.ZS,7.599181628,Bangladesh
2011,"People practicing open defecation, rural (% of rural population)",SH.STA.ODFC.RU.ZS,8.574698745,Bangladesh
2010,"People practicing open defecation, rural (% of rural population)",SH.STA.ODFC.RU.ZS,9.550215861,Bangladesh
2009,"People practicing open defecation, rural (% of rural population)",SH.STA.ODFC.RU.ZS,10.52573298,Bangladesh
2008,"People practicing open defecation, rural (% of rural population)",SH.STA.ODFC.RU.ZS,11.50125009,Bangladesh
2007,"People practicing open defecation, rural (% of rural population)",SH.STA.ODFC.RU.ZS,12.47676721,Bangladesh
2006,"People practicing open defecation, rural (% of rural population)",SH.STA.ODFC.RU.ZS,13.45228433,Bangladesh
2005,"People practicing open defecation, rural (% of rural population)",SH.STA.ODFC.RU.ZS,14.42780144,Bangladesh
2004,"People practicing open defecation, rural (% of rural population)",SH.STA.ODFC.RU.ZS,15.40331856,Bangladesh
2003,"People practicing open defecation, rural (% of rural population)",SH.STA.ODFC.RU.ZS,16.37883568,Bangladesh
2002,"People practicing open defecation, rural (% of rural population)",SH.STA.ODFC.RU.ZS,17.35435279,Bangladesh
2001,"People practicing open defecation, rural (% of rural population)",SH.STA.ODFC.RU.ZS,18.32986991,Bangladesh
2000,"People practicing open defecation, rural (% of rural population)",SH.STA.ODFC.RU.ZS,19.30538702,Bangladesh
2024,"People practicing open defecation, urban (% of urban population)",SH.STA.ODFC.UR.ZS,0,Bangladesh
2023,"People practicing open defecation, urban (% of urban population)",SH.STA.ODFC.UR.ZS,0,Bangladesh
2022,"People practicing open defecation, urban (% of urban population)",SH.STA.ODFC.UR.ZS,0,Bangladesh
2021,"People practicing open defecation, urban (% of urban population)",SH.STA.ODFC.UR.ZS,0,Bangladesh
2020,"People practicing open defecation, urban (% of urban population)",SH.STA.ODFC.UR.ZS,0,Bangladesh
2019,"People practicing open defecation, urban (% of urban population)",SH.STA.ODFC.UR.ZS,0.198153897,Bangladesh
2018,"People practicing open defecation, urban (% of urban population)",SH.STA.ODFC.UR.ZS,0.396361238,Bangladesh
2017,"People practicing open defecation, urban (% of urban population)",SH.STA.ODFC.UR.ZS,0.594568579,Bangladesh
2016,"People practicing open defecation, urban (% of urban population)",SH.STA.ODFC.UR.ZS,0.79277592,Bangladesh
2015,"People practicing open defecation, urban (% of urban population)",SH.STA.ODFC.UR.ZS,0.990983261,Bangladesh
2014,"People practicing open defecation, urban (% of urban population)",SH.STA.ODFC.UR.ZS,1.189190602,Bangladesh
2013,"People practicing open defecation, urban (% of urban population)",SH.STA.ODFC.UR.ZS,1.387397943,Bangladesh
2012,"People practicing open defecation, urban (% of urban population)",SH.STA.ODFC.UR.ZS,1.585605284,Bangladesh
2011,"People practicing open defecation, urban (% of urban population)",SH.STA.ODFC.UR.ZS,1.783812625,Bangladesh
2010,"People practicing open defecation, urban (% of urban population)",SH.STA.ODFC.UR.ZS,1.982019965,Bangladesh
2009,"People practicing open defecation, urban (% of urban population)",SH.STA.ODFC.UR.ZS,2.180227306,Bangladesh
2008,"People practicing open defecation, urban (% of urban population)",SH.STA.ODFC.UR.ZS,2.378434647,Bangladesh
2007,"People practicing open defecation, urban (% of urban population)",SH.STA.ODFC.UR.ZS,2.576641988,Bangladesh
2006,"People practicing open defecation, urban (% of urban population)",SH.STA.ODFC.UR.ZS,2.774849329,Bangladesh
2005,"People practicing open defecation, urban (% of urban population)",SH.STA.ODFC.UR.ZS,2.97305667,Bangladesh
2004,"People practicing open defecation, urban (% of urban population)",SH.STA.ODFC.UR.ZS,3.171264011,Bangladesh
2003,"People practicing open defecation, urban (% of urban population)",SH.STA.ODFC.UR.ZS,3.369471352,Bangladesh
2002,"People practicing open defecation, urban (% of urban population)",SH.STA.ODFC.UR.ZS,3.567678693,Bangladesh
2001,"People practicing open defecation, urban (% of urban population)",SH.STA.ODFC.UR.ZS,3.765886034,Bangladesh
2000,"People practicing open defecation, urban (% of urban population)",SH.STA.ODFC.UR.ZS,3.964093375,Bangladesh
2024,People practicing open defecation (% of population),SH.STA.ODFC.ZS,0,Bangladesh
2023,People practicing open defecation (% of population),SH.STA.ODFC.ZS,0,Bangladesh
2022,People practicing open defecation (% of population),SH.STA.ODFC.ZS,0,Bangladesh
2021,People practicing open defecation (% of population),SH.STA.ODFC.ZS,0,Bangladesh
2020,People practicing open defecation (% of population),SH.STA.ODFC.ZS,0,Bangladesh
2019,People practicing open defecation (% of population),SH.STA.ODFC.ZS,0.556452637,Bangladesh
2018,People practicing open defecation (% of population),SH.STA.ODFC.ZS,1.251650355,Bangladesh
2017,People practicing open defecation (% of population),SH.STA.ODFC.ZS,1.958886517,Bangladesh
2016,People practicing open defecation (% of population),SH.STA.ODFC.ZS,2.678184505,Bangladesh
2015,People practicing open defecation (% of population),SH.STA.ODFC.ZS,3.409530667,Bangladesh
2014,People practicing open defecation (% of population),SH.STA.ODFC.ZS,4.152836256,Bangladesh
2013,People practicing open defecation (% of population),SH.STA.ODFC.ZS,4.908158726,Bangladesh
2012,People practicing open defecation (% of population),SH.STA.ODFC.ZS,5.675258108,Bangladesh
2011,People practicing open defecation (% of population),SH.STA.ODFC.ZS,6.454244716,Bangladesh
2010,People practicing open defecation (% of population),SH.STA.ODFC.ZS,7.24479184,Bangladesh
2009,People practicing open defecation (% of population),SH.STA.ODFC.ZS,8.04636656,Bangladesh
2008,People practicing open defecation (% of population),SH.STA.ODFC.ZS,8.858552603,Bangladesh
2007,People practicing open defecation (% of population),SH.STA.ODFC.ZS,9.681268995,Bangladesh
2006,People practicing open defecation (% of population),SH.STA.ODFC.ZS,10.51417489,Bangladesh
2005,People practicing open defecation (% of population),SH.STA.ODFC.ZS,11.3568988,Bangladesh
2004,People practicing open defecation (% of population),SH.STA.ODFC.ZS,12.20903964,Bangladesh
2003,People practicing open defecation (% of population),SH.STA.ODFC.ZS,13.07068439,Bangladesh
2002,People practicing open defecation (% of population),SH.STA.ODFC.ZS,13.94132376,Bangladesh
2001,People practicing open defecation (% of population),SH.STA.ODFC.ZS,14.82053179,Bangladesh
2000,People practicing open defecation (% of population),SH.STA.ODFC.ZS,15.68637616,Bangladesh
2024,"People using safely managed sanitation services, rural (% of rural population)",SH.STA.SMSS.RU.ZS,41.93476506,Bangladesh
2023,"People using safely managed sanitation services, rural (% of rural population)",SH.STA.SMSS.RU.ZS,40.30276982,Bangladesh
2022,"People using safely managed sanitation services, rural (% of rural population)",SH.STA.SMSS.RU.ZS,38.16061135,Bangladesh
2021,"People using safely managed sanitation services, rural (% of rural population)",SH.STA.SMSS.RU.ZS,36.06121843,Bangladesh
2020,"People using safely managed sanitation services, rural (% of rural population)",SH.STA.SMSS.RU.ZS,34.03131773,Bangladesh
2019,"People using safely managed sanitation services, rural (% of rural population)",SH.STA.SMSS.RU.ZS,32.06989965,Bangladesh
2018,"People using safely managed sanitation services, rural (% of rural population)",SH.STA.SMSS.RU.ZS,30.17595456,Bangladesh
2017,"People using safely managed sanitation services, rural (% of rural population)",SH.STA.SMSS.RU.ZS,28.34847285,Bangladesh
2016,"People using safely managed sanitation services, rural (% of rural population)",SH.STA.SMSS.RU.ZS,26.58644492,Bangladesh
2015,"People using safely managed sanitation services, rural (% of rural population)",SH.STA.SMSS.RU.ZS,24.88886114,Bangladesh
2014,"People using safely managed sanitation services, rural (% of rural population)",SH.STA.SMSS.RU.ZS,23.25471191,Bangladesh
2013,"People using safely managed sanitation services, rural (% of rural population)",SH.STA.SMSS.RU.ZS,21.68298761,Bangladesh
2012,"People using safely managed sanitation services, rural (% of rural population)",SH.STA.SMSS.RU.ZS,20.60111124,Bangladesh
2011,"People using safely managed sanitation services, rural (% of rural population)",SH.STA.SMSS.RU.ZS,19.53549694,Bangladesh
2010,"People using safely managed sanitation services, rural (% of rural population)",SH.STA.SMSS.RU.ZS,18.48614472,Bangladesh
2009,"People using safely managed sanitation services, rural (% of rural population)",SH.STA.SMSS.RU.ZS,17.45305456,Bangladesh
2008,"People using safely managed sanitation services, rural (% of rural population)",SH.STA.SMSS.RU.ZS,16.43622648,Bangladesh
2007,"People using safely managed sanitation services, rural (% of rural population)",SH.STA.SMSS.RU.ZS,15.43566046,Bangladesh
2006,"People using safely managed sanitation services, rural (% of rural population)",SH.STA.SMSS.RU.ZS,14.45135652,Bangladesh
2005,"People using safely managed sanitation services, rural (% of rural population)",SH.STA.SMSS.RU.ZS,13.48331465,Bangladesh
2004,"People using safely managed sanitation services, rural (% of rural population)",SH.STA.SMSS.RU.ZS,12.53153485,Bangladesh
2003,"People using safely managed sanitation services, rural (% of rural population)",SH.STA.SMSS.RU.ZS,11.70889511,Bangladesh
2002,"People using safely managed sanitation services, rural (% of rural population)",SH.STA.SMSS.RU.ZS,10.88625538,Bangladesh
2001,"People using safely managed sanitation services, rural (% of rural population)",SH.STA.SMSS.RU.ZS,10.06361564,Bangladesh
2000,"People using safely managed sanitation services, rural (% of rural population)",SH.STA.SMSS.RU.ZS,9.240975907,Bangladesh
2024,"People using safely managed sanitation services, urban (% of urban population)",SH.STA.SMSS.UR.ZS,30.74323863,Bangladesh
2023,"People using safely managed sanitation services, urban (% of urban population)",SH.STA.SMSS.UR.ZS,30.16695018,Bangladesh
2022,"People using safely managed sanitation services, urban (% of urban population)",SH.STA.SMSS.UR.ZS,29.59590958,Bangladesh
2021,"People using safely managed sanitation services, urban (% of urban population)",SH.STA.SMSS.UR.ZS,29.03011682,Bangladesh
2020,"People using safely managed sanitation services, urban (% of urban population)",SH.STA.SMSS.UR.ZS,28.46957193,Bangladesh
2019,"People using safely managed sanitation services, urban (% of urban population)",SH.STA.SMSS.UR.ZS,27.91427488,Bangladesh
2018,"People using safely managed sanitation services, urban (% of urban population)",SH.STA.SMSS.UR.ZS,27.36422568,Bangladesh
2017,"People using safely managed sanitation services, urban (% of urban population)",SH.STA.SMSS.UR.ZS,26.81942433,Bangladesh
2016,"People using safely managed sanitation services, urban (% of urban population)",SH.STA.SMSS.UR.ZS,26.27987083,Bangladesh
2015,"People using safely managed sanitation services, urban (% of urban population)",SH.STA.SMSS.UR.ZS,25.74556519,Bangladesh
2014,"People using safely managed sanitation services, urban (% of urban population)",SH.STA.SMSS.UR.ZS,25.21650739,Bangladesh
2013,"People using safely managed sanitation services, urban (% of urban population)",SH.STA.SMSS.UR.ZS,24.69269744,Bangladesh
2012,"People using safely managed sanitation services, urban (% of urban population)",SH.STA.SMSS.UR.ZS,24.17413535,Bangladesh
2011,"People using safely managed sanitation services, urban (% of urban population)",SH.STA.SMSS.UR.ZS,23.6608211,Bangladesh
2010,"People using safely managed sanitation services, urban (% of urban population)",SH.STA.SMSS.UR.ZS,23.15275471,Bangladesh
2009,"People using safely managed sanitation services, urban (% of urban population)",SH.STA.SMSS.UR.ZS,22.64993617,Bangladesh
2008,"People using safely managed sanitation services, urban (% of urban population)",SH.STA.SMSS.UR.ZS,22.15236547,Bangladesh
2007,"People using safely managed sanitation services, urban (% of urban population)",SH.STA.SMSS.UR.ZS,21.66004263,Bangladesh
2006,"People using safely managed sanitation services, urban (% of urban population)",SH.STA.SMSS.UR.ZS,21.17296764,Bangladesh
2005,"People using safely managed sanitation services, urban (% of urban population)",SH.STA.SMSS.UR.ZS,20.6911405,Bangladesh
2004,"People using safely managed sanitation services, urban (% of urban population)",SH.STA.SMSS.UR.ZS,20.21456121,Bangladesh
2003,"People using safely managed sanitation services, urban (% of urban population)",SH.STA.SMSS.UR.ZS,19.83713945,Bangladesh
2002,"People using safely managed sanitation services, urban (% of urban population)",SH.STA.SMSS.UR.ZS,19.4597177,Bangladesh
2001,"People using safely managed sanitation services, urban (% of urban population)",SH.STA.SMSS.UR.ZS,19.08229595,Bangladesh
2000,"People using safely managed sanitation services, urban (% of urban population)",SH.STA.SMSS.UR.ZS,18.7048742,Bangladesh
2024,People using safely managed sanitation services (% of population),SH.STA.SMSS.ZS,37.32049791,Bangladesh
2023,People using safely managed sanitation services (% of population),SH.STA.SMSS.ZS,36.20049998,Bangladesh
2022,People using safely managed sanitation services (% of population),SH.STA.SMSS.ZS,34.7594829,Bangladesh
2021,People using safely managed sanitation services (% of population),SH.STA.SMSS.ZS,33.32288589,Bangladesh
2020,People using safely managed sanitation services (% of population),SH.STA.SMSS.ZS,31.90800909,Bangladesh
2019,People using safely managed sanitation services (% of population),SH.STA.SMSS.ZS,30.51548818,Bangladesh
2018,People using safely managed sanitation services (% of population),SH.STA.SMSS.ZS,29.14596246,Bangladesh
2017,People using safely managed sanitation services (% of population),SH.STA.SMSS.ZS,27.80018622,Bangladesh
2016,People using safely managed sanitation services (% of population),SH.STA.SMSS.ZS,26.47888915,Bangladesh
2015,People using safely managed sanitation services (% of population),SH.STA.SMSS.ZS,25.18277868,Bangladesh
2014,People using safely managed sanitation services (% of population),SH.STA.SMSS.ZS,23.91260013,Bangladesh
2013,People using safely managed sanitation services (% of population),SH.STA.SMSS.ZS,22.66902812,Bangladesh
2012,People using safely managed sanitation services (% of population),SH.STA.SMSS.ZS,21.74422832,Bangladesh
2011,People using safely managed sanitation services (% of population),SH.STA.SMSS.ZS,20.82362966,Bangladesh
2010,People using safely managed sanitation services (% of population),SH.STA.SMSS.ZS,19.90768686,Bangladesh
2009,People using safely managed sanitation services (% of population),SH.STA.SMSS.ZS,18.99699572,Bangladesh
2008,People using safely managed sanitation services (% of population),SH.STA.SMSS.ZS,18.09207746,Bangladesh
2007,People using safely managed sanitation services (% of population),SH.STA.SMSS.ZS,17.19323968,Bangladesh
2006,People using safely managed sanitation services (% of population),SH.STA.SMSS.ZS,16.30094259,Bangladesh
2005,People using safely managed sanitation services (% of population),SH.STA.SMSS.ZS,15.41566062,Bangladesh
2004,People using safely managed sanitation services (% of population),SH.STA.SMSS.ZS,14.53787978,Bangladesh
2003,People using safely managed sanitation services (% of population),SH.STA.SMSS.ZS,13.77582647,Bangladesh
2002,People using safely managed sanitation services (% of population),SH.STA.SMSS.ZS,13.00870143,Bangladesh
2001,People using safely managed sanitation services (% of population),SH.STA.SMSS.ZS,12.23675637,Bangladesh
2000,People using safely managed sanitation services (% of population),SH.STA.SMSS.ZS,11.47350974,Bangladesh