division_id,Division,District_id,district,period_number,start_date,Last date,cropland_flooded_sq_km,cropland_flooded_ha,total_area_flooded_sq_km,total_area_flooded_ha,pct_of_cropland_flooded,pct_of_total_area_flooded,population_exposed
BD10,Barisal,BD1004,Barguna,55,4/1/2026,4/15/2026,8.08,808,74.52,7452,1.016704067,5.105152011,23878
BD10,Barisal,BD1006,Barisal,55,4/1/2026,4/15/2026,37.63,3763,205.43,20543,3.96345852,8.491727631,119126
BD10,Barisal,BD1009,Bhola,55,4/1/2026,4/15/2026,23.96,2396,181.76,18176,2.972027105,8.5874107,114610
BD10,Barisal,BD1042,Jhalokati,55,4/1/2026,4/15/2026,6.35,635,43.35,4335,2.04041798,5.393792078,23617
BD10,Barisal,BD1078,Patuakhali,55,4/1/2026,4/15/2026,30.18,3018,205.86,20586,2.006242791,7.247905991,58844
BD10,Barisal,BD1079,Pirojpur,55,4/1/2026,4/15/2026,9.94,994,84.59,8459,1.941878333,6.124675519,39457
BD20,Chattogram,BD2003,Bandarban,55,4/1/2026,4/15/2026,0.06,6,1.42,142,0.074962519,0.028623538,136
BD20,Chattogram,BD2012,Brahamanbaria,55,4/1/2026,4/15/2026,8.08,808,24.31,2431,0.541022285,1.152203562,14255
BD20,Chattogram,BD2013,Chandpur,55,4/1/2026,4/15/2026,16.82,1682,60.6,6060,2.64625558,3.771081561,40913
BD20,Chattogram,BD2015,Chattogram,55,4/1/2026,4/15/2026,26.51,2651,102.33,10233,2.006479932,2.114969191,95596
BD20,Chattogram,BD2019,Comilla,55,4/1/2026,4/15/2026,8.11,811,24.51,2451,0.439676316,0.724902065,36346
BD20,Chattogram,BD2022,Cox's Bazar,55,4/1/2026,4/15/2026,78.13,7813,259.73,25973,13.70951893,11.06788478,266170
BD20,Chattogram,BD2030,Feni,55,4/1/2026,4/15/2026,10.89,1089,35.53,3553,2.452006213,3.589936078,21980
BD20,Chattogram,BD2046,Khagrachhari,55,4/1/2026,4/15/2026,0.11,11,1.41,141,0.051286543,0.045417548,352
BD20,Chattogram,BD2051,Lakshmipur,55,4/1/2026,4/15/2026,10.86,1086,55.7,5570,2.297113598,4.106701552,65017
BD20,Chattogram,BD2075,Noakhali,55,4/1/2026,4/15/2026,37.96,3796,199.28,19928,3.282900207,6.833839255,93748
BD20,Chattogram,BD2084,Rangamati,55,4/1/2026,4/15/2026,2.14,214,64.58,6458,0.978197331,1.028076575,10518
BD30,Dhaka,BD3026,Dhaka,55,4/1/2026,4/15/2026,2.93,293,19.74,1974,0.454299197,1.2182562,45725
BD30,Dhaka,BD3029,Faridpur,55,4/1/2026,4/15/2026,9.36,936,24.07,2407,0.700001065,1.075349145,15923
BD30,Dhaka,BD3033,Gazipur,55,4/1/2026,4/15/2026,6.8,680,17.28,1728,1.01113915,0.864196105,24577
BD30,Dhaka,BD3035,Gopalganj,55,4/1/2026,4/15/2026,24.45,2445,39.05,3905,2.216436386,2.428798537,14838
BD30,Dhaka,BD3048,Kishoreganj,55,4/1/2026,4/15/2026,30.24,3024,62.83,6283,1.480360033,2.221424022,37235
BD30,Dhaka,BD3054,Madaripur,55,4/1/2026,4/15/2026,4.02,402,9.79,979,0.571148557,0.788919649,5743
BD30,Dhaka,BD3056,Manikganj,55,4/1/2026,4/15/2026,27.71,2771,87.75,8775,3.349525912,5.813920859,48813
BD30,Dhaka,BD3059,Munshiganj,55,4/1/2026,4/15/2026,5.51,551,31.08,3108,0.989615813,3.041510085,19676
BD30,Dhaka,BD3067,Narayanganj,55,4/1/2026,4/15/2026,1.95,195,23.45,2345,0.644670137,3.037989925,24256
BD30,Dhaka,BD3068,Narsingdi,55,4/1/2026,4/15/2026,11.1,1110,47.57,4757,1.925139582,3.704764504,31213
BD30,Dhaka,BD3082,Rajbari,55,4/1/2026,4/15/2026,6.28,628,40.48,4048,0.94822914,3.244074051,36727
BD30,Dhaka,BD3086,Shariatpur,55,4/1/2026,4/15/2026,19.52,1952,67.77,6777,2.931967642,5.22522103,50867
BD30,Dhaka,BD3093,Tangail,55,4/1/2026,4/15/2026,17.73,1773,46.45,4645,0.948046212,1.251458847,39839
BD40,Khulna,BD4001,Bagerhat,55,4/1/2026,4/15/2026,150.19,15019,677.98,67798,14.67499903,17.11398401,189733
BD40,Khulna,BD4018,Chuadanga,55,4/1/2026,4/15/2026,4.01,401,6.57,657,0.605767059,0.514359514,4037
BD40,Khulna,BD4041,Jessore,55,4/1/2026,4/15/2026,38.74,3874,126.54,12654,2.548831643,4.482278977,64321
BD40,Khulna,BD4044,Jhenaidah,55,4/1/2026,4/15/2026,8.91,891,14.93,1493,0.714972372,0.696815179,8711
BD40,Khulna,BD4047,Khulna,55,4/1/2026,4/15/2026,150.99,15099,795.48,79548,12.16073127,20.18156016,190554
BD40,Khulna,BD4050,Kushtia,55,4/1/2026,4/15/2026,13.05,1305,31.73,3173,1.38707196,1.788168445,16425
BD40,Khulna,BD4055,Magura,55,4/1/2026,4/15/2026,3.75,375,7.42,742,0.531320843,0.64614171,3897
BD40,Khulna,BD4057,Meherpur,55,4/1/2026,4/15/2026,4.07,407,5.49,549,0.871707516,0.694747236,3456
BD40,Khulna,BD4065,Narail,55,4/1/2026,4/15/2026,19.33,1933,48.12,4812,2.903256814,4.423633434,22994
BD40,Khulna,BD4087,Satkhira,55,4/1/2026,4/15/2026,105.95,10595,860.31,86031,10.46905765,23.35205402,262381
BD45,Mymensingh,BD4539,Jamalpur,55,4/1/2026,4/15/2026,10.27,1027,37.53,3753,0.709682386,1.639884337,23471
BD45,Mymensingh,BD4561,Mymensingh,55,4/1/2026,4/15/2026,18.77,1877,35.39,3539,0.641675893,0.736169477,35921
BD45,Mymensingh,BD4572,Netrakona,55,4/1/2026,4/15/2026,8.61,861,15.49,1549,0.378542255,0.501664449,7751
BD45,Mymensingh,BD4589,Sherpur,55,4/1/2026,4/15/2026,2.33,233,3.33,333,0.238060284,0.229542887,3014
BD50,Rajshahi,BD5010,Bogra,55,4/1/2026,4/15/2026,28.71,2871,87.42,8742,1.406106907,2.71230545,47049
BD50,Rajshahi,BD5038,Joypurhat,55,4/1/2026,4/15/2026,1.98,198,3.38,338,0.250739767,0.319719006,3015
BD50,Rajshahi,BD5064,Naogaon,55,4/1/2026,4/15/2026,16.46,1646,21.91,2191,0.584307914,0.575483753,10188
BD50,Rajshahi,BD5069,Natore,55,4/1/2026,4/15/2026,26.1,2610,43.35,4335,2.015838484,2.064218102,24542
BD50,Rajshahi,BD5070,Nawabganj,55,4/1/2026,4/15/2026,19.04,1904,50.73,5073,2.100284701,2.722250523,32576
BD50,Rajshahi,BD5076,Pabna,55,4/1/2026,4/15/2026,42.03,4203,76,7600,2.557812801,2.89158335,53984
BD50,Rajshahi,BD5081,Rajshahi,55,4/1/2026,4/15/2026,101.3,10130,174.27,17427,6.963971533,6.476510485,116726
BD50,Rajshahi,BD5088,Sirajganj,55,4/1/2026,4/15/2026,67.38,6738,179.58,17958,4.098507884,6.528071052,136031
BD55,Rangpur,BD5527,Dinajpur,55,4/1/2026,4/15/2026,11.91,1191,15.72,1572,0.418886369,0.407896944,12518
BD55,Rangpur,BD5532,Gaibandha,55,4/1/2026,4/15/2026,29.61,2961,143.06,14306,2.149056343,5.946989868,76256
BD55,Rangpur,BD5549,Kurigram,55,4/1/2026,4/15/2026,35.9,3590,161.95,16195,2.775626503,6.380839877,90425
BD55,Rangpur,BD5552,Lalmonirhat,55,4/1/2026,4/15/2026,6.06,606,24.24,2424,0.694018097,1.701811381,14143
BD55,Rangpur,BD5573,Nilphamari,55,4/1/2026,4/15/2026,4.5,450,15,1500,0.387095325,0.845428729,9310
BD55,Rangpur,BD5577,Panchagarh,55,4/1/2026,4/15/2026,0.54,54,0.72,72,0.054595115,0.04816276,473
BD55,Rangpur,BD5585,Rangpur,55,4/1/2026,4/15/2026,10.49,1049,20.07,2007,0.618744821,0.769166503,18445
BD55,Rangpur,BD5594,Thakurgaon,55,4/1/2026,4/15/2026,6.01,601,7.62,762,0.41590981,0.376842745,6374
BD60,Sylhet,BD6036,Habiganj,55,4/1/2026,4/15/2026,43.02,4302,47.88,4788,2.244643765,1.683033095,33276
BD60,Sylhet,BD6058,Maulvibazar,55,4/1/2026,4/15/2026,128.98,12898,200.13,20013,10.31203743,6.769592522,115684
BD60,Sylhet,BD6090,Sunamganj,55,4/1/2026,4/15/2026,37.84,3784,84.64,8464,1.571304641,2.068979619,48217
BD60,Sylhet,BD6091,Sylhet,55,4/1/2026,4/15/2026,314.31,31431,414.65,41465,13.91511133,10.95470575,279879
BD10,Barisal,BD1004,Barguna,54,3/16/2026,3/31/2026,7.61,761,72.1,7210,0.957564103,4.939364734,23590
BD10,Barisal,BD1006,Barisal,54,3/16/2026,3/31/2026,39.5,3950,203.33,20333,4.160420185,8.404921283,115930
BD10,Barisal,BD1009,Bhola,54,3/16/2026,3/31/2026,29.26,2926,201.73,20173,3.629445454,9.530910875,121664
BD10,Barisal,BD1042,Jhalokati,54,3/16/2026,3/31/2026,5.59,559,38.22,3822,1.796210474,4.755495576,22751
BD10,Barisal,BD1078,Patuakhali,54,3/16/2026,3/31/2026,29.32,2932,205.16,20516,1.949073514,7.223260434,53881
BD10,Barisal,BD1079,Pirojpur,54,3/16/2026,3/31/2026,7.53,753,68.11,6811,1.47106075,4.933954151,30770
BD20,Chattogram,BD2012,Brahamanbaria,54,3/16/2026,3/31/2026,6.02,602,20.87,2087,0.403088385,0.989160359,10067
BD20,Chattogram,BD2013,Chandpur,54,3/16/2026,3/31/2026,15.58,1558,57.14,5714,2.451168962,3.555768984,33692
BD20,Chattogram,BD2015,Chattogram,54,3/16/2026,3/31/2026,28.88,2888,114.05,11405,2.185859693,2.357199611,113470
BD20,Chattogram,BD2019,Comilla,54,3/16/2026,3/31/2026,5.01,501,16.82,1682,0.271612619,0.497464411,16924
BD20,Chattogram,BD2022,Cox's Bazar,54,3/16/2026,3/31/2026,85.08,8508,279.85,27985,14.92903968,11.92525913,280818
BD20,Chattogram,BD2030,Feni,54,3/16/2026,3/31/2026,9.81,981,31.94,3194,2.208832043,3.227204006,18834
BD20,Chattogram,BD2051,Lakshmipur,54,3/16/2026,3/31/2026,11.3,1130,59.67,5967,2.390182658,4.399405415,69700
BD20,Chattogram,BD2075,Noakhali,54,3/16/2026,3/31/2026,39.47,3947,209.94,20994,3.413489756,7.199398902,95473
BD20,Chattogram,BD2084,Rangamati,54,3/16/2026,3/31/2026,4.01,401,86.4,8640,1.832977242,1.375438465,11894
BD30,Dhaka,BD3026,Dhaka,54,3/16/2026,3/31/2026,1.6,160,14.3,1430,0.248081473,0.882526021,26478
BD30,Dhaka,BD3029,Faridpur,54,3/16/2026,3/31/2026,3.34,334,9.65,965,0.249786705,0.431122528,7363
BD30,Dhaka,BD3033,Gazipur,54,3/16/2026,3/31/2026,3.64,364,8.76,876,0.541256839,0.441361897,14674
BD30,Dhaka,BD3035,Gopalganj,54,3/16/2026,3/31/2026,21.01,2101,30.86,3086,1.904594212,1.919403914,10594
BD30,Dhaka,BD3048,Kishoreganj,54,3/16/2026,3/31/2026,22.51,2251,47.98,4798,1.101947895,1.696385875,28308
BD30,Dhaka,BD3054,Madaripur,54,3/16/2026,3/31/2026,1.79,179,5.79,579,0.254317392,0.471284687,2464
BD30,Dhaka,BD3056,Manikganj,54,3/16/2026,3/31/2026,36.96,3696,91.39,9139,4.467646255,6.05509091,53185
BD30,Dhaka,BD3059,Munshiganj,54,3/16/2026,3/31/2026,4.31,431,27.42,2742,0.774091498,2.695106832,14920
BD30,Dhaka,BD3067,Narayanganj,54,3/16/2026,3/31/2026,1.49,149,19.81,1981,0.492594105,2.56642134,16074
BD30,Dhaka,BD3068,Narsingdi,54,3/16/2026,3/31/2026,4.52,452,26.59,2659,0.783930713,2.070836413,15965
BD30,Dhaka,BD3082,Rajbari,54,3/16/2026,3/31/2026,4.69,469,35.8,3580,0.708152017,2.869018059,29722
BD30,Dhaka,BD3086,Shariatpur,54,3/16/2026,3/31/2026,18.02,1802,62.72,6272,2.706662752,4.835854552,47235
BD30,Dhaka,BD3093,Tangail,54,3/16/2026,3/31/2026,13.67,1367,32.02,3202,0.73095272,0.872598465,27245
BD40,Khulna,BD4001,Bagerhat,54,3/16/2026,3/31/2026,149.72,14972,650.99,65099,14.62907554,16.432686,188530
BD40,Khulna,BD4018,Chuadanga,54,3/16/2026,3/31/2026,3.78,378,5.73,573,0.571022315,0.448596654,3657
BD40,Khulna,BD4041,Jessore,54,3/16/2026,3/31/2026,23.68,2368,93.96,9396,1.557984856,3.342315859,44886
BD40,Khulna,BD4044,Jhenaidah,54,3/16/2026,3/31/2026,6.68,668,11.09,1109,0.53602867,0.517594128,7445
BD40,Khulna,BD4047,Khulna,54,3/16/2026,3/31/2026,131.36,13136,729.37,72937,10.5797315,18.50433013,156291
BD40,Khulna,BD4050,Kushtia,54,3/16/2026,3/31/2026,13.99,1399,29.13,2913,1.486983657,1.641643454,15069
BD40,Khulna,BD4055,Magura,54,3/16/2026,3/31/2026,0.77,77,1.73,173,0.10909788,0.151262349,864
BD40,Khulna,BD4057,Meherpur,54,3/16/2026,3/31/2026,3.75,375,4.57,457,0.803170316,0.57622702,3441
BD40,Khulna,BD4065,Narail,54,3/16/2026,3/31/2026,15.99,1599,33.59,3359,2.40160768,3.087902059,15316
BD40,Khulna,BD4087,Satkhira,54,3/16/2026,3/31/2026,79.84,7984,"1,154.14",115414,7.889094503,31.32770702,250060
BD45,Mymensingh,BD4539,Jamalpur,54,3/16/2026,3/31/2026,16.19,1619,40.85,4085,1.11876902,1.784952709,29009
BD45,Mymensingh,BD4561,Mymensingh,54,3/16/2026,3/31/2026,12.51,1251,24.28,2428,0.427669975,0.505063434,24205
BD45,Mymensingh,BD4572,Netrakona,54,3/16/2026,3/31/2026,5.06,506,7.96,796,0.222465019,0.257795288,4241
BD45,Mymensingh,BD4589,Sherpur,54,3/16/2026,3/31/2026,1.91,191,2.49,249,0.19514813,0.170714207,1781
BD50,Rajshahi,BD5010,Bogra,54,3/16/2026,3/31/2026,79.68,7968,128.78,12878,3.902424184,3.995546739,87654
BD50,Rajshahi,BD5038,Joypurhat,54,3/16/2026,3/31/2026,117.55,11755,133.34,13334,14.8860907,12.52219679,88619
BD50,Rajshahi,BD5064,Naogaon,54,3/16/2026,3/31/2026,4.85,485,8.27,827,0.172168492,0.216872465,3559
BD50,Rajshahi,BD5069,Natore,54,3/16/2026,3/31/2026,19.15,1915,33.21,3321,1.479053907,1.581376774,19195
BD50,Rajshahi,BD5070,Nawabganj,54,3/16/2026,3/31/2026,17.71,1771,41.46,4146,1.953573638,2.224807937,28831
BD50,Rajshahi,BD5076,Pabna,54,3/16/2026,3/31/2026,39.47,3947,66.71,6671,2.402019301,2.538125333,47521
BD50,Rajshahi,BD5081,Rajshahi,54,3/16/2026,3/31/2026,83.3,8330,150.13,15013,5.726543225,5.579379808,103415
BD50,Rajshahi,BD5088,Sirajganj,54,3/16/2026,3/31/2026,87.38,8738,184.79,18479,5.315043319,6.71746436,178692
BD55,Rangpur,BD5527,Dinajpur,54,3/16/2026,3/31/2026,17.24,1724,21.2,2120,0.606347692,0.550090027,14769
BD55,Rangpur,BD5532,Gaibandha,54,3/16/2026,3/31/2026,35.43,3543,112.54,11254,2.57146458,4.678276526,60167
BD55,Rangpur,BD5549,Kurigram,54,3/16/2026,3/31/2026,18.66,1866,98.8,9880,1.442707258,3.899242123,54116
BD55,Rangpur,BD5552,Lalmonirhat,54,3/16/2026,3/31/2026,2.05,205,9.86,986,0.234775099,0.696771859,4982
BD55,Rangpur,BD5573,Nilphamari,54,3/16/2026,3/31/2026,3.11,311,10.87,1087,0.26752588,0.612654019,7060
BD55,Rangpur,BD5585,Rangpur,54,3/16/2026,3/31/2026,8.08,808,13.48,1348,0.47659277,0.516610087,11940
BD55,Rangpur,BD5594,Thakurgaon,54,3/16/2026,3/31/2026,14.55,1455,16.03,1603,1.006903118,0.792754488,8891
BD60,Sylhet,BD6036,Habiganj,54,3/16/2026,3/31/2026,24.97,2497,27.2,2720,1.302853436,0.956109027,22711
BD60,Sylhet,BD6058,Maulvibazar,54,3/16/2026,3/31/2026,24.23,2423,53.02,5302,1.937204737,1.799718264,24079
BD60,Sylhet,BD6090,Sunamganj,54,3/16/2026,3/31/2026,15.66,1566,43.81,4381,0.650280938,1.070912064,24082
BD60,Sylhet,BD6091,Sylhet,54,3/16/2026,3/31/2026,404.14,40414,522.18,52218,17.89205909,13.7955583,340772
BD10,Barisal,BD1004,Barguna,53,3/1/2026,3/15/2026,11.01,1101,82.06,8206,1.385385121,5.62169584,26866
BD10,Barisal,BD1006,Barisal,53,3/1/2026,3/15/2026,42.6,4260,217.66,21766,4.486934174,8.997271266,123883
BD10,Barisal,BD1009,Bhola,53,3/1/2026,3/15/2026,27.67,2767,210.09,21009,3.432219949,9.925886411,119710
BD10,Barisal,BD1042,Jhalokati,53,3/1/2026,3/15/2026,5.97,597,43.09,4309,1.918314227,5.361441768,22940
BD10,Barisal,BD1078,Patuakhali,53,3/1/2026,3/15/2026,24.97,2497,209.41,20941,1.65990333,7.372894168,53324
BD10,Barisal,BD1079,Pirojpur,53,3/1/2026,3/15/2026,8.14,814,74.02,7402,1.590230346,5.362080257,32039
BD20,Chattogram,BD2003,Bandarban,53,3/1/2026,3/15/2026,0.05,5,0.28,28,0.062468766,0.005634136,51
BD20,Chattogram,BD2012,Brahamanbaria,53,3/1/2026,3/15/2026,3.56,356,13.53,1353,0.238371205,0.640218967,8831
BD20,Chattogram,BD2013,Chandpur,53,3/1/2026,3/15/2026,11.96,1196,51.15,5115,1.881641899,3.183016862,26559
BD20,Chattogram,BD2015,Chattogram,53,3/1/2026,3/15/2026,31.51,3151,98.38,9838,2.384918245,2.033330099,91971
BD20,Chattogram,BD2019,Comilla,53,3/1/2026,3/15/2026,6.61,661,17.56,1756,0.358355172,0.51935048,15433
BD20,Chattogram,BD2022,Cox's Bazar,53,3/1/2026,3/15/2026,77.19,7719,232.53,23253,13.54457655,9.908810101,237006
BD20,Chattogram,BD2030,Feni,53,3/1/2026,3/15/2026,12.03,1203,34.39,3439,2.708690059,3.474750963,21812
BD20,Chattogram,BD2046,Khagrachhari,53,3/1/2026,3/15/2026,0.12,12,0.96,96,0.055948956,0.030963164,163
BD20,Chattogram,BD2051,Lakshmipur,53,3/1/2026,3/15/2026,19.61,1961,67.96,6796,4.147918754,5.010618267,75569
BD20,Chattogram,BD2075,Noakhali,53,3/1/2026,3/15/2026,36.13,3613,203.18,20318,3.12463605,6.96758059,89847
BD20,Chattogram,BD2084,Rangamati,53,3/1/2026,3/15/2026,7.78,778,112.55,11255,3.556250111,1.791731472,14097
BD30,Dhaka,BD3026,Dhaka,53,3/1/2026,3/15/2026,0.99,99,16.21,1621,0.153500411,1.000401874,26533
BD30,Dhaka,BD3029,Faridpur,53,3/1/2026,3/15/2026,6.19,619,15.18,1518,0.462928055,0.680971939,9660
BD30,Dhaka,BD3033,Gazipur,53,3/1/2026,3/15/2026,3.24,324,8.07,807,0.481778066,0.42852163,10435
BD30,Dhaka,BD3035,Gopalganj,53,3/1/2026,3/15/2026,28.19,2819,40.25,4025,2.555474099,2.503435112,13472
BD30,Dhaka,BD3048,Kishoreganj,53,3/1/2026,3/15/2026,10.58,1058,31.33,3133,0.517930197,1.107706742,11764
BD30,Dhaka,BD3054,Madaripur,53,3/1/2026,3/15/2026,5.97,597,10.62,1062,0.84819823,0.860427785,4544
BD30,Dhaka,BD3056,Manikganj,53,3/1/2026,3/15/2026,16.37,1637,62.63,6263,1.978770811,4.149582489,31182
BD30,Dhaka,BD3059,Munshiganj,53,3/1/2026,3/15/2026,5.13,513,29.58,2958,0.921366447,2.894719058,21728
BD30,Dhaka,BD3067,Narayanganj,53,3/1/2026,3/15/2026,1.4,140,20.73,2073,0.462840098,2.685609004,14733
BD30,Dhaka,BD3068,Narsingdi,53,3/1/2026,3/15/2026,2.12,212,20.7,2070,0.367684317,1.645512446,6822
BD30,Dhaka,BD3082,Rajbari,53,3/1/2026,3/15/2026,7.46,746,39.25,3925,1.126399584,3.145501643,32667
BD30,Dhaka,BD3086,Shariatpur,53,3/1/2026,3/15/2026,16.92,1692,64.89,6489,2.541439165,5.003166485,49708
BD30,Dhaka,BD3093,Tangail,53,3/1/2026,3/15/2026,97.05,9705,129.13,12913,5.18939001,3.479028652,111314
BD40,Khulna,BD4001,Bagerhat,53,3/1/2026,3/15/2026,131.18,13118,596.39,59639,12.81754027,15.05443955,163966
BD40,Khulna,BD4018,Chuadanga,53,3/1/2026,3/15/2026,8.05,805,10.3,1030,1.216066041,0.806377929,7765
BD40,Khulna,BD4041,Jessore,53,3/1/2026,3/15/2026,42.18,4218,119.72,11972,2.775160524,4.258642557,59453
BD40,Khulna,BD4044,Jhenaidah,53,3/1/2026,3/15/2026,22.7,2270,27.39,2739,1.821534551,1.27835015,15951
BD40,Khulna,BD4047,Khulna,53,3/1/2026,3/15/2026,137.23,13723,636.47,63647,11.05250117,16.14742997,154664
BD40,Khulna,BD4050,Kushtia,53,3/1/2026,3/15/2026,41.37,4137,65.58,6558,4.397177547,3.695811114,40614
BD40,Khulna,BD4055,Magura,53,3/1/2026,3/15/2026,1.75,175,3.1,310,0.247949727,0.27104814,1599
BD40,Khulna,BD4057,Meherpur,53,3/1/2026,3/15/2026,9.51,951,11.7,1170,2.036839921,1.475018861,8528
BD40,Khulna,BD4065,Narail,53,3/1/2026,3/15/2026,23.79,2379,47.92,4792,3.573123622,4.405247593,21063
BD40,Khulna,BD4087,Satkhira,53,3/1/2026,3/15/2026,73.15,7315,991.75,99175,7.228046879,26.91983073,235111
BD45,Mymensingh,BD4539,Jamalpur,53,3/1/2026,3/15/2026,43.49,4349,67.07,6707,3.005266503,2.930643284,52158
BD45,Mymensingh,BD4561,Mymensingh,53,3/1/2026,3/15/2026,9.7,970,17.81,1781,0.331606615,0.374187397,15294
BD45,Mymensingh,BD4572,Netrakona,53,3/1/2026,3/15/2026,2.09,209,3,300,0.091887725,0.097159028,1836
BD45,Mymensingh,BD4589,Sherpur,53,3/1/2026,3/15/2026,10.73,1073,12.01,1201,1.096303368,0.826312445,7068
BD50,Rajshahi,BD5010,Bogra,53,3/1/2026,3/15/2026,222.24,22224,280.12,28012,10.88447227,8.691043271,212388
BD50,Rajshahi,BD5038,Joypurhat,53,3/1/2026,3/15/2026,49.74,4974,55.27,5527,6.298886867,5.190504097,36047
BD50,Rajshahi,BD5064,Naogaon,53,3/1/2026,3/15/2026,226.07,22607,247.33,24733,8.025181662,6.485981468,119093
BD50,Rajshahi,BD5069,Natore,53,3/1/2026,3/15/2026,24.61,2461,40.34,4034,1.90075805,1.920889463,23304
BD50,Rajshahi,BD5070,Nawabganj,53,3/1/2026,3/15/2026,127.06,12706,192.9,19290,14.01587049,10.35131334,118710
BD50,Rajshahi,BD5076,Pabna,53,3/1/2026,3/15/2026,55.13,5513,80.39,8039,3.355037347,3.058610335,45365
BD50,Rajshahi,BD5081,Rajshahi,53,3/1/2026,3/15/2026,130.92,13092,207.4,20740,9.00022856,7.707742437,139812
BD50,Rajshahi,BD5088,Sirajganj,53,3/1/2026,3/15/2026,233.87,23387,333.22,33322,14.22555712,12.11317427,321515
BD55,Rangpur,BD5527,Dinajpur,53,3/1/2026,3/15/2026,371.81,37181,398.92,39892,13.07692199,10.35103365,241002
BD55,Rangpur,BD5532,Gaibandha,53,3/1/2026,3/15/2026,39.13,3913,98.23,9823,2.8400059,4.081629693,63106
BD55,Rangpur,BD5549,Kurigram,53,3/1/2026,3/15/2026,35.1,3510,95.73,9573,2.713774102,3.771767838,59021
BD55,Rangpur,BD5552,Lalmonirhat,53,3/1/2026,3/15/2026,2.01,201,3.57,357,0.230194121,0.252279466,2308
BD55,Rangpur,BD5573,Nilphamari,53,3/1/2026,3/15/2026,11.37,1137,13.04,1304,0.978060854,0.734959375,11408
BD55,Rangpur,BD5577,Panchagarh,53,3/1/2026,3/15/2026,11.51,1151,12.85,1285,1.163684757,0.846688361,6015
BD55,Rangpur,BD5585,Rangpur,53,3/1/2026,3/15/2026,50.19,5019,54.48,5448,2.960419692,2.087901896,37327
BD55,Rangpur,BD5594,Thakurgaon,53,3/1/2026,3/15/2026,89.96,8996,96.58,9658,6.225498589,4.765437381,51819
BD60,Sylhet,BD6036,Habiganj,53,3/1/2026,3/15/2026,1.61,161,2.3,230,0.084004567,0.080847454,1740
BD60,Sylhet,BD6058,Maulvibazar,53,3/1/2026,3/15/2026,6.97,697,15.95,1595,0.557256171,0.541409021,6971
BD60,Sylhet,BD6090,Sunamganj,53,3/1/2026,3/15/2026,3.83,383,11.48,1148,0.159040612,0.280622472,5529
BD60,Sylhet,BD6091,Sylhet,53,3/1/2026,3/15/2026,7.89,789,21.79,2179,0.349305553,0.575755692,10550
BD60,Sylhet,BD6091,Sylhet,52,2/16/2026,2/28/2026,28.49,2849,60.13,6013,1.261307377,1.58881091,31897
BD60,Sylhet,BD6090,Sunamganj,52,2/16/2026,2/28/2026,32.74,3274,55.72,5572,1.359527324,1.362045656,35948
BD60,Sylhet,BD6058,Maulvibazar,52,2/16/2026,2/28/2026,32.35,3235,52.3,5230,2.586404178,1.769098531,33420
BD60,Sylhet,BD6036,Habiganj,52,2/16/2026,2/28/2026,91.93,9193,100.24,10024,4.796608585,3.520227474,75139
BD55,Rangpur,BD5594,Thakurgaon,52,2/16/2026,2/28/2026,202.79,20279,229.43,22943,14.03366895,11.32050423,124149
BD55,Rangpur,BD5585,Rangpur,52,2/16/2026,2/28/2026,301.21,30121,354.43,35443,17.76664705,13.57372313,266656
BD55,Rangpur,BD5577,Panchagarh,52,2/16/2026,2/28/2026,110.41,11041,133.62,13362,11.16267889,8.753447753,73034
BD55,Rangpur,BD5573,Nilphamari,52,2/16/2026,2/28/2026,164.96,16496,195.79,19579,14.19005439,11.03429091,173568
BD55,Rangpur,BD5552,Lalmonirhat,52,2/16/2026,2/28/2026,50.16,5016,61.75,6175,5.74454583,4.333162094,51620
BD55,Rangpur,BD5549,Kurigram,52,2/16/2026,2/28/2026,349.53,34953,570.52,57052,27.02408724,22.47852279,507461
BD55,Rangpur,BD5532,Gaibandha,52,2/16/2026,2/28/2026,583.93,58393,849.48,84948,42.38090072,35.29739175,815007
BD55,Rangpur,BD5527,Dinajpur,52,2/16/2026,2/28/2026,"1,153.30",115330,"1,315.82",131582,40.56269099,34.1424273,854565
BD50,Rajshahi,BD5088,Sirajganj,52,2/16/2026,2/28/2026,394.63,39463,569.24,56924,24.00406895,20.69294557,491769
BD50,Rajshahi,BD5081,Rajshahi,52,2/16/2026,2/28/2026,258.07,25807,388.59,38859,17.74128464,14.44142543,260634
BD50,Rajshahi,BD5076,Pabna,52,2/16/2026,2/28/2026,132.1,13210,182.71,18271,8.039187984,6.95151531,109959
BD50,Rajshahi,BD5070,Nawabganj,52,2/16/2026,2/28/2026,293.88,29388,427.61,42761,32.41762962,22.94621616,280333
BD50,Rajshahi,BD5069,Natore,52,2/16/2026,2/28/2026,308.54,30854,364.91,36491,23.83014582,17.37609752,201132
BD50,Rajshahi,BD5064,Naogaon,52,2/16/2026,2/28/2026,"1,329.06",132906,"1,522.43",152243,47.17984669,39.92420154,834075
BD50,Rajshahi,BD5038,Joypurhat,52,2/16/2026,2/28/2026,58.78,5878,64.37,6437,7.44367853,6.044874224,40125
BD50,Rajshahi,BD5010,Bogra,52,2/16/2026,2/28/2026,613.59,61359,769.84,76984,30.05131093,23.88516618,598967
BD45,Mymensingh,BD4589,Sherpur,52,2/16/2026,2/28/2026,286.15,28615,349.77,34977,29.23645935,23.78735594,255390
BD45,Mymensingh,BD4572,Netrakona,52,2/16/2026,2/28/2026,235.7,23570,272.1,27210,10.36264919,8.764802696,176922
BD45,Mymensingh,BD4561,Mymensingh,52,2/16/2026,2/28/2026,218.47,21847,279.84,27984,7.468669811,5.821126492,224725
BD45,Mymensingh,BD4539,Jamalpur,52,2/16/2026,2/28/2026,296.97,29697,390.83,39083,20.52136108,17.07743126,339375
BD40,Khulna,BD4087,Satkhira,52,2/16/2026,2/28/2026,122.63,12263,"1,388.05",138805,12.1172302,37.67690551,317448
BD40,Khulna,BD4065,Narail,52,2/16/2026,2/28/2026,59.87,5987,95.68,9568,8.992135824,8.795786513,47014
BD40,Khulna,BD4057,Meherpur,52,2/16/2026,2/28/2026,35.85,3585,42.56,4256,7.67830822,5.365538695,28736
BD40,Khulna,BD4055,Magura,52,2/16/2026,2/28/2026,54.41,5441,64.14,6414,7.709111215,5.585381304,40458
BD40,Khulna,BD4050,Kushtia,52,2/16/2026,2/28/2026,61.16,6116,96.88,9688,6.50063763,5.459746579,67857
BD40,Khulna,BD4047,Khulna,52,2/16/2026,2/28/2026,232.5,23250,870.21,87021,18.72554486,22.07748211,240485
BD40,Khulna,BD4044,Jhenaidah,52,2/16/2026,2/28/2026,190.49,19049,226.41,22641,15.2856439,10.56704116,154869
BD40,Khulna,BD4041,Jessore,52,2/16/2026,2/28/2026,301.49,30149,432.08,43208,19.8360158,15.30560854,289110
BD40,Khulna,BD4018,Chuadanga,52,2/16/2026,2/28/2026,55.8,5580,65.55,6555,8.429377028,5.131851772,46822
BD40,Khulna,BD4001,Bagerhat,52,2/16/2026,2/28/2026,185.56,18556,689.81,68981,18.13098622,17.41207664,197565
BD30,Dhaka,BD3093,Tangail,52,2/16/2026,2/28/2026,353.11,35311,477.01,47701,18.881252,12.85163368,432063
BD30,Dhaka,BD3086,Shariatpur,52,2/16/2026,2/28/2026,20.59,2059,72.48,7248,3.092685131,5.588372735,55567
BD30,Dhaka,BD3082,Rajbari,52,2/16/2026,2/28/2026,18.98,1898,62.26,6226,2.865826287,4.980544215,52872
BD30,Dhaka,BD3068,Narsingdi,52,2/16/2026,2/28/2026,9.51,951,42.96,4296,1.649376345,3.345736454,28576
BD30,Dhaka,BD3067,Narayanganj,52,2/16/2026,2/28/2026,4.63,463,32.08,3208,1.530678325,4.156022038,31471
BD30,Dhaka,BD3059,Munshiganj,52,2/16/2026,2/28/2026,6.23,623,33.23,3323,1.118930402,3.251910557,22045
BD30,Dhaka,BD3056,Manikganj,52,2/16/2026,2/28/2026,24.64,2464,83.76,8376,2.978430836,5.549561381,42347
BD30,Dhaka,BD3054,Madaripur,52,2/16/2026,2/28/2026,34.96,3496,45.57,4557,4.96700337,3.672223534,23637
BD30,Dhaka,BD3048,Kishoreganj,52,2/16/2026,2/28/2026,41.06,4106,75.48,7548,2.010039119,2.668678739,50919
BD30,Dhaka,BD3035,Gopalganj,52,2/16/2026,2/28/2026,93.34,9334,120.34,12034,8.461438539,7.464797288,45316
BD30,Dhaka,BD3033,Gazipur,52,2/16/2026,2/28/2026,8.3,830,17.78,1778,1.23418455,0.889201779,23682
BD30,Dhaka,BD3029,Faridpur,52,2/16/2026,2/28/2026,17.73,1773,33.52,3352,1.325963555,1.497536492,25098
BD30,Dhaka,BD3026,Dhaka,52,2/16/2026,2/28/2026,10.16,1016,34.08,3408,1.575317353,2.103250825,85025
BD20,Chattogram,BD2084,Rangamati,52,2/16/2026,2/28/2026,17.21,1721,178.41,17841,7.86671779,2.839868361,26554
BD20,Chattogram,BD2075,Noakhali,52,2/16/2026,2/28/2026,43.18,4318,219.38,21938,3.734342226,7.523121517,102342
BD20,Chattogram,BD2051,Lakshmipur,52,2/16/2026,2/28/2026,28.7,2870,81.93,8193,6.070640909,6.040611457,88890
BD20,Chattogram,BD2046,Khagrachhari,52,2/16/2026,2/28/2026,1.96,196,6.49,649,0.91383294,0.208303251,1522
BD20,Chattogram,BD2030,Feni,52,2/16/2026,2/28/2026,24.45,2445,55.84,5584,5.505193014,5.642049834,44042
BD20,Chattogram,BD2022,Cox's Bazar,52,2/16/2026,2/28/2026,101.09,10109,251.25,25125,17.73832419,10.7065262,259738
BD20,Chattogram,BD2019,Comilla,52,2/16/2026,2/28/2026,57.53,5753,82.68,8268,3.118936924,2.445324467,95006
BD20,Chattogram,BD2015,Chattogram,52,2/16/2026,2/28/2026,62.09,6209,145.52,14552,4.699446964,3.007625492,147103
BD20,Chattogram,BD2013,Chandpur,52,2/16/2026,2/28/2026,19.87,1987,58.55,5855,3.12610573,3.666363016,29694
BD20,Chattogram,BD2012,Brahamanbaria,52,2/16/2026,2/28/2026,59.13,5913,79.66,7966,3.959238577,3.769389719,90930
BD20,Chattogram,BD2003,Bandarban,52,2/16/2026,2/28/2026,0.05,5,0.6,60,0.062468766,0.012073149,54
BD10,Barisal,BD1079,Pirojpur,52,2/16/2026,2/28/2026,11.09,1109,83.78,8378,2.166542326,6.069104079,38999
BD10,Barisal,BD1078,Patuakhali,52,2/16/2026,2/28/2026,29.54,2954,208.16,20816,1.963698213,7.328884247,61743
BD10,Barisal,BD1042,Jhalokati,52,2/16/2026,2/28/2026,8.32,832,52.18,5218,2.673429543,6.492458377,31379
BD10,Barisal,BD1009,Bhola,52,2/16/2026,2/28/2026,38.62,3862,217.68,21768,4.790471068,10.28448262,130965
BD10,Barisal,BD1006,Barisal,52,2/16/2026,2/28/2026,55.53,5553,250.02,25002,5.84881349,10.33491575,145840
BD10,Barisal,BD1004,Barguna,52,2/16/2026,2/28/2026,15.9,1590,94.87,9487,2.000692409,6.499272293,32885
BD60,Sylhet,BD6091,Sylhet,51,2/1/2026,2/15/2026,86.96,8696,156.18,15618,3.849887312,4.126144808,86139
BD60,Sylhet,BD6090,Sunamganj,51,2/1/2026,2/15/2026,75.98,7598,144.95,14495,3.155066771,3.543225375,80946
BD60,Sylhet,BD6058,Maulvibazar,51,2/1/2026,2/15/2026,51.93,5193,79.3,7930,4.151838299,2.682399875,49772
BD60,Sylhet,BD6036,Habiganj,51,2/1/2026,2/15/2026,211.22,21122,228.62,22862,11.02077304,8.028675231,164907
BD55,Rangpur,BD5594,Thakurgaon,51,2/1/2026,2/15/2026,70.65,7065,77.8,7780,4.889189365,3.847554533,41047
BD55,Rangpur,BD5585,Rangpur,51,2/1/2026,2/15/2026,217.54,21754,253.87,25387,12.83143455,9.722543494,192514
BD55,Rangpur,BD5577,Panchagarh,51,2/1/2026,2/15/2026,83.35,8335,99.38,9938,8.426857038,6.510384955,53933
BD55,Rangpur,BD5573,Nilphamari,51,2/1/2026,2/15/2026,98.35,9835,114.34,11434,8.460183375,6.443949242,98245
BD55,Rangpur,BD5552,Lalmonirhat,51,2/1/2026,2/15/2026,34.76,3476,42.46,4246,3.980869479,2.979531376,32637
BD55,Rangpur,BD5549,Kurigram,51,2/1/2026,2/15/2026,372.8,37280,603.17,60317,28.82321895,23.76493479,551894
BD55,Rangpur,BD5532,Gaibandha,51,2/1/2026,2/15/2026,524.37,52437,771.74,77174,38.05811126,32.06715769,744386
BD55,Rangpur,BD5527,Dinajpur,51,2/1/2026,2/15/2026,705.41,70541,787.56,78756,24.80996085,20.43532554,503610
BD50,Rajshahi,BD5088,Sirajganj,51,2/1/2026,2/15/2026,364.46,36446,535.45,53545,22.16892525,19.46461546,427521
BD50,Rajshahi,BD5081,Rajshahi,51,2/1/2026,2/15/2026,249.19,24919,383.68,38368,17.13082,14.25895187,252939
BD50,Rajshahi,BD5076,Pabna,51,2/1/2026,2/15/2026,105.89,10589,152.63,15263,6.444130322,5.807070121,89521
BD50,Rajshahi,BD5070,Nawabganj,51,2/1/2026,2/15/2026,262.54,26254,383.82,38382,28.96054335,20.59637681,247658
BD50,Rajshahi,BD5069,Natore,51,2/1/2026,2/15/2026,409.84,40984,490.89,49089,31.65407067,23.37494865,272579
BD50,Rajshahi,BD5064,Naogaon,51,2/1/2026,2/15/2026,"1,298.19",129819,"1,496.93",149693,46.08400311,39.25548959,818102
BD50,Rajshahi,BD5038,Joypurhat,51,2/1/2026,2/15/2026,15.41,1541,17.36,1736,1.951464548,1.634455389,10890
BD50,Rajshahi,BD5010,Bogra,51,2/1/2026,2/15/2026,468.28,46828,594.29,59429,22.93457827,18.43852672,435459
BD45,Mymensingh,BD4589,Sherpur,51,2/1/2026,2/15/2026,250.55,25055,293.08,29308,25.59914342,19.93195036,208463
BD45,Mymensingh,BD4572,Netrakona,51,2/1/2026,2/15/2026,551.66,55166,640.38,64038,24.25396288,20.62772639,419481
BD45,Mymensingh,BD4561,Mymensingh,51,2/1/2026,2/15/2026,403.08,40308,502.56,50256,13.77979323,10.45406421,411392
BD45,Mymensingh,BD4539,Jamalpur,51,2/1/2026,2/15/2026,278.99,27899,372.49,37249,19.27889863,16.27605959,331160
BD40,Khulna,BD4087,Satkhira,51,2/1/2026,2/15/2026,236.3,23630,903.81,90381,23.34911111,24.53280787,373483
BD40,Khulna,BD4065,Narail,51,2/1/2026,2/15/2026,147.69,14769,191.85,19185,22.18220377,17.63661834,94457
BD40,Khulna,BD4057,Meherpur,51,2/1/2026,2/15/2026,51.01,5101,58.74,5874,10.92525808,7.405351102,38483
BD40,Khulna,BD4055,Magura,51,2/1/2026,2/15/2026,111.55,11155,131.38,13138,15.805024,11.44061437,83594
BD40,Khulna,BD4050,Kushtia,51,2/1/2026,2/15/2026,53.51,5351,91.91,9191,5.687526481,5.179658424,66375
BD40,Khulna,BD4047,Khulna,51,2/1/2026,2/15/2026,341.28,34128,861.86,86186,27.48668366,21.86564017,294924
BD40,Khulna,BD4044,Jhenaidah,51,2/1/2026,2/15/2026,328.07,32807,388.37,38837,26.32558767,18.12606235,250615
BD40,Khulna,BD4041,Jessore,51,2/1/2026,2/15/2026,483.66,48366,661.7,66170,31.8215775,23.43862809,444200
BD40,Khulna,BD4018,Chuadanga,51,2/1/2026,2/15/2026,108.28,10828,130.2,13020,16.35722123,10.19324334,88821
BD40,Khulna,BD4001,Bagerhat,51,2/1/2026,2/15/2026,285.34,28534,801.06,80106,27.88044626,20.22023183,257687
BD30,Dhaka,BD3093,Tangail,51,2/1/2026,2/15/2026,348.97,34897,486.64,48664,18.6598808,13.11108575,437584
BD30,Dhaka,BD3086,Shariatpur,51,2/1/2026,2/15/2026,29.64,2964,85.59,8559,4.452024637,6.599183532,67055
BD30,Dhaka,BD3082,Rajbari,51,2/1/2026,2/15/2026,18,1800,64.63,6463,2.717854224,5.170134478,54525
BD30,Dhaka,BD3068,Narsingdi,51,2/1/2026,2/15/2026,25.85,2585,64.85,6485,4.483320558,5.050535592,42564
BD30,Dhaka,BD3067,Narayanganj,51,2/1/2026,2/15/2026,4.52,452,33.25,3325,1.494312317,4.307597655,31778
BD30,Dhaka,BD3059,Munshiganj,51,2/1/2026,2/15/2026,10.06,1006,38.18,3818,1.806812174,3.736320947,26700
BD30,Dhaka,BD3056,Manikganj,51,2/1/2026,2/15/2026,25.59,2559,84.16,8416,3.093264818,5.576063584,42904
BD30,Dhaka,BD3054,Madaripur,51,2/1/2026,2/15/2026,84.72,8472,104.41,10441,12.03674272,8.458675281,56742
BD30,Dhaka,BD3048,Kishoreganj,51,2/1/2026,2/15/2026,166.59,16659,217.25,21725,8.155197681,7.681113619,169031
BD30,Dhaka,BD3035,Gopalganj,51,2/1/2026,2/15/2026,309.41,30941,371.34,37134,28.04857187,23.03455065,159619
BD30,Dhaka,BD3033,Gazipur,51,2/1/2026,2/15/2026,19.02,1902,33.07,3307,2.828215681,1.6538753,40405
BD30,Dhaka,BD3029,Faridpur,51,2/1/2026,2/15/2026,14.54,1454,30.3,3030,1.087394816,1.359252289,17154
BD30,Dhaka,BD3026,Dhaka,51,2/1/2026,2/15/2026,24.68,2468,48.87,4887,3.826656719,3.016017248,81756
BD20,Chattogram,BD2084,Rangamati,51,2/1/2026,2/15/2026,24.73,2473,213.48,21348,11.3041215,3.39810043,34626
BD20,Chattogram,BD2075,Noakhali,51,2/1/2026,2/15/2026,60.62,6062,243.7,24370,5.242608286,8.354654832,113157
BD20,Chattogram,BD2051,Lakshmipur,51,2/1/2026,2/15/2026,20.79,2079,68.79,6879,4.397513049,5.071603151,76299
BD20,Chattogram,BD2046,Khagrachhari,51,2/1/2026,2/15/2026,4.02,402,7.72,772,1.87429001,0.247781371,2776
BD20,Chattogram,BD2030,Feni,51,2/1/2026,2/15/2026,20.66,2066,47.35,4735,4.651831806,4.784223847,33555
BD20,Chattogram,BD2022,Cox's Bazar,51,2/1/2026,2/15/2026,112.1,11210,262.64,26264,19.67025563,11.19188872,279886
BD20,Chattogram,BD2019,Comilla,51,2/1/2026,2/15/2026,94.67,9467,130.37,13037,5.132448437,3.855792825,146446
BD20,Chattogram,BD2015,Chattogram,51,2/1/2026,2/15/2026,60.64,6064,151.64,15164,4.589699853,3.134114415,182878
BD20,Chattogram,BD2013,Chandpur,51,2/1/2026,2/15/2026,30.29,3029,70.32,7032,4.765462635,4.375948109,42952
BD20,Chattogram,BD2012,Brahamanbaria,51,2/1/2026,2/15/2026,210.44,21044,246.48,24648,14.09068436,11.66305772,261363
BD20,Chattogram,BD2003,Bandarban,51,2/1/2026,2/15/2026,0.22,22,2.04,204,0.274862569,0.04112114,208
BD10,Barisal,BD1079,Pirojpur,51,2/1/2026,2/15/2026,13.25,1325,89.2,8920,2.588519911,6.458459112,42215
BD10,Barisal,BD1078,Patuakhali,51,2/1/2026,2/15/2026,40.31,4031,210.76,21076,2.679643702,7.420424884,68736
BD10,Barisal,BD1042,Jhalokati,51,2/1/2026,2/15/2026,11.41,1141,58.68,5868,3.666325851,7.301216128,36999
BD10,Barisal,BD1009,Bhola,51,2/1/2026,2/15/2026,37.65,3765,213.66,21366,4.670151106,10.09455419,131995
BD10,Barisal,BD1006,Barisal,51,2/1/2026,2/15/2026,102.89,10289,320.67,32067,10.83710463,13.25532931,193693
BD10,Barisal,BD1004,Barguna,51,2/1/2026,2/15/2026,27.43,2743,112.48,11248,3.45150898,7.705683014,40175
BD10,Barisal,BD1004,Barguna,50,1/16/2026,1/31/2026,16.55,1655,90.21,9021,2.082481721,6.180029024,34900
BD10,Barisal,BD1006,Barisal,50,1/16/2026,1/31/2026,150.29,15029,385.71,38571,15.82960885,15.94384591,233120
BD10,Barisal,BD1009,Bhola,50,1/16/2026,1/31/2026,29.14,2914,186.4,18640,3.61456051,8.806631572,119126
BD10,Barisal,BD1042,Jhalokati,50,1/16/2026,1/31/2026,9.42,942,55.36,5536,3.026887776,6.888127553,34488
BD10,Barisal,BD1078,Patuakhali,50,1/16/2026,1/31/2026,35.6,3560,188.96,18896,2.366542192,6.652891849,62481
BD10,Barisal,BD1079,Pirojpur,50,1/16/2026,1/31/2026,18.51,1851,95.16,9516,3.616113476,6.889988443,45945
BD20,Chattogram,BD2003,Bandarban,50,1/16/2026,1/31/2026,0,0,2.54,254,0,0.051946288,125
BD20,Chattogram,BD2012,Brahamanbaria,50,1/16/2026,1/31/2026,269,26900,314.09,31409,18.01175676,14.86225982,286637
BD20,Chattogram,BD2013,Chandpur,50,1/16/2026,1/31/2026,26.42,2642,62.4,6240,4.156603593,3.883093885,35019
BD20,Chattogram,BD2015,Chattogram,50,1/16/2026,1/31/2026,30.75,3075,112.11,11211,2.327395621,2.317103449,138748
BD20,Chattogram,BD2019,Comilla,50,1/16/2026,1/31/2026,90.01,9001,130.06,13006,4.879810752,3.846624337,143225
BD20,Chattogram,BD2022,Cox's Bazar,50,1/16/2026,1/31/2026,57.71,5771,165.44,16544,10.12640903,7.050426042,171236
BD20,Chattogram,BD2030,Feni,50,1/16/2026,1/31/2026,14.56,1456,39.44,3944,3.278348069,3.985000814,24485
BD20,Chattogram,BD2046,Khagrachhari,50,1/16/2026,1/31/2026,5.34,534,9.82,982,2.489728521,0.316312286,2724
BD20,Chattogram,BD2051,Lakshmipur,50,1/16/2026,1/31/2026,13.18,1318,56.35,5635,2.787841365,4.154625359,64315
BD20,Chattogram,BD2075,Noakhali,50,1/16/2026,1/31/2026,64.06,6406,232.22,23222,5.540110306,7.96343914,112810
BD20,Chattogram,BD2084,Rangamati,50,1/16/2026,1/31/2026,31.4,3140,216.15,21615,14.35298888,3.440984076,34644
BD30,Dhaka,BD3026,Dhaka,50,1/16/2026,1/31/2026,17.68,1768,39.27,3927,2.741300275,2.423552227,108657
BD30,Dhaka,BD3029,Faridpur,50,1/16/2026,1/31/2026,10.85,1085,26.89,2689,0.811432858,1.201313743,16022
BD30,Dhaka,BD3033,Gazipur,50,1/16/2026,1/31/2026,23.23,2323,40,4000,3.454229772,2.000453946,52835
BD30,Dhaka,BD3035,Gopalganj,50,1/16/2026,1/31/2026,423.73,42373,517.86,51786,38.41188507,32.12331663,233020
BD30,Dhaka,BD3048,Kishoreganj,50,1/16/2026,1/31/2026,535.49,53549,627.76,62776,26.21421938,22.19514792,374670
BD30,Dhaka,BD3054,Madaripur,50,1/16/2026,1/31/2026,87.73,8773,107.69,10769,12.46439375,8.724401313,55675
BD30,Dhaka,BD3056,Manikganj,50,1/16/2026,1/31/2026,19.21,1921,76.51,7651,2.322063976,5.069208945,38598
BD30,Dhaka,BD3059,Munshiganj,50,1/16/2026,1/31/2026,18.46,1846,47.84,4784,3.315482379,4.681655163,33110
BD30,Dhaka,BD3067,Narayanganj,50,1/16/2026,1/31/2026,5.59,559,36.88,3688,1.848054393,4.777870722,51619
BD30,Dhaka,BD3068,Narsingdi,50,1/16/2026,1/31/2026,34.45,3445,76.49,7649,5.974870144,5.957061949,62063
BD30,Dhaka,BD3082,Rajbari,50,1/16/2026,1/31/2026,9.28,928,50.77,5077,1.401204844,4.06139142,39546
BD30,Dhaka,BD3086,Shariatpur,50,1/16/2026,1/31/2026,31.61,3161,92.17,9217,4.74792506,7.106516488,71283
BD30,Dhaka,BD3093,Tangail,50,1/16/2026,1/31/2026,136.18,13618,194.21,19421,7.281722118,5.23241814,160330
BD40,Khulna,BD4001,Bagerhat,50,1/16/2026,1/31/2026,382.53,38253,909.83,90983,37.37683853,22.96578723,335153
BD40,Khulna,BD4018,Chuadanga,50,1/16/2026,1/31/2026,96.32,9632,113.76,11376,14.55049454,8.906170214,71100
BD40,Khulna,BD4041,Jessore,50,1/16/2026,1/31/2026,478.68,47868,668.63,66863,31.49392697,23.68410141,434200
BD40,Khulna,BD4044,Jhenaidah,50,1/16/2026,1/31/2026,256.98,25698,303.56,30356,20.62105501,14.16779743,183472
BD40,Khulna,BD4047,Khulna,50,1/16/2026,1/31/2026,427.63,42763,865.34,86534,34.44131075,21.95392878,354273
BD40,Khulna,BD4050,Kushtia,50,1/16/2026,1/31/2026,31.34,3134,65.27,6527,3.331098485,3.678340826,44421
BD40,Khulna,BD4055,Magura,50,1/16/2026,1/31/2026,100.35,10035,115.49,11549,14.21814575,10.05690785,69165
BD40,Khulna,BD4057,Meherpur,50,1/16/2026,1/31/2026,31.48,3148,36.04,3604,6.742347078,4.543562372,23587
BD40,Khulna,BD4065,Narail,50,1/16/2026,1/31/2026,248.48,24848,308.24,30824,37.32029246,28.33625872,155617
BD40,Khulna,BD4087,Satkhira,50,1/16/2026,1/31/2026,343.05,34305,978.46,97846,33.8972178,26.55909006,488200
BD45,Mymensingh,BD4539,Jamalpur,50,1/16/2026,1/31/2026,130.37,13037,183.37,18337,9.008889261,8.01240583,160519
BD45,Mymensingh,BD4561,Mymensingh,50,1/16/2026,1/31/2026,277.05,27705,352.54,35254,9.471300275,7.333404565,295296
BD45,Mymensingh,BD4572,Netrakona,50,1/16/2026,1/31/2026,572.06,57206,710.22,71022,25.15085742,22.87739129,398487
BD45,Mymensingh,BD4589,Sherpur,50,1/16/2026,1/31/2026,115.23,11523,133.42,13342,11.77325602,9.073702803,88866
BD50,Rajshahi,BD5010,Bogra,50,1/16/2026,1/31/2026,69.63,6963,123.4,12340,3.410213302,3.828626087,70583
BD50,Rajshahi,BD5038,Joypurhat,50,1/16/2026,1/31/2026,0.03,3,0.03,3,0.003799087,0.003799087,0
BD50,Rajshahi,BD5064,Naogaon,50,1/16/2026,1/31/2026,443.37,44337,509.88,50988,15.73904009,13.37109219,271245
BD50,Rajshahi,BD5069,Natore,50,1/16/2026,1/31/2026,335.6,33560,394.46,39446,25.92013009,18.78319429,218961
BD50,Rajshahi,BD5070,Nawabganj,50,1/16/2026,1/31/2026,121.4,12140,205.88,20588,13.39152115,11.04784028,132907
BD50,Rajshahi,BD5076,Pabna,50,1/16/2026,1/31/2026,59.73,5973,104.34,10434,3.634978791,3.969839562,60721
BD50,Rajshahi,BD5081,Rajshahi,50,1/16/2026,1/31/2026,141.32,14132,254.83,25483,9.715187138,9.470414683,163258
BD50,Rajshahi,BD5088,Sirajganj,50,1/16/2026,1/31/2026,179.88,17988,303.07,30307,10.94151971,11.01716502,206718
BD55,Rangpur,BD5527,Dinajpur,50,1/16/2026,1/31/2026,29.39,2939,34.7,3470,1.033675096,0.900383204,26118
BD55,Rangpur,BD5532,Gaibandha,50,1/16/2026,1/31/2026,87.19,8719,191.71,19171,6.328139903,7.965888512,135837
BD55,Rangpur,BD5549,Kurigram,50,1/16/2026,1/31/2026,81.34,8134,197.46,19746,6.288842891,7.779936043,142091
BD55,Rangpur,BD5552,Lalmonirhat,50,1/16/2026,1/31/2026,4.4,440,8.38,838,0.503907529,0.588046937,6602
BD55,Rangpur,BD5573,Nilphamari,50,1/16/2026,1/31/2026,11.22,1122,14.89,1489,0.965157676,0.839167432,11475
BD55,Rangpur,BD5577,Panchagarh,50,1/16/2026,1/31/2026,2.78,278,3.22,322,0.281063738,0.217483133,1755
BD55,Rangpur,BD5585,Rangpur,50,1/16/2026,1/31/2026,24.47,2447,29.5,2950,1.443344688,1.129771273,22521
BD55,Rangpur,BD5594,Thakurgaon,50,1/16/2026,1/31/2026,7.75,775,8.88,888,0.536322967,0.438155767,4612
BD60,Sylhet,BD6036,Habiganj,50,1/16/2026,1/31/2026,462.72,46272,518.65,51865,24.14322555,18.21394632,269610
BD60,Sylhet,BD6058,Maulvibazar,50,1/16/2026,1/31/2026,122.54,12254,170.81,17081,9.797155117,5.777640939,87547
BD60,Sylhet,BD6090,Sunamganj,50,1/16/2026,1/31/2026,552.44,55244,967.97,96797,22.94005116,23.66081589,508463
BD60,Sylhet,BD6091,Sylhet,50,1/16/2026,1/31/2026,309.98,30998,468.21,46821,13.72341386,12.3697161,276345
BD10,Barisal,BD1004,Barguna,49,1/1/2026,1/15/2026,12.2,1220,82.36,8236,1.535122477,5.642247982,30323
BD10,Barisal,BD1006,Barisal,49,1/1/2026,1/15/2026,158.38,15838,402.19,40219,16.68170503,16.62506905,240531
BD10,Barisal,BD1009,Bhola,49,1/1/2026,1/15/2026,25.89,2589,183.16,18316,3.211426617,8.653554929,118161
BD10,Barisal,BD1042,Jhalokati,49,1/1/2026,1/15/2026,7.03,703,48.6,4860,2.258919433,6.046116752,28885
BD10,Barisal,BD1078,Patuakhali,49,1/1/2026,1/15/2026,31.51,3151,191.54,19154,2.094655744,6.743728327,62417
BD10,Barisal,BD1079,Pirojpur,49,1/1/2026,1/15/2026,21.33,2133,95.56,9556,4.167028657,6.918950143,45827
BD20,Chattogram,BD2003,Bandarban,49,1/1/2026,1/15/2026,0.06,6,2.97,297,0.074962519,0.059762086,118
BD20,Chattogram,BD2012,Brahamanbaria,49,1/1/2026,1/15/2026,182.76,18276,219.49,21949,12.23728128,10.38593208,174961
BD20,Chattogram,BD2013,Chandpur,49,1/1/2026,1/15/2026,18.48,1848,58.69,5869,2.907419924,3.65222404,31044
BD20,Chattogram,BD2015,Chattogram,49,1/1/2026,1/15/2026,22.45,2245,95.14,9514,1.699188023,1.966365375,103196
BD20,Chattogram,BD2019,Comilla,49,1/1/2026,1/15/2026,78.52,7852,123.23,12323,4.256890792,3.644621844,130812
BD20,Chattogram,BD2022,Cox's Bazar,49,1/1/2026,1/15/2026,41.06,4106,130.74,13074,7.204823336,5.571228799,139556
BD20,Chattogram,BD2030,Feni,49,1/1/2026,1/15/2026,10.42,1042,33.76,3376,2.346180417,3.411096031,20275
BD20,Chattogram,BD2046,Khagrachhari,49,1/1/2026,1/15/2026,5,500,9.73,973,2.331206481,0.313079129,2264
BD20,Chattogram,BD2051,Lakshmipur,49,1/1/2026,1/15/2026,12.09,1209,54.86,5486,2.557283923,4.044769249,61125
BD20,Chattogram,BD2075,Noakhali,49,1/1/2026,1/15/2026,57.57,5757,222.22,22222,4.978834692,7.620512642,109804
BD20,Chattogram,BD2084,Rangamati,49,1/1/2026,1/15/2026,39.39,3939,245.06,24506,18.00523032,3.901214701,38373
BD30,Dhaka,BD3026,Dhaka,49,1/1/2026,1/15/2026,10.11,1011,30.32,3032,1.567564807,1.871202025,74634
BD30,Dhaka,BD3029,Faridpur,49,1/1/2026,1/15/2026,9.98,998,27.05,2705,0.746368657,1.208483356,18410
BD30,Dhaka,BD3033,Gazipur,49,1/1/2026,1/15/2026,20.14,2014,38.74,3874,2.994756246,1.937439647,57797
BD30,Dhaka,BD3035,Gopalganj,49,1/1/2026,1/15/2026,380.54,38054,461.96,46196,34.49663405,28.65578989,198783
BD30,Dhaka,BD3048,Kishoreganj,49,1/1/2026,1/15/2026,558.05,55805,653.24,65324,27.31861496,23.09602145,348319
BD30,Dhaka,BD3054,Madaripur,49,1/1/2026,1/15/2026,67.17,6717,82.47,8247,9.543295663,6.645330464,39969
BD30,Dhaka,BD3056,Manikganj,49,1/1/2026,1/15/2026,17.9,1790,70.47,7047,2.16371396,4.669025675,36051
BD30,Dhaka,BD3059,Munshiganj,49,1/1/2026,1/15/2026,20.23,2023,50.27,5027,3.633380744,4.919456627,35340
BD30,Dhaka,BD3067,Narayanganj,49,1/1/2026,1/15/2026,4.31,431,35.6,3560,1.424886303,4.612044406,45479
BD30,Dhaka,BD3068,Narsingdi,49,1/1/2026,1/15/2026,16.33,1633,53.24,5324,2.832209853,4.146345642,35725
BD30,Dhaka,BD3082,Rajbari,49,1/1/2026,1/15/2026,11.83,1183,57.48,5748,1.786234193,4.598163853,45773
BD30,Dhaka,BD3086,Shariatpur,49,1/1/2026,1/15/2026,30.48,3048,92.06,9206,4.578195376,7.098035238,74434
BD30,Dhaka,BD3093,Tangail,49,1/1/2026,1/15/2026,21.86,2186,45.28,4528,1.168882696,1.219936632,35842
BD40,Khulna,BD4001,Bagerhat,49,1/1/2026,1/15/2026,413.28,41328,948.89,94889,40.38140755,23.95173367,353213
BD40,Khulna,BD4018,Chuadanga,49,1/1/2026,1/15/2026,32.64,3264,40.07,4007,4.930732369,3.137045011,22586
BD40,Khulna,BD4041,Jessore,49,1/1/2026,1/15/2026,300.79,30079,463.2,46320,19.7899605,16.40739388,281581
BD40,Khulna,BD4044,Jhenaidah,49,1/1/2026,1/15/2026,91.95,9195,110.16,11016,7.378418587,5.14140389,59930
BD40,Khulna,BD4047,Khulna,49,1/1/2026,1/15/2026,431.94,43194,878.52,87852,34.78843806,22.28830924,357073
BD40,Khulna,BD4050,Kushtia,49,1/1/2026,1/15/2026,20.74,2074,57.03,5703,2.20443467,3.213969317,38447
BD40,Khulna,BD4055,Magura,49,1/1/2026,1/15/2026,49.42,4942,58.16,5816,7.00210028,5.067759084,33183
BD40,Khulna,BD4057,Meherpur,49,1/1/2026,1/15/2026,10.85,1085,12.59,1259,2.323839447,1.58722115,7187
BD40,Khulna,BD4065,Narail,49,1/1/2026,1/15/2026,242.87,24287,303.47,30347,36.47770215,27.89775641,153312
BD40,Khulna,BD4087,Satkhira,49,1/1/2026,1/15/2026,315.4,31540,"1,080.05",108005,31.16508525,29.31662533,464166
BD45,Mymensingh,BD4539,Jamalpur,49,1/1/2026,1/15/2026,22.54,2254,47.11,4711,1.557569716,2.058485241,31675
BD45,Mymensingh,BD4561,Mymensingh,49,1/1/2026,1/15/2026,134.05,13405,193.88,19388,4.582666674,4.033018883,179628
BD45,Mymensingh,BD4572,Netrakona,49,1/1/2026,1/15/2026,431.69,43169,575.08,57508,18.9794316,18.52430259,278573
BD45,Mymensingh,BD4589,Sherpur,49,1/1/2026,1/15/2026,19.21,1921,22.19,2219,1.962720196,1.509110067,13325
BD50,Rajshahi,BD5010,Bogra,49,1/1/2026,1/15/2026,8.56,856,52.74,5274,0.419236333,1.636318799,28585
BD50,Rajshahi,BD5038,Joypurhat,49,1/1/2026,1/15/2026,0.46,46,0.78,78,0.058252673,0.073781309,862
BD50,Rajshahi,BD5064,Naogaon,49,1/1/2026,1/15/2026,99.29,9929,127.42,12742,3.524661774,3.341461847,63099
BD50,Rajshahi,BD5069,Natore,49,1/1/2026,1/15/2026,114.01,11401,148.03,14803,8.805584122,7.048816739,86614
BD50,Rajshahi,BD5070,Nawabganj,49,1/1/2026,1/15/2026,44.71,4471,119.69,11969,4.931918539,6.422751134,91820
BD50,Rajshahi,BD5076,Pabna,49,1/1/2026,1/15/2026,51.86,5186,97.66,9766,3.156035495,3.715684605,58955
BD50,Rajshahi,BD5081,Rajshahi,49,1/1/2026,1/15/2026,119.29,11929,239.16,23916,8.200712381,8.88806018,160006
BD50,Rajshahi,BD5088,Sirajganj,49,1/1/2026,1/15/2026,66.97,6697,185.19,18519,4.073568907,6.732005113,143228
BD55,Rangpur,BD5527,Dinajpur,49,1/1/2026,1/15/2026,2.97,297,6.35,635,0.10445781,0.1647872,10602
BD55,Rangpur,BD5532,Gaibandha,49,1/1/2026,1/15/2026,18.99,1899,100.26,10026,1.378270177,4.165979773,53227
BD55,Rangpur,BD5549,Kurigram,49,1/1/2026,1/15/2026,26.99,2699,126.54,12654,2.086745385,4.985683717,75682
BD55,Rangpur,BD5552,Lalmonirhat,49,1/1/2026,1/15/2026,4.1,410,9.91,991,0.469550197,0.695411115,8481
BD55,Rangpur,BD5573,Nilphamari,49,1/1/2026,1/15/2026,1.68,168,3.98,398,0.144515588,0.224303988,2863
BD55,Rangpur,BD5577,Panchagarh,49,1/1/2026,1/15/2026,0.24,24,0.6,60,0.024264495,0.039905857,352
BD55,Rangpur,BD5585,Rangpur,49,1/1/2026,1/15/2026,8.32,832,13.75,1375,0.490748991,0.526588305,11665
BD55,Rangpur,BD5594,Thakurgaon,49,1/1/2026,1/15/2026,2.95,295,3.84,384,0.204148742,0.189472764,2049
BD60,Sylhet,BD6036,Habiganj,49,1/1/2026,1/15/2026,572.64,57264,657.76,65776,29.87849385,23.09921013,324666
BD60,Sylhet,BD6058,Maulvibazar,49,1/1/2026,1/15/2026,149.63,14963,220.21,22021,11.96301877,7.448593825,99770
BD60,Sylhet,BD6090,Sunamganj,49,1/1/2026,1/15/2026,825.29,82529,"1,415.23",141523,34.27013761,34.59352715,737194
BD60,Sylhet,BD6091,Sylhet,49,1/1/2026,1/15/2026,371.15,37115,555.68,55568,16.43152801,14.68060025,341286
BD10,Barisal,BD1004,Barguna,48,12/16/2025,12/31/2025,17.48,1748,96.4,9640,2.199503353,6.604088216,36961
BD10,Barisal,BD1006,Barisal,48,12/16/2025,12/31/2025,178.4,17840,458.03,45803,18.79035344,18.93329118,278568
BD10,Barisal,BD1009,Bhola,48,12/16/2025,12/31/2025,35.89,3589,205.1,20510,4.451838597,9.690129482,133117
BD10,Barisal,BD1042,Jhalokati,48,12/16/2025,12/31/2025,10.42,1042,58.61,5861,3.348213442,7.292506429,37596
BD10,Barisal,BD1078,Patuakhali,48,12/16/2025,12/31/2025,46.8,4680,240.63,24063,3.11107232,8.472085974,83938
BD10,Barisal,BD1079,Pirojpur,48,12/16/2025,12/31/2025,32.73,3273,123.05,12305,6.394132581,8.908117507,62303
BD20,Chattogram,BD2003,Bandarban,48,12/16/2025,12/31/2025,0.17,17,3.66,366,0.212393803,0.073646207,923
BD20,Chattogram,BD2012,Brahamanbaria,48,12/16/2025,12/31/2025,116.8,11680,161.41,16141,7.820718176,7.637675051,125761
BD20,Chattogram,BD2013,Chandpur,48,12/16/2025,12/31/2025,19.21,1921,63.69,6369,3.022269304,3.963369383,41923
BD20,Chattogram,BD2015,Chattogram,48,12/16/2025,12/31/2025,23.47,2347,105.28,10528,1.776389438,2.175940158,155797
BD20,Chattogram,BD2019,Comilla,48,12/16/2025,12/31/2025,54.68,5468,99.34,9934,2.964426751,2.938056756,112854
BD20,Chattogram,BD2022,Cox's Bazar,48,12/16/2025,12/31/2025,33.24,3324,118.72,11872,5.832643149,5.059396637,129168
BD20,Chattogram,BD2030,Feni,48,12/16/2025,12/31/2025,11.95,1195,38.56,3856,2.690677158,3.896085988,24612
BD20,Chattogram,BD2046,Khagrachhari,48,12/16/2025,12/31/2025,5.91,591,12.08,1208,2.75548606,0.387308157,3362
BD20,Chattogram,BD2051,Lakshmipur,48,12/16/2025,12/31/2025,12.99,1299,61.91,6191,2.747652453,4.564558224,71358
BD20,Chattogram,BD2075,Noakhali,48,12/16/2025,12/31/2025,65.92,6592,252.35,25235,5.700968957,8.653750181,145074
BD20,Chattogram,BD2084,Rangamati,48,12/16/2025,12/31/2025,46.66,4666,284.53,28453,21.32835863,4.529554472,51282
BD30,Dhaka,BD3026,Dhaka,48,12/16/2025,12/31/2025,10.84,1084,39.09,3909,1.680751979,2.412443508,175296
BD30,Dhaka,BD3029,Faridpur,48,12/16/2025,12/31/2025,16.73,1673,43.49,4349,1.251177117,1.942955311,27579
BD30,Dhaka,BD3033,Gazipur,48,12/16/2025,12/31/2025,28.79,2879,56.78,5678,4.280984724,2.839644377,81570
BD30,Dhaka,BD3035,Gopalganj,48,12/16/2025,12/31/2025,384.15,38415,473.33,47333,34.82388703,29.3610811,203766
BD30,Dhaka,BD3048,Kishoreganj,48,12/16/2025,12/31/2025,485.33,48533,606.07,60607,23.75870155,21.42827402,292702
BD30,Dhaka,BD3054,Madaripur,48,12/16/2025,12/31/2025,76.58,7658,96.26,9626,10.88023793,7.756511586,47618
BD30,Dhaka,BD3056,Manikganj,48,12/16/2025,12/31/2025,22.47,2247,92.53,9253,2.716125848,6.130622189,46233
BD30,Dhaka,BD3059,Munshiganj,48,12/16/2025,12/31/2025,23.98,2398,57.71,5771,4.306894228,5.647540122,48535
BD30,Dhaka,BD3067,Narayanganj,48,12/16/2025,12/31/2025,6.68,668,46.02,4602,2.208408469,5.961974258,102617
BD30,Dhaka,BD3068,Narsingdi,48,12/16/2025,12/31/2025,17.87,1787,63.41,6341,3.099301291,4.938388001,45376
BD30,Dhaka,BD3082,Rajbari,48,12/16/2025,12/31/2025,20.46,2046,79.82,7982,3.089294301,6.385272072,63646
BD30,Dhaka,BD3086,Shariatpur,48,12/16/2025,12/31/2025,32.8,3280,101.53,10153,4.92666694,7.828193761,80121
BD30,Dhaka,BD3093,Tangail,48,12/16/2025,12/31/2025,22.12,2212,54.3,5430,1.182785235,1.462954045,42120
BD40,Khulna,BD4001,Bagerhat,48,12/16/2025,12/31/2025,467.67,46767,"1,098.76",109876,45.6958306,27.73472888,419030
BD40,Khulna,BD4018,Chuadanga,48,12/16/2025,12/31/2025,10.56,1056,16.2,1620,1.595236943,1.268283733,8869
BD40,Khulna,BD4041,Jessore,48,12/16/2025,12/31/2025,190.86,19086,373.84,37384,12.5573053,13.24209873,223525
BD40,Khulna,BD4044,Jhenaidah,48,12/16/2025,12/31/2025,17.92,1792,31.14,3114,1.437969125,1.453370707,18266
BD40,Khulna,BD4047,Khulna,48,12/16/2025,12/31/2025,452.48,45248,941.08,94108,36.44272921,23.87547473,403460
BD40,Khulna,BD4050,Kushtia,48,12/16/2025,12/31/2025,20.83,2083,78.27,7827,2.214000684,4.41096578,57987
BD40,Khulna,BD4055,Magura,48,12/16/2025,12/31/2025,18.14,1814,34.67,3467,2.570176023,3.029466612,19247
BD40,Khulna,BD4057,Meherpur,48,12/16/2025,12/31/2025,6.84,684,9.51,951,1.464982656,1.203469255,5284
BD40,Khulna,BD4065,Narail,48,12/16/2025,12/31/2025,210.39,21039,284.04,28404,31.59938961,26.11157192,149145
BD40,Khulna,BD4087,Satkhira,48,12/16/2025,12/31/2025,331.56,33156,"1,028.99",102899,32.76187592,27.9306646,502738
BD45,Mymensingh,BD4539,Jamalpur,48,12/16/2025,12/31/2025,15.72,1572,45.83,4583,1.086290858,2.002555266,29196
BD45,Mymensingh,BD4561,Mymensingh,48,12/16/2025,12/31/2025,118.4,11840,194.67,19467,4.047651877,4.049452166,196795
BD45,Mymensingh,BD4572,Netrakona,48,12/16/2025,12/31/2025,394.04,39404,557.68,55768,17.32413358,17.96381906,242507
BD45,Mymensingh,BD4589,Sherpur,48,12/16/2025,12/31/2025,11.06,1106,14.13,1413,1.130020061,0.96096103,13119
BD50,Rajshahi,BD5010,Bogra,48,12/16/2025,12/31/2025,11.32,1132,70.33,7033,0.554410665,2.182068661,37822
BD50,Rajshahi,BD5038,Joypurhat,48,12/16/2025,12/31/2025,0.32,32,0.56,56,0.040523599,0.053108927,319
BD50,Rajshahi,BD5064,Naogaon,48,12/16/2025,12/31/2025,49.21,4921,76.64,7664,1.746888971,2.00980722,26656
BD50,Rajshahi,BD5069,Natore,48,12/16/2025,12/31/2025,65.33,6533,101.06,10106,5.045775026,4.812223331,53738
BD50,Rajshahi,BD5070,Nawabganj,48,12/16/2025,12/31/2025,49.78,4978,140.09,14009,5.491185527,7.517446791,101199
BD50,Rajshahi,BD5076,Pabna,48,12/16/2025,12/31/2025,50.39,5039,104.92,10492,3.066575946,3.991906909,59512
BD50,Rajshahi,BD5081,Rajshahi,48,12/16/2025,12/31/2025,141.61,14161,286.23,28623,9.735123483,10.63735351,188772
BD50,Rajshahi,BD5088,Sirajganj,48,12/16/2025,12/31/2025,71.93,7193,209.47,20947,4.375269695,7.614628819,153584
BD55,Rangpur,BD5527,Dinajpur,48,12/16/2025,12/31/2025,9.93,993,24.1,2410,0.349247829,0.625338191,28327
BD55,Rangpur,BD5532,Gaibandha,48,12/16/2025,12/31/2025,33.38,3338,150.9,15090,2.422678174,6.270161058,79829
BD55,Rangpur,BD5549,Kurigram,48,12/16/2025,12/31/2025,50.77,5077,196.88,19688,3.925308011,7.757084007,122436
BD55,Rangpur,BD5552,Lalmonirhat,48,12/16/2025,12/31/2025,21.61,2161,56.48,5648,2.474873114,3.963352147,48191
BD55,Rangpur,BD5573,Nilphamari,48,12/16/2025,12/31/2025,9.59,959,24.27,2427,0.824943148,1.367803464,18647
BD55,Rangpur,BD5577,Panchagarh,48,12/16/2025,12/31/2025,4.25,425,6.97,697,0.429683772,0.466381659,3525
BD55,Rangpur,BD5585,Rangpur,48,12/16/2025,12/31/2025,19.81,1981,52.18,5218,1.168478065,1.998354747,122307
BD55,Rangpur,BD5594,Thakurgaon,48,12/16/2025,12/31/2025,8.04,804,12.72,1272,0.556391826,0.62906033,12163
BD60,Sylhet,BD6036,Habiganj,48,12/16/2025,12/31/2025,605.52,60552,708.38,70838,31.59406538,24.87688286,363175
BD60,Sylhet,BD6058,Maulvibazar,48,12/16/2025,12/31/2025,166,16600,265.5,26550,13.27181124,8.980526136,113062
BD60,Sylhet,BD6090,Sunamganj,48,12/16/2025,12/31/2025,"1,072.06",107206,"1,812.41",181241,44.517253,44.30209545,945652
BD60,Sylhet,BD6091,Sylhet,48,12/16/2025,12/31/2025,436.67,43667,659.1,65910,19.33222508,17.41287004,414983
BD10,Barisal,BD1004,Barguna,47,12/1/2025,12/15/2025,20.78,2078,107.39,10739,2.6147414,7.356780079,42927
BD10,Barisal,BD1006,Barisal,47,12/1/2025,12/15/2025,195.71,19571,501.01,50101,20.61356543,20.70992776,309955
BD10,Barisal,BD1009,Bhola,47,12/1/2025,12/15/2025,38.52,3852,227.61,22761,4.778066948,10.75363419,146836
BD10,Barisal,BD1042,Jhalokati,47,12/1/2025,12/15/2025,17.07,1707,72.29,7229,5.485029122,8.993287654,44865
BD10,Barisal,BD1078,Patuakhali,47,12/1/2025,12/15/2025,49.67,4967,258.89,25889,3.301858166,9.11498291,84163
BD10,Barisal,BD1079,Pirojpur,47,12/1/2025,12/15/2025,47.07,4707,161.55,16155,9.195594885,11.69529771,88114
BD20,Chattogram,BD2003,Bandarban,47,12/1/2025,12/15/2025,1.17,117,16.02,1602,1.461769115,0.322258357,3215
BD20,Chattogram,BD2012,Brahamanbaria,47,12/1/2025,12/15/2025,165.94,16594,226.45,22645,11.1110443,10.71526867,206565
BD20,Chattogram,BD2013,Chandpur,47,12/1/2025,12/15/2025,25.12,2512,81.14,8114,3.952077299,5.049266632,68076
BD20,Chattogram,BD2015,Chattogram,47,12/1/2025,12/15/2025,31.22,3122,139.9,13990,2.362968823,2.891470632,197358
BD20,Chattogram,BD2019,Comilla,47,12/1/2025,12/15/2025,69.79,6979,127.91,12791,3.783601737,3.783036437,143611
BD20,Chattogram,BD2022,Cox's Bazar,47,12/1/2025,12/15/2025,41.1,4110,163.43,16343,7.211842161,6.964767457,168035
BD20,Chattogram,BD2030,Feni,47,12/1/2025,12/15/2025,13.28,1328,40.46,4046,2.990141645,4.08806118,24769
BD20,Chattogram,BD2046,Khagrachhari,47,12/1/2025,12/15/2025,6,600,13.33,1333,2.797447777,0.427385574,3447
BD20,Chattogram,BD2051,Lakshmipur,47,12/1/2025,12/15/2025,13.45,1345,75.98,7598,2.844951924,5.601924308,89694
BD20,Chattogram,BD2075,Noakhali,47,12/1/2025,12/15/2025,79.85,7985,310.79,31079,6.905679175,10.65781264,222525
BD20,Chattogram,BD2084,Rangamati,47,12/1/2025,12/15/2025,51.33,5133,310.43,31043,23.4630229,4.941316828,55702
BD30,Dhaka,BD3026,Dhaka,47,12/1/2025,12/15/2025,24.57,2457,61.17,6117,3.809601118,3.775113057,242551
BD30,Dhaka,BD3029,Faridpur,47,12/1/2025,12/15/2025,23.58,2358,59.47,5947,1.76346422,2.656876347,38476
BD30,Dhaka,BD3033,Gazipur,47,12/1/2025,12/15/2025,59.56,5956,113.98,11398,8.856389376,5.70029352,197536
BD30,Dhaka,BD3035,Gopalganj,47,12/1/2025,12/15/2025,430.74,43074,535.91,53591,39.04735415,33.24297419,239715
BD30,Dhaka,BD3048,Kishoreganj,47,12/1/2025,12/15/2025,544.81,54481,687.31,68731,26.67046791,24.30060392,357136
BD30,Dhaka,BD3054,Madaripur,47,12/1/2025,12/15/2025,73.6,7360,98.26,9826,10.4568492,7.917669109,53273
BD30,Dhaka,BD3056,Manikganj,47,12/1/2025,12/15/2025,26.33,2633,109.71,10971,3.182714445,7.268891823,57522
BD30,Dhaka,BD3059,Munshiganj,47,12/1/2025,12/15/2025,49.88,4988,96.91,9691,8.958627361,9.483678968,89253
BD30,Dhaka,BD3067,Narayanganj,47,12/1/2025,12/15/2025,10.72,1072,60.34,6034,3.544032753,7.817156165,98370
BD30,Dhaka,BD3068,Narsingdi,47,12/1/2025,12/15/2025,23.81,2381,83.08,8308,4.129511121,6.470292937,71149
BD30,Dhaka,BD3082,Rajbari,47,12/1/2025,12/15/2025,24.93,2493,94.74,9474,3.7642281,7.578810776,76313
BD30,Dhaka,BD3086,Shariatpur,47,12/1/2025,12/15/2025,44.94,4494,132.83,13283,6.75013452,10.2414949,108929
BD30,Dhaka,BD3093,Tangail,47,12/1/2025,12/15/2025,38.26,3826,86.99,8699,2.045812074,2.343690098,70567
BD40,Khulna,BD4001,Bagerhat,47,12/1/2025,12/15/2025,496,49600,"1,212.65",121265,48.46394247,30.60952254,448779
BD40,Khulna,BD4018,Chuadanga,47,12/1/2025,12/15/2025,11.4,1140,17.93,1793,1.722130791,1.403723909,12331
BD40,Khulna,BD4041,Jessore,47,12/1/2025,12/15/2025,196.14,19614,401.98,40198,12.90469382,14.23886916,247902
BD40,Khulna,BD4044,Jhenaidah,47,12/1/2025,12/15/2025,17.49,1749,30.07,3007,1.403464286,1.403431508,17598
BD40,Khulna,BD4047,Khulna,47,12/1/2025,12/15/2025,449.01,44901,"1,002.53",100253,36.16325548,25.43447919,409034
BD40,Khulna,BD4050,Kushtia,47,12/1/2025,12/15/2025,29.37,2937,108.44,10844,3.121709078,6.111219231,94335
BD40,Khulna,BD4055,Magura,47,12/1/2025,12/15/2025,25.56,2556,52.13,5213,3.621482864,4.539537377,30255
BD40,Khulna,BD4057,Meherpur,47,12/1/2025,12/15/2025,12.44,1244,20.75,2075,2.664383661,2.615952254,14591
BD40,Khulna,BD4065,Narail,47,12/1/2025,12/15/2025,227.27,22727,311.31,31131,34.13467026,28.61848139,163587
BD40,Khulna,BD4087,Satkhira,47,12/1/2025,12/15/2025,330.84,33084,964.34,96434,32.69073178,26.17582008,499002
BD45,Mymensingh,BD4539,Jamalpur,47,12/1/2025,12/15/2025,40.24,4024,94.69,9469,2.780683469,4.13750727,95900
BD45,Mymensingh,BD4561,Mymensingh,47,12/1/2025,12/15/2025,138.31,13831,222.38,22238,4.728300094,4.62586517,278649
BD45,Mymensingh,BD4572,Netrakona,47,12/1/2025,12/15/2025,414.62,41462,593.7,59370,18.2289419,19.12408438,275746
BD45,Mymensingh,BD4589,Sherpur,47,12/1/2025,12/15/2025,18.58,1858,24.82,2482,1.898351965,1.687972595,20121
BD50,Rajshahi,BD5010,Bogra,47,12/1/2025,12/15/2025,28.79,2879,104.54,10454,1.410025003,3.243473024,79622
BD50,Rajshahi,BD5038,Joypurhat,47,12/1/2025,12/15/2025,1.54,154,2.5,250,0.195019819,0.23537664,1874
BD50,Rajshahi,BD5064,Naogaon,47,12/1/2025,12/15/2025,94.18,9418,133.32,13332,3.343263631,3.496183436,52216
BD50,Rajshahi,BD5069,Natore,47,12/1/2025,12/15/2025,126.36,12636,191.29,19129,9.759438731,9.108749267,106170
BD50,Rajshahi,BD5070,Nawabganj,47,12/1/2025,12/15/2025,55.89,5589,168.64,16864,6.165173947,9.049484095,135697
BD50,Rajshahi,BD5076,Pabna,47,12/1/2025,12/15/2025,80.13,8013,168.83,16883,4.876458237,6.423500223,140058
BD50,Rajshahi,BD5081,Rajshahi,47,12/1/2025,12/15/2025,174.18,17418,357.18,35718,11.97418126,13.27411497,243076
BD50,Rajshahi,BD5088,Sirajganj,47,12/1/2025,12/15/2025,99.12,9912,269.69,26969,6.02914962,9.80373918,232046
BD55,Rangpur,BD5527,Dinajpur,47,12/1/2025,12/15/2025,10.45,1045,19.85,1985,0.367536739,0.515060709,14589
BD55,Rangpur,BD5532,Gaibandha,47,12/1/2025,12/15/2025,51.13,5113,185.02,18502,3.710950719,7.687907216,104275
BD55,Rangpur,BD5549,Kurigram,47,12/1/2025,12/15/2025,67.51,6751,236.53,23653,5.219569505,9.319296426,151314
BD55,Rangpur,BD5552,Lalmonirhat,47,12/1/2025,12/15/2025,25.37,2537,67.69,6769,2.905485002,4.749987727,55219
BD55,Rangpur,BD5573,Nilphamari,47,12/1/2025,12/15/2025,19.04,1904,40.46,4046,1.63784333,2.280236018,32200
BD55,Rangpur,BD5577,Panchagarh,47,12/1/2025,12/15/2025,3.49,349,5.64,564,0.352846204,0.369531992,3310
BD55,Rangpur,BD5585,Rangpur,47,12/1/2025,12/15/2025,20.48,2048,47.16,4716,1.207997515,1.806102144,53242
BD55,Rangpur,BD5594,Thakurgaon,47,12/1/2025,12/15/2025,10.83,1083,14.43,1443,0.749468094,0.712003121,7337
BD60,Sylhet,BD6036,Habiganj,47,12/1/2025,12/15/2025,619.89,61989,729.32,72932,32.34384527,25.61225361,377946
BD60,Sylhet,BD6058,Maulvibazar,47,12/1/2025,12/15/2025,190.16,19016,312.86,31286,15.20341943,10.58247611,137701
BD60,Sylhet,BD6090,Sunamganj,47,12/1/2025,12/15/2025,"1,135.17",113517,"1,926.79",192679,47.13789348,47.09797148,1003979
BD60,Sylhet,BD6091,Sylhet,47,12/1/2025,12/15/2025,492.38,49238,747.36,74736,21.79861448,19.74462533,489136
BD10,Barisal,BD1004,Barguna,46,11/16/2025,11/30/2025,27.09,2709,126.11,12611,3.408726878,8.639435321,52871
BD10,Barisal,BD1006,Barisal,46,11/16/2025,11/30/2025,215.61,21561,545.03,54503,22.70958396,22.52956767,334720
BD10,Barisal,BD1009,Bhola,46,11/16/2025,11/30/2025,41.56,4156,233.44,23344,5.155152942,11.02907929,147704
BD10,Barisal,BD1042,Jhalokati,46,11/16/2025,11/30/2025,17.18,1718,74.34,7434,5.520374945,9.248319328,47808
BD10,Barisal,BD1078,Patuakhali,46,11/16/2025,11/30/2025,75.95,7595,317.29,31729,5.04884572,11.1711354,108519
BD10,Barisal,BD1079,Pirojpur,46,11/16/2025,11/30/2025,55.21,5521,189.72,18972,10.78582523,13.73464489,109928
BD20,Chattogram,BD2003,Bandarban,46,11/16/2025,11/30/2025,0.19,19,3.32,332,0.237381309,0.069675238,502
BD20,Chattogram,BD2012,Brahamanbaria,46,11/16/2025,11/30/2025,233.38,23338,300.87,30087,15.62670555,14.23670958,245889
BD20,Chattogram,BD2013,Chandpur,46,11/16/2025,11/30/2025,33.23,3323,93.18,9318,5.228008327,5.798508864,74665
BD20,Chattogram,BD2015,Chattogram,46,11/16/2025,11/30/2025,26.55,2655,121.74,12174,2.009507439,2.516137652,155392
BD20,Chattogram,BD2019,Comilla,46,11/16/2025,11/30/2025,82.74,8274,145.32,14532,4.485674276,4.297950551,159793
BD20,Chattogram,BD2022,Cox's Bazar,46,11/16/2025,11/30/2025,43.79,4379,203.4,20340,7.683858107,8.667492402,197517
BD20,Chattogram,BD2030,Feni,46,11/16/2025,11/30/2025,14.83,1483,44.23,4423,3.339141611,4.468980375,27942
BD20,Chattogram,BD2046,Khagrachhari,46,11/16/2025,11/30/2025,7.48,748,16.4,1640,3.487493185,0.525815795,5585
BD20,Chattogram,BD2051,Lakshmipur,46,11/16/2025,11/30/2025,14.67,1467,71.05,7105,3.10300936,5.23844279,82949
BD20,Chattogram,BD2075,Noakhali,46,11/16/2025,11/30/2025,84.23,8423,324.89,32489,7.284475353,11.141339,215119
BD20,Chattogram,BD2084,Rangamati,46,11/16/2025,11/30/2025,63.72,6372,352.14,35214,29.12651119,5.605242109,69341
BD30,Dhaka,BD3026,Dhaka,46,11/16/2025,11/30/2025,40.49,4049,80.67,8067,6.278011773,4.978557631,297740
BD30,Dhaka,BD3029,Faridpur,46,11/16/2025,11/30/2025,31.2,3120,71.04,7104,2.333336882,3.173776622,49493
BD30,Dhaka,BD3033,Gazipur,46,11/16/2025,11/30/2025,89.91,8991,154.91,15491,13.36934132,7.74725802,223621
BD30,Dhaka,BD3035,Gopalganj,46,11/16/2025,11/30/2025,391.58,39158,496.92,49692,35.49742986,30.8243898,231572
BD30,Dhaka,BD3048,Kishoreganj,46,11/16/2025,11/30/2025,745.13,74513,903.55,90355,36.47687405,31.94600787,454606
BD30,Dhaka,BD3054,Madaripur,46,11/16/2025,11/30/2025,53.38,5338,75.97,7597,7.584057205,6.121568514,40523
BD30,Dhaka,BD3056,Manikganj,46,11/16/2025,11/30/2025,25.4,2540,117.39,11739,3.070298021,7.777734127,57481
BD30,Dhaka,BD3059,Munshiganj,46,11/16/2025,11/30/2025,67.87,6787,117.69,11769,12.18969605,11.517224,96753
BD30,Dhaka,BD3067,Narayanganj,46,11/16/2025,11/30/2025,10.72,1072,58.41,5841,3.544032753,7.567121173,100203
BD30,Dhaka,BD3068,Narsingdi,46,11/16/2025,11/30/2025,26.02,2602,85.94,8594,4.512804678,6.693030513,67846
BD30,Dhaka,BD3082,Rajbari,46,11/16/2025,11/30/2025,24.57,2457,97.65,9765,3.709871016,7.811598821,70428
BD30,Dhaka,BD3086,Shariatpur,46,11/16/2025,11/30/2025,43.21,4321,124.87,12487,6.49028288,9.627760809,97102
BD30,Dhaka,BD3093,Tangail,46,11/16/2025,11/30/2025,48.03,4803,100.22,10022,2.56822671,2.700133598,71196
BD40,Khulna,BD4001,Bagerhat,46,11/16/2025,11/30/2025,527.22,52722,"1,327.25",132725,51.51443498,33.50326035,498297
BD40,Khulna,BD4018,Chuadanga,46,11/16/2025,11/30/2025,16.59,1659,23.5,2350,2.506153493,1.839794304,13198
BD40,Khulna,BD4041,Jessore,46,11/16/2025,11/30/2025,212.4,21240,414.37,41437,13.97449254,14.67774569,255120
BD40,Khulna,BD4044,Jhenaidah,46,11/16/2025,11/30/2025,26.33,2633,42.03,4203,2.112819591,1.961630406,21565
BD40,Khulna,BD4047,Khulna,46,11/16/2025,11/30/2025,451.57,45157,"1,057.58",105758,36.36943783,26.83112446,437682
BD40,Khulna,BD4050,Kushtia,46,11/16/2025,11/30/2025,25.06,2506,103.24,10324,2.663603319,5.818169249,76804
BD40,Khulna,BD4055,Magura,46,11/16/2025,11/30/2025,25.04,2504,49.76,4976,3.547806374,4.333155187,27074
BD40,Khulna,BD4057,Meherpur,46,11/16/2025,11/30/2025,10.18,1018,12.93,1293,2.180339684,1.630084946,7329
BD40,Khulna,BD4065,Narail,46,11/16/2025,11/30/2025,225.22,22522,306.6,30660,33.82677184,28.18523572,159362
BD40,Khulna,BD4087,Satkhira,46,11/16/2025,11/30/2025,362.14,36214,"1,032.38",103238,35.78352559,28.02268823,552417
BD45,Mymensingh,BD4539,Jamalpur,46,11/16/2025,11/30/2025,20.38,2038,58.48,5848,1.408308377,2.55530072,37088
BD45,Mymensingh,BD4561,Mymensingh,46,11/16/2025,11/30/2025,121.32,12132,193.68,19368,4.147475724,4.028858558,183529
BD45,Mymensingh,BD4572,Netrakona,46,11/16/2025,11/30/2025,492.93,49293,687.07,68707,21.67187384,22.13169051,306511
BD45,Mymensingh,BD4589,Sherpur,46,11/16/2025,11/30/2025,17.51,1751,22.79,2279,1.789028143,1.549915207,15741
BD50,Rajshahi,BD5010,Bogra,46,11/16/2025,11/30/2025,18.83,1883,95.65,9565,0.92222198,2.96765061,50815
BD50,Rajshahi,BD5038,Joypurhat,46,11/16/2025,11/30/2025,0.26,26,0.28,28,0.032925424,0.027101439,157
BD50,Rajshahi,BD5064,Naogaon,46,11/16/2025,11/30/2025,206.69,20669,265.9,26590,7.337217666,6.972961114,127731
BD50,Rajshahi,BD5069,Natore,46,11/16/2025,11/30/2025,206.27,20627,271.06,27106,15.93130284,12.90719628,139112
BD50,Rajshahi,BD5070,Nawabganj,46,11/16/2025,11/30/2025,75.96,7596,206.62,20662,8.379076991,11.08754983,147822
BD50,Rajshahi,BD5076,Pabna,46,11/16/2025,11/30/2025,135.05,13505,215.18,21518,8.218715649,8.186985595,117754
BD50,Rajshahi,BD5081,Rajshahi,46,11/16/2025,11/30/2025,241.84,24184,452.77,45277,16.62553678,16.82658893,303141
BD50,Rajshahi,BD5088,Sirajganj,46,11/16/2025,11/30/2025,140.88,14088,340.23,34023,8.56927561,12.36800097,242112
BD55,Rangpur,BD5527,Dinajpur,46,11/16/2025,11/30/2025,6.02,602,12.7,1270,0.211729298,0.329535063,10504
BD55,Rangpur,BD5532,Gaibandha,46,11/16/2025,11/30/2025,51.78,5178,207.24,20724,3.758126897,8.611187393,114477
BD55,Rangpur,BD5549,Kurigram,46,11/16/2025,11/30/2025,74.95,7495,278.95,27895,5.794796837,10.99064701,173621
BD55,Rangpur,BD5552,Lalmonirhat,46,11/16/2025,11/30/2025,24.5,2450,71.35,7135,2.805848867,5.00681982,54298
BD55,Rangpur,BD5573,Nilphamari,46,11/16/2025,11/30/2025,9.79,979,29.5,2950,0.842147384,1.662676501,20223
BD55,Rangpur,BD5577,Panchagarh,46,11/16/2025,11/30/2025,2.05,205,3.25,325,0.207259231,0.214898014,1812
BD55,Rangpur,BD5585,Rangpur,46,11/16/2025,11/30/2025,20.54,2054,47.16,4716,1.211536571,1.806102144,41304
BD55,Rangpur,BD5594,Thakurgaon,46,11/16/2025,11/30/2025,10.64,1064,14.18,1418,0.736319531,0.699667655,8233
BD60,Sylhet,BD6036,Habiganj,46,11/16/2025,11/30/2025,621.91,62191,726.08,72608,32.4492423,25.49847131,358665
BD60,Sylhet,BD6058,Maulvibazar,46,11/16/2025,11/30/2025,213.95,21395,343.83,34383,17.10544587,11.63003658,152254
BD60,Sylhet,BD6090,Sunamganj,46,11/16/2025,11/30/2025,"1,282.80",128280,"2,147.80",214780,53.26822393,52.50028448,1137088
BD60,Sylhet,BD6091,Sylhet,46,11/16/2025,11/30/2025,525.88,52588,781.09,78109,23.28172424,20.63574368,476334
BD40,Khulna,BD4055,Magura,45,11/1/2025,11/15/2025,28.57,2857,50.39,5039,4.047956394,4.388016276,26411
BD40,Khulna,BD4057,Meherpur,45,11/1/2025,11/15/2025,10.5,1050,13.25,1325,2.248876884,1.670427343,7383
BD40,Khulna,BD4065,Narail,45,11/1/2025,11/15/2025,203.58,20358,278.4,27840,30.57656608,25.59285592,144126
BD40,Khulna,BD4087,Satkhira,45,11/1/2025,11/15/2025,345.77,34577,"1,150.71",115071,34.16598455,31.23461088,538871
BD45,Mymensingh,BD4539,Jamalpur,45,11/1/2025,11/15/2025,26,2600,70.7,7070,1.796664269,3.089257197,49538
BD45,Mymensingh,BD4561,Mymensingh,45,11/1/2025,11/15/2025,128.43,12843,200.7,20070,4.390539954,4.174885959,177161
BD45,Mymensingh,BD4572,Netrakona,45,11/1/2025,11/15/2025,579.36,57936,788.88,78888,25.47180498,25.41116336,363143
BD45,Mymensingh,BD4589,Sherpur,45,11/1/2025,11/15/2025,30.22,3022,37.88,3788,3.087631667,2.576164459,27091
BD50,Rajshahi,BD5010,Bogra,45,11/1/2025,11/15/2025,27.17,2717,110.9,11090,1.330683548,3.440799296,65729
BD50,Rajshahi,BD5038,Joypurhat,45,11/1/2025,11/15/2025,4.32,432,7.23,723,0.547068582,0.678982172,8384
BD50,Rajshahi,BD5064,Naogaon,45,11/1/2025,11/15/2025,288.22,28822,365.37,36537,10.23142327,9.581462212,197729
BD50,Rajshahi,BD5069,Natore,45,11/1/2025,11/15/2025,236.82,23682,308.91,30891,18.29083793,14.7095182,165824
BD50,Rajshahi,BD5070,Nawabganj,45,11/1/2025,11/15/2025,86.93,8693,204.69,20469,9.589167494,10.98398304,127697
BD50,Rajshahi,BD5076,Pabna,45,11/1/2025,11/15/2025,207.4,20740,294.54,29454,12.6217077,11.20640737,170775
BD50,Rajshahi,BD5081,Rajshahi,45,11/1/2025,11/15/2025,294.3,29430,509.31,50931,20.23195284,18.92782209,336049
BD50,Rajshahi,BD5088,Sirajganj,45,11/1/2025,11/15/2025,183.45,18345,390.9,39090,11.15867129,14.20995085,286207
BD55,Rangpur,BD5527,Dinajpur,45,11/1/2025,11/15/2025,21.74,2174,39.34,3934,0.764617101,1.020780266,27106
BD55,Rangpur,BD5532,Gaibandha,45,11/1/2025,11/15/2025,58.91,5891,230.72,23072,4.275613278,9.586822792,132328
BD55,Rangpur,BD5549,Kurigram,45,11/1/2025,11/15/2025,103.1,10310,343.29,34329,7.971228203,13.52564694,220853
BD55,Rangpur,BD5552,Lalmonirhat,45,11/1/2025,11/15/2025,35.86,3586,100.88,10088,4.106846545,7.079018689,75211
BD55,Rangpur,BD5573,Nilphamari,45,11/1/2025,11/15/2025,25.97,2597,61.05,6105,2.23397013,3.440894928,45138
BD55,Rangpur,BD5577,Panchagarh,45,11/1/2025,11/15/2025,3.57,357,7.28,728,0.360934369,0.476912885,4741
BD55,Rangpur,BD5585,Rangpur,45,11/1/2025,11/15/2025,42.39,4239,82.4,8240,2.500342513,3.155700098,74031
BD55,Rangpur,BD5594,Thakurgaon,45,11/1/2025,11/15/2025,13.38,1338,17.49,1749,0.925935651,0.864957954,9128
BD60,Sylhet,BD6036,Habiganj,45,11/1/2025,11/15/2025,608.49,60849,713.38,71338,31.74903033,25.05228824,358456
BD60,Sylhet,BD6058,Maulvibazar,45,11/1/2025,11/15/2025,218.85,21885,350.75,35075,17.49720416,11.86410531,159779
BD60,Sylhet,BD6090,Sunamganj,45,11/1/2025,11/15/2025,"1,342.57",134257,"2,229.17",222917,55.75017103,54.48927235,1176006
BD60,Sylhet,BD6091,Sylhet,45,11/1/2025,11/15/2025,553.14,55314,828.61,82861,24.48857714,21.89118229,534265
BD10,Barisal,BD1004,Barguna,45,11/1/2025,11/15/2025,25,2500,121.07,12107,3.145742781,8.294159339,49203
BD10,Barisal,BD1006,Barisal,45,11/1/2025,11/15/2025,217.62,21762,555.54,55554,22.92129151,22.96401303,345250
BD10,Barisal,BD1009,Bhola,45,11/1/2025,11/15/2025,41.1,4110,230.7,23070,5.098093983,10.89962556,144075
BD10,Barisal,BD1042,Jhalokati,45,11/1/2025,11/15/2025,15.7,1570,68.99,6899,5.044812959,8.582748862,41337
BD10,Barisal,BD1078,Patuakhali,45,11/1/2025,11/15/2025,84.61,8461,338.22,33822,5.624527141,11.90803812,118075
BD10,Barisal,BD1079,Pirojpur,45,11/1/2025,11/15/2025,61.64,6164,207.5,20750,12.04198999,15.02181538,122747
BD20,Chattogram,BD2003,Bandarban,45,11/1/2025,11/15/2025,0.04,4,2.42,242,0.049975012,0.048671582,674
BD20,Chattogram,BD2012,Brahamanbaria,45,11/1/2025,11/15/2025,282.04,28204,354.07,35407,18.88489173,16.75405245,305419
BD20,Chattogram,BD2013,Chandpur,45,11/1/2025,11/15/2025,45.55,4555,105.78,10578,7.166288874,6.582595703,96730
BD20,Chattogram,BD2015,Chattogram,45,11/1/2025,11/15/2025,28.5,2850,132.05,13205,2.157098381,2.729226031,146145
BD20,Chattogram,BD2019,Comilla,45,11/1/2025,11/15/2025,102.34,10234,173.4,17340,5.548270551,5.128438106,184451
BD20,Chattogram,BD2022,Cox's Bazar,45,11/1/2025,11/15/2025,51.33,5133,235.05,23505,9.006906523,10.01619513,227035
BD20,Chattogram,BD2030,Feni,45,11/1/2025,11/15/2025,14.89,1489,44.87,4487,3.352651287,4.533645703,29755
BD20,Chattogram,BD2046,Khagrachhari,45,11/1/2025,11/15/2025,8.15,815,17.74,1774,3.799875596,0.568778793,4456
BD20,Chattogram,BD2051,Lakshmipur,45,11/1/2025,11/15/2025,16.25,1625,68.65,6865,3.43721214,5.06149328,82105
BD20,Chattogram,BD2075,Noakhali,45,11/1/2025,11/15/2025,89.78,8978,335.57,33557,7.764456811,11.5075845,246541
BD20,Chattogram,BD2084,Rangamati,45,11/1/2025,11/15/2025,69.96,6996,368.75,36875,31.9788249,5.869634315,70159
BD30,Dhaka,BD3026,Dhaka,45,11/1/2025,11/15/2025,45.19,4519,86.06,8606,7.006751099,5.311202054,426680
BD30,Dhaka,BD3029,Faridpur,45,11/1/2025,11/15/2025,51.88,5188,93.38,9338,3.879920431,4.171761892,72031
BD30,Dhaka,BD3033,Gazipur,45,11/1/2025,11/15/2025,97.75,9775,171.08,17108,14.53512528,8.555941528,246121
BD30,Dhaka,BD3035,Gopalganj,45,11/1/2025,11/15/2025,412.42,41242,544.78,54478,37.38661327,33.79318819,264903
BD30,Dhaka,BD3048,Kishoreganj,45,11/1/2025,11/15/2025,925.92,92592,"1,103.30",110330,45.32721434,39.00838967,574550
BD30,Dhaka,BD3054,Madaripur,45,11/1/2025,11/15/2025,45.64,4564,66.53,6653,6.484383118,5.389863677,34817
BD30,Dhaka,BD3056,Manikganj,45,11/1/2025,11/15/2025,28.62,2862,119.42,11942,3.459524778,7.912232809,62145
BD30,Dhaka,BD3059,Munshiganj,45,11/1/2025,11/15/2025,69.98,6998,116.84,11684,12.56865964,11.43404242,91855
BD30,Dhaka,BD3067,Narayanganj,45,11/1/2025,11/15/2025,9.52,952,48.15,4815,3.147312669,6.237919611,57557
BD30,Dhaka,BD3068,Narsingdi,45,11/1/2025,11/15/2025,29.94,2994,85.63,8563,5.192673791,6.668887629,66113
BD30,Dhaka,BD3082,Rajbari,45,11/1/2025,11/15/2025,21.42,2142,88.88,8888,3.234246526,7.110034851,62829
BD30,Dhaka,BD3086,Shariatpur,45,11/1/2025,11/15/2025,44.23,4423,127.12,12712,6.643490205,9.801240923,100576
BD30,Dhaka,BD3093,Tangail,45,11/1/2025,11/15/2025,89.7,8970,157.6,15760,4.796375929,4.246069198,116704
BD40,Khulna,BD4001,Bagerhat,45,11/1/2025,11/15/2025,530.12,53012,"1,330.26",133026,51.79779271,33.57822349,512955
BD40,Khulna,BD4018,Chuadanga,45,11/1/2025,11/15/2025,15.79,1579,23.04,2304,2.385302209,1.803781309,13741
BD40,Khulna,BD4041,Jessore,45,11/1/2025,11/15/2025,230.47,23047,438.07,43807,15.1633771,15.51724318,278873
BD40,Khulna,BD4044,Jhenaidah,45,11/1/2025,11/15/2025,31.95,3195,47.96,4796,2.563789819,2.238396247,25498
BD40,Khulna,BD4047,Khulna,45,11/1/2025,11/15/2025,410.6,41060,"1,047.37",104737,33.06971493,26.57209367,393226
BD40,Khulna,BD4050,Kushtia,45,11/1/2025,11/15/2025,23.87,2387,96.2,9620,2.537119363,5.421424659,66762
BD10,Barisal,BD1004,Barguna,44,10/16/2025,10/31/2025,32.5,3250,129.16,12916,4.089465616,8.848382095,52988
BD10,Barisal,BD1006,Barisal,44,10/16/2025,10/31/2025,204.24,20424,548.49,54849,21.51201442,22.67259155,343894
BD10,Barisal,BD1009,Bhola,44,10/16/2025,10/31/2025,54.43,5443,266.58,26658,6.751563394,12.5948079,173052
BD10,Barisal,BD1042,Jhalokati,44,10/16/2025,10/31/2025,13.35,1335,62.83,6283,4.289697644,7.816409784,36797
BD10,Barisal,BD1078,Patuakhali,44,10/16/2025,10/31/2025,97.43,9743,344.58,34458,6.476748367,12.13196078,121729
BD10,Barisal,BD1079,Pirojpur,44,10/16/2025,10/31/2025,56.61,5661,192.76,19276,11.05932922,13.95472353,111624
BD20,Chattogram,BD2003,Bandarban,44,10/16/2025,10/31/2025,1.34,134,13.69,1369,1.674162919,0.275255486,4599
BD20,Chattogram,BD2012,Brahamanbaria,44,10/16/2025,10/31/2025,483.74,48374,600.79,60079,32.39036139,28.4284666,617494
BD20,Chattogram,BD2013,Chandpur,44,10/16/2025,10/31/2025,71.7,7170,154.41,15441,11.2804152,9.608797528,153989
BD20,Chattogram,BD2015,Chattogram,44,10/16/2025,10/31/2025,45.77,4577,199.4,19940,3.464224312,4.121065454,223509
BD20,Chattogram,BD2019,Comilla,44,10/16/2025,10/31/2025,178.11,17811,313.31,31331,9.65607258,9.266383755,384703
BD20,Chattogram,BD2022,Cox's Bazar,44,10/16/2025,10/31/2025,54,5400,250.24,25024,9.475413058,10.66348721,257542
BD20,Chattogram,BD2030,Feni,44,10/16/2025,10/31/2025,21.11,2111,62.7,6270,4.753154377,6.335181314,73356
BD20,Chattogram,BD2046,Khagrachhari,44,10/16/2025,10/31/2025,11.09,1109,32.04,3204,5.170628264,1.026800018,9512
BD20,Chattogram,BD2051,Lakshmipur,44,10/16/2025,10/31/2025,20.94,2094,87.99,8799,4.429244444,6.487411416,109669
BD20,Chattogram,BD2075,Noakhali,44,10/16/2025,10/31/2025,116.03,11603,410.6,41060,10.03463938,14.08056201,324418
BD20,Chattogram,BD2084,Rangamati,44,10/16/2025,10/31/2025,90.79,9079,512.67,51267,41.50025033,8.160502845,103514
BD30,Dhaka,BD3026,Dhaka,44,10/16/2025,10/31/2025,60.45,6045,113.11,11311,9.372828147,6.980337206,573397
BD30,Dhaka,BD3029,Faridpur,44,10/16/2025,10/31/2025,208.4,20840,292.6,29260,15.58549379,13.07193756,214477
BD30,Dhaka,BD3033,Gazipur,44,10/16/2025,10/31/2025,131.11,13111,237.46,23746,19.49565499,11.87563546,369421
BD30,Dhaka,BD3035,Gopalganj,44,10/16/2025,10/31/2025,350.97,35097,468.49,46849,31.81606047,29.0608516,219442
BD30,Dhaka,BD3048,Kishoreganj,44,10/16/2025,10/31/2025,"1,143.46",114346,"1,370.83",137083,55.97660328,48.46618006,803430
BD30,Dhaka,BD3054,Madaripur,44,10/16/2025,10/31/2025,48.33,4833,75.25,7525,6.86656959,6.063551806,45054
BD30,Dhaka,BD3056,Manikganj,44,10/16/2025,10/31/2025,57.18,5718,158.06,15806,6.911796884,10.47234565,88613
BD30,Dhaka,BD3059,Munshiganj,44,10/16/2025,10/31/2025,70.1,7010,122.93,12293,12.59021207,12.03001399,99903
BD30,Dhaka,BD3067,Narayanganj,44,10/16/2025,10/31/2025,14.59,1459,56.46,5646,4.823455025,7.314495145,78648
BD30,Dhaka,BD3068,Narsingdi,44,10/16/2025,10/31/2025,58.92,5892,138.29,13829,10.21884902,10.77006271,130377
BD30,Dhaka,BD3082,Rajbari,44,10/16/2025,10/31/2025,76.4,7640,166.78,16678,11.53578126,13.34171481,119439
BD30,Dhaka,BD3086,Shariatpur,44,10/16/2025,10/31/2025,54.71,5471,152.82,15282,8.217620374,11.78276934,126787
BD30,Dhaka,BD3093,Tangail,44,10/16/2025,10/31/2025,219.13,21913,349.7,34970,11.71716675,9.421639584,273406
BD40,Khulna,BD4001,Bagerhat,44,10/16/2025,10/31/2025,550.97,55097,"1,352.98",135298,53.83503706,34.15171833,543834
BD40,Khulna,BD4018,Chuadanga,44,10/16/2025,10/31/2025,31.8,3180,46.41,4641,4.803838521,3.633398028,31159
BD40,Khulna,BD4041,Jessore,44,10/16/2025,10/31/2025,310.74,31074,596.14,59614,20.44460363,21.1163726,407284
BD40,Khulna,BD4044,Jhenaidah,44,10/16/2025,10/31/2025,66.15,6615,107.45,10745,5.308128217,5.014922367,71450
BD40,Khulna,BD4047,Khulna,44,10/16/2025,10/31/2025,396.67,39667,"1,070.39",107039,31.94779304,27.15611804,398188
BD40,Khulna,BD4050,Kushtia,44,10/16/2025,10/31/2025,53.36,5336,159.52,15952,5.671583125,8.989871742,127466
BD40,Khulna,BD4055,Magura,44,10/16/2025,10/31/2025,91,9100,155.94,15594,12.89338578,13.57942564,102444
BD40,Khulna,BD4057,Meherpur,44,10/16/2025,10/31/2025,20.44,2044,26.5,2650,4.377813668,3.340854685,14987
BD40,Khulna,BD4065,Narail,44,10/16/2025,10/31/2025,259.12,25912,365.53,36553,38.91836036,33.60257408,193754
BD40,Khulna,BD4087,Satkhira,44,10/16/2025,10/31/2025,391.68,39168,"1,154.19",115419,38.70241151,31.32907121,598396
BD45,Mymensingh,BD4539,Jamalpur,44,10/16/2025,10/31/2025,41.87,4187,108.33,10833,2.893320498,4.733511063,80983
BD45,Mymensingh,BD4561,Mymensingh,44,10/16/2025,10/31/2025,180.16,18016,288.94,28894,6.158994613,6.010421271,265187
BD45,Mymensingh,BD4572,Netrakona,44,10/16/2025,10/31/2025,667,66700,896.98,89698,29.32493427,28.89324778,437121
BD45,Mymensingh,BD4589,Sherpur,44,10/16/2025,10/31/2025,42.08,4208,53.92,5392,4.299389165,3.667021849,39662
BD50,Rajshahi,BD5088,Sirajganj,44,10/16/2025,10/31/2025,362.73,36273,663.36,66336,22.06369493,24.11438475,549502
BD55,Rangpur,BD5527,Dinajpur,44,10/16/2025,10/31/2025,40.81,4081,67.48,6748,1.435327685,1.750946934,41818
BD55,Rangpur,BD5532,Gaibandha,44,10/16/2025,10/31/2025,90.01,9001,302.49,30249,6.532811935,12.56899283,185051
BD55,Rangpur,BD5549,Kurigram,44,10/16/2025,10/31/2025,129.01,12901,431.63,43163,9.974472847,17.00624832,283868
BD55,Rangpur,BD5552,Lalmonirhat,44,10/16/2025,10/31/2025,43.25,4325,110.03,11003,4.953182183,7.721098596,79871
BD55,Rangpur,BD5573,Nilphamari,44,10/16/2025,10/31/2025,35.84,3584,75.02,7502,3.082999209,4.2279611,56124
BD55,Rangpur,BD5577,Panchagarh,44,10/16/2025,10/31/2025,20.37,2037,32.46,3246,2.059449045,2.126454977,21443
BD55,Rangpur,BD5585,Rangpur,44,10/16/2025,10/31/2025,59.23,5923,108.45,10845,3.493637345,4.153345578,97590
BD55,Rangpur,BD5594,Thakurgaon,44,10/16/2025,10/31/2025,28.38,2838,39.3,3930,1.963980102,1.939135319,22884
BD60,Sylhet,BD6036,Habiganj,44,10/16/2025,10/31/2025,649.55,64955,777.29,77729,33.89140766,27.29686366,408669
BD60,Sylhet,BD6058,Maulvibazar,44,10/16/2025,10/31/2025,270.39,27039,423.45,42345,21.61786169,14.32318003,210103
BD60,Sylhet,BD6090,Sunamganj,44,10/16/2025,10/31/2025,"1,451.60",145160,"2,395.82",239582,60.27763786,58.56282315,1297483
BD60,Sylhet,BD6091,Sylhet,44,10/16/2025,10/31/2025,733.22,73322,"1,106.83",110683,32.46106687,29.24152169,758635
BD50,Rajshahi,BD5081,Rajshahi,44,10/16/2025,10/31/2025,216.1,21610,416.98,41698,14.8560143,15.49650165,268545
BD50,Rajshahi,BD5076,Pabna,44,10/16/2025,10/31/2025,451.57,45157,608.7,60870,27.48112125,23.1592998,425527
BD50,Rajshahi,BD5070,Nawabganj,44,10/16/2025,10/31/2025,101.68,10168,246.22,24622,11.21622628,13.21254728,155442
BD50,Rajshahi,BD5069,Natore,44,10/16/2025,10/31/2025,272.82,27282,375.31,37531,21.0713048,17.8713194,221034
BD50,Rajshahi,BD5064,Naogaon,44,10/16/2025,10/31/2025,235.47,23547,303.49,30349,8.35886905,7.958721206,156209
BD50,Rajshahi,BD5038,Joypurhat,44,10/16/2025,10/31/2025,15.66,1566,22.66,2266,1.98312361,2.128040942,17303
BD50,Rajshahi,BD5010,Bogra,44,10/16/2025,10/31/2025,42.58,4258,152.51,15251,2.0854069,4.73179712,100615
BD10,Barisal,BD1004,Barguna,43,10/1/2025,10/15/2025,74.9,7490,169.61,16961,9.424645372,11.61949587,82603
BD10,Barisal,BD1006,Barisal,43,10/1/2025,10/15/2025,142.22,14222,380.45,38045,14.97962539,15.72642611,224207
BD10,Barisal,BD1009,Bhola,43,10/1/2025,10/15/2025,53.28,5328,247.86,24786,6.608915995,11.71036494,159651
BD10,Barisal,BD1042,Jhalokati,43,10/1/2025,10/15/2025,22.03,2203,65.35,6535,7.078804427,8.129912134,37528
BD10,Barisal,BD1078,Patuakhali,43,10/1/2025,10/15/2025,137.36,13736,366.45,36645,9.131131641,12.90195899,150386
BD10,Barisal,BD1079,Pirojpur,43,10/1/2025,10/15/2025,83.18,8318,194,19400,16.25004424,14.04449245,111492
BD20,Chattogram,BD2003,Bandarban,43,10/1/2025,10/15/2025,0.49,49,7.11,711,0.612193903,0.142955917,4376
BD20,Chattogram,BD2012,Brahamanbaria,43,10/1/2025,10/15/2025,482.67,48267,587.19,58719,32.31871611,27.78493534,564320
BD20,Chattogram,BD2013,Chandpur,43,10/1/2025,10/15/2025,44.75,4475,100.15,10015,7.040426501,6.23224579,85286
BD20,Chattogram,BD2015,Chattogram,43,10/1/2025,10/15/2025,42.19,4219,179.06,17906,3.19326248,3.700834632,218412
BD20,Chattogram,BD2019,Comilla,43,10/1/2025,10/15/2025,118.03,11803,196.36,19636,6.398889712,5.807497731,243417
BD20,Chattogram,BD2022,Cox's Bazar,43,10/1/2025,10/15/2025,64.02,6402,263.78,26378,11.23362859,11.24046778,290323
BD20,Chattogram,BD2030,Feni,43,10/1/2025,10/15/2025,30.52,3052,68.77,6877,6.871921913,6.948491531,57526
BD20,Chattogram,BD2046,Khagrachhari,43,10/1/2025,10/15/2025,11.91,1191,25.76,2576,5.552947036,0.825542087,9733
BD20,Chattogram,BD2051,Lakshmipur,43,10/1/2025,10/15/2025,27.57,2757,75.71,7571,5.831626997,5.582019755,85508
BD20,Chattogram,BD2075,Noakhali,43,10/1/2025,10/15/2025,85.69,8569,311.23,31123,7.410740745,10.6729014,206816
BD20,Chattogram,BD2084,Rangamati,43,10/1/2025,10/15/2025,85.06,8506,449.07,44907,38.88105841,7.148140154,85979
BD30,Dhaka,BD3026,Dhaka,43,10/1/2025,10/15/2025,40.81,4081,75.53,7553,6.327628068,4.661341984,231751
BD30,Dhaka,BD3029,Faridpur,43,10/1/2025,10/15/2025,182.43,18243,247.43,24743,13.64328998,11.05396279,179330
BD30,Dhaka,BD3033,Gazipur,43,10/1/2025,10/15/2025,94.88,9488,166.9,16690,14.10836508,8.34689409,249376
BD30,Dhaka,BD3035,Gopalganj,43,10/1/2025,10/15/2025,237.47,23747,310.68,31068,21.52708174,19.27175687,138311
BD30,Dhaka,BD3048,Kishoreganj,43,10/1/2025,10/15/2025,"1,128.16",112816,"1,345.48",134548,55.22761159,47.57093097,772180
BD30,Dhaka,BD3054,Madaripur,43,10/1/2025,10/15/2025,38.66,3866,62.52,6252,5.492687365,5.037784171,42292
BD30,Dhaka,BD3056,Manikganj,43,10/1/2025,10/15/2025,70.86,7086,173.25,17325,8.565406212,11.47876682,97831
BD30,Dhaka,BD3059,Munshiganj,43,10/1/2025,10/15/2025,57.13,5713,102,10200,10.26075343,9.981789854,79250
BD30,Dhaka,BD3067,Narayanganj,43,10/1/2025,10/15/2025,14.42,1442,52.55,5255,4.767253013,6.807947572,97603
BD30,Dhaka,BD3068,Narsingdi,43,10/1/2025,10/15/2025,73.54,7354,153.42,15342,12.75448332,11.94839122,163310
BD30,Dhaka,BD3082,Rajbari,43,10/1/2025,10/15/2025,72.42,7242,150.11,15011,10.93483349,12.0081833,102355
BD30,Dhaka,BD3086,Shariatpur,43,10/1/2025,10/15/2025,71.43,7143,161.53,16153,10.72901889,12.45433013,124600
BD30,Dhaka,BD3093,Tangail,43,10/1/2025,10/15/2025,192.59,19259,307.42,30742,10.29803835,8.282529142,243044
BD40,Khulna,BD4001,Bagerhat,43,10/1/2025,10/15/2025,473.51,47351,"1,093.37",109337,46.26645443,27.59951762,429350
BD40,Khulna,BD4018,Chuadanga,43,10/1/2025,10/15/2025,21.95,2195,29.09,2909,3.315857092,2.277430481,15888
BD40,Khulna,BD4041,Jessore,43,10/1/2025,10/15/2025,240.29,24029,442.59,44259,15.8094671,15.67734987,297047
BD40,Khulna,BD4044,Jhenaidah,43,10/1/2025,10/15/2025,61.13,6113,87.63,8763,4.905304277,4.089880382,53208
BD40,Khulna,BD4047,Khulna,43,10/1/2025,10/15/2025,312.35,31235,756.53,75653,25.1566621,19.19339491,283514
BD40,Khulna,BD4050,Kushtia,43,10/1/2025,10/15/2025,53.35,5335,148.08,14808,5.670520235,8.345161782,97641
BD40,Khulna,BD4055,Magura,43,10/1/2025,10/15/2025,70.35,7035,108.2,10820,9.967579011,9.422174261,64790
BD40,Khulna,BD4057,Meherpur,43,10/1/2025,10/15/2025,13.23,1323,16.69,1669,2.833584874,2.104108102,8933
BD40,Khulna,BD4065,Narail,43,10/1/2025,10/15/2025,186.6,18660,254.61,25461,28.02626599,23.40588019,131639
BD40,Khulna,BD4087,Satkhira,43,10/1/2025,10/15/2025,317.12,31712,870.61,87061,31.33504069,23.6316401,469397
BD45,Mymensingh,BD4539,Jamalpur,43,10/1/2025,10/15/2025,43.8,4380,121.17,12117,3.026688269,5.294558622,79408
BD45,Mymensingh,BD4561,Mymensingh,43,10/1/2025,10/15/2025,173.27,17327,248.23,24823,5.923451358,5.163587153,206778
BD45,Mymensingh,BD4572,Netrakona,43,10/1/2025,10/15/2025,727.77,72777,969.05,96905,31.99671277,31.21474477,485086
BD45,Mymensingh,BD4589,Sherpur,43,10/1/2025,10/15/2025,68.51,6851,81.37,8137,6.999789726,5.533856971,52732
BD50,Rajshahi,BD5010,Bogra,43,10/1/2025,10/15/2025,44.25,4425,163.92,16392,2.167197165,5.085805415,103906
BD50,Rajshahi,BD5038,Joypurhat,43,10/1/2025,10/15/2025,9.97,997,14.17,1417,1.262563371,1.330729927,11973
BD50,Rajshahi,BD5064,Naogaon,43,10/1/2025,10/15/2025,206.36,20636,263.63,26363,7.325503109,6.913432638,128321
BD50,Rajshahi,BD5069,Natore,43,10/1/2025,10/15/2025,234.03,23403,315.36,31536,18.07535174,15.016651,181748
BD50,Rajshahi,BD5070,Nawabganj,43,10/1/2025,10/15/2025,104.88,10488,243.33,24333,11.56921531,13.0574654,149909
BD50,Rajshahi,BD5076,Pabna,43,10/1/2025,10/15/2025,411.11,41111,556.94,55694,25.01885369,21.18997935,396452
BD50,Rajshahi,BD5081,Rajshahi,43,10/1/2025,10/15/2025,204.09,20409,387.45,38745,14.03037463,14.39905886,229246
BD50,Rajshahi,BD5088,Sirajganj,43,10/1/2025,10/15/2025,412.07,41207,722.67,72267,25.06488785,26.2704149,628754
BD55,Rangpur,BD5527,Dinajpur,43,10/1/2025,10/15/2025,22.47,2247,42.41,4241,0.790291916,1.10043953,34088
BD55,Rangpur,BD5532,Gaibandha,43,10/1/2025,10/15/2025,101.76,10176,346.89,34689,7.385612071,14.41389112,215460
BD55,Rangpur,BD5549,Kurigram,43,10/1/2025,10/15/2025,154.91,15491,495.57,49557,11.97694434,19.52548822,313205
BD55,Rangpur,BD5552,Lalmonirhat,43,10/1/2025,10/15/2025,40.9,4090,113.86,11386,4.684049741,7.989859912,82890
BD55,Rangpur,BD5573,Nilphamari,43,10/1/2025,10/15/2025,27.3,2730,67.45,6745,2.348378303,3.801611186,61158
BD55,Rangpur,BD5577,Panchagarh,43,10/1/2025,10/15/2025,6.35,635,13.65,1365,0.641998107,0.894211659,11576
BD55,Rangpur,BD5585,Rangpur,43,10/1/2025,10/15/2025,45.01,4501,89.77,8977,2.654881258,3.43795143,83471
BD55,Rangpur,BD5594,Thakurgaon,43,10/1/2025,10/15/2025,15.67,1567,22.7,2270,1.084410437,1.12006035,14137
BD60,Sylhet,BD6036,Habiganj,43,10/1/2025,10/15/2025,450.28,45028,540.12,54012,23.49414678,18.96778985,272780
BD60,Sylhet,BD6058,Maulvibazar,43,10/1/2025,10/15/2025,275.23,27523,423.96,42396,22.00482294,14.34043076,215293
BD60,Sylhet,BD6090,Sunamganj,43,10/1/2025,10/15/2025,"1,432.02",143202,"2,355.44",235544,59.46457907,57.57578456,1270860
BD60,Sylhet,BD6091,Sylhet,43,10/1/2025,10/15/2025,721.73,72173,"1,065.12",106512,31.95238236,28.13957842,705905
BD10,Barisal,BD1004,Barguna,42,9/16/2025,9/30/2025,119.1,11910,220.1,22010,14.98631861,15.07842133,107942
BD10,Barisal,BD1006,Barisal,42,9/16/2025,9/30/2025,150.33,15033,402.43,40243,15.83382847,16.63499976,241073
BD10,Barisal,BD1009,Bhola,42,9/16/2025,9/30/2025,69,6900,268.65,26865,8.558843913,12.69260688,166145
BD10,Barisal,BD1042,Jhalokati,42,9/16/2025,9/30/2025,47.04,4704,114.97,11497,15.11515934,14.30292269,69296
BD10,Barisal,BD1078,Patuakhali,42,9/16/2025,9/30/2025,202.78,20278,456.7,45670,13.47998598,16.07947788,191015
BD10,Barisal,BD1079,Pirojpur,42,9/16/2025,9/30/2025,118.32,11832,235.97,23597,23.11499441,17.0852309,137325
BD20,Chattogram,BD2003,Bandarban,42,9/16/2025,9/30/2025,0.46,46,8.87,887,0.574712644,0.17842894,1999
BD20,Chattogram,BD2012,Brahamanbaria,42,9/16/2025,9/30/2025,616.02,61602,724.5,72450,41.24759256,34.28223515,709609
BD20,Chattogram,BD2013,Chandpur,42,9/16/2025,9/30/2025,56.64,5664,136.34,13634,8.911056022,8.484317433,131444
BD20,Chattogram,BD2015,Chattogram,42,9/16/2025,9/30/2025,71.99,7199,212.6,21260,5.448754822,4.3938742,273915
BD20,Chattogram,BD2019,Comilla,42,9/16/2025,9/30/2025,209.66,20966,326.88,32688,11.3665273,9.667726921,403125
BD20,Chattogram,BD2022,Cox's Bazar,42,9/16/2025,9/30/2025,59.7,5970,252.37,25237,10.47559555,10.75425299,254359
BD20,Chattogram,BD2030,Feni,42,9/16/2025,9/30/2025,37.98,3798,83.09,8309,8.551624976,8.394752562,85166
BD20,Chattogram,BD2046,Khagrachhari,42,9/16/2025,9/30/2025,12.05,1205,32.76,3276,5.618220973,1.049874176,9714
BD20,Chattogram,BD2051,Lakshmipur,42,9/16/2025,9/30/2025,68.92,6892,138.99,13899,14.57800989,10.24758851,153539
BD20,Chattogram,BD2075,Noakhali,42,9/16/2025,9/30/2025,145.59,14559,406.89,40689,12.59108117,13.95333628,273892
BD20,Chattogram,BD2084,Rangamati,42,9/16/2025,9/30/2025,91.95,9195,457.42,45742,42.03048814,7.281052551,86716
BD30,Dhaka,BD3026,Dhaka,42,9/16/2025,9/30/2025,36.72,3672,70.02,7002,5.693469802,4.321131741,244057
BD30,Dhaka,BD3029,Faridpur,42,9/16/2025,9/30/2025,183.05,18305,249.07,24907,13.68965757,11.12742882,184787
BD30,Dhaka,BD3033,Gazipur,42,9/16/2025,9/30/2025,80.43,8043,143.86,14386,11.95969438,7.194596636,210093
BD30,Dhaka,BD3035,Gopalganj,42,9/16/2025,9/30/2025,199.11,19911,257.66,25766,18.04967889,15.98287909,115993
BD30,Dhaka,BD3048,Kishoreganj,42,9/16/2025,9/30/2025,"1,184.85",118485,"1,417.57",141757,58.00279712,50.11868931,834777
BD30,Dhaka,BD3054,Madaripur,42,9/16/2025,9/30/2025,46.12,4612,77.07,7707,6.552579961,6.210205152,55700
BD30,Dhaka,BD3056,Manikganj,42,9/16/2025,9/30/2025,90.13,9013,195.49,19549,10.89472286,12.95228933,114750
BD30,Dhaka,BD3059,Munshiganj,42,9/16/2025,9/30/2025,66.53,6653,117.35,11735,11.94902723,11.48395137,103263
BD30,Dhaka,BD3067,Narayanganj,42,9/16/2025,9/30/2025,19.49,1949,62.23,6223,6.443395369,8.062009084,96046
BD30,Dhaka,BD3068,Narsingdi,42,9/16/2025,9/30/2025,77.06,7706,150.49,15049,13.36497803,11.72020202,145261
BD30,Dhaka,BD3082,Rajbari,42,9/16/2025,9/30/2025,85.49,8549,163.57,16357,12.90829764,13.084928,106137
BD30,Dhaka,BD3086,Shariatpur,42,9/16/2025,9/30/2025,82.95,8295,182.83,18283,12.45936045,14.09660854,142388
BD30,Dhaka,BD3093,Tangail,42,9/16/2025,9/30/2025,187.13,18713,299.75,29975,10.00608503,8.075883516,222491
BD40,Khulna,BD4001,Bagerhat,42,9/16/2025,9/30/2025,429.77,42977,962,96200,41.99263822,24.28339533,372522
BD40,Khulna,BD4018,Chuadanga,42,9/16/2025,9/30/2025,14.36,1436,19.95,1995,2.16928054,1.56186793,12216
BD40,Khulna,BD4041,Jessore,42,9/16/2025,9/30/2025,171.41,17141,315.32,31532,11.27762602,11.16921295,206203
BD40,Khulna,BD4044,Jhenaidah,42,9/16/2025,9/30/2025,31.74,3174,41.87,4187,2.546938618,1.954162862,26014
BD40,Khulna,BD4047,Khulna,42,9/16/2025,9/30/2025,346.3,34630,717.07,71707,27.89099435,18.19228278,274911
BD40,Khulna,BD4050,Kushtia,42,9/16/2025,9/30/2025,89.73,8973,179.73,17973,9.537315476,10.12882177,102899
BD40,Khulna,BD4055,Magura,42,9/16/2025,9/30/2025,52.25,5225,75.7,7570,7.403070409,6.592038739,46679
BD40,Khulna,BD4057,Meherpur,42,9/16/2025,9/30/2025,8.16,816,10.1,1010,1.747698607,1.278132437,6594
BD40,Khulna,BD4065,Narail,42,9/16/2025,9/30/2025,120.2,12020,170.15,17015,18.05336105,15.64175455,88084
BD40,Khulna,BD4087,Satkhira,42,9/16/2025,9/30/2025,295.89,29589,738.14,73814,29.23727671,20.03590451,410920
BD45,Mymensingh,BD4539,Jamalpur,42,9/16/2025,9/30/2025,78.24,7824,166.7,16670,5.406577401,7.2840053,110646
BD45,Mymensingh,BD4561,Mymensingh,42,9/16/2025,9/30/2025,306.91,30691,396.19,39619,10.49210167,8.24136117,304341
BD45,Mymensingh,BD4572,Netrakona,42,9/16/2025,9/30/2025,958.16,95816,"1,243.19",124319,42.12590558,40.04525933,663089
BD45,Mymensingh,BD4589,Sherpur,42,9/16/2025,9/30/2025,157.57,15757,188.64,18864,16.09920986,12.82913579,125262
BD50,Rajshahi,BD5010,Bogra,42,9/16/2025,9/30/2025,45.61,4561,163.67,16367,2.233804807,5.078048879,97623
BD50,Rajshahi,BD5038,Joypurhat,42,9/16/2025,9/30/2025,6.34,634,8.4,840,0.802873799,0.791683231,7843
BD50,Rajshahi,BD5064,Naogaon,42,9/16/2025,9/30/2025,196.98,19698,248.21,24821,6.992525695,6.509058587,123213
BD50,Rajshahi,BD5069,Natore,42,9/16/2025,9/30/2025,214.16,21416,291.19,29119,16.5406885,13.86573631,161634
BD50,Rajshahi,BD5070,Nawabganj,42,9/16/2025,9/30/2025,135.28,13528,290.5,29050,14.92261105,15.5886808,177268
BD50,Rajshahi,BD5076,Pabna,42,9/16/2025,9/30/2025,383.5,38350,524.26,52426,23.33859646,19.94659851,368256
BD50,Rajshahi,BD5081,Rajshahi,42,9/16/2025,9/30/2025,192.16,19216,364.5,36450,13.21023465,13.54615293,200612
BD50,Rajshahi,BD5088,Sirajganj,42,9/16/2025,9/30/2025,489.54,48954,813.7,81370,29.77713786,29.57952676,730342
BD55,Rangpur,BD5527,Dinajpur,42,9/16/2025,9/30/2025,22.59,2259,44.01,4401,0.794512433,1.141955758,43017
BD55,Rangpur,BD5532,Gaibandha,42,9/16/2025,9/30/2025,129.59,12959,404.04,40404,9.405478266,16.78857438,250702
BD55,Rangpur,BD5549,Kurigram,42,9/16/2025,9/30/2025,232.11,23211,629.77,62977,17.94570105,24.81297641,407358
BD55,Rangpur,BD5552,Lalmonirhat,42,9/16/2025,9/30/2025,45.81,4581,128.71,12871,5.246364758,9.031924023,89654
BD55,Rangpur,BD5573,Nilphamari,42,9/16/2025,9/30/2025,29.57,2957,72.59,7259,2.543646389,4.09101168,56142
BD55,Rangpur,BD5577,Panchagarh,42,9/16/2025,9/30/2025,6.53,653,17.06,1706,0.660196478,1.117600798,11575
BD55,Rangpur,BD5585,Rangpur,42,9/16/2025,9/30/2025,52.21,5221,103.78,10378,3.079567885,3.974497041,93584
BD55,Rangpur,BD5594,Thakurgaon,42,9/16/2025,9/30/2025,24.85,2485,33.22,3322,1.719693641,1.639136776,20150
BD60,Sylhet,BD6036,Habiganj,42,9/16/2025,9/30/2025,579.13,57913,686.92,68692,30.21712096,24.12307303,396970
BD60,Sylhet,BD6058,Maulvibazar,42,9/16/2025,9/30/2025,298.04,29804,458.56,45856,23.82849772,15.51077443,242754
BD60,Sylhet,BD6090,Sunamganj,42,9/16/2025,9/30/2025,"1,545.22",154522,"2,512.84",251284,64.165205,61.42323068,1388856
BD60,Sylhet,BD6091,Sylhet,42,9/16/2025,9/30/2025,955.26,95526,"1,348.15",134815,42.29120692,35.616994,871058
BD10,Barisal,BD1004,Barguna,41,9/1/2025,9/15/2025,216.65,21665,353.87,35387,27.26100694,24.24195704,164009
BD10,Barisal,BD1006,Barisal,41,9/1/2025,9/15/2025,250.25,25025,575.02,57502,26.35811598,23.76924573,329389
BD10,Barisal,BD1009,Bhola,41,9/1/2025,9/15/2025,251.85,25185,549.65,54965,31.23978028,25.96870044,335772
BD10,Barisal,BD1042,Jhalokati,41,9/1/2025,9/15/2025,84.48,8448,166.55,16655,27.14559228,20.71976842,104322
BD10,Barisal,BD1078,Patuakhali,41,9/1/2025,9/15/2025,450.66,45066,814.1,81410,29.95803571,28.66280478,326844
BD10,Barisal,BD1079,Pirojpur,41,9/1/2025,9/15/2025,175.04,17504,351.06,35106,34.19581323,25.41823605,200999
BD20,Chattogram,BD2003,Bandarban,41,9/1/2025,9/15/2025,1.45,145,14.69,1469,1.811594203,0.295361804,4129
BD20,Chattogram,BD2012,Brahamanbaria,41,9/1/2025,9/15/2025,783.8,78380,956.54,95654,52.48183995,45.26201409,1039550
BD20,Chattogram,BD2013,Chandpur,41,9/1/2025,9/15/2025,59.38,5938,145.66,14566,9.342134651,9.064292778,137249
BD20,Chattogram,BD2015,Chattogram,41,9/1/2025,9/15/2025,220.88,22088,448.32,44832,16.71789089,9.265577053,452691
BD20,Chattogram,BD2019,Comilla,41,9/1/2025,9/15/2025,273.96,27396,434.57,43457,14.85249365,12.85274134,562466
BD20,Chattogram,BD2022,Cox's Bazar,41,9/1/2025,9/15/2025,127.85,12785,392.38,39238,22.43391777,16.72050476,417498
BD20,Chattogram,BD2030,Feni,41,9/1/2025,9/15/2025,90.18,9018,155.71,15571,20.30504319,15.73169962,147812
BD20,Chattogram,BD2046,Khagrachhari,41,9/1/2025,9/15/2025,26.76,2676,58.75,5875,12.47664674,1.882787175,28840
BD20,Chattogram,BD2051,Lakshmipur,41,9/1/2025,9/15/2025,128.32,12832,231.82,23182,27.14234226,17.0918481,247731
BD20,Chattogram,BD2075,Noakhali,41,9/1/2025,9/15/2025,316.34,31634,650.49,65049,27.35807828,22.300449,396667
BD20,Chattogram,BD2084,Rangamati,41,9/1/2025,9/15/2025,99.61,9961,512.29,51229,45.53188606,8.154454137,97917
BD30,Dhaka,BD3026,Dhaka,41,9/1/2025,9/15/2025,73.71,7371,128.64,12864,11.42880335,7.938737319,365515
BD30,Dhaka,BD3029,Faridpur,41,9/1/2025,9/15/2025,272.44,27244,367.81,36781,20.37481731,16.43195268,265736
BD30,Dhaka,BD3033,Gazipur,41,9/1/2025,9/15/2025,92.39,9239,151.54,15154,13.73810971,7.578681873,238874
BD30,Dhaka,BD3035,Gopalganj,41,9/1/2025,9/15/2025,305.11,30511,401.01,40101,27.65876915,24.87500715,189787
BD30,Dhaka,BD3048,Kishoreganj,41,9/1/2025,9/15/2025,"1,244.31",124431,"1,496.88",149688,60.91358441,52.92272244,915697
BD30,Dhaka,BD3054,Madaripur,41,9/1/2025,9/15/2025,73.6,7360,114.04,11404,10.4568492,9.189201966,71288
BD30,Dhaka,BD3056,Manikganj,41,9/1/2025,9/15/2025,166.32,16632,309.51,30951,20.10440815,20.50674239,206446
BD30,Dhaka,BD3059,Munshiganj,41,9/1/2025,9/15/2025,79.89,7989,143.45,14345,14.34853127,14.03811524,133619
BD30,Dhaka,BD3067,Narayanganj,41,9/1/2025,9/15/2025,40.66,4066,101.86,10186,13.44219886,13.19614728,187260
BD30,Dhaka,BD3068,Narsingdi,41,9/1/2025,9/15/2025,107.28,10728,196.01,19601,18.60621391,15.26531197,217457
BD30,Dhaka,BD3082,Rajbari,41,9/1/2025,9/15/2025,145.1,14510,257.6,25760,21.90892488,20.60694169,174821
BD30,Dhaka,BD3086,Shariatpur,41,9/1/2025,9/15/2025,76.8,7680,173.43,17343,11.5356104,13.37184718,124528
BD30,Dhaka,BD3093,Tangail,41,9/1/2025,9/15/2025,285.08,28508,468.95,46895,15.24359922,12.63448065,375932
BD40,Khulna,BD4001,Bagerhat,41,9/1/2025,9/15/2025,632.28,63228,"1,379.16",137916,61.7798015,34.81360447,556023
BD40,Khulna,BD4018,Chuadanga,41,9/1/2025,9/15/2025,27.75,2775,39.43,3943,4.192028898,3.086939975,26224
BD40,Khulna,BD4041,Jessore,41,9/1/2025,9/15/2025,327.28,32728,554.9,55490,21.53282447,19.65557614,368362
BD40,Khulna,BD4044,Jhenaidah,41,9/1/2025,9/15/2025,158.34,15834,198.58,19858,12.70580532,9.268155269,127796
BD40,Khulna,BD4047,Khulna,41,9/1/2025,9/15/2025,528.62,52862,"1,086.49",108649,42.57504312,27.56457991,462280
BD40,Khulna,BD4050,Kushtia,41,9/1/2025,9/15/2025,129.02,12902,245.49,24549,13.71341182,13.83477692,160128
BD40,Khulna,BD4055,Magura,41,9/1/2025,9/15/2025,173.48,17348,229.22,22922,24.57961061,19.96055432,146917
BD40,Khulna,BD4057,Meherpur,41,9/1/2025,9/15/2025,19.63,1963,23.86,2386,4.20432888,3.008029917,15835
BD40,Khulna,BD4065,Narail,41,9/1/2025,9/15/2025,208.86,20886,287.35,28735,31.36959225,26.41585759,152677
BD40,Khulna,BD4087,Satkhira,41,9/1/2025,9/15/2025,462.22,46222,"1,145.93",114593,45.67256088,31.10486364,642580
BD45,Mymensingh,BD4539,Jamalpur,41,9/1/2025,9/15/2025,212.82,21282,348.42,34842,14.70638807,15.2243139,276793
BD45,Mymensingh,BD4561,Mymensingh,41,9/1/2025,9/15/2025,576.66,57666,758.59,75859,19.71384233,15.77990404,597325
BD45,Mymensingh,BD4572,Netrakona,41,9/1/2025,9/15/2025,"1,210.33",121033,"1,569.42",156942,53.21266521,50.55368117,893954
BD45,Mymensingh,BD4589,Sherpur,41,9/1/2025,9/15/2025,244.84,24484,297,29700,25.01574247,20.19854394,206401
BD50,Rajshahi,BD5010,Bogra,41,9/1/2025,9/15/2025,328.33,32833,527.46,52746,16.08035809,16.36504956,335960
BD50,Rajshahi,BD5038,Joypurhat,41,9/1/2025,9/15/2025,23.2,2320,27.32,2732,2.937960903,2.565669838,18025
BD50,Rajshahi,BD5064,Naogaon,41,9/1/2025,9/15/2025,431.71,43171,533.8,53380,15.32512574,13.99837022,308297
BD50,Rajshahi,BD5069,Natore,41,9/1/2025,9/15/2025,437.04,43704,602.13,60213,33.75486786,28.67191801,374741
BD50,Rajshahi,BD5070,Nawabganj,41,9/1/2025,9/15/2025,177.01,17701,370.11,37011,19.52580856,19.86067693,257245
BD50,Rajshahi,BD5076,Pabna,41,9/1/2025,9/15/2025,470.76,47076,652.95,65295,28.64896393,24.8426026,469115
BD50,Rajshahi,BD5081,Rajshahi,41,9/1/2025,9/15/2025,313.68,31368,609.01,60901,21.56425065,22.63303868,421914
BD50,Rajshahi,BD5088,Sirajganj,41,9/1/2025,9/15/2025,676.25,67625,"1,121.17",112117,41.13410443,40.75664006,1016428
BD55,Rangpur,BD5527,Dinajpur,41,9/1/2025,9/15/2025,64.3,6430,83.36,8336,2.261494,2.162995501,58174
BD55,Rangpur,BD5532,Gaibandha,41,9/1/2025,9/15/2025,210.4,21040,533.72,53372,15.27056584,22.17700702,370275
BD55,Rangpur,BD5549,Kurigram,41,9/1/2025,9/15/2025,281.24,28124,714.75,71475,21.74421164,28.16119359,458798
BD55,Rangpur,BD5552,Lalmonirhat,41,9/1/2025,9/15/2025,45.02,4502,125.92,12592,5.155890448,8.836142281,86873
BD55,Rangpur,BD5573,Nilphamari,41,9/1/2025,9/15/2025,42.27,4227,87.3,8730,3.636115417,4.920034711,59575
BD55,Rangpur,BD5577,Panchagarh,41,9/1/2025,9/15/2025,13.19,1319,24.74,2474,1.333536225,1.620717688,14762
BD55,Rangpur,BD5585,Rangpur,41,9/1/2025,9/15/2025,88.5,8850,140.43,14043,5.220106451,5.378094233,113151
BD55,Rangpur,BD5594,Thakurgaon,41,9/1/2025,9/15/2025,7.49,749,9.07,907,0.518330196,0.448551666,4423
BD60,Sylhet,BD6036,Habiganj,41,9/1/2025,9/15/2025,771.15,77115,910.89,91089,40.23610041,31.98839165,561561
BD60,Sylhet,BD6058,Maulvibazar,41,9/1/2025,9/15/2025,364.68,36468,539.91,53991,29.15641038,18.26243506,294038
BD60,Sylhet,BD6090,Sunamganj,41,9/1/2025,9/15/2025,"1,775.65",177565,"2,867.03",286703,73.73380248,70.0809622,1665228
BD60,Sylhet,BD6091,Sylhet,41,9/1/2025,9/15/2025,"1,126.77",112677,"1,579.06",157906,49.88428619,41.71744283,1033623
BD10,Barisal,BD1004,Barguna,40,8/16/2025,8/31/2025,229.19,22919,350.76,35076,28.83891152,24.02890567,153991
BD10,Barisal,BD1006,Barisal,40,8/16/2025,8/31/2025,282.84,28284,614.2,61420,29.79072737,25.38880514,363949
BD10,Barisal,BD1009,Bhola,40,8/16/2025,8/31/2025,256.76,25676,513.88,51388,31.84882265,24.27871515,318329
BD10,Barisal,BD1042,Jhalokati,40,8/16/2025,8/31/2025,108.36,10836,208.85,20885,34.81884919,25.98212929,140846
BD10,Barisal,BD1078,Patuakhali,40,8/16/2025,8/31/2025,517.97,51797,841.9,84190,34.43252953,29.64158622,343808
BD10,Barisal,BD1079,Pirojpur,40,8/16/2025,8/31/2025,137.82,13782,263.33,26333,26.92451428,19.06621119,148016
BD20,Chattogram,BD2003,Bandarban,40,8/16/2025,8/31/2025,1.02,102,6.33,633,1.274362819,0.127310378,2222
BD20,Chattogram,BD2012,Brahamanbaria,40,8/16/2025,8/31/2025,769.61,76961,915.47,91547,51.53170304,43.31864432,962370
BD20,Chattogram,BD2013,Chandpur,40,8/16/2025,8/31/2025,44.85,4485,100.66,10066,7.056159297,6.263982638,71561
BD20,Chattogram,BD2015,Chattogram,40,8/16/2025,8/31/2025,223.21,22321,388.36,38836,16.89424314,8.026363991,325229
BD20,Chattogram,BD2019,Comilla,40,8/16/2025,8/31/2025,189.36,18936,279.35,27935,10.26598116,8.261990686,336722
BD20,Chattogram,BD2022,Cox's Bazar,40,8/16/2025,8/31/2025,118.59,11859,320.77,32077,20.8090599,13.66898494,337599
BD20,Chattogram,BD2030,Feni,40,8/16/2025,8/31/2025,89.63,8963,141.7,14170,20.18120449,14.31624068,125785
BD20,Chattogram,BD2046,Khagrachhari,40,8/16/2025,8/31/2025,14.63,1463,28.86,2886,6.821126376,0.924889155,11282
BD20,Chattogram,BD2051,Lakshmipur,40,8/16/2025,8/31/2025,100.84,10084,174.41,17441,21.32975214,12.85906836,179902
BD20,Chattogram,BD2075,Noakhali,40,8/16/2025,8/31/2025,228.51,22851,464.3,46430,19.7622636,15.91738301,244595
BD20,Chattogram,BD2084,Rangamati,40,8/16/2025,8/31/2025,85.76,8576,372.43,37243,39.2010295,5.928211275,72624
BD30,Dhaka,BD3026,Dhaka,40,8/16/2025,8/31/2025,60.76,6076,115.35,11535,9.420893932,7.118573926,1470271
BD30,Dhaka,BD3029,Faridpur,40,8/16/2025,8/31/2025,298.58,29858,391.85,39185,22.32973482,17.50594236,273405
BD30,Dhaka,BD3033,Gazipur,40,8/16/2025,8/31/2025,71.42,7142,117.04,11704,10.61993501,5.853328246,218540
BD30,Dhaka,BD3035,Gopalganj,40,8/16/2025,8/31/2025,219.57,21957,286.47,28647,19.90441461,17.76998902,131552
BD30,Dhaka,BD3048,Kishoreganj,40,8/16/2025,8/31/2025,"1,309.08",130908,"1,571.83",157183,64.08431586,55.57260623,981632
BD30,Dhaka,BD3054,Madaripur,40,8/16/2025,8/31/2025,93.09,9309,142.03,14203,13.22592516,11.44537873,97161
BD30,Dhaka,BD3056,Manikganj,40,8/16/2025,8/31/2025,167.07,16707,299.23,29923,20.19506655,19.82563577,197377
BD30,Dhaka,BD3059,Munshiganj,40,8/16/2025,8/31/2025,59.51,5951,110.1,11010,10.68820999,10.7744614,104330
BD30,Dhaka,BD3067,Narayanganj,40,8/16/2025,8/31/2025,36.07,3607,86.22,8622,11.92474453,11.16995699,140603
BD30,Dhaka,BD3068,Narsingdi,40,8/16/2025,8/31/2025,144.45,14445,240.46,24046,25.05282997,18.72709003,264082
BD30,Dhaka,BD3082,Rajbari,40,8/16/2025,8/31/2025,177.69,17769,290.33,29033,26.82975095,23.22520723,199475
BD30,Dhaka,BD3086,Shariatpur,40,8/16/2025,8/31/2025,97.1,9710,193.84,19384,14.58473658,14.94550457,137554
BD30,Dhaka,BD3093,Tangail,40,8/16/2025,8/31/2025,295.21,29521,451.51,45151,15.78526352,12.16461106,359284
BD40,Khulna,BD4001,Bagerhat,40,8/16/2025,8/31/2025,421.27,42127,941.8,94180,41.16210694,23.77349451,339783
BD40,Khulna,BD4018,Chuadanga,40,8/16/2025,8/31/2025,35.59,3559,46.76,4676,5.376371477,3.66079922,32907
BD40,Khulna,BD4041,Jessore,40,8/16/2025,8/31/2025,283.73,28373,459.11,45911,18.66752716,16.26251858,296571
BD40,Khulna,BD4044,Jhenaidah,40,8/16/2025,8/31/2025,251.39,25139,304.35,30435,20.1724921,14.20466843,200178
BD40,Khulna,BD4047,Khulna,40,8/16/2025,8/31/2025,577.23,57723,"1,015.19",101519,46.49009145,25.75567734,396699
BD40,Khulna,BD4050,Kushtia,40,8/16/2025,8/31/2025,159.95,15995,264.3,26430,17.0009318,14.89482887,165429
BD40,Khulna,BD4055,Magura,40,8/16/2025,8/31/2025,256.45,25645,323.66,32366,36.33526137,28.18442112,211167
BD40,Khulna,BD4057,Meherpur,40,8/16/2025,8/31/2025,25.63,2563,29.84,2984,5.489401386,3.761928446,19939
BD40,Khulna,BD4065,Narail,40,8/16/2025,8/31/2025,174.18,17418,237.21,23721,26.16085214,21.80652716,127161
BD40,Khulna,BD4087,Satkhira,40,8/16/2025,8/31/2025,432.23,43223,988.97,98897,42.70920988,26.84437705,546738
BD45,Mymensingh,BD4539,Jamalpur,40,8/16/2025,8/31/2025,154.28,15428,253.65,25365,10.66112936,11.083311,197000
BD45,Mymensingh,BD4561,Mymensingh,40,8/16/2025,8/31/2025,772.67,77267,"1,012.48",101248,26.41468899,21.06122838,785870
BD45,Mymensingh,BD4572,Netrakona,40,8/16/2025,8/31/2025,"1,501.27",150127,"1,945.02",194502,66.00396413,62.65239448,1192478
BD45,Mymensingh,BD4589,Sherpur,40,8/16/2025,8/31/2025,296.56,29656,355.34,35534,30.30006775,24.16616365,238620
BD50,Rajshahi,BD5010,Bogra,40,8/16/2025,8/31/2025,530.35,53035,734.01,73401,25.97453145,22.77349947,497647
BD50,Rajshahi,BD5038,Joypurhat,40,8/16/2025,8/31/2025,249.28,24928,283.45,28345,31.56788336,26.61929413,176953
BD50,Rajshahi,BD5064,Naogaon,40,8/16/2025,8/31/2025,631.2,63120,748.51,74851,22.40675306,19.62892487,430190
BD50,Rajshahi,BD5069,Natore,40,8/16/2025,8/31/2025,461.18,46118,606.28,60628,35.61932537,28.86953059,365169
BD50,Rajshahi,BD5070,Nawabganj,40,8/16/2025,8/31/2025,131.1,13110,266.93,26693,14.46151913,14.32387802,158573
BD50,Rajshahi,BD5076,Pabna,40,8/16/2025,8/31/2025,501,50100,674.09,67409,30.48927464,25.6472029,475540
BD50,Rajshahi,BD5081,Rajshahi,40,8/16/2025,8/31/2025,254.27,25427,473.54,47354,17.48004977,17.59847808,288835
BD50,Rajshahi,BD5088,Sirajganj,40,8/16/2025,8/31/2025,733.72,73372,"1,155.51",115551,44.629819,42.0049637,1100163
BD55,Rangpur,BD5527,Dinajpur,40,8/16/2025,8/31/2025,736.45,73645,837.97,83797,25.90166806,21.74334621,526450
BD55,Rangpur,BD5532,Gaibandha,40,8/16/2025,8/31/2025,450.27,45027,803.98,80398,32.680027,33.40678653,646787
BD55,Rangpur,BD5549,Kurigram,40,8/16/2025,8/31/2025,547.43,54743,"1,082.37",108237,42.32482498,42.64544401,809408
BD55,Rangpur,BD5552,Lalmonirhat,40,8/16/2025,8/31/2025,246.7,24670,388.51,38851,28.25318022,27.26278302,314074
BD55,Rangpur,BD5573,Nilphamari,40,8/16/2025,8/31/2025,167.44,16744,243.62,24362,14.40338693,13.72988381,197358
BD55,Rangpur,BD5577,Panchagarh,40,8/16/2025,8/31/2025,80.27,8027,105.45,10545,8.115462681,6.908030726,70787
BD55,Rangpur,BD5585,Rangpur,40,8/16/2025,8/31/2025,345.65,34565,436.93,43693,20.38790728,16.73325296,353529
BD55,Rangpur,BD5594,Thakurgaon,40,8/16/2025,8/31/2025,119.34,11934,137.09,13709,8.258681654,6.764276358,86179
BD60,Sylhet,BD6036,Habiganj,40,8/16/2025,8/31/2025,860.64,86064,"1,005.49",100549,44.90539772,35.31078934,638204
BD60,Sylhet,BD6058,Maulvibazar,40,8/16/2025,8/31/2025,492.88,49288,677.09,67709,39.40608629,22.90254331,389257
BD60,Sylhet,BD6090,Sunamganj,40,8/16/2025,8/31/2025,"1,777.49",177749,"2,850.22",285022,73.81020841,69.67006278,1656586
BD60,Sylhet,BD6091,Sylhet,40,8/16/2025,8/31/2025,"1,255.19",125519,"1,715.79",171579,55.56968785,45.32973493,1112449
BD10,Barisal,BD1004,Barguna,39,8/1/2025,8/15/2025,46.71,4671,83.22,8322,5.877505812,5.701164122,34419
BD10,Barisal,BD1006,Barisal,39,8/1/2025,8/15/2025,125.45,12545,283.9,28390,13.21328931,11.73539853,162203
BD10,Barisal,BD1009,Bhola,39,8/1/2025,8/15/2025,196.38,19638,383.32,38332,24.35921402,18.11029246,223156
BD10,Barisal,BD1042,Jhalokati,39,8/1/2025,8/15/2025,27.08,2708,56.14,5614,8.701499041,6.985178483,31615
BD10,Barisal,BD1078,Patuakhali,39,8/1/2025,8/15/2025,228.74,22874,376.43,37643,15.20570072,13.25333448,137930
BD10,Barisal,BD1079,Pirojpur,39,8/1/2025,8/15/2025,44.74,4474,83.82,8382,8.740406101,6.068924246,43789
BD20,Chattogram,BD2003,Bandarban,39,8/1/2025,8/15/2025,0.39,39,1.21,121,0.487256372,0.024383301,590
BD20,Chattogram,BD2012,Brahamanbaria,39,8/1/2025,8/15/2025,613.13,61313,702.9,70290,41.05408335,33.26015608,686568
BD20,Chattogram,BD2013,Chandpur,39,8/1/2025,8/15/2025,36.58,3658,83.65,8365,5.755057014,5.205465405,53475
BD20,Chattogram,BD2015,Chattogram,39,8/1/2025,8/15/2025,178.18,17818,293.79,29379,13.4860277,6.072088721,252180
BD20,Chattogram,BD2019,Comilla,39,8/1/2025,8/15/2025,146.22,14622,206.37,20637,7.927185069,6.103551165,253534
BD20,Chattogram,BD2022,Cox's Bazar,39,8/1/2025,8/15/2025,141.74,14174,345.92,34592,24.87120457,14.74070291,361741
BD20,Chattogram,BD2030,Feni,39,8/1/2025,8/15/2025,75.62,7562,119.15,11915,17.02669512,12.03796808,110824
BD20,Chattogram,BD2046,Khagrachhari,39,8/1/2025,8/15/2025,9.69,969,16.12,1612,4.517888898,0.516604753,5613
BD20,Chattogram,BD2051,Lakshmipur,39,8/1/2025,8/15/2025,76.98,7698,135.81,13581,16.28286711,10.01313041,139171
BD20,Chattogram,BD2075,Noakhali,39,8/1/2025,8/15/2025,246.72,24672,470.73,47073,21.33712168,16.14257905,248239
BD20,Chattogram,BD2084,Rangamati,39,8/1/2025,8/15/2025,60.37,6037,192.49,19249,27.59522098,3.063988906,35592
BD30,Dhaka,BD3026,Dhaka,39,8/1/2025,8/15/2025,24.18,2418,64.91,6491,3.749131259,4.005927554,1384098
BD30,Dhaka,BD3029,Faridpur,39,8/1/2025,8/15/2025,97.34,9734,132.84,13284,7.279711926,5.934641784,90749
BD30,Dhaka,BD3033,Gazipur,39,8/1/2025,8/15/2025,34.55,3455,54.48,5448,5.137479062,2.724618275,105580
BD30,Dhaka,BD3035,Gopalganj,39,8/1/2025,8/15/2025,88.07,8807,116.47,11647,7.98370358,7.224737744,48591
BD30,Dhaka,BD3048,Kishoreganj,39,8/1/2025,8/15/2025,"1,151.90",115190,"1,352.27",135227,56.38977255,47.80998469,786411
BD30,Dhaka,BD3054,Madaripur,39,8/1/2025,8/15/2025,38.62,3862,59.25,5925,5.487004295,4.774615853,41792
BD30,Dhaka,BD3056,Manikganj,39,8/1/2025,8/15/2025,48.15,4815,126.08,12608,5.820269674,8.353494495,68351
BD30,Dhaka,BD3059,Munshiganj,39,8/1/2025,8/15/2025,31.28,3128,64.1,6410,5.618000478,6.272869898,48990
BD30,Dhaka,BD3067,Narayanganj,39,8/1/2025,8/15/2025,24.21,2421,56.63,5663,8.003827701,7.335853692,74660
BD30,Dhaka,BD3068,Narsingdi,39,8/1/2025,8/15/2025,119.78,11978,189.14,18914,20.77416389,14.73027451,201273
BD30,Dhaka,BD3082,Rajbari,39,8/1/2025,8/15/2025,83.01,8301,134.28,13428,12.53383773,10.74184833,89102
BD30,Dhaka,BD3086,Shariatpur,39,8/1/2025,8/15/2025,41.16,4116,98.53,9853,6.182366196,7.596886943,68715
BD30,Dhaka,BD3093,Tangail,39,8/1/2025,8/15/2025,81.33,8133,139.42,13942,4.348821118,3.756262485,108551
BD40,Khulna,BD4001,Bagerhat,39,8/1/2025,8/15/2025,346.61,34661,671.67,67167,33.86711109,16.95470701,269308
BD40,Khulna,BD4018,Chuadanga,39,8/1/2025,8/15/2025,28.06,2806,31.48,3148,4.238858771,2.464541476,20598
BD40,Khulna,BD4041,Jessore,39,8/1/2025,8/15/2025,226.09,22609,339.84,33984,14.87520253,12.03775634,212365
BD40,Khulna,BD4044,Jhenaidah,39,8/1/2025,8/15/2025,180.38,18038,205.36,20536,14.47437895,9.584592437,128242
BD40,Khulna,BD4047,Khulna,39,8/1/2025,8/15/2025,526.49,52649,801.21,80121,42.40349297,20.32694002,316548
BD40,Khulna,BD4050,Kushtia,39,8/1/2025,8/15/2025,96.11,9611,152.56,15256,10.21543955,8.597635613,93215
BD40,Khulna,BD4055,Magura,39,8/1/2025,8/15/2025,161.08,16108,191.37,19137,22.82270969,16.66470876,122585
BD40,Khulna,BD4057,Meherpur,39,8/1/2025,8/15/2025,8.41,841,9.66,966,1.801243295,1.22245142,6495
BD40,Khulna,BD4065,Narail,39,8/1/2025,8/15/2025,77.23,7723,98.4,9840,11.59950977,9.045833956,48591
BD40,Khulna,BD4087,Satkhira,39,8/1/2025,8/15/2025,332.02,33202,608.86,60886,32.80732912,16.52675755,360223
BD45,Mymensingh,BD4539,Jamalpur,39,8/1/2025,8/15/2025,60.77,6077,99.18,9918,4.199357217,4.333699134,67543
BD45,Mymensingh,BD4561,Mymensingh,39,8/1/2025,8/15/2025,363.48,36348,432.6,43260,12.42601777,8.998782591,298318
BD45,Mymensingh,BD4572,Netrakona,39,8/1/2025,8/15/2025,"1,150.69",115069,"1,434.38",143438,50.59056764,46.20381364,822534
BD45,Mymensingh,BD4589,Sherpur,39,8/1/2025,8/15/2025,213.35,21335,251.88,25188,21.79835262,17.12999747,168178
BD50,Rajshahi,BD5010,Bogra,39,8/1/2025,8/15/2025,833.53,83353,"1,035.92",103592,40.82313793,32.1406024,746210
BD50,Rajshahi,BD5038,Joypurhat,39,8/1/2025,8/15/2025,504.49,50449,575.77,57577,63.88671966,54.06955464,388818
BD50,Rajshahi,BD5064,Naogaon,39,8/1/2025,8/15/2025,"1,009.61",100961,"1,146.59",114659,35.83980032,30.06817407,627010
BD50,Rajshahi,BD5069,Natore,39,8/1/2025,8/15/2025,375.6,37560,450.49,45049,29.00953773,21.45120214,254246
BD50,Rajshahi,BD5070,Nawabganj,39,8/1/2025,8/15/2025,143.05,14305,246.58,24658,15.77971253,13.23186544,137627
BD50,Rajshahi,BD5076,Pabna,39,8/1/2025,8/15/2025,287.43,28743,362.65,36265,17.49208026,13.79779871,242358
BD50,Rajshahi,BD5081,Rajshahi,39,8/1/2025,8/15/2025,257.41,25741,371.96,37196,17.69591226,13.82339381,206448
BD50,Rajshahi,BD5088,Sirajganj,39,8/1/2025,8/15/2025,326.7,32670,512.98,51298,19.87210635,18.64778866,457500
BD55,Rangpur,BD5527,Dinajpur,39,8/1/2025,8/15/2025,773.99,77399,868.3,86830,27.22198665,22.53033821,540721
BD55,Rangpur,BD5532,Gaibandha,39,8/1/2025,8/15/2025,251,25100,413.98,41398,18.21726248,17.20159891,316522
BD55,Rangpur,BD5549,Kurigram,39,8/1/2025,8/15/2025,366.33,36633,703.17,70317,28.32298766,27.70494089,531085
BD55,Rangpur,BD5552,Lalmonirhat,39,8/1/2025,8/15/2025,237.04,23704,367.26,36726,27.1468741,25.77161384,277155
BD55,Rangpur,BD5573,Nilphamari,39,8/1/2025,8/15/2025,228.13,22813,307.45,30745,19.62401254,17.32720128,244183
BD55,Rangpur,BD5577,Panchagarh,39,8/1/2025,8/15/2025,293.87,29387,374.63,37463,29.71086356,24.54201566,196349
BD55,Rangpur,BD5585,Rangpur,39,8/1/2025,8/15/2025,237.21,23721,301.26,30126,13.99165482,11.53745402,257621
BD55,Rangpur,BD5594,Thakurgaon,39,8/1/2025,8/15/2025,301.12,30112,338.52,33852,20.83839634,16.70320835,198601
BD60,Sylhet,BD6036,Habiganj,39,8/1/2025,8/15/2025,553.11,55311,635.18,63518,28.85948194,22.30624588,382784
BD60,Sylhet,BD6058,Maulvibazar,39,8/1/2025,8/15/2025,416.38,41638,561.86,56186,33.28986003,19.00489297,320442
BD60,Sylhet,BD6090,Sunamganj,39,8/1/2025,8/15/2025,"1,487.71",148771,"2,311.78",231178,61.77710432,56.50857047,1271919
BD60,Sylhet,BD6091,Sylhet,39,8/1/2025,8/15/2025,"1,110.98",111098,"1,480.97",148097,49.18523236,39.12598717,957896
BD10,Barisal,BD1004,Barguna,38,7/16/2025,7/31/2025,41.98,4198,85.39,8539,5.282331278,5.849824614,33157
BD10,Barisal,BD1006,Barisal,38,7/16/2025,7/31/2025,52.88,5288,160.47,16047,5.569698994,6.63324904,92948
BD10,Barisal,BD1009,Bhola,38,7/16/2025,7/31/2025,108.44,10844,267.09,26709,13.45102948,12.6189033,160105
BD10,Barisal,BD1042,Jhalokati,38,7/16/2025,7/31/2025,9.58,958,25.3,2530,3.078299882,3.147934016,13310
BD10,Barisal,BD1078,Patuakhali,38,7/16/2025,7/31/2025,177.95,17795,314.15,31415,11.82938902,11.06058239,102920
BD10,Barisal,BD1079,Pirojpur,38,7/16/2025,7/31/2025,17.94,1794,48.56,4856,3.50475828,3.517733278,24704
BD20,Chattogram,BD2012,Brahamanbaria,38,7/16/2025,7/31/2025,311.85,31185,357.46,35746,20.88091578,16.91446208,311734
BD20,Chattogram,BD2013,Chandpur,38,7/16/2025,7/31/2025,22.63,2263,55.37,5537,3.560331882,3.445626055,24912
BD20,Chattogram,BD2015,Chattogram,38,7/16/2025,7/31/2025,71.93,7193,137.07,13707,5.444213562,2.832980023,121035
BD20,Chattogram,BD2019,Comilla,38,7/16/2025,7/31/2025,178.34,17834,254.36,25436,9.668541822,7.522892253,340118
BD20,Chattogram,BD2022,Cox's Bazar,38,7/16/2025,7/31/2025,72,7200,185.42,18542,12.63388408,7.901898081,210895
BD20,Chattogram,BD2030,Feni,38,7/16/2025,7/31/2025,94.67,9467,147,14700,21.31601728,14.85171051,131755
BD20,Chattogram,BD2046,Khagrachhari,38,7/16/2025,7/31/2025,4.68,468,7.2,720,2.182014452,0.231091472,2361
BD20,Chattogram,BD2051,Lakshmipur,38,7/16/2025,7/31/2025,76.18,7618,128.96,12896,16.11365051,9.508157115,127270
BD20,Chattogram,BD2075,Noakhali,38,7/16/2025,7/31/2025,142.67,14267,316.41,31641,12.33855038,10.85053733,171274
BD20,Chattogram,BD2084,Rangamati,38,7/16/2025,7/31/2025,30.5,3050,119.65,11965,13.94159748,1.904547107,24023
BD30,Dhaka,BD3026,Dhaka,38,7/16/2025,7/31/2025,5.52,552,19.1,1910,0.855881081,1.178758532,112606
BD30,Dhaka,BD3029,Faridpur,38,7/16/2025,7/31/2025,68.01,6801,89.78,8978,5.086225684,4.011003168,64959
BD30,Dhaka,BD3033,Gazipur,38,7/16/2025,7/31/2025,3.81,381,7.69,769,0.566535318,0.408343412,10384
BD30,Dhaka,BD3035,Gopalganj,38,7/16/2025,7/31/2025,47.65,4765,65.6,6560,4.319558029,4.080132754,26750
BD30,Dhaka,BD3048,Kishoreganj,38,7/16/2025,7/31/2025,994.58,99458,"1,153.31",115331,48.68837571,40.77568344,614941
BD30,Dhaka,BD3054,Madaripur,38,7/16/2025,7/31/2025,3.11,311,4.93,493,0.441858709,0.399426458,2978
BD30,Dhaka,BD3056,Manikganj,38,7/16/2025,7/31/2025,29.87,2987,100.98,10098,3.610622122,6.690481235,54488
BD30,Dhaka,BD3059,Munshiganj,38,7/16/2025,7/31/2025,11.86,1186,33.32,3332,2.130098647,3.260718019,19786
BD30,Dhaka,BD3067,Narayanganj,38,7/16/2025,7/31/2025,12.49,1249,36.9,3690,4.129194877,4.780028275,48042
BD30,Dhaka,BD3068,Narsingdi,38,7/16/2025,7/31/2025,15.96,1596,40.23,4023,2.768038534,3.133123313,38870
BD30,Dhaka,BD3082,Rajbari,38,7/16/2025,7/31/2025,40.1,4010,76.51,7651,6.054775243,6.12043671,49142
BD30,Dhaka,BD3086,Shariatpur,38,7/16/2025,7/31/2025,9.55,955,43.08,4308,1.434441136,3.323205765,27996
BD30,Dhaka,BD3093,Tangail,38,7/16/2025,7/31/2025,33.68,3368,72.63,7263,1.800913504,1.956802068,54854
BD40,Khulna,BD4001,Bagerhat,38,7/16/2025,7/31/2025,206.56,20656,525.39,52539,20.18288701,13.26221733,187036
BD40,Khulna,BD4018,Chuadanga,38,7/16/2025,7/31/2025,44.66,4466,56.98,5698,6.746522904,4.462549614,39529
BD40,Khulna,BD4041,Jessore,38,7/16/2025,7/31/2025,265.22,26522,385.57,38557,17.44969356,13.65759685,266196
BD40,Khulna,BD4044,Jhenaidah,38,7/16/2025,7/31/2025,169.46,16946,202.1,20210,13.59811652,9.432441232,133012
BD40,Khulna,BD4047,Khulna,38,7/16/2025,7/31/2025,309.19,30919,507.62,50762,24.90215577,12.87847293,203136
BD40,Khulna,BD4050,Kushtia,38,7/16/2025,7/31/2025,36.76,3676,70.87,7087,3.907185077,3.993933114,52050
BD40,Khulna,BD4055,Magura,38,7/16/2025,7/31/2025,97.74,9774,115.14,11514,13.84834645,10.02651705,76942
BD40,Khulna,BD4057,Meherpur,38,7/16/2025,7/31/2025,13.53,1353,15.79,1579,2.8978385,1.990946311,11174
BD40,Khulna,BD4065,Narail,38,7/16/2025,7/31/2025,46.32,4632,58.53,5853,6.957002361,5.380616478,29834
BD40,Khulna,BD4087,Satkhira,38,7/16/2025,7/31/2025,163.67,16367,307.89,30789,16.17244611,8.357296229,208791
BD45,Mymensingh,BD4539,Jamalpur,38,7/16/2025,7/31/2025,45.27,4527,80.69,8069,3.128268903,3.525773171,55264
BD45,Mymensingh,BD4561,Mymensingh,38,7/16/2025,7/31/2025,160.92,16092,196.35,19635,5.501251183,4.084398894,147201
BD45,Mymensingh,BD4572,Netrakona,38,7/16/2025,7/31/2025,594.64,59464,788.02,78802,26.14359657,25.3834613,382676
BD45,Mymensingh,BD4589,Sherpur,38,7/16/2025,7/31/2025,103.87,10387,127.8,12780,10.61258442,8.691494665,84149
BD50,Rajshahi,BD5010,Bogra,38,7/16/2025,7/31/2025,399.17,39917,544.06,54406,19.5498326,16.88008354,391020
BD50,Rajshahi,BD5038,Joypurhat,38,7/16/2025,7/31/2025,374.97,37497,428.74,42874,47.4847931,40.26373669,283431
BD50,Rajshahi,BD5064,Naogaon,38,7/16/2025,7/31/2025,602.36,60236,707.68,70768,21.38297176,18.55819903,371276
BD50,Rajshahi,BD5069,Natore,38,7/16/2025,7/31/2025,51.06,5106,67.49,6749,3.943628851,3.213704261,39133
BD50,Rajshahi,BD5070,Nawabganj,38,7/16/2025,7/31/2025,80.14,8014,144.06,14406,8.840168905,7.730483152,86366
BD50,Rajshahi,BD5076,Pabna,38,7/16/2025,7/31/2025,145.19,14519,191.97,19197,8.835803962,7.303911259,127128
BD50,Rajshahi,BD5081,Rajshahi,38,7/16/2025,7/31/2025,179.23,17923,261.77,26177,12.32134865,9.728330462,147886
BD50,Rajshahi,BD5088,Sirajganj,38,7/16/2025,7/31/2025,201.84,20184,362.72,36272,12.27727562,13.18555481,301851
BD55,Rangpur,BD5527,Dinajpur,38,7/16/2025,7/31/2025,487.42,48742,549.46,54946,17.14303897,14.25719179,343324
BD55,Rangpur,BD5532,Gaibandha,38,7/16/2025,7/31/2025,143.56,14356,324.17,32417,10.41940319,13.46983506,201423
BD55,Rangpur,BD5549,Kurigram,38,7/16/2025,7/31/2025,127.67,12767,342.7,34270,9.870870075,13.5024009,235560
BD55,Rangpur,BD5552,Lalmonirhat,38,7/16/2025,7/31/2025,183.37,18337,295.29,29529,21.00034721,20.72128696,195278
BD55,Rangpur,BD5573,Nilphamari,38,7/16/2025,7/31/2025,171.24,17124,243.34,24334,14.73026742,13.71410363,185319
BD55,Rangpur,BD5577,Panchagarh,38,7/16/2025,7/31/2025,199.45,19945,252.47,25247,20.16480667,16.53931264,128962
BD55,Rangpur,BD5585,Rangpur,38,7/16/2025,7/31/2025,148.28,14828,223.42,22342,8.746185136,8.556389757,203969
BD55,Rangpur,BD5594,Thakurgaon,38,7/16/2025,7/31/2025,182.46,18246,203.65,20365,12.62677271,10.04847093,113217
BD60,Sylhet,BD6036,Habiganj,38,7/16/2025,7/31/2025,285.05,28505,344.18,34418,14.87298246,12.08691034,175773
BD60,Sylhet,BD6058,Maulvibazar,38,7/16/2025,7/31/2025,273.3,27330,385.42,38542,21.85051814,13.03720929,208176
BD60,Sylhet,BD6090,Sunamganj,38,7/16/2025,7/31/2025,"1,252.51",125251,"2,025.93",202593,52.01043276,49.52132477,1072650
BD60,Sylhet,BD6091,Sylhet,38,7/16/2025,7/31/2025,707.34,70734,958.69,95869,31.31530924,25.32778695,586183
BD10,Barisal,BD1004,Barguna,37,7/1/2025,7/15/2025,42.61,4261,78.69,7869,5.361603996,5.390826781,33772
BD10,Barisal,BD1006,Barisal,37,7/1/2025,7/15/2025,40.96,4096,122.75,12275,4.314199523,5.074040753,69779
BD10,Barisal,BD1009,Bhola,37,7/1/2025,7/15/2025,120.46,12046,272.95,27295,14.94200489,12.89576418,159090
BD10,Barisal,BD1042,Jhalokati,37,7/1/2025,7/15/2025,12.2,1220,29.76,2976,3.920173128,3.71417639,16468
BD10,Barisal,BD1078,Patuakhali,37,7/1/2025,7/15/2025,277.09,27709,447.23,44723,18.4198112,15.74605845,197611
BD10,Barisal,BD1079,Pirojpur,37,7/1/2025,7/15/2025,35.71,3571,68.3,6830,6.976305361,4.947717935,36921
BD20,Chattogram,BD2003,Bandarban,37,7/1/2025,7/15/2025,0.11,11,1.21,121,0.137431284,0.02439048,147
BD20,Chattogram,BD2012,Brahamanbaria,37,7/1/2025,7/15/2025,287.27,28727,329.17,32917,19.23508314,15.57582242,278390
BD20,Chattogram,BD2013,Chandpur,37,7/1/2025,7/15/2025,17.98,1798,40.95,4095,2.828756838,2.548282228,23099
BD20,Chattogram,BD2015,Chattogram,37,7/1/2025,7/15/2025,96.58,9658,187.99,18799,7.309914443,3.885400996,143404
BD20,Chattogram,BD2019,Comilla,37,7/1/2025,7/15/2025,243.05,24305,357.34,35734,13.17673595,10.5686048,447819
BD20,Chattogram,BD2022,Cox's Bazar,37,7/1/2025,7/15/2025,32.64,3264,114.92,11492,5.727360782,4.897455115,109265
BD20,Chattogram,BD2030,Feni,37,7/1/2025,7/15/2025,122.33,12233,208.02,20802,27.54397797,21.01668586,216363
BD20,Chattogram,BD2046,Khagrachhari,37,7/1/2025,7/15/2025,4.17,417,8.58,858,1.944230826,0.27518998,2362
BD20,Chattogram,BD2051,Lakshmipur,37,7/1/2025,7/15/2025,24.04,2404,56.17,5617,5.08495876,4.141355827,54775
BD20,Chattogram,BD2075,Noakhali,37,7/1/2025,7/15/2025,135.74,13574,298.94,29894,11.73922218,10.25144474,173057
BD20,Chattogram,BD2084,Rangamati,37,7/1/2025,7/15/2025,32.12,3212,118.25,11825,14.682102,1.882262394,23466
BD30,Dhaka,BD3026,Dhaka,37,7/1/2025,7/15/2025,14.19,1419,29.29,2929,2.200172563,1.807635466,101505
BD30,Dhaka,BD3029,Faridpur,37,7/1/2025,7/15/2025,10.11,1011,17.55,1755,0.756090894,0.784062214,14010
BD30,Dhaka,BD3033,Gazipur,37,7/1/2025,7/15/2025,27.03,2703,46.84,4684,4.01927812,2.342531571,74173
BD30,Dhaka,BD3035,Gopalganj,37,7/1/2025,7/15/2025,28.35,2835,38.55,3855,2.569978386,2.397699964,16548
BD30,Dhaka,BD3048,Kishoreganj,37,7/1/2025,7/15/2025,"1,019.46",101946,"1,185.31",118531,49.90634388,41.90705477,660198
BD30,Dhaka,BD3054,Madaripur,37,7/1/2025,7/15/2025,5.61,561,10.73,1073,0.797050598,0.864668829,6468
BD30,Dhaka,BD3056,Manikganj,37,7/1/2025,7/15/2025,31.63,3163,100.12,10012,3.823367182,6.633501498,54522
BD30,Dhaka,BD3059,Munshiganj,37,7/1/2025,7/15/2025,14.17,1417,34.37,3437,2.544982953,3.363471738,34871
BD30,Dhaka,BD3067,Narayanganj,37,7/1/2025,7/15/2025,9.57,957,32.99,3299,3.163842672,4.273914184,64130
BD30,Dhaka,BD3068,Narsingdi,37,7/1/2025,7/15/2025,21.93,2193,47.31,4731,3.803451444,3.684515634,39766
BD30,Dhaka,BD3082,Rajbari,37,7/1/2025,7/15/2025,11.55,1155,52.54,5254,1.74395646,4.210564492,33355
BD30,Dhaka,BD3086,Shariatpur,37,7/1/2025,7/15/2025,11.56,1156,47.45,4745,1.73634969,3.658502846,31365
BD30,Dhaka,BD3093,Tangail,37,7/1/2025,7/15/2025,71.06,7106,115.94,11594,3.799670831,3.123662835,80640
BD40,Khulna,BD4001,Bagerhat,37,7/1/2025,7/15/2025,276.15,27615,606.32,60632,26.98249539,15.30463854,219819
BD40,Khulna,BD4018,Chuadanga,37,7/1/2025,7/15/2025,24.71,2471,31.13,3113,3.732794021,2.437140285,22105
BD40,Khulna,BD4041,Jessore,37,7/1/2025,7/15/2025,115.33,11533,165.47,16547,7.58793891,5.861251006,121246
BD40,Khulna,BD4044,Jhenaidah,37,7/1/2025,7/15/2025,117.33,11733,144.24,14424,9.415006556,6.731990714,99292
BD40,Khulna,BD4047,Khulna,37,7/1/2025,7/15/2025,402.14,40214,631.81,63181,32.38834672,16.02921079,231141
BD40,Khulna,BD4050,Kushtia,37,7/1/2025,7/15/2025,16.64,1664,45.09,4509,1.76864961,2.542188226,30517
BD40,Khulna,BD4055,Magura,37,7/1/2025,7/15/2025,57.62,5762,64.44,6444,8.163921856,5.611456767,42260
BD40,Khulna,BD4057,Meherpur,37,7/1/2025,7/15/2025,6.54,654,8.28,828,1.400729031,1.044017445,5545
BD40,Khulna,BD4065,Narail,37,7/1/2025,7/15/2025,34.89,3489,45.02,4502,5.240280924,4.138652893,23024
BD40,Khulna,BD4087,Satkhira,37,7/1/2025,7/15/2025,345.28,34528,667.15,66715,34.11756701,18.10896807,479921
BD45,Mymensingh,BD4539,Jamalpur,37,7/1/2025,7/15/2025,26.72,2672,71.08,7108,1.846418049,3.105861408,45851
BD45,Mymensingh,BD4561,Mymensingh,37,7/1/2025,7/15/2025,57.96,5796,75.79,7579,1.98143499,1.576555091,55195
BD45,Mymensingh,BD4572,Netrakona,37,7/1/2025,7/15/2025,643.17,64317,847.51,84751,28.27723834,27.29973514,418414
BD45,Mymensingh,BD4589,Sherpur,37,7/1/2025,7/15/2025,9.32,932,11.77,1177,0.952241136,0.805092182,7514
BD50,Rajshahi,BD5010,Bogra,37,7/1/2025,7/15/2025,206.12,20612,309.39,30939,10.09497581,9.599178486,194904
BD50,Rajshahi,BD5038,Joypurhat,37,7/1/2025,7/15/2025,25.06,2506,31.14,3114,3.17350432,2.924412839,21658
BD50,Rajshahi,BD5064,Naogaon,37,7/1/2025,7/15/2025,157.25,15725,183.54,18354,5.582164004,4.813152625,93880
BD50,Rajshahi,BD5069,Natore,37,7/1/2025,7/15/2025,47.73,4773,62.24,6224,3.686435665,2.963712449,33457
BD50,Rajshahi,BD5070,Nawabganj,37,7/1/2025,7/15/2025,62.33,6233,94.3,9430,6.875564361,5.060284334,58671
BD50,Rajshahi,BD5076,Pabna,37,7/1/2025,7/15/2025,150.16,15016,206.18,20618,9.138262435,7.844561251,148653
BD50,Rajshahi,BD5081,Rajshahi,37,7/1/2025,7/15/2025,179.05,17905,248.7,24870,12.30897436,9.242601466,152113
BD50,Rajshahi,BD5088,Sirajganj,37,7/1/2025,7/15/2025,202.4,20240,394.82,39482,12.31133861,14.35245023,359918
BD55,Rangpur,BD5527,Dinajpur,37,7/1/2025,7/15/2025,81.9,8190,93.48,9348,2.880503245,2.425585646,60660
BD55,Rangpur,BD5532,Gaibandha,37,7/1/2025,7/15/2025,74.23,7423,265.53,26553,5.387519497,11.03323967,169102
BD55,Rangpur,BD5549,Kurigram,37,7/1/2025,7/15/2025,83.72,8372,279.92,27992,6.472853785,11.02886507,184942
BD55,Rangpur,BD5552,Lalmonirhat,37,7/1/2025,7/15/2025,36.56,3656,95.32,9532,4.187013656,6.688858658,60502
BD55,Rangpur,BD5573,Nilphamari,37,7/1/2025,7/15/2025,64.34,6434,108.36,10836,5.534602932,6.106929683,79289
BD55,Rangpur,BD5577,Panchagarh,37,7/1/2025,7/15/2025,30.31,3031,38.89,3889,3.064403561,2.547684352,18952
BD55,Rangpur,BD5585,Rangpur,37,7/1/2025,7/15/2025,31.41,3141,58.2,5820,1.852695408,2.228904681,45716
BD55,Rangpur,BD5594,Thakurgaon,37,7/1/2025,7/15/2025,12.69,1269,14.71,1471,0.878185606,0.726014254,8174
BD60,Sylhet,BD6036,Habiganj,37,7/1/2025,7/15/2025,308.73,30873,373.12,37312,16.10852788,13.10322501,185486
BD60,Sylhet,BD6058,Maulvibazar,37,7/1/2025,7/15/2025,258.84,25884,388.29,38829,20.69443145,13.13428986,204162
BD60,Sylhet,BD6090,Sunamganj,37,7/1/2025,7/15/2025,"1,454.74",145474,"2,293.04",229304,60.40802625,56.05049461,1302934
BD60,Sylhet,BD6091,Sylhet,37,7/1/2025,7/15/2025,"1,045.23",104523,"1,440.47",144047,46.27435275,38.05601109,930445
BD45,Mymensingh,BD4561,Mymensingh,35,6/1/2025,6/15/2025,419.86,41986,502.99,50299,14.35343849,10.46296538,347856
BD45,Mymensingh,BD4539,Jamalpur,35,6/1/2025,6/15/2025,78.3,7830,147.32,14732,5.410723549,6.437190527,97088
BD40,Khulna,BD4087,Satkhira,35,6/1/2025,6/15/2025,124.78,12478,437.67,43767,12.3296745,11.88001507,244859
BD40,Khulna,BD4065,Narail,35,6/1/2025,6/15/2025,129.17,12917,160.07,16007,19.40060438,14.71510814,82940
BD40,Khulna,BD4057,Meherpur,35,6/1/2025,6/15/2025,3.49,349,4.55,455,0.747483841,0.595518315,3259
BD40,Khulna,BD4055,Magura,35,6/1/2025,6/15/2025,12.4,1240,15.75,1575,1.75690092,1.371515271,9555
BD40,Khulna,BD4050,Kushtia,35,6/1/2025,6/15/2025,9.1,910,27.65,2765,0.967230256,1.558915601,16672
BD40,Khulna,BD4047,Khulna,35,6/1/2025,6/15/2025,198.58,19858,442.19,44219,15.99362881,11.21849404,188981
BD40,Khulna,BD4044,Jhenaidah,35,6/1/2025,6/15/2025,15.58,1558,20.04,2004,1.250198603,0.935309858,13571
BD40,Khulna,BD4041,Jessore,35,6/1/2025,6/15/2025,74.2,7420,145.82,14582,4.88186133,5.165211952,91257
BD40,Khulna,BD4018,Chuadanga,35,6/1/2025,6/15/2025,5.86,586,8.94,894,0.885235652,0.699904727,7096
BD40,Khulna,BD4001,Bagerhat,35,6/1/2025,6/15/2025,417.04,41704,886.64,88664,40.7487955,22.38043396,362851
BD30,Dhaka,BD3093,Tangail,35,6/1/2025,6/15/2025,150.81,15081,228.96,22896,8.064007289,6.168654845,157288
BD30,Dhaka,BD3086,Shariatpur,35,6/1/2025,6/15/2025,10.8,1080,44.8,4480,1.622195212,3.454181823,26963
BD30,Dhaka,BD3082,Rajbari,35,6/1/2025,6/15/2025,7.58,758,43,4300,1.144518612,3.446027277,28820
BD30,Dhaka,BD3068,Narsingdi,35,6/1/2025,6/15/2025,39.01,3901,75.3,7530,6.765738297,5.864384427,75139
BD30,Dhaka,BD3067,Narayanganj,35,6/1/2025,6/15/2025,12.57,1257,31.46,3146,4.155642883,4.075699916,45810
BD30,Dhaka,BD3059,Munshiganj,35,6/1/2025,6/15/2025,42.74,4274,66.24,6624,7.676257687,6.482291764,43062
BD30,Dhaka,BD3056,Manikganj,35,6/1/2025,6/15/2025,30.17,3017,100.69,10069,3.646885484,6.671267137,55346
BD30,Dhaka,BD3054,Madaripur,35,6/1/2025,6/15/2025,30.71,3071,37.22,3722,4.363177159,2.999141504,17230
BD30,Dhaka,BD3048,Kishoreganj,35,6/1/2025,6/15/2025,"1,155.18",115518,"1,348.06",134806,56.5503407,47.66113865,747428
BD30,Dhaka,BD3035,Gopalganj,35,6/1/2025,6/15/2025,196.76,19676,238.71,23871,17.83664717,14.80739372,101889
BD30,Dhaka,BD3033,Gazipur,35,6/1/2025,6/15/2025,47.35,4735,66.54,6654,7.040799815,3.327755139,86029
BD30,Dhaka,BD3029,Faridpur,35,6/1/2025,6/15/2025,10.4,1040,21.86,2186,0.777778961,0.976615385,16350
BD30,Dhaka,BD3026,Dhaka,35,6/1/2025,6/15/2025,23.3,2330,38.2,3820,3.612686449,2.357517063,53645
BD20,Chattogram,BD2084,Rangamati,35,6/1/2025,6/15/2025,24.62,2462,142.77,14277,11.25384033,2.27256323,31650
BD20,Chattogram,BD2075,Noakhali,35,6/1/2025,6/15/2025,105.05,10505,280.7,28070,9.085054444,9.625946803,169732
BD20,Chattogram,BD2051,Lakshmipur,35,6/1/2025,6/15/2025,10.71,1071,48.82,4882,2.265387201,3.599447952,53870
BD20,Chattogram,BD2046,Khagrachhari,35,6/1/2025,6/15/2025,3.46,346,5.49,549,1.613198719,0.176083099,2819
BD20,Chattogram,BD2030,Feni,35,6/1/2025,6/15/2025,40.52,4052,69.62,6962,9.123534597,7.033850925,50277
BD20,Chattogram,BD2022,Cox's Bazar,35,6/1/2025,6/15/2025,82.83,8283,219.84,21984,14.53423081,9.368748108,230394
BD20,Chattogram,BD2019,Comilla,35,6/1/2025,6/15/2025,161.83,16183,224.65,22465,8.773467103,6.644196197,250131
BD20,Chattogram,BD2015,Chattogram,35,6/1/2025,6/15/2025,100.01,10001,210.4,21040,7.569523125,4.348573699,209945
BD20,Chattogram,BD2013,Chandpur,35,6/1/2025,6/15/2025,37.55,3755,72.52,7252,5.907665142,4.512855364,48653
BD20,Chattogram,BD2012,Brahamanbaria,35,6/1/2025,6/15/2025,451.34,45134,512.9,51290,30.22091559,24.26964583,459437
BD20,Chattogram,BD2003,Bandarban,35,6/1/2025,6/15/2025,0.05,5,0.16,16,0.062468766,0.003357843,39
BD10,Barisal,BD1079,Pirojpur,35,6/1/2025,6/15/2025,42.53,4253,100.25,10025,8.308660515,7.257527672,52697
BD10,Barisal,BD1078,Patuakhali,35,6/1/2025,6/15/2025,161.65,16165,302.6,30260,10.74583161,10.65393039,93703
BD10,Barisal,BD1042,Jhalokati,35,6/1/2025,6/15/2025,11.31,1131,30.43,3043,3.634193285,3.786230517,19897
BD10,Barisal,BD1009,Bhola,35,6/1/2025,6/15/2025,97.58,9758,270.75,27075,12.10394187,12.79182324,151374
BD10,Barisal,BD1006,Barisal,35,6/1/2025,6/15/2025,68.24,6824,183.78,18378,7.187523815,7.596800078,102196
BD10,Barisal,BD1004,Barguna,35,6/1/2025,6/15/2025,54.7,5470,106.51,10651,6.882885205,7.296695393,42524
BD60,Sylhet,BD6091,Sylhet,35,6/1/2025,6/15/2025,"1,756.29",175629,"2,477.96",247796,77.75435358,65.46562805,1802175
BD60,Sylhet,BD6090,Sunamganj,35,6/1/2025,6/15/2025,"2,001.30",200130,"3,099.33",309933,83.10391062,75.75924514,1883766
BD60,Sylhet,BD6058,Maulvibazar,35,6/1/2025,6/15/2025,539.19,53919,756.77,75677,43.10860182,25.59771626,457715
BD60,Sylhet,BD6036,Habiganj,35,6/1/2025,6/15/2025,944.68,94468,"1,083.06",108306,49.29033175,38.03461171,621892
BD55,Rangpur,BD5594,Thakurgaon,35,6/1/2025,6/15/2025,1.7,170,1.96,196,0.117645038,0.096736094,1211
BD55,Rangpur,BD5585,Rangpur,35,6/1/2025,6/15/2025,24.38,2438,37.08,3708,1.438036105,1.420065044,29332
BD55,Rangpur,BD5577,Panchagarh,35,6/1/2025,6/15/2025,1.06,106,1.51,151,0.107168188,0.101022702,930
BD55,Rangpur,BD5573,Nilphamari,35,6/1/2025,6/15/2025,16.31,1631,25.3,2530,1.403005499,1.425956457,18879
BD55,Rangpur,BD5552,Lalmonirhat,35,6/1/2025,6/15/2025,9.35,935,24.93,2493,1.070803547,1.760855681,17180
BD55,Rangpur,BD5549,Kurigram,35,6/1/2025,6/15/2025,164.04,16404,396.44,39644,12.68283486,15.61976018,270111
BD55,Rangpur,BD5532,Gaibandha,35,6/1/2025,6/15/2025,157.25,15725,395.59,39559,11.41300608,16.43746198,271519
BD55,Rangpur,BD5527,Dinajpur,35,6/1/2025,6/15/2025,226.19,22619,250.42,25042,7.955323918,6.497808701,151926
BD50,Rajshahi,BD5088,Sirajganj,35,6/1/2025,6/15/2025,168.24,16824,400.01,40001,10.23349609,14.5411165,341338
BD50,Rajshahi,BD5081,Rajshahi,35,6/1/2025,6/15/2025,51.15,5115,89.89,8989,3.516358775,3.340641117,56819
BD50,Rajshahi,BD5076,Pabna,35,6/1/2025,6/15/2025,84.72,8472,120.6,12060,5.155791113,4.58848621,85224
BD50,Rajshahi,BD5070,Nawabganj,35,6/1/2025,6/15/2025,38.3,3830,67.02,6702,4.224837398,3.596397201,43297
BD50,Rajshahi,BD5069,Natore,35,6/1/2025,6/15/2025,138.13,13813,162.92,16292,10.66849693,7.757841134,91469
BD50,Rajshahi,BD5064,Naogaon,35,6/1/2025,6/15/2025,287.01,28701,322.48,32248,10.18846989,8.456714931,179015
BD50,Rajshahi,BD5038,Joypurhat,35,6/1/2025,6/15/2025,8.39,839,9.88,988,1.062478102,0.928770382,6438
BD50,Rajshahi,BD5010,Bogra,35,6/1/2025,6/15/2025,52.55,5255,144.67,14467,2.573699685,4.488552156,90255
BD45,Mymensingh,BD4589,Sherpur,35,6/1/2025,6/15/2025,358.49,35849,436.45,43645,36.62756706,29.68233839,289915
BD45,Mymensingh,BD4572,Netrakona,35,6/1/2025,6/15/2025,"1,277.14",127714,"1,618.86",161886,56.14999484,52.14622746,916794
BD10,Barisal,BD1004,Barguna,34,5/16/2025,5/31/2025,15.24,1524,59.78,5978,1.917644799,4.09535678,26723
BD10,Barisal,BD1006,Barisal,34,5/16/2025,5/31/2025,31.67,3167,112.5,11250,3.335710422,4.650861923,75794
BD10,Barisal,BD1009,Bhola,34,5/16/2025,5/31/2025,70.8,7080,241.64,24164,8.782118102,11.41649554,145590
BD10,Barisal,BD1042,Jhalokati,34,5/16/2025,5/31/2025,6.78,678,20.54,2054,2.178588017,2.555674493,14529
BD10,Barisal,BD1078,Patuakhali,34,5/16/2025,5/31/2025,90.71,9071,241.53,24153,6.030030221,8.503779927,79100
BD10,Barisal,BD1079,Pirojpur,34,5/16/2025,5/31/2025,5.61,561,25.74,2574,1.095969562,1.864630449,14638
BD20,Chattogram,BD2012,Brahamanbaria,34,5/16/2025,5/31/2025,221.96,22196,244.69,24469,14.86204286,11.57835765,221791
BD20,Chattogram,BD2013,Chandpur,34,5/16/2025,5/31/2025,16.75,1675,45.24,4524,2.635243439,2.815245128,17291
BD20,Chattogram,BD2015,Chattogram,34,5/16/2025,5/31/2025,22.8,2280,92.72,9272,1.725678705,1.916348638,136547
BD20,Chattogram,BD2019,Comilla,34,5/16/2025,5/31/2025,31.66,3166,42.95,4295,1.716418269,1.270279219,47127
BD20,Chattogram,BD2022,Cox's Bazar,34,5/16/2025,5/31/2025,59.61,5961,191.56,19156,10.45980319,8.162954004,205065
BD20,Chattogram,BD2030,Feni,34,5/16/2025,5/31/2025,7.26,726,23.37,2337,1.634670809,2.361294853,12697
BD20,Chattogram,BD2046,Khagrachhari,34,5/16/2025,5/31/2025,0.4,40,0.4,40,0.186496962,0.186496962,419
BD20,Chattogram,BD2051,Lakshmipur,34,5/16/2025,5/31/2025,5.37,537,37.11,3711,1.135866412,2.736081801,38701
BD20,Chattogram,BD2075,Noakhali,34,5/16/2025,5/31/2025,44.78,4478,193.23,19323,3.872715259,6.626368724,92644
BD20,Chattogram,BD2084,Rangamati,34,5/16/2025,5/31/2025,1.31,131,14.24,1424,0.598803039,0.226692636,3997
BD30,Dhaka,BD3026,Dhaka,34,5/16/2025,5/31/2025,1.88,188,10.15,1015,0.291495731,0.62640833,23440
BD30,Dhaka,BD3029,Faridpur,34,5/16/2025,5/31/2025,1.57,157,3.98,398,0.117414709,0.17889532,3497
BD30,Dhaka,BD3033,Gazipur,34,5/16/2025,5/31/2025,4.19,419,7.5,750,0.623040153,0.398254303,10548
BD30,Dhaka,BD3035,Gopalganj,34,5/16/2025,5/31/2025,20.56,2056,26.86,2686,1.863800904,1.670615332,13453
BD30,Dhaka,BD3048,Kishoreganj,34,5/16/2025,5/31/2025,564.71,56471,635.05,63505,27.64464663,22.45289392,314215
BD30,Dhaka,BD3054,Madaripur,34,5/16/2025,5/31/2025,1.15,115,1.66,166,0.163388269,0.134492479,898
BD30,Dhaka,BD3056,Manikganj,34,5/16/2025,5/31/2025,18.09,1809,70.1,7010,2.186680756,4.644511136,36805
BD30,Dhaka,BD3059,Munshiganj,34,5/16/2025,5/31/2025,8.04,804,22.74,2274,1.444012911,2.225351973,15799
BD30,Dhaka,BD3067,Narayanganj,34,5/16/2025,5/31/2025,6.05,605,17.66,1766,2.000130425,2.28788495,39471
BD30,Dhaka,BD3068,Narsingdi,34,5/16/2025,5/31/2025,6.56,656,17.15,1715,1.137740149,1.335646652,22065
BD30,Dhaka,BD3082,Rajbari,34,5/16/2025,5/31/2025,5.06,506,29.82,2982,0.764019021,2.400326824,18745
BD30,Dhaka,BD3086,Shariatpur,34,5/16/2025,5/31/2025,5.9,590,33.39,3339,0.886199236,2.575715889,22345
BD30,Dhaka,BD3093,Tangail,34,5/16/2025,5/31/2025,5.17,517,20.28,2028,0.276446639,0.548529956,16821
BD40,Khulna,BD4001,Bagerhat,34,5/16/2025,5/31/2025,104.93,10493,415.04,41504,10.25266428,10.4766948,120129
BD40,Khulna,BD4018,Chuadanga,34,5/16/2025,5/31/2025,3.21,321,4.22,422,0.484915775,0.330501218,3172
BD40,Khulna,BD4041,Jessore,34,5/16/2025,5/31/2025,14.63,1463,44.69,4469,0.962555677,1.584441054,24387
BD40,Khulna,BD4044,Jhenaidah,34,5/16/2025,5/31/2025,7.56,756,9.26,926,0.606643225,0.432566203,6121
BD40,Khulna,BD4047,Khulna,34,5/16/2025,5/31/2025,85.53,8553,308.17,30817,6.888584311,7.818366105,115762
BD40,Khulna,BD4050,Kushtia,34,5/16/2025,5/31/2025,2.55,255,7.66,766,0.27103705,0.440459297,5432
BD40,Khulna,BD4055,Magura,34,5/16/2025,5/31/2025,1.19,119,2.48,248,0.168605814,0.217671213,1900
BD40,Khulna,BD4057,Meherpur,34,5/16/2025,5/31/2025,1.57,157,2.19,219,0.336260639,0.288693452,1556
BD40,Khulna,BD4065,Narail,34,5/16/2025,5/31/2025,4.13,413,6.38,638,0.620302672,0.592105529,3433
BD40,Khulna,BD4087,Satkhira,34,5/16/2025,5/31/2025,48.19,4819,280.68,28068,4.761716734,7.618714169,106906
BD45,Mymensingh,BD4539,Jamalpur,34,5/16/2025,5/31/2025,25.85,2585,42.59,4259,1.786298898,1.860982518,30725
BD45,Mymensingh,BD4561,Mymensingh,34,5/16/2025,5/31/2025,125.21,12521,152.33,15233,4.280460233,3.168711401,106910
BD45,Mymensingh,BD4572,Netrakona,34,5/16/2025,5/31/2025,610.42,61042,766.62,76662,26.83737088,24.69413099,403517
BD45,Mymensingh,BD4589,Sherpur,34,5/16/2025,5/31/2025,96.41,9641,110.05,11005,9.850382828,7.484342628,73408
BD50,Rajshahi,BD5010,Bogra,34,5/16/2025,5/31/2025,14.62,1462,55.24,5524,0.716032148,1.713884158,35530
BD50,Rajshahi,BD5038,Joypurhat,34,5/16/2025,5/31/2025,3.18,318,4,400,0.402703262,0.376020398,2667
BD50,Rajshahi,BD5064,Naogaon,34,5/16/2025,5/31/2025,32.32,3232,37.73,3773,1.147316633,0.989431451,19888
BD50,Rajshahi,BD5069,Natore,34,5/16/2025,5/31/2025,8.54,854,12.79,1279,0.659588531,0.609027671,7579
BD50,Rajshahi,BD5070,Nawabganj,34,5/16/2025,5/31/2025,8.84,884,17.02,1702,0.975132183,0.913319612,15236
BD50,Rajshahi,BD5076,Pabna,34,5/16/2025,5/31/2025,9.71,971,22.73,2273,0.590919874,0.864811705,11923
BD50,Rajshahi,BD5081,Rajshahi,34,5/16/2025,5/31/2025,9.66,966,15.62,1562,0.664086525,0.580496321,10244
BD50,Rajshahi,BD5088,Sirajganj,34,5/16/2025,5/31/2025,26.34,2634,102.82,10282,1.602177169,3.737700554,90135
BD55,Rangpur,BD5527,Dinajpur,34,5/16/2025,5/31/2025,33.9,3390,39.69,3969,1.192296215,1.029861941,25333
BD55,Rangpur,BD5532,Gaibandha,34,5/16/2025,5/31/2025,54.32,5432,140.09,14009,3.942476884,5.820986498,100974
BD55,Rangpur,BD5549,Kurigram,34,5/16/2025,5/31/2025,42.29,4229,103.54,10354,3.269672558,4.079482315,87502
BD55,Rangpur,BD5552,Lalmonirhat,34,5/16/2025,5/31/2025,4.49,449,15.57,1557,0.514214752,1.099740191,9828
BD55,Rangpur,BD5573,Nilphamari,34,5/16/2025,5/31/2025,11.95,1195,18.45,1845,1.02795314,1.039877337,13453
BD55,Rangpur,BD5577,Panchagarh,34,5/16/2025,5/31/2025,0.32,32,0.38,38,0.03235266,0.025971181,223
BD55,Rangpur,BD5585,Rangpur,34,5/16/2025,5/31/2025,6.79,679,13.89,1389,0.400503083,0.532323006,11728
BD55,Rangpur,BD5594,Thakurgaon,34,5/16/2025,5/31/2025,0.45,45,0.64,64,0.031141334,0.032805077,257
BD60,Sylhet,BD6036,Habiganj,34,5/16/2025,5/31/2025,617.17,61717,691.77,69177,32.20192451,24.29357302,392730
BD60,Sylhet,BD6058,Maulvibazar,34,5/16/2025,5/31/2025,212.26,21226,314.55,31455,16.97032924,10.63996208,166173
BD60,Sylhet,BD6090,Sunamganj,34,5/16/2025,5/31/2025,"1,094.83",109483,"1,693.75",169375,45.46277643,41.40160017,985055
BD60,Sylhet,BD6091,Sylhet,34,5/16/2025,5/31/2025,"1,133.52",113352,"1,514.33",151433,50.18312174,40.00733044,974896
BD10,Barisal,BD1004,Barguna,33,5/1/2025,5/15/2025,15.07,1507,68.58,6858,1.896253748,4.698219604,29006
BD10,Barisal,BD1006,Barisal,33,5/1/2025,5/15/2025,39.14,3914,177.8,17780,4.122504134,7.34960852,98998
BD10,Barisal,BD1009,Bhola,33,5/1/2025,5/15/2025,56.43,5643,226.84,22684,6.999645826,10.71725645,132444
BD10,Barisal,BD1042,Jhalokati,33,5/1/2025,5/15/2025,7.83,783,30.4,3040,2.515979966,3.782497789,16660
BD10,Barisal,BD1078,Patuakhali,33,5/1/2025,5/15/2025,67.43,6743,236.2,23620,4.482470927,8.316121471,67470
BD10,Barisal,BD1079,Pirojpur,33,5/1/2025,5/15/2025,11.74,1174,57.83,5783,2.293526321,4.189261027,30487
BD20,Chattogram,BD2003,Bandarban,33,5/1/2025,5/15/2025,0,0,0.88,88,0,0.018029417,33
BD20,Chattogram,BD2012,Brahamanbaria,33,5/1/2025,5/15/2025,17.35,1735,30.66,3066,1.161724832,1.450784444,14980
BD20,Chattogram,BD2013,Chandpur,33,5/1/2025,5/15/2025,13.88,1388,46.8,4680,2.183712175,2.912322546,17017
BD20,Chattogram,BD2015,Chattogram,33,5/1/2025,5/15/2025,20.86,2086,92.53,9253,1.578844639,1.912421694,105672
BD20,Chattogram,BD2019,Comilla,33,5/1/2025,5/15/2025,2.19,219,7.85,785,0.11872887,0.232811301,5814
BD20,Chattogram,BD2022,Cox's Bazar,33,5/1/2025,5/15/2025,67.02,6702,224.68,22468,11.76004043,9.5742979,234112
BD20,Chattogram,BD2030,Feni,33,5/1/2025,5/15/2025,7.79,779,26.07,2607,1.754006281,2.634101704,14168
BD20,Chattogram,BD2046,Khagrachhari,33,5/1/2025,5/15/2025,0.01,1,0.12,12,0.004662424,0.003870396,32
BD20,Chattogram,BD2051,Lakshmipur,33,5/1/2025,5/15/2025,8.11,811,46.3,4630,1.715433259,3.413650967,49998
BD20,Chattogram,BD2075,Noakhali,33,5/1/2025,5/15/2025,48.17,4817,205.76,20576,4.165893123,7.056055626,99097
BD20,Chattogram,BD2084,Rangamati,33,5/1/2025,5/15/2025,0.41,41,18.65,1865,0.187411638,0.296897308,4129
BD30,Dhaka,BD3026,Dhaka,33,5/1/2025,5/15/2025,1.86,186,12.56,1256,0.288394712,0.775141736,18286
BD30,Dhaka,BD3029,Faridpur,33,5/1/2025,5/15/2025,2.86,286,8.7,870,0.213889214,0.389446312,6782
BD30,Dhaka,BD3033,Gazipur,33,5/1/2025,5/15/2025,2.79,279,5.39,539,0.414864445,0.286212092,5127
BD30,Dhaka,BD3035,Gopalganj,33,5/1/2025,5/15/2025,13.63,1363,19.21,1921,1.235583965,1.194807168,6801
BD30,Dhaka,BD3048,Kishoreganj,33,5/1/2025,5/15/2025,31.64,3164,52.44,5244,1.54889522,1.8540741,35831
BD30,Dhaka,BD3054,Madaripur,33,5/1/2025,5/15/2025,1.64,164,4.06,406,0.233005879,0.330469055,1651
BD30,Dhaka,BD3056,Manikganj,33,5/1/2025,5/15/2025,19.45,1945,73.59,7359,2.351074666,4.875742861,38619
BD30,Dhaka,BD3059,Munshiganj,33,5/1/2025,5/15/2025,5.96,596,28.11,2811,1.070437431,2.750863851,18036
BD30,Dhaka,BD3067,Narayanganj,33,5/1/2025,5/15/2025,3.19,319,19.36,1936,1.054614224,2.508123025,29694
BD30,Dhaka,BD3068,Narsingdi,33,5/1/2025,5/15/2025,6.5,650,24.85,2485,1.127333989,1.935324741,17976
BD30,Dhaka,BD3082,Rajbari,33,5/1/2025,5/15/2025,6.96,696,39.59,3959,1.050903633,3.1727493,26558
BD30,Dhaka,BD3086,Shariatpur,33,5/1/2025,5/15/2025,11.53,1153,53.54,5354,1.731843592,4.130093701,35431
BD30,Dhaka,BD3093,Tangail,33,5/1/2025,5/15/2025,5.56,556,25.65,2565,0.297300448,0.699005329,19519
BD40,Khulna,BD4001,Bagerhat,33,5/1/2025,5/15/2025,187.91,18791,623.65,62365,18.36060369,15.74207981,208356
BD40,Khulna,BD4018,Chuadanga,33,5/1/2025,5/15/2025,1.08,108,1.61,161,0.163149233,0.12682469,934
BD40,Khulna,BD4041,Jessore,33,5/1/2025,5/15/2025,25.29,2529,84.95,8495,1.663912035,3.009084867,44153
BD40,Khulna,BD4044,Jhenaidah,33,5/1/2025,5/15/2025,9.3,930,12.71,1271,0.746267459,0.595727416,9015
BD40,Khulna,BD4047,Khulna,33,5/1/2025,5/15/2025,140.36,14036,519.67,51967,11.3045913,13.18418507,189087
BD40,Khulna,BD4050,Kushtia,33,5/1/2025,5/15/2025,6.09,609,18.64,1864,0.647300248,1.050471472,13444
BD40,Khulna,BD4055,Magura,33,5/1/2025,5/15/2025,0.51,51,1.37,137,0.072259635,0.120321575,905
BD40,Khulna,BD4057,Meherpur,33,5/1/2025,5/15/2025,0.25,25,0.44,44,0.053544688,0.057666564,335
BD40,Khulna,BD4065,Narail,33,5/1/2025,5/15/2025,7.32,732,14.66,1466,1.099422653,1.347682173,8188
BD40,Khulna,BD4087,Satkhira,33,5/1/2025,5/15/2025,130.71,13071,603.07,60307,12.91562553,16.3695951,293272
BD45,Mymensingh,BD4539,Jamalpur,33,5/1/2025,5/15/2025,2.99,299,21.1,2110,0.206616391,0.930929737,12673
BD45,Mymensingh,BD4561,Mymensingh,33,5/1/2025,5/15/2025,10.39,1039,20.5,2050,0.355195127,0.426433294,19453
BD45,Mymensingh,BD4572,Netrakona,33,5/1/2025,5/15/2025,2.02,202,3.46,346,0.088810146,0.112489638,1406
BD45,Mymensingh,BD4589,Sherpur,33,5/1/2025,5/15/2025,0.12,12,0.12,12,0.012260615,0.012260615,153
BD50,Rajshahi,BD5010,Bogra,33,5/1/2025,5/15/2025,11.59,1159,60.78,6078,0.567634241,1.885768992,36109
BD50,Rajshahi,BD5038,Joypurhat,33,5/1/2025,5/15/2025,1.84,184,3.03,303,0.233010692,0.284552694,2124
BD50,Rajshahi,BD5064,Naogaon,33,5/1/2025,5/15/2025,8.18,818,10.38,1038,0.290379024,0.277025027,5116
BD50,Rajshahi,BD5069,Natore,33,5/1/2025,5/15/2025,7.12,712,14.61,1461,0.54991456,0.695691499,8450
BD50,Rajshahi,BD5070,Nawabganj,33,5/1/2025,5/15/2025,5.41,541,15.71,1571,0.596772071,0.843022979,11632
BD50,Rajshahi,BD5076,Pabna,33,5/1/2025,5/15/2025,18.73,1873,37.28,3728,1.139848531,1.418397727,24675
BD50,Rajshahi,BD5081,Rajshahi,33,5/1/2025,5/15/2025,21.13,2113,47.5,4750,1.452603342,1.765273702,34153
BD50,Rajshahi,BD5088,Sirajganj,33,5/1/2025,5/15/2025,37.83,3783,144.25,14425,2.301076777,5.243759045,128381
BD55,Rangpur,BD5527,Dinajpur,33,5/1/2025,5/15/2025,6.11,611,8.05,805,0.214894687,0.210901242,4480
BD55,Rangpur,BD5532,Gaibandha,33,5/1/2025,5/15/2025,31.32,3132,130.45,13045,2.273165979,5.422793431,79448
BD55,Rangpur,BD5549,Kurigram,33,5/1/2025,5/15/2025,29.83,2983,129.02,12902,2.306321409,5.091905047,84841
BD55,Rangpur,BD5552,Lalmonirhat,33,5/1/2025,5/15/2025,0.94,94,5.11,511,0.107652977,0.361105913,3686
BD55,Rangpur,BD5573,Nilphamari,33,5/1/2025,5/15/2025,2.9,290,4.48,448,0.249461432,0.252501381,3707
BD55,Rangpur,BD5577,Panchagarh,33,5/1/2025,5/15/2025,1.49,149,2,200,0.150642075,0.136690429,1049
BD55,Rangpur,BD5585,Rangpur,33,5/1/2025,5/15/2025,1.51,151,3.11,311,0.089066223,0.119188232,3685
BD55,Rangpur,BD5594,Thakurgaon,33,5/1/2025,5/15/2025,1.05,105,1.64,164,0.072663112,0.082300259,766
BD60,Sylhet,BD6036,Habiganj,33,5/1/2025,5/15/2025,8.84,884,9.03,903,0.461242466,0.442439311,6682
BD60,Sylhet,BD6058,Maulvibazar,33,5/1/2025,5/15/2025,17.69,1769,42.13,4213,1.414327354,1.425088546,17911
BD60,Sylhet,BD6090,Sunamganj,33,5/1/2025,5/15/2025,23.83,2383,52.71,5271,0.989539894,1.288467813,29376
BD60,Sylhet,BD6091,Sylhet,33,5/1/2025,5/15/2025,230.8,23080,308.8,30880,10.21796219,8.158237398,195897
BD10,Barisal,BD1004,Barguna,32,4/16/2025,4/30/2025,13.09,1309,66.34,6634,1.64711092,4.544763612,26894
BD10,Barisal,BD1006,Barisal,32,4/16/2025,4/30/2025,36.35,3635,165.49,16549,3.828641422,6.840757672,103108
BD10,Barisal,BD1009,Bhola,32,4/16/2025,4/30/2025,51.07,5107,225.96,22596,6.334784907,10.67568007,127160
BD10,Barisal,BD1042,Jhalokati,32,4/16/2025,4/30/2025,7.16,716,27.86,2786,2.30069177,3.466460145,18754
BD10,Barisal,BD1078,Patuakhali,32,4/16/2025,4/30/2025,61.06,6106,231,23100,4.05901935,8.13304005,63850
BD10,Barisal,BD1079,Pirojpur,32,4/16/2025,4/30/2025,10.24,1024,56.47,5647,2.000486331,4.090741315,31088
BD20,Chattogram,BD2003,Bandarban,32,4/16/2025,4/30/2025,0,0,1.34,134,0,0.027453886,78
BD20,Chattogram,BD2012,Brahamanbaria,32,4/16/2025,4/30/2025,6.92,692,17.37,1737,0.463350769,0.827167325,7754
BD20,Chattogram,BD2013,Chandpur,32,4/16/2025,4/30/2025,12.63,1263,42.16,4216,1.987052217,2.640033794,11040
BD20,Chattogram,BD2015,Chattogram,32,4/16/2025,4/30/2025,32.16,3216,128.27,12827,2.434115225,2.650998324,153476
BD20,Chattogram,BD2019,Comilla,32,4/16/2025,4/30/2025,1.9,190,7.29,729,0.103006782,0.216203106,6189
BD20,Chattogram,BD2022,Cox's Bazar,32,4/16/2025,4/30/2025,85.14,8514,272.55,27255,14.93956792,11.61418414,299383
BD20,Chattogram,BD2030,Feni,32,4/16/2025,4/30/2025,9.77,977,30.4,3040,2.199825593,3.071603061,18112
BD20,Chattogram,BD2046,Khagrachhari,32,4/16/2025,4/30/2025,0.01,1,0.28,28,0.004662424,0.009030924,50
BD20,Chattogram,BD2051,Lakshmipur,32,4/16/2025,4/30/2025,7.65,765,46.74,4674,1.618133715,3.44609171,51088
BD20,Chattogram,BD2075,Noakhali,32,4/16/2025,4/30/2025,46.97,4697,203.81,20381,4.062113348,6.989184959,96024
BD20,Chattogram,BD2084,Rangamati,32,4/16/2025,4/30/2025,1.09,109,32.98,3298,0.498240697,0.525022692,7738
BD30,Dhaka,BD3026,Dhaka,32,4/16/2025,4/30/2025,2.2,220,12.94,1294,0.341112025,0.798593476,29177
BD30,Dhaka,BD3029,Faridpur,32,4/16/2025,4/30/2025,4.4,440,9.2,920,0.32906033,0.411828284,6091
BD30,Dhaka,BD3033,Gazipur,32,4/16/2025,4/30/2025,2.39,239,5.63,563,0.355385672,0.281563893,8026
BD30,Dhaka,BD3035,Gopalganj,32,4/16/2025,4/30/2025,12.98,1298,18.9,1890,1.176660298,1.176488796,7281
BD30,Dhaka,BD3048,Kishoreganj,32,4/16/2025,4/30/2025,11.35,1135,26.73,2673,0.555624549,0.945068663,24474
BD30,Dhaka,BD3054,Madaripur,32,4/16/2025,4/30/2025,1.37,137,2.8,280,0.194645155,0.227909693,852
BD30,Dhaka,BD3056,Manikganj,32,4/16/2025,4/30/2025,17.33,1733,65,6500,2.094813571,4.306608044,33101
BD30,Dhaka,BD3059,Munshiganj,32,4/16/2025,4/30/2025,4.98,498,25,2500,0.894425907,2.446517121,13943
BD30,Dhaka,BD3067,Narayanganj,32,4/16/2025,4/30/2025,4.8,480,22.14,2214,1.586880337,2.868277055,40727
BD30,Dhaka,BD3068,Narsingdi,32,4/16/2025,4/30/2025,5.82,582,24.74,2474,1.009397511,1.926757911,19994
BD30,Dhaka,BD3082,Rajbari,32,4/16/2025,4/30/2025,6.57,657,30.16,3016,0.992016792,2.427694735,18866
BD30,Dhaka,BD3086,Shariatpur,32,4/16/2025,4/30/2025,14.82,1482,55.05,5505,2.226012318,4.246575612,36751
BD30,Dhaka,BD3093,Tangail,32,4/16/2025,4/30/2025,5.9,590,24.39,2439,0.315480691,0.657116927,20352
BD40,Khulna,BD4001,Bagerhat,32,4/16/2025,4/30/2025,159.56,15956,580.87,58087,15.59053762,14.66267759,184840
BD40,Khulna,BD4018,Chuadanga,32,4/16/2025,4/30/2025,1.95,195,3.55,355,0.294575004,0.279237492,2225
BD40,Khulna,BD4041,Jessore,32,4/16/2025,4/30/2025,31.35,3135,100.31,10031,2.062619308,3.55316425,51512
BD40,Khulna,BD4044,Jhenaidah,32,4/16/2025,4/30/2025,5.94,594,8.24,824,0.476648248,0.386558017,5374
BD40,Khulna,BD4047,Khulna,32,4/16/2025,4/30/2025,136.2,13620,549.07,54907,10.96954499,13.93007196,174349
BD40,Khulna,BD4050,Kushtia,32,4/16/2025,4/30/2025,6.17,617,16.82,1682,0.655803371,0.948316832,10277
BD40,Khulna,BD4055,Magura,32,4/16/2025,4/30/2025,1.7,170,3.22,322,0.240865449,0.281827114,2224
BD40,Khulna,BD4057,Meherpur,32,4/16/2025,4/30/2025,1.44,144,1.98,198,0.308417401,0.259189338,1405
BD40,Khulna,BD4065,Narail,32,4/16/2025,4/30/2025,12.72,1272,22.95,2295,1.910472151,2.109775298,12866
BD40,Khulna,BD4087,Satkhira,32,4/16/2025,4/30/2025,109.53,10953,572.29,57229,10.82280211,15.53410978,243083
BD45,Mymensingh,BD4539,Jamalpur,32,4/16/2025,4/30/2025,5.44,544,18.23,1823,0.375917447,0.796565187,13603
BD45,Mymensingh,BD4561,Mymensingh,32,4/16/2025,4/30/2025,14.79,1479,26.93,2693,0.505614622,0.560187737,31006
BD45,Mymensingh,BD4572,Netrakona,32,4/16/2025,4/30/2025,4.4,440,6.09,609,0.193447842,0.197347483,3481
BD45,Mymensingh,BD4589,Sherpur,32,4/16/2025,4/30/2025,1.1,110,1.44,144,0.112388975,0.100369783,1068
BD50,Rajshahi,BD5010,Bogra,32,4/16/2025,4/30/2025,11.21,1121,38.11,3811,0.549023282,1.182406322,25147
BD50,Rajshahi,BD5038,Joypurhat,32,4/16/2025,4/30/2025,0.19,19,0.21,21,0.024060887,0.020326079,190
BD50,Rajshahi,BD5064,Naogaon,32,4/16/2025,4/30/2025,8.05,805,9.48,948,0.285764199,0.248999816,5231
BD50,Rajshahi,BD5069,Natore,32,4/16/2025,4/30/2025,17,1700,30.8,3080,1.312998246,1.466618628,19191
BD50,Rajshahi,BD5070,Nawabganj,32,4/16/2025,4/30/2025,9.68,968,24.7,2470,1.067791802,1.325440329,20430
BD50,Rajshahi,BD5076,Pabna,32,4/16/2025,4/30/2025,21.31,2131,37.62,3762,1.296859167,1.431333758,26730
BD50,Rajshahi,BD5081,Rajshahi,32,4/16/2025,4/30/2025,42.55,4255,81.94,8194,2.925143028,3.045190045,62014
BD50,Rajshahi,BD5088,Sirajganj,32,4/16/2025,4/30/2025,36.5,3650,112.36,11236,2.22017717,4.084497513,101222
BD55,Rangpur,BD5527,Dinajpur,32,4/16/2025,4/30/2025,10.68,1068,13.67,1367,0.375626064,0.354746619,10055
BD55,Rangpur,BD5532,Gaibandha,32,4/16/2025,4/30/2025,18.11,1811,69.82,6982,1.31440089,2.902410405,43855
BD55,Rangpur,BD5549,Kurigram,32,4/16/2025,4/30/2025,26.22,2622,87.07,8707,2.027212449,3.43056331,63142
BD55,Rangpur,BD5552,Lalmonirhat,32,4/16/2025,4/30/2025,6.01,601,16.4,1640,0.688291906,1.15139057,14474
BD55,Rangpur,BD5573,Nilphamari,32,4/16/2025,4/30/2025,4.8,480,9.21,921,0.41290168,0.51909324,7888
BD55,Rangpur,BD5577,Panchagarh,32,4/16/2025,4/30/2025,0.41,41,0.77,77,0.041451846,0.052625815,375
BD55,Rangpur,BD5585,Rangpur,32,4/16/2025,4/30/2025,2.73,273,7.27,727,0.161027013,0.278616865,7112
BD55,Rangpur,BD5594,Thakurgaon,32,4/16/2025,4/30/2025,1.14,114,1.57,157,0.078891378,0.077466729,793
BD60,Sylhet,BD6036,Habiganj,32,4/16/2025,4/30/2025,9.03,903,9.12,912,0.471156048,0.46109681,7232
BD60,Sylhet,BD6058,Maulvibazar,32,4/16/2025,4/30/2025,10.76,1076,28.09,2809,0.860269211,0.950171784,11648
BD60,Sylhet,BD6090,Sunamganj,32,4/16/2025,4/30/2025,17.05,1705,37.36,3736,0.708000638,0.913245257,22321
BD60,Sylhet,BD6091,Sylhet,32,4/16/2025,4/30/2025,222.49,22249,295.35,29535,9.850062421,7.802899662,191789
BD10,Barisal,BD1004,Barguna,31,4/1/2025,4/15/2025,22.75,2275,87.01,8701,2.862625931,5.960806179,40415
BD10,Barisal,BD1006,Barisal,31,4/1/2025,4/15/2025,53.56,5356,193.46,19346,5.641321447,7.997828868,135627
BD10,Barisal,BD1009,Bhola,31,4/1/2025,4/15/2025,61.58,6158,231.43,23143,7.638458089,10.93411506,129288
BD10,Barisal,BD1042,Jhalokati,31,4/1/2025,4/15/2025,23.73,2373,59.83,5983,7.625058059,7.443192701,43949
BD10,Barisal,BD1078,Patuakhali,31,4/1/2025,4/15/2025,80.79,8079,278.43,27843,5.370589147,9.802953857,89769
BD10,Barisal,BD1079,Pirojpur,31,4/1/2025,4/15/2025,15.81,1581,59.28,5928,3.088641494,4.294300427,40187
BD20,Chattogram,BD2012,Brahamanbaria,31,4/1/2025,4/15/2025,3.24,324,7.85,785,0.21694458,0.37758765,5144
BD20,Chattogram,BD2013,Chandpur,31,4/1/2025,4/15/2025,16.72,1672,44.35,4435,2.6305236,2.759861216,25376
BD20,Chattogram,BD2015,Chattogram,31,4/1/2025,4/15/2025,32.87,3287,128.11,12811,2.487853466,2.647691551,184211
BD20,Chattogram,BD2019,Comilla,31,4/1/2025,4/15/2025,6.67,667,16.21,1621,0.361608018,0.479423193,17106
BD20,Chattogram,BD2022,Cox's Bazar,31,4/1/2025,4/15/2025,78.99,7899,236.95,23695,13.86042366,10.0971599,269196
BD20,Chattogram,BD2030,Feni,31,4/1/2025,4/15/2025,12.96,1296,35.39,3539,2.918090039,3.575790538,26576
BD20,Chattogram,BD2051,Lakshmipur,31,4/1/2025,4/15/2025,11.35,1135,53.81,5381,2.400760479,3.967355475,62626
BD20,Chattogram,BD2075,Noakhali,31,4/1/2025,4/15/2025,44.82,4482,196.25,19625,3.876174585,6.729932526,92417
BD20,Chattogram,BD2084,Rangamati,31,4/1/2025,4/15/2025,1.84,184,44.84,4484,0.841066864,0.713827092,14203
BD30,Dhaka,BD3026,Dhaka,31,4/1/2025,4/15/2025,3.96,396,18.95,1895,0.614001645,1.169501266,109526
BD30,Dhaka,BD3029,Faridpur,31,4/1/2025,4/15/2025,6.67,667,13.88,1388,0.498825545,0.622654184,10464
BD30,Dhaka,BD3033,Gazipur,31,4/1/2025,4/15/2025,5.68,568,12.78,1278,0.844598584,0.639145036,21555
BD30,Dhaka,BD3035,Gopalganj,31,4/1/2025,4/15/2025,25.99,2599,34.97,3497,2.35604015,2.175034183,13700
BD30,Dhaka,BD3048,Kishoreganj,31,4/1/2025,4/15/2025,14.14,1414,28.2,2820,0.692205386,0.997042136,37570
BD30,Dhaka,BD3054,Madaripur,31,4/1/2025,4/15/2025,3.45,345,7.37,737,0.490164806,0.59665265,4485
BD30,Dhaka,BD3056,Manikganj,31,4/1/2025,4/15/2025,19.25,1925,56.86,5686,2.326899091,3.767288206,32320
BD30,Dhaka,BD3059,Munshiganj,31,4/1/2025,4/15/2025,7.86,786,26.61,2661,1.411684263,2.604072824,29310
BD30,Dhaka,BD3067,Narayanganj,31,4/1/2025,4/15/2025,6.86,686,24.91,2491,2.267916482,3.227135566,73508
BD30,Dhaka,BD3068,Narsingdi,31,4/1/2025,4/15/2025,10.43,1043,25.35,2535,1.808937463,1.974264877,31888
BD30,Dhaka,BD3082,Rajbari,31,4/1/2025,4/15/2025,4.76,476,20.87,2087,0.71872145,1.679906801,13573
BD30,Dhaka,BD3086,Shariatpur,31,4/1/2025,4/15/2025,17.74,1774,55.02,5502,2.664605839,4.242167052,41921
BD30,Dhaka,BD3093,Tangail,31,4/1/2025,4/15/2025,10.97,1097,31.89,3189,0.5865802,0.859182403,29334
BD40,Khulna,BD4001,Bagerhat,31,4/1/2025,4/15/2025,132.91,13291,628.09,62809,12.98657781,15.85415362,171746
BD40,Khulna,BD4018,Chuadanga,31,4/1/2025,4/15/2025,3.65,365,6.37,637,0.551383981,0.49870169,4359
BD40,Khulna,BD4041,Jessore,31,4/1/2025,4/15/2025,50.91,5091,137.54,13754,3.349535853,4.87191916,80203
BD40,Khulna,BD4044,Jhenaidah,31,4/1/2025,4/15/2025,10.67,1067,15.31,1531,0.856201483,0.714550595,8811
BD40,Khulna,BD4047,Khulna,31,4/1/2025,4/15/2025,142.5,14250,618.63,61863,11.47694685,15.6948302,188498
BD40,Khulna,BD4050,Kushtia,31,4/1/2025,4/15/2025,8.35,835,18.91,1891,0.887513476,1.066151682,13513
BD40,Khulna,BD4055,Magura,31,4/1/2025,4/15/2025,3.17,317,6.62,662,0.449143219,0.576837302,4804
BD40,Khulna,BD4057,Meherpur,31,4/1/2025,4/15/2025,2.13,213,3.1,310,0.456200739,0.405801488,2274
BD40,Khulna,BD4065,Narail,31,4/1/2025,4/15/2025,28.73,2873,47.11,4711,4.315083718,4.330784936,26466
BD40,Khulna,BD4087,Satkhira,31,4/1/2025,4/15/2025,104.2,10420,708.09,70809,10.29613787,19.22023413,238366
BD45,Mymensingh,BD4539,Jamalpur,31,4/1/2025,4/15/2025,9.29,929,23.65,2365,0.641961964,1.033393673,17200
BD45,Mymensingh,BD4561,Mymensingh,31,4/1/2025,4/15/2025,22.72,2272,42.1,4210,0.776711576,0.875748375,47130
BD45,Mymensingh,BD4572,Netrakona,31,4/1/2025,4/15/2025,1.17,117,2.27,227,0.05143954,0.073801005,1260
BD45,Mymensingh,BD4589,Sherpur,31,4/1/2025,4/15/2025,0.93,93,1.36,136,0.09501977,0.094417084,1121
BD50,Rajshahi,BD5010,Bogra,31,4/1/2025,4/15/2025,20.64,2064,46.59,4659,1.010868915,1.445508018,39406
BD50,Rajshahi,BD5038,Joypurhat,31,4/1/2025,4/15/2025,0.54,54,0.72,72,0.068383573,0.069689413,501
BD50,Rajshahi,BD5064,Naogaon,31,4/1/2025,4/15/2025,25.4,2540,32.25,3225,0.901665919,0.845723941,19453
BD50,Rajshahi,BD5069,Natore,31,4/1/2025,4/15/2025,23.57,2357,42.92,4292,1.820433451,2.043742582,27371
BD50,Rajshahi,BD5070,Nawabganj,31,4/1/2025,4/15/2025,12.15,1215,39.18,3918,1.340255206,2.102459599,32984
BD50,Rajshahi,BD5076,Pabna,31,4/1/2025,4/15/2025,36.32,3632,57.4,5740,2.210320269,2.183906372,45180
BD50,Rajshahi,BD5081,Rajshahi,31,4/1/2025,4/15/2025,77.34,7734,140.5,14050,5.316816963,5.221493792,111601
BD50,Rajshahi,BD5088,Sirajganj,31,4/1/2025,4/15/2025,41.27,4127,114.27,11427,2.510320872,4.153929609,111011
BD55,Rangpur,BD5527,Dinajpur,31,4/1/2025,4/15/2025,10.78,1078,13.95,1395,0.379143162,0.362012826,10772
BD55,Rangpur,BD5532,Gaibandha,31,4/1/2025,4/15/2025,22.48,2248,78.29,7829,1.631569962,3.254507457,52060
BD55,Rangpur,BD5549,Kurigram,31,4/1/2025,4/15/2025,21.09,2109,80.58,8058,1.630583926,3.174856914,57475
BD55,Rangpur,BD5552,Lalmonirhat,31,4/1/2025,4/15/2025,3.34,334,8.3,830,0.382511641,0.582715959,8131
BD55,Rangpur,BD5573,Nilphamari,31,4/1/2025,4/15/2025,2.79,279,4.88,488,0.239999101,0.275046147,4209
BD55,Rangpur,BD5577,Panchagarh,31,4/1/2025,4/15/2025,0.09,9,0.13,13,0.009099186,0.008884878,118
BD55,Rangpur,BD5585,Rangpur,31,4/1/2025,4/15/2025,3,300,5.3,530,0.176952761,0.203118209,5361
BD55,Rangpur,BD5594,Thakurgaon,31,4/1/2025,4/15/2025,1.98,198,2.36,236,0.137021868,0.116712451,1284
BD60,Sylhet,BD6036,Habiganj,31,4/1/2025,4/15/2025,2.63,263,3.01,301,0.137224851,0.109884236,2153
BD60,Sylhet,BD6058,Maulvibazar,31,4/1/2025,4/15/2025,8.54,854,18.86,1886,0.682778723,0.640186552,9100
BD60,Sylhet,BD6090,Sunamganj,31,4/1/2025,4/15/2025,9.04,904,17.84,1784,0.375385675,0.436089277,13064
BD60,Sylhet,BD6091,Sylhet,31,4/1/2025,4/15/2025,90.76,9076,116.71,11671,4.018120659,3.083820411,81787
BD10,Barisal,BD1004,Barguna,30,3/16/2025,3/31/2025,24.79,2479,92.56,9256,3.119318542,6.341020802,43412
BD10,Barisal,BD1006,Barisal,30,3/16/2025,3/31/2025,49.78,4978,188.55,18855,5.24318487,7.794844583,133968
BD10,Barisal,BD1009,Bhola,30,3/16/2025,3/31/2025,54.34,5434,230.85,23085,6.740399684,10.90671245,125412
BD10,Barisal,BD1042,Jhalokati,30,3/16/2025,3/31/2025,17.77,1777,50.63,5063,5.709957089,6.298660312,39320
BD10,Barisal,BD1078,Patuakhali,30,3/16/2025,3/31/2025,78.13,7813,275.33,27533,5.193763214,9.693809164,93429
BD10,Barisal,BD1079,Pirojpur,30,3/16/2025,3/31/2025,15.14,1514,60.32,6032,2.957750299,4.369639031,39576
BD20,Chattogram,BD2012,Brahamanbaria,30,3/16/2025,3/31/2025,3.58,358,8.67,867,0.239710369,0.417029926,5585
BD20,Chattogram,BD2013,Chandpur,30,3/16/2025,3/31/2025,15.71,1571,44.81,4481,2.471622354,2.788486608,29487
BD20,Chattogram,BD2015,Chattogram,30,3/16/2025,3/31/2025,34.76,3476,127.19,12719,2.630903148,2.628677608,190587
BD20,Chattogram,BD2019,Comilla,30,3/16/2025,3/31/2025,6.29,629,16.12,1612,0.341006662,0.476761374,17202
BD20,Chattogram,BD2022,Cox's Bazar,30,3/16/2025,3/31/2025,80.36,8036,237.08,23708,14.10081839,10.1026996,269522
BD20,Chattogram,BD2030,Feni,30,3/16/2025,3/31/2025,12.8,1280,34.36,3436,2.882064236,3.471719776,24104
BD20,Chattogram,BD2046,Khagrachhari,30,3/16/2025,3/31/2025,0.01,1,0.16,16,0.004662424,0.005160528,45
BD20,Chattogram,BD2051,Lakshmipur,30,3/16/2025,3/31/2025,11.12,1112,52.82,5282,2.352110707,3.894363802,61051
BD20,Chattogram,BD2075,Noakhali,30,3/16/2025,3/31/2025,43.45,4345,191.74,19174,3.757692676,6.575272676,90794
BD20,Chattogram,BD2084,Rangamati,30,3/16/2025,3/31/2025,2.64,264,59.87,5987,1.20674811,0.953096075,18934
BD30,Dhaka,BD3026,Dhaka,30,3/16/2025,3/31/2025,4.41,441,18.56,1856,0.68377456,1.145432374,80886
BD30,Dhaka,BD3029,Faridpur,30,3/16/2025,3/31/2025,8,800,16.37,1637,0.598291508,0.731344641,11771
BD30,Dhaka,BD3033,Gazipur,30,3/16/2025,3/31/2025,5.84,584,14.49,1449,0.868390093,0.724664442,21433
BD30,Dhaka,BD3035,Gopalganj,30,3/16/2025,3/31/2025,29.29,2929,39,3900,2.655191074,2.42568868,15306
BD30,Dhaka,BD3048,Kishoreganj,30,3/16/2025,3/31/2025,20.95,2095,36.98,3698,1.025580115,1.30746873,38806
BD30,Dhaka,BD3054,Madaripur,30,3/16/2025,3/31/2025,3.13,313,6.8,680,0.444700245,0.550933045,3779
BD30,Dhaka,BD3056,Manikganj,30,3/16/2025,3/31/2025,38.94,3894,79.54,7954,4.706984447,5.269963135,51995
BD30,Dhaka,BD3059,Munshiganj,30,3/16/2025,3/31/2025,7.47,747,25.8,2580,1.341638861,2.524805669,26848
BD30,Dhaka,BD3067,Narayanganj,30,3/16/2025,3/31/2025,5.69,569,21.96,2196,1.8811144,2.844957729,56713
BD30,Dhaka,BD3068,Narsingdi,30,3/16/2025,3/31/2025,10.74,1074,27.31,2731,1.862702623,2.126910208,39512
BD30,Dhaka,BD3082,Rajbari,30,3/16/2025,3/31/2025,5.09,509,21.74,2174,0.768548778,1.749936457,14547
BD30,Dhaka,BD3086,Shariatpur,30,3/16/2025,3/31/2025,16.21,1621,53.94,5394,2.43479485,4.160949837,40210
BD30,Dhaka,BD3093,Tangail,30,3/16/2025,3/31/2025,14.84,1484,33.85,3385,0.793514145,0.911988847,30267
BD40,Khulna,BD4001,Bagerhat,30,3/16/2025,3/31/2025,135.38,13538,620.45,62045,13.22792043,15.66178028,176624
BD40,Khulna,BD4018,Chuadanga,30,3/16/2025,3/31/2025,5.44,544,8.62,862,0.821788728,0.675099643,6199
BD40,Khulna,BD4041,Jessore,30,3/16/2025,3/31/2025,63.18,6318,160.98,16098,4.156819391,5.702206968,95415
BD40,Khulna,BD4044,Jhenaidah,30,3/16/2025,3/31/2025,10.33,1033,15.66,1566,0.828918586,0.730885847,9455
BD40,Khulna,BD4047,Khulna,30,3/16/2025,3/31/2025,157.92,15792,873.69,87369,12.71887331,22.16577955,217444
BD40,Khulna,BD4050,Kushtia,30,3/16/2025,3/31/2025,22.88,2288,39.32,3932,2.431893214,2.216873831,28076
BD40,Khulna,BD4055,Magura,30,3/16/2025,3/31/2025,3.77,377,8.03,803,0.534154554,0.702102116,6188
BD40,Khulna,BD4057,Meherpur,30,3/16/2025,3/31/2025,5.09,509,6.61,661,1.090169842,0.833448709,5509
BD40,Khulna,BD4065,Narail,30,3/16/2025,3/31/2025,40.31,4031,63.48,6348,6.054334309,5.835666052,34983
BD40,Khulna,BD4087,Satkhira,30,3/16/2025,3/31/2025,109.71,10971,"1,057.95",105795,10.84058815,28.71675451,272059
BD45,Mymensingh,BD4539,Jamalpur,30,3/16/2025,3/31/2025,7.57,757,19.91,1991,0.523105712,0.876873887,14696
BD45,Mymensingh,BD4561,Mymensingh,30,3/16/2025,3/31/2025,17.41,1741,35.11,3511,0.595182595,0.730345023,34586
BD45,Mymensingh,BD4572,Netrakona,30,3/16/2025,3/31/2025,1.88,188,3.78,378,0.082654987,0.122893304,1974
BD45,Mymensingh,BD4589,Sherpur,30,3/16/2025,3/31/2025,4.85,485,5.81,581,0.495533209,0.397415937,4485
BD50,Rajshahi,BD5010,Bogra,30,3/16/2025,3/31/2025,95.54,9554,134.63,13463,4.679186829,4.177049677,97370
BD50,Rajshahi,BD5038,Joypurhat,30,3/16/2025,3/31/2025,59.66,5966,69.31,6931,7.555118426,6.509025493,46485
BD50,Rajshahi,BD5064,Naogaon,30,3/16/2025,3/31/2025,15.85,1585,19.16,1916,0.562653733,0.502451805,10906
BD50,Rajshahi,BD5069,Natore,30,3/16/2025,3/31/2025,26.11,2611,47.39,4739,2.016610836,2.256592753,28715
BD50,Rajshahi,BD5070,Nawabganj,30,3/16/2025,3/31/2025,16.55,1655,45.52,4552,1.825615116,2.442673838,34256
BD50,Rajshahi,BD5076,Pabna,30,3/16/2025,3/31/2025,64.86,6486,95.65,9565,3.947174357,3.639209834,73525
BD50,Rajshahi,BD5081,Rajshahi,30,3/16/2025,3/31/2025,109.21,10921,202.87,20287,7.507752529,7.539391072,166418
BD50,Rajshahi,BD5088,Sirajganj,30,3/16/2025,3/31/2025,138.41,13841,236.94,23694,8.419033484,8.61321503,283844
BD55,Rangpur,BD5527,Dinajpur,30,3/16/2025,3/31/2025,12.19,1219,16,1600,0.428734244,0.415211844,10762
BD55,Rangpur,BD5532,Gaibandha,30,3/16/2025,3/31/2025,42.39,4239,102.82,10282,3.076612576,4.274217099,69471
BD55,Rangpur,BD5549,Kurigram,30,3/16/2025,3/31/2025,22.64,2264,80.28,8028,1.750422954,3.163036896,58490
BD55,Rangpur,BD5552,Lalmonirhat,30,3/16/2025,3/31/2025,1.52,152,4.2,420,0.174077154,0.294725203,3412
BD55,Rangpur,BD5573,Nilphamari,30,3/16/2025,3/31/2025,5.8,580,8.62,862,0.498922863,0.48583971,6422
BD55,Rangpur,BD5577,Panchagarh,30,3/16/2025,3/31/2025,2.21,221,3.9,390,0.223435562,0.257877617,2740
BD55,Rangpur,BD5585,Rangpur,30,3/16/2025,3/31/2025,9.88,988,12.76,1276,0.582764426,0.48901667,11708
BD55,Rangpur,BD5594,Thakurgaon,30,3/16/2025,3/31/2025,14.21,1421,16.41,1641,0.98337411,0.809700015,9423
BD60,Sylhet,BD6036,Habiganj,30,3/16/2025,3/31/2025,4.94,494,6.26,626,0.257753143,0.22128707,3377
BD60,Sylhet,BD6058,Maulvibazar,30,3/16/2025,3/31/2025,7.76,776,15.84,1584,0.6204172,0.537675238,8163
BD60,Sylhet,BD6090,Sunamganj,30,3/16/2025,3/31/2025,2.4,240,8.9,890,0.099659914,0.217555749,4033
BD60,Sylhet,BD6091,Sylhet,30,3/16/2025,3/31/2025,7.07,707,17.02,1702,0.313002568,0.449718305,11512
BD10,Barisal,BD1004,Barguna,29,1/3/2025,3/15/2025,21.21,2121,86.82,8682,2.668848176,5.947789823,40057
BD10,Barisal,BD1006,Barisal,29,1/3/2025,3/15/2025,43.92,4392,173.71,17371,4.625967848,7.180542722,120786
BD10,Barisal,BD1009,Bhola,29,1/3/2025,3/15/2025,40.14,4014,204.63,20463,4.979014415,9.667925353,113120
BD10,Barisal,BD1042,Jhalokati,29,1/3/2025,3/15/2025,11.91,1191,40.07,4007,3.826988685,4.984936178,31123
BD10,Barisal,BD1078,Patuakhali,29,1/3/2025,3/15/2025,59.2,5920,242.62,24262,3.935374149,8.54215661,80373
BD10,Barisal,BD1079,Pirojpur,29,1/3/2025,3/15/2025,12.07,1207,52.79,5279,2.357995119,3.824158562,33216
BD20,Chattogram,BD2012,Brahamanbaria,29,1/3/2025,3/15/2025,2.75,275,7.62,762,0.18413506,0.361159652,7401
BD20,Chattogram,BD2013,Chandpur,29,1/3/2025,3/15/2025,13.94,1394,42.87,4287,2.193151853,2.667762127,29902
BD20,Chattogram,BD2015,Chattogram,29,1/3/2025,3/15/2025,34.82,3482,117.46,11746,2.635444408,2.427678073,171042
BD20,Chattogram,BD2019,Comilla,29,1/3/2025,3/15/2025,4.45,445,12.88,1288,0.241252726,0.380935887,13793
BD20,Chattogram,BD2022,Cox's Bazar,29,1/3/2025,3/15/2025,73.22,7322,212.14,21214,12.84795822,9.039930374,237490
BD20,Chattogram,BD2030,Feni,29,1/3/2025,3/15/2025,12.29,1229,33.21,3321,2.767231989,3.355524265,21748
BD20,Chattogram,BD2051,Lakshmipur,29,1/3/2025,3/15/2025,13.07,1307,53.76,5376,2.764576164,3.963669027,61155
BD20,Chattogram,BD2075,Noakhali,29,1/3/2025,3/15/2025,38.99,3899,176.79,17679,3.371977846,6.062597561,78694
BD20,Chattogram,BD2084,Rangamati,29,1/3/2025,3/15/2025,3.17,317,66.12,6612,1.449011935,1.052592492,17247
BD30,Dhaka,BD3026,Dhaka,29,1/3/2025,3/15/2025,6.5,650,18.49,1849,1.007830984,1.141112317,64111
BD30,Dhaka,BD3029,Faridpur,29,1/3/2025,3/15/2025,8.7,870,17.3,1730,0.650642015,0.772893237,12511
BD30,Dhaka,BD3033,Gazipur,29,1/3/2025,3/15/2025,4.9,490,12.16,1216,0.728614976,0.608138,16919
BD30,Dhaka,BD3035,Gopalganj,29,1/3/2025,3/15/2025,32.49,3249,42.77,4277,2.945276818,2.660171919,16158
BD30,Dhaka,BD3048,Kishoreganj,29,1/3/2025,3/15/2025,11.97,1197,26.06,2606,0.585975846,0.921380073,26661
BD30,Dhaka,BD3054,Madaripur,29,1/3/2025,3/15/2025,5.96,596,11.12,1112,0.846777462,0.89609668,5376
BD30,Dhaka,BD3056,Manikganj,29,1/3/2025,3/15/2025,37.29,3729,77.71,7771,4.507535953,5.148715555,52087
BD30,Dhaka,BD3059,Munshiganj,29,1/3/2025,3/15/2025,6.27,627,23.04,2304,1.126114546,2.254710179,21378
BD30,Dhaka,BD3067,Narayanganj,29,1/3/2025,3/15/2025,4.8,480,19.45,1945,1.586880337,2.519782688,45467
BD30,Dhaka,BD3068,Narsingdi,29,1/3/2025,3/15/2025,8.58,858,22.18,2218,1.488080866,1.727384417,25387
BD30,Dhaka,BD3082,Rajbari,29,1/3/2025,3/15/2025,10.91,1091,31.46,3146,1.647321643,2.516670752,23022
BD30,Dhaka,BD3086,Shariatpur,29,1/3/2025,3/15/2025,15.42,1542,52.37,5237,2.316134275,4.039839506,40021
BD30,Dhaka,BD3093,Tangail,29,1/3/2025,3/15/2025,102.12,10212,146.51,14651,5.460489519,3.947281714,130141
BD40,Khulna,BD4001,Bagerhat,29,1/3/2025,3/15/2025,134.2,13420,566.97,56697,13.11262314,14.31137174,166371
BD40,Khulna,BD4018,Chuadanga,29,1/3/2025,3/15/2025,8.61,861,12.55,1255,1.300661939,0.982888692,9138
BD40,Khulna,BD4041,Jessore,29,1/3/2025,3/15/2025,63.46,6346,162.26,16226,4.175241509,5.747546916,92831
BD40,Khulna,BD4044,Jhenaidah,29,1/3/2025,3/15/2025,10.12,1012,14.39,1439,0.812067386,0.671612218,9288
BD40,Khulna,BD4047,Khulna,29,1/3/2025,3/15/2025,178.7,17870,813.06,81306,14.39249405,20.62757811,211443
BD40,Khulna,BD4050,Kushtia,29,1/3/2025,3/15/2025,48.16,4816,72.97,7297,5.118880122,4.112280222,52461
BD40,Khulna,BD4055,Magura,29,1/3/2025,3/15/2025,3.25,325,6.43,643,0.460478064,0.564245316,5275
BD40,Khulna,BD4057,Meherpur,29,1/3/2025,3/15/2025,9.47,947,11.59,1159,2.028272771,1.461372245,9339
BD40,Khulna,BD4065,Narail,29,1/3/2025,3/15/2025,42.75,4275,65.44,6544,6.420808526,6.015847297,35280
BD40,Khulna,BD4087,Satkhira,29,1/3/2025,3/15/2025,111.8,11180,"1,005.31",100531,11.04710377,27.2879063,271597
BD45,Mymensingh,BD4539,Jamalpur,29,1/3/2025,3/15/2025,59.78,5978,84.27,8427,4.13094577,3.68220232,69704
BD45,Mymensingh,BD4561,Mymensingh,29,1/3/2025,3/15/2025,15.98,1598,30.81,3081,0.546296258,0.640898039,27198
BD45,Mymensingh,BD4572,Netrakona,29,1/3/2025,3/15/2025,1.84,184,3.14,314,0.08089637,0.102085972,2003
BD45,Mymensingh,BD4589,Sherpur,29,1/3/2025,3/15/2025,28.61,2861,31.36,3136,2.923135076,2.132748613,19692
BD50,Rajshahi,BD5010,Bogra,29,1/3/2025,3/15/2025,281.25,28125,340.64,34064,13.77455825,10.56874547,247881
BD50,Rajshahi,BD5038,Joypurhat,29,1/3/2025,3/15/2025,64.73,6473,71.57,7157,8.197164192,6.721266116,45866
BD50,Rajshahi,BD5064,Naogaon,29,1/3/2025,3/15/2025,219.43,21943,243.2,24320,7.789470572,6.377676356,132782
BD50,Rajshahi,BD5069,Natore,29,1/3/2025,3/15/2025,29.07,2907,50.05,5005,2.245227001,2.383255271,29621
BD50,Rajshahi,BD5070,Nawabganj,29,1/3/2025,3/15/2025,58.32,5832,111.94,11194,6.433224988,6.006874108,87663
BD50,Rajshahi,BD5076,Pabna,29,1/3/2025,3/15/2025,127.79,12779,165.59,16559,7.776895022,6.300155548,128025
BD50,Rajshahi,BD5081,Rajshahi,29,1/3/2025,3/15/2025,138.05,13805,233.62,23362,9.490387662,8.682173521,181330
BD50,Rajshahi,BD5088,Sirajganj,29,1/3/2025,3/15/2025,327.06,32706,461.53,46153,19.89400398,16.77748431,527036
BD55,Rangpur,BD5527,Dinajpur,29,1/3/2025,3/15/2025,330.99,33099,363.35,36335,11.6412426,9.42920146,219145
BD55,Rangpur,BD5532,Gaibandha,29,1/3/2025,3/15/2025,38.77,3877,90.18,9018,2.813877555,3.748773566,61198
BD55,Rangpur,BD5549,Kurigram,29,1/3/2025,3/15/2025,42.75,4275,95.97,9597,3.305237689,3.781223853,68665
BD55,Rangpur,BD5552,Lalmonirhat,29,1/3/2025,3/15/2025,1.72,172,2.38,238,0.196982043,0.167092046,2511
BD55,Rangpur,BD5573,Nilphamari,29,1/3/2025,3/15/2025,15.91,1591,18.15,1815,1.368597026,1.022893815,16526
BD55,Rangpur,BD5577,Panchagarh,29,1/3/2025,3/15/2025,14.2,1420,16.45,1645,1.435649309,1.083892883,7822
BD55,Rangpur,BD5585,Rangpur,29,1/3/2025,3/15/2025,20.49,2049,23.03,2303,1.208587358,0.893478712,16848
BD55,Rangpur,BD5594,Thakurgaon,29,1/3/2025,3/15/2025,115.89,11589,131.74,13174,8.01993143,6.500297377,71119
BD60,Sylhet,BD6036,Habiganj,29,1/3/2025,3/15/2025,1.91,191,3.12,312,0.099657592,0.110706176,3664
BD60,Sylhet,BD6058,Maulvibazar,29,1/3/2025,3/15/2025,7.33,733,14.59,1459,0.586038412,0.493521051,8645
BD60,Sylhet,BD6090,Sunamganj,29,1/3/2025,3/15/2025,5.63,563,11.46,1146,0.233785548,0.280594889,7973
BD60,Sylhet,BD6091,Sylhet,29,1/3/2025,3/15/2025,4.6,460,14.06,1406,0.203650893,0.371506426,10403
BD10,Barisal,BD1004,Barguna,28,2/16/2025,2/28/2025,16.93,1693,80.11,8011,2.130297011,5.488106919,36194
BD10,Barisal,BD1006,Barisal,28,2/16/2025,2/28/2025,47.45,4745,183.62,18362,4.997772641,7.591033479,126051
BD10,Barisal,BD1009,Bhola,28,2/16/2025,2/28/2025,39.11,3911,191.28,19128,4.851251963,9.037192794,115524
BD10,Barisal,BD1042,Jhalokati,28,2/16/2025,2/28/2025,9.26,926,36.21,3621,2.975475669,4.505402795,26728
BD10,Barisal,BD1078,Patuakhali,28,2/16/2025,2/28/2025,44.39,4439,194.56,19456,2.950865853,6.850061784,67338
BD10,Barisal,BD1079,Pirojpur,28,2/16/2025,2/28/2025,10.09,1009,47.37,4737,1.971182332,3.429789329,29858
BD20,Chattogram,BD2012,Brahamanbaria,28,2/16/2025,2/28/2025,25.3,2530,33.77,3377,1.69404255,1.597944901,45654
BD20,Chattogram,BD2013,Chandpur,28,2/16/2025,2/28/2025,14.19,1419,41.19,4119,2.232483845,2.563217215,22830
BD20,Chattogram,BD2015,Chattogram,28,2/16/2025,2/28/2025,45.28,4528,114.5,11450,3.427137357,2.366500421,144002
BD20,Chattogram,BD2019,Comilla,28,2/16/2025,2/28/2025,17.17,1717,27.2,2720,0.930856023,0.804460879,31268
BD20,Chattogram,BD2022,Cox's Bazar,28,2/16/2025,2/28/2025,89.44,8944,209.12,20912,15.69409155,8.911238992,236138
BD20,Chattogram,BD2030,Feni,28,2/16/2025,2/28/2025,13.16,1316,34.69,3469,2.963122293,3.505062836,23805
BD20,Chattogram,BD2046,Khagrachhari,28,2/16/2025,2/28/2025,0.4,40,2.01,201,0.186496962,0.064499456,1138
BD20,Chattogram,BD2051,Lakshmipur,28,2/16/2025,2/28/2025,24.15,2415,67.93,6793,5.108226042,5.008408427,73105
BD20,Chattogram,BD2075,Noakhali,28,2/16/2025,2/28/2025,35.92,3592,171.25,17125,3.10647459,5.872616281,78847
BD20,Chattogram,BD2084,Rangamati,28,2/16/2025,2/28/2025,5.39,539,86.35,8635,2.46377739,1.374642493,19818
BD30,Dhaka,BD3026,Dhaka,28,2/16/2025,2/28/2025,7.86,786,20.81,2081,1.218700235,1.284291364,80978
BD30,Dhaka,BD3029,Faridpur,28,2/16/2025,2/28/2025,9.91,991,18.4,1840,0.741133606,0.822036738,12389
BD30,Dhaka,BD3033,Gazipur,28,2/16/2025,2/28/2025,6.81,681,15.13,1513,1.012626119,0.756671705,27864
BD30,Dhaka,BD3035,Gopalganj,28,2/16/2025,2/28/2025,85.86,8586,107.12,10712,7.783363113,6.644748923,40754
BD30,Dhaka,BD3048,Kishoreganj,28,2/16/2025,2/28/2025,17.11,1711,32.82,3282,0.837597889,1.160387337,33269
BD30,Dhaka,BD3054,Madaripur,28,2/16/2025,2/28/2025,28.04,2804,35.81,3581,3.983832222,2.885525451,17038
BD30,Dhaka,BD3056,Manikganj,28,2/16/2025,2/28/2025,19.23,1923,53.95,5395,2.324481533,3.574484676,32183
BD30,Dhaka,BD3059,Munshiganj,28,2/16/2025,2/28/2025,6.44,644,23.84,2384,1.156647157,2.332998727,22513
BD30,Dhaka,BD3067,Narayanganj,28,2/16/2025,2/28/2025,5.3,530,18.01,1801,1.752180372,2.333228083,36969
BD30,Dhaka,BD3068,Narsingdi,28,2/16/2025,2/28/2025,13.67,1367,31.74,3174,2.370870098,2.47191981,39498
BD30,Dhaka,BD3082,Rajbari,28,2/16/2025,2/28/2025,15.18,1518,37.75,3775,2.292057062,3.01984491,29319
BD30,Dhaka,BD3086,Shariatpur,28,2/16/2025,2/28/2025,15.98,1598,54.18,5418,2.4002481,4.179463518,41368
BD30,Dhaka,BD3093,Tangail,28,2/16/2025,2/28/2025,175.25,17525,246.47,24647,9.370845948,6.640410376,221766
BD40,Khulna,BD4001,Bagerhat,28,2/16/2025,2/28/2025,153.25,15325,559.99,55999,14.97399029,14.13518363,167365
BD40,Khulna,BD4018,Chuadanga,28,2/16/2025,2/28/2025,28.91,2891,37.01,3701,4.367263259,2.897480306,28332
BD40,Khulna,BD4041,Jessore,28,2/16/2025,2/28/2025,119.89,11989,239.27,23927,7.887956264,8.475382415,147444
BD40,Khulna,BD4044,Jhenaidah,28,2/16/2025,2/28/2025,57.17,5717,70.67,7067,4.587538778,3.298320742,49814
BD40,Khulna,BD4047,Khulna,28,2/16/2025,2/28/2025,235.42,23542,689.18,68918,18.9607216,17.48470504,244331
BD40,Khulna,BD4050,Kushtia,28,2/16/2025,2/28/2025,49.13,4913,77.91,7791,5.22198049,4.390677704,61673
BD40,Khulna,BD4055,Magura,28,2/16/2025,2/28/2025,10.58,1058,15.14,1514,1.499033204,1.322934078,10467
BD40,Khulna,BD4057,Meherpur,28,2/16/2025,2/28/2025,19.77,1977,24.09,2409,4.234313905,3.037026014,16939
BD40,Khulna,BD4065,Narail,28,2/16/2025,2/28/2025,54.75,5475,78.26,7826,8.223140744,7.194379729,41203
BD40,Khulna,BD4087,Satkhira,28,2/16/2025,2/28/2025,142.62,14262,628.22,62822,14.09246816,17.05226099,271656
BD45,Mymensingh,BD4539,Jamalpur,28,2/16/2025,2/28/2025,204.28,20428,267.8,26780,14.11625296,11.7015994,238073
BD45,Mymensingh,BD4561,Mymensingh,28,2/16/2025,2/28/2025,67.43,6743,91.13,9113,2.305178768,1.895652005,76755
BD45,Mymensingh,BD4572,Netrakona,28,2/16/2025,2/28/2025,55.83,5583,65.4,6540,2.454589326,2.113513212,42852
BD45,Mymensingh,BD4589,Sherpur,28,2/16/2025,2/28/2025,129.62,12962,153.77,15377,13.24350816,10.45767711,106734
BD50,Rajshahi,BD5010,Bogra,28,2/16/2025,2/28/2025,454.75,45475,572.92,57292,22.27193019,17.77549804,476739
BD50,Rajshahi,BD5038,Joypurhat,28,2/16/2025,2/28/2025,56.47,5647,62.38,6238,7.151148802,5.864038102,40237
BD50,Rajshahi,BD5064,Naogaon,28,2/16/2025,2/28/2025,889.78,88978,"1,008.37",100837,31.58599611,26.44349304,555611
BD50,Rajshahi,BD5069,Natore,28,2/16/2025,2/28/2025,146.47,14647,181.03,18103,11.31263842,8.620193841,100259
BD50,Rajshahi,BD5070,Nawabganj,28,2/16/2025,2/28/2025,218.82,21882,333.65,33365,24.13783079,17.90417676,245042
BD50,Rajshahi,BD5076,Pabna,28,2/16/2025,2/28/2025,125.08,12508,156.3,15630,7.611972998,5.946701565,107670
BD50,Rajshahi,BD5081,Rajshahi,28,2/16/2025,2/28/2025,152.83,15283,240.95,24095,10.5064538,8.954583126,180558
BD50,Rajshahi,BD5088,Sirajganj,28,2/16/2025,2/28/2025,347.95,34795,486.35,48635,21.16467525,17.67973803,485614
BD55,Rangpur,BD5527,Dinajpur,28,2/16/2025,2/28/2025,"1,016.17",101617,"1,175.13",117513,35.73969453,30.49185344,771451
BD55,Rangpur,BD5532,Gaibandha,28,2/16/2025,2/28/2025,443.64,44364,643.31,64331,32.19882999,26.73066475,637330
BD55,Rangpur,BD5549,Kurigram,28,2/16/2025,2/28/2025,309.72,30972,485.12,48512,23.94615712,19.11375759,468134
BD55,Rangpur,BD5552,Lalmonirhat,28,2/16/2025,2/28/2025,36.65,3665,46.14,4614,4.197320856,3.237766875,47808
BD55,Rangpur,BD5573,Nilphamari,28,2/16/2025,2/28/2025,130.99,13099,160.14,16014,11.2679148,9.025135838,142920
BD55,Rangpur,BD5577,Panchagarh,28,2/16/2025,2/28/2025,72.2,7220,87.53,8753,7.299569024,5.734091318,47519
BD55,Rangpur,BD5585,Rangpur,28,2/16/2025,2/28/2025,226.89,22689,273.23,27323,13.38293732,10.46397983,206279
BD55,Rangpur,BD5594,Thakurgaon,28,2/16/2025,2/28/2025,138.97,13897,158.87,15887,9.617135826,7.838942191,84208
BD60,Sylhet,BD6036,Habiganj,28,2/16/2025,2/28/2025,73.01,7301,79.77,7977,3.809424484,2.801362187,55932
BD60,Sylhet,BD6058,Maulvibazar,28,2/16/2025,2/28/2025,26.03,2603,43.71,4371,2.081115943,1.478533595,26816
BD60,Sylhet,BD6090,Sunamganj,28,2/16/2025,2/28/2025,41.9,4190,60.88,6088,1.739895995,1.48813545,42993
BD60,Sylhet,BD6091,Sylhet,28,2/16/2025,2/28/2025,26.87,2687,48.84,4884,1.189586845,1.290496006,36215
BD10,Barisal,BD1004,Barguna,27,1/2/2025,2/15/2025,18.34,1834,83.7,8370,2.307716904,5.734047548,36466
BD10,Barisal,BD1006,Barisal,27,1/2/2025,2/15/2025,60.99,6099,198.49,19849,6.423902073,8.204858241,138246
BD10,Barisal,BD1009,Bhola,27,1/2/2025,2/15/2025,37.8,3780,192.36,19236,4.688757969,9.088218349,109677
BD10,Barisal,BD1042,Jhalokati,27,1/2/2025,2/15/2025,11.13,1113,39.64,3964,3.576354665,4.931441729,30705
BD10,Barisal,BD1078,Patuakhali,27,1/2/2025,2/15/2025,48.63,4863,203.83,20383,3.232723731,7.176439625,69515
BD10,Barisal,BD1079,Pirojpur,27,1/2/2025,2/15/2025,11.26,1126,47.02,4702,2.199753525,3.404447841,31302
BD20,Chattogram,BD2003,Bandarban,27,1/2/2025,2/15/2025,0,0,1.93,193,0,0.039470998,96
BD20,Chattogram,BD2012,Brahamanbaria,27,1/2/2025,2/15/2025,115.83,11583,130.19,13019,7.755768718,6.160392262,150122
BD20,Chattogram,BD2013,Chandpur,27,1/2/2025,2/15/2025,23.73,2373,52.77,5277,3.733392645,3.283830358,36014
BD20,Chattogram,BD2015,Chattogram,27,1/2/2025,2/15/2025,48.46,4846,122.99,12299,3.667824124,2.54197281,163543
BD20,Chattogram,BD2019,Comilla,27,1/2/2025,2/15/2025,44.25,4425,60.36,6036,2.398973734,1.785193334,69654
BD30,Dhaka,BD3067,Narayanganj,27,1/2/2025,2/15/2025,5.85,585,18.82,1882,1.934010411,2.438165048,35753
BD30,Dhaka,BD3068,Narsingdi,27,1/2/2025,2/15/2025,18.14,1814,33.84,3384,3.146129011,2.63546838,36565
BD30,Dhaka,BD3082,Rajbari,27,1/2/2025,2/15/2025,12.53,1253,34.61,3461,1.891928524,2.773651257,25975
BD30,Dhaka,BD3086,Shariatpur,27,1/2/2025,2/15/2025,19.98,1998,57.72,5772,3.001061142,4.450343188,43554
BD30,Dhaka,BD3093,Tangail,27,1/2/2025,2/15/2025,234.53,23453,337.32,33732,12.54062482,9.088096839,308125
BD40,Khulna,BD4001,Bagerhat,27,1/2/2025,2/15/2025,187.21,18721,546.99,54699,18.292207,13.80703958,178884
BD40,Khulna,BD4018,Chuadanga,27,1/2/2025,2/15/2025,65.19,6519,81.1,8110,9.847868968,6.349247577,58637
BD40,Khulna,BD4041,Jessore,27,1/2/2025,2/15/2025,320.31,32031,492.55,49255,21.07424532,17.44702474,341736
BD40,Khulna,BD4044,Jhenaidah,27,1/2/2025,2/15/2025,185.72,18572,236.34,23634,14.90288091,11.0304956,167019
BD40,Khulna,BD4047,Khulna,27,1/2/2025,2/15/2025,294.62,29462,735.48,73548,23.72868829,18.65935004,256595
BD40,Khulna,BD4050,Kushtia,27,1/2/2025,2/15/2025,38.96,3896,65.32,6532,4.141020962,3.681158614,56129
BD40,Khulna,BD4055,Magura,27,1/2/2025,2/15/2025,41.71,4171,52.08,5208,5.909704627,4.535183323,34348
BD40,Khulna,BD4057,Meherpur,27,1/2/2025,2/15/2025,33.2,3320,39.78,3978,7.11073453,5.015064128,27906
BD40,Khulna,BD4065,Narail,27,1/2/2025,2/15/2025,103.54,10354,132.88,13288,15.55112315,12.21555301,67551
BD40,Khulna,BD4087,Satkhira,27,1/2/2025,2/15/2025,211.9,21190,748.45,74845,20.93811529,20.3157568,341573
BD45,Mymensingh,BD4539,Jamalpur,27,1/2/2025,2/15/2025,251.81,25181,331.08,33108,17.40069345,14.46663752,306286
BD55,Rangpur,BD5552,Lalmonirhat,27,1/2/2025,2/15/2025,20.65,2065,23.31,2331,2.364929759,1.646431846,17820
BD55,Rangpur,BD5573,Nilphamari,27,1/2/2025,2/15/2025,69.55,6955,80.55,8055,5.982773297,4.539619656,72269
BD55,Rangpur,BD5577,Panchagarh,27,1/2/2025,2/15/2025,38.99,3899,45.54,4554,3.941969477,2.983774277,24411
BD55,Rangpur,BD5585,Rangpur,27,1/2/2025,2/15/2025,151.9,15190,178.33,17833,8.959708134,6.829563089,133531
BD55,Rangpur,BD5594,Thakurgaon,27,1/2/2025,2/15/2025,59.14,5914,66.41,6641,4.092663257,3.276793296,34899
BD60,Sylhet,BD6036,Habiganj,27,1/2/2025,2/15/2025,153.78,15378,161.89,16189,8.023740544,5.685251654,118717
BD60,Sylhet,BD6058,Maulvibazar,27,1/2/2025,2/15/2025,23.49,2349,35.03,3503,1.878041241,1.189063357,21881
BD60,Sylhet,BD6090,Sunamganj,27,1/2/2025,2/15/2025,30.68,3068,46.88,4688,1.273985898,1.145956575,31519
BD60,Sylhet,BD6091,Sylhet,27,1/2/2025,2/15/2025,12.14,1214,25.54,2554,0.537461269,0.674841687,18047
BD55,Rangpur,BD5549,Kurigram,27,1/2/2025,2/15/2025,269.48,26948,410.31,41031,20.83498134,16.16623902,401538
BD55,Rangpur,BD5532,Gaibandha,27,1/2/2025,2/15/2025,416.63,41663,594.39,59439,30.23847835,24.69795249,600436
BD55,Rangpur,BD5527,Dinajpur,27,1/2/2025,2/15/2025,631.08,63108,706.29,70629,22.19570192,18.32656061,452382
BD50,Rajshahi,BD5088,Sirajganj,27,1/2/2025,2/15/2025,338.26,33826,476.6,47660,20.57526383,17.32530718,432818
BD50,Rajshahi,BD5081,Rajshahi,27,1/2/2025,2/15/2025,138.64,13864,222.22,22222,9.530947812,8.258507832,160301
BD50,Rajshahi,BD5076,Pabna,27,1/2/2025,2/15/2025,76.98,7698,104.57,10457,4.684759205,3.978590407,73764
BD50,Rajshahi,BD5070,Nawabganj,27,1/2/2025,2/15/2025,211.19,21119,307.56,30756,23.29617259,16.50414687,216610
BD50,Rajshahi,BD5069,Natore,27,1/2/2025,2/15/2025,324.89,32489,393.67,39367,25.09294119,18.74557648,228836
BD50,Rajshahi,BD5064,Naogaon,27,1/2/2025,2/15/2025,993.39,99339,"1,141.23",114123,35.26401208,29.92761344,640539
BD50,Rajshahi,BD5038,Joypurhat,27,1/2/2025,2/15/2025,17.34,1734,18.45,1845,2.195872503,1.738875668,10699
BD50,Rajshahi,BD5010,Bogra,27,1/2/2025,2/15/2025,414.49,41449,513.51,51351,20.30014809,15.93223486,395719
BD45,Mymensingh,BD4589,Sherpur,27,1/2/2025,2/15/2025,88.01,8801,100.77,10077,8.992139743,6.853223141,76425
BD45,Mymensingh,BD4572,Netrakona,27,1/2/2025,2/15/2025,121.64,12164,134.39,13439,5.34795353,4.328929931,87373
BD45,Mymensingh,BD4561,Mymensingh,27,1/2/2025,2/15/2025,101.11,10111,129.13,12913,3.456571633,2.686113722,106563
BD30,Dhaka,BD3059,Munshiganj,27,1/2/2025,2/15/2025,7.61,761,25.2,2520,1.366783364,2.466089258,25533
BD30,Dhaka,BD3056,Manikganj,27,1/2/2025,2/15/2025,18.89,1889,53.46,5346,2.283383056,3.542019477,31644
BD30,Dhaka,BD3054,Madaripur,27,1/2/2025,2/15/2025,57.18,5718,70.79,7079,8.123948876,5.704170529,37285
BD30,Dhaka,BD3048,Kishoreganj,27,1/2/2025,2/15/2025,41.7,4170,58.41,5841,2.04136949,2.065150041,56077
BD30,Dhaka,BD3035,Gopalganj,27,1/2/2025,2/15/2025,206.33,20633,250.01,25001,18.70418485,15.50834278,103585
BD30,Dhaka,BD3033,Gazipur,27,1/2/2025,2/15/2025,14.01,1401,23.63,2363,2.083244042,1.181768169,32522
BD30,Dhaka,BD3029,Faridpur,27,1/2/2025,2/15/2025,11.26,1126,19.65,1965,0.842095298,0.877881625,13966
BD30,Dhaka,BD3026,Dhaka,27,1/2/2025,2/15/2025,18.78,1878,32.56,3256,2.911856288,2.009443863,64679
BD20,Chattogram,BD2084,Rangamati,27,1/2/2025,2/15/2025,7.33,733,94.11,9411,3.35055441,1.498177244,22180
BD20,Chattogram,BD2075,Noakhali,27,1/2/2025,2/15/2025,37.14,3714,174.04,17404,3.211984027,5.968292774,75814
BD20,Chattogram,BD2051,Lakshmipur,27,1/2/2025,2/15/2025,20.03,2003,64.22,6422,4.236760564,4.734873976,73167
BD20,Chattogram,BD2046,Khagrachhari,27,1/2/2025,2/15/2025,0.82,82,0.96,96,0.382318772,0.030790487,929
BD20,Chattogram,BD2030,Feni,27,1/2/2025,2/15/2025,14.46,1446,35.09,3509,3.255831942,3.545478665,22317
BD20,Chattogram,BD2022,Cox's Bazar,27,1/2/2025,2/15/2025,93.54,9354,218.41,21841,16.41352106,9.307114137,239432
BD10,Barisal,BD1004,Barguna,26,1/16/2025,1/31/2025,23.57,2357,81.51,8151,2.965806294,5.584016914,39560
BD10,Barisal,BD1006,Barisal,26,1/16/2025,1/31/2025,150.85,15085,341.73,34173,15.88859859,14.12588144,229664
BD10,Barisal,BD1009,Bhola,26,1/16/2025,1/31/2025,39.98,3998,185.02,18502,4.959167821,8.741433557,110457
BD10,Barisal,BD1042,Jhalokati,26,1/16/2025,1/31/2025,15.76,1576,51.04,5104,5.064092499,6.349666646,40319
BD10,Barisal,BD1078,Patuakhali,26,1/16/2025,1/31/2025,61.91,6191,218.01,21801,4.115523878,7.675688577,79774
BD10,Barisal,BD1079,Pirojpur,26,1/16/2025,1/31/2025,22.31,2231,66.98,6698,4.358481451,4.849636674,44219
BD20,Chattogram,BD2003,Bandarban,26,1/16/2025,1/31/2025,0.02,2,2.33,233,0.024987506,0.046884061,202
BD20,Chattogram,BD2012,Brahamanbaria,26,1/16/2025,1/31/2025,271.84,27184,302.71,30271,18.20191806,14.32377557,275578
BD20,Chattogram,BD2013,Chandpur,26,1/16/2025,1/31/2025,21.93,2193,48.26,4826,3.450202305,3.003177053,29365
BD20,Chattogram,BD2015,Chattogram,26,1/16/2025,1/31/2025,34.55,3455,123.49,12349,2.615008739,2.552306873,178760
BD20,Chattogram,BD2019,Comilla,26,1/16/2025,1/31/2025,69.19,6919,100.99,10099,3.75107328,2.986856772,112565
BD20,Chattogram,BD2022,Cox's Bazar,26,1/16/2025,1/31/2025,69.15,6915,186.94,18694,12.13379283,7.966081758,213889
BD20,Chattogram,BD2030,Feni,26,1/16/2025,1/31/2025,15.64,1564,38.33,3833,3.521522239,3.872846886,26802
BD20,Chattogram,BD2046,Khagrachhari,26,1/16/2025,1/31/2025,1.64,164,3.16,316,0.764637543,0.101823495,801
BD20,Chattogram,BD2051,Lakshmipur,26,1/16/2025,1/31/2025,12.79,1279,55.47,5547,2.705350355,4.089745553,63686
BD20,Chattogram,BD2075,Noakhali,26,1/16/2025,1/31/2025,59.2,5920,203.94,20394,5.119802219,6.993643003,97390
BD20,Chattogram,BD2084,Rangamati,26,1/16/2025,1/31/2025,13.8,1380,126.05,12605,6.308001482,2.006643732,31351
BD30,Dhaka,BD3026,Dhaka,26,1/16/2025,1/31/2025,17.15,1715,31.41,3141,2.659123287,1.938471491,87989
BD30,Dhaka,BD3029,Faridpur,26,1/16/2025,1/31/2025,10.04,1004,18.98,1898,0.750855843,0.847948765,13116
BD30,Dhaka,BD3033,Gazipur,26,1/16/2025,1/31/2025,26.15,2615,40.59,4059,3.888424818,2.029960642,55107
BD30,Dhaka,BD3035,Gopalganj,26,1/16/2025,1/31/2025,398.49,39849,495.65,49565,36.12383376,30.74561057,228659
BD30,Dhaka,BD3048,Kishoreganj,26,1/16/2025,1/31/2025,428.17,42817,479.36,47936,20.96050778,16.94830207,304239
BD30,Dhaka,BD3054,Madaripur,26,1/16/2025,1/31/2025,70.85,7085,87.7,8770,10.06613812,7.066757387,44589
BD30,Dhaka,BD3056,Manikganj,26,1/16/2025,1/31/2025,19.35,1935,56.26,5626,2.338986878,3.727534901,32664
BD30,Dhaka,BD3059,Munshiganj,26,1/16/2025,1/31/2025,13.22,1322,32.82,3282,2.374359537,3.211787676,30977
BD30,Dhaka,BD3067,Narayanganj,26,1/16/2025,1/31/2025,7.7,770,25.01,2501,2.545620541,3.240090747,58008
BD30,Dhaka,BD3068,Narsingdi,26,1/16/2025,1/31/2025,27.57,2757,51.67,5167,4.781630475,4.024073616,64932
BD30,Dhaka,BD3082,Rajbari,26,1/16/2025,1/31/2025,7.79,779,29.17,2917,1.176226911,2.337688737,20628
BD30,Dhaka,BD3086,Shariatpur,26,1/16/2025,1/31/2025,28.59,2859,71.85,7185,4.294311213,5.539798303,54531
BD30,Dhaka,BD3093,Tangail,26,1/16/2025,1/31/2025,125.34,12534,183.21,18321,6.702093188,4.936055442,157919
BD40,Khulna,BD4001,Bagerhat,26,1/16/2025,1/31/2025,324.38,32438,811.85,81185,31.69502754,20.49259599,301544
BD40,Khulna,BD4018,Chuadanga,26,1/16/2025,1/31/2025,66.45,6645,84.21,8421,10.03820974,6.592726738,57067
BD40,Khulna,BD4041,Jessore,26,1/16/2025,1/31/2025,449.89,44989,698.07,69807,29.59973846,24.72692023,504680
BD40,Khulna,BD4044,Jhenaidah,26,1/16/2025,1/31/2025,198.19,19819,248.48,24848,15.90352126,11.59709548,157640
BD40,Khulna,BD4047,Khulna,26,1/16/2025,1/31/2025,414.92,41492,810.38,81038,33.41764764,20.5595857,363578
BD40,Khulna,BD4050,Kushtia,26,1/16/2025,1/31/2025,20.45,2045,40.87,4087,2.173610849,2.303260143,34990
BD40,Khulna,BD4055,Magura,26,1/16/2025,1/31/2025,75.68,7568,94.33,9433,10.72276304,8.21942425,62510
BD40,Khulna,BD4057,Meherpur,26,1/16/2025,1/31/2025,16.98,1698,20.78,2078,3.63675519,2.620130737,14959
BD40,Khulna,BD4065,Narail,26,1/16/2025,1/31/2025,217.51,21751,278.14,27814,32.66877339,25.5691896,146551
BD40,Khulna,BD4087,Satkhira,26,1/16/2025,1/31/2025,318.19,31819,866.01,86601,31.44076878,23.50677874,490172
BD45,Mymensingh,BD4539,Jamalpur,26,1/16/2025,1/31/2025,141.56,14156,188.25,18825,9.782145921,8.225638859,176350
BD45,Mymensingh,BD4561,Mymensingh,26,1/16/2025,1/31/2025,316.04,31604,392.4,39240,10.80422212,8.162523343,312846
BD45,Mymensingh,BD4572,Netrakona,26,1/16/2025,1/31/2025,552.33,55233,650.36,65036,24.28341971,20.94919912,386160
BD45,Mymensingh,BD4589,Sherpur,26,1/16/2025,1/31/2025,132.89,13289,155.17,15517,13.57760994,10.5528891,105867
BD50,Rajshahi,BD5010,Bogra,26,1/16/2025,1/31/2025,78.15,7815,107.77,10777,3.827490587,3.343687467,74513
BD50,Rajshahi,BD5038,Joypurhat,26,1/16/2025,1/31/2025,0.24,24,0.24,24,0.030392699,0.030392699,162
BD50,Rajshahi,BD5064,Naogaon,26,1/16/2025,1/31/2025,381.45,38145,432.91,43291,13.54096318,11.35263105,249236
BD50,Rajshahi,BD5069,Natore,26,1/16/2025,1/31/2025,276.04,27604,327.77,32777,21.32000212,15.60758402,188953
BD50,Rajshahi,BD5070,Nawabganj,26,1/16/2025,1/31/2025,81.97,8197,139.42,13942,9.042034504,7.481493551,101260
BD50,Rajshahi,BD5076,Pabna,26,1/16/2025,1/31/2025,45.39,4539,74.36,7436,2.762291768,2.829186025,58865
BD50,Rajshahi,BD5081,Rajshahi,26,1/16/2025,1/31/2025,95.51,9551,178.25,17825,6.565932094,6.624421839,140445
BD50,Rajshahi,BD5088,Sirajganj,26,1/16/2025,1/31/2025,149.94,14994,234.18,23418,9.120366163,8.512883834,196055
BD55,Rangpur,BD5527,Dinajpur,26,1/16/2025,1/31/2025,14.59,1459,17.92,1792,0.513144595,0.464981758,14460
BD55,Rangpur,BD5532,Gaibandha,26,1/16/2025,1/31/2025,78.19,7819,136.84,13684,5.674931288,5.685943268,115403
BD55,Rangpur,BD5549,Kurigram,26,1/16/2025,1/31/2025,37.11,3711,87.31,8731,2.86917826,3.440019325,72288
BD55,Rangpur,BD5552,Lalmonirhat,26,1/16/2025,1/31/2025,4.84,484,9.07,907,0.554298307,0.636466094,8972
BD55,Rangpur,BD5573,Nilphamari,26,1/16/2025,1/31/2025,10.17,1017,13.65,1365,0.874835434,0.769283778,10745
BD55,Rangpur,BD5577,Panchagarh,26,1/16/2025,1/31/2025,1.9,190,2.38,238,0.192093922,0.157737016,1772
BD55,Rangpur,BD5585,Rangpur,26,1/16/2025,1/31/2025,9.26,926,12.48,1248,0.546194189,0.477950695,11490
BD55,Rangpur,BD5594,Thakurgaon,26,1/16/2025,1/31/2025,8.38,838,11.91,1191,0.579920833,0.58766162,10277
BD60,Sylhet,BD6036,Habiganj,26,1/16/2025,1/31/2025,451.32,45132,500.6,50060,23.5484106,17.58006658,260927
BD60,Sylhet,BD6058,Maulvibazar,26,1/16/2025,1/31/2025,105.42,10542,141.32,14132,8.428399644,4.780143586,75195
BD60,Sylhet,BD6090,Sunamganj,26,1/16/2025,1/31/2025,384.72,38472,582.66,58266,15.97548418,14.2423949,323054
BD60,Sylhet,BD6091,Sylhet,26,1/16/2025,1/31/2025,235.04,23504,339.1,33910,10.40567518,8.958738024,227557
BD10,Barisal,BD1004,Barguna,25,1/1/2025,1/15/2025,20.88,2088,77.57,7757,2.627324371,5.314098785,37783
BD10,Barisal,BD1006,Barisal,25,1/1/2025,1/15/2025,170.32,17032,379.53,37953,17.93931794,15.68839663,254505
BD10,Barisal,BD1009,Bhola,25,1/1/2025,1/15/2025,41.74,4174,185.47,18547,5.177480361,8.762694205,118642
BD10,Barisal,BD1042,Jhalokati,25,1/1/2025,1/15/2025,12.91,1291,43.6,4360,4.148314351,5.424088279,36266
BD10,Barisal,BD1078,Patuakhali,25,1/1/2025,1/15/2025,62.13,6213,204.28,20428,4.130148579,7.192283209,76764
BD10,Barisal,BD1079,Pirojpur,25,1/1/2025,1/15/2025,27.13,2713,74.61,7461,5.300116618,5.401338051,48775
BD20,Chattogram,BD2003,Bandarban,25,1/1/2025,1/15/2025,0.02,2,5.14,514,0.024987506,0.103426641,310
BD20,Chattogram,BD2012,Brahamanbaria,25,1/1/2025,1/15/2025,227.11,22711,253.35,25335,15.20687761,11.98813564,205376
BD20,Chattogram,BD2013,Chandpur,25,1/1/2025,1/15/2025,18.61,1861,46.07,4607,2.927873456,2.866895292,28228
BD20,Chattogram,BD2015,Chattogram,25,1/1/2025,1/15/2025,29.32,2932,109.53,10953,2.219162264,2.263779835,172760
BD20,Chattogram,BD2019,Comilla,25,1/1/2025,1/15/2025,66.91,6691,103.81,10381,3.627465142,3.070260437,120664
BD20,Chattogram,BD2022,Cox's Bazar,25,1/1/2025,1/15/2025,50.87,5087,146.87,14687,8.926190042,6.259043098,173560
BD20,Chattogram,BD2030,Feni,25,1/1/2025,1/15/2025,14.56,1456,38.11,3811,3.278348069,3.85061818,26118
BD20,Chattogram,BD2046,Khagrachhari,25,1/1/2025,1/15/2025,3.37,337,5.22,522,1.571236903,0.168141589,1409
BD20,Chattogram,BD2051,Lakshmipur,25,1/1/2025,1/15/2025,12.39,1239,53.02,5302,2.620742056,3.909109595,61521
BD20,Chattogram,BD2075,Noakhali,25,1/1/2025,1/15/2025,60.84,6084,203.71,20371,5.261634578,6.985755694,110070
BD20,Chattogram,BD2084,Rangamati,25,1/1/2025,1/15/2025,16.22,1622,132.82,13282,7.414187249,2.114182589,30677
BD30,Dhaka,BD3026,Dhaka,25,1/1/2025,1/15/2025,11.67,1167,27.96,2796,1.809444243,1.725554374,105667
BD30,Dhaka,BD3029,Faridpur,25,1/1/2025,1/15/2025,12.91,1291,26.56,2656,0.965492921,1.18659216,19512
BD30,Dhaka,BD3033,Gazipur,25,1/1/2025,1/15/2025,33.34,3334,60.88,6088,4.957555772,3.044690906,96610
BD30,Dhaka,BD3035,Gopalganj,25,1/1/2025,1/15/2025,397.7,39770,496.84,49684,36.05221885,30.81942733,228923
BD30,Dhaka,BD3048,Kishoreganj,25,1/1/2025,1/15/2025,511.58,51158,576.71,57671,25.0437363,20.3902188,331210
BD30,Dhaka,BD3054,Madaripur,25,1/1/2025,1/15/2025,72.8,7280,91.42,9142,10.3431878,7.36651038,45872
BD30,Dhaka,BD3056,Manikganj,25,1/1/2025,1/15/2025,20.2,2020,61.09,6109,2.441733072,4.047549006,34913
BD30,Dhaka,BD3059,Munshiganj,25,1/1/2025,1/15/2025,21.36,2136,43.72,4372,3.836332807,4.278469141,42504
BD30,Dhaka,BD3067,Narayanganj,25,1/1/2025,1/15/2025,7.06,706,24.29,2429,2.334036496,3.146813445,54104
BD30,Dhaka,BD3068,Narsingdi,25,1/1/2025,1/15/2025,19.38,1938,41.9,4190,3.361189649,3.263183366,57547
BD30,Dhaka,BD3082,Rajbari,25,1/1/2025,1/15/2025,9.13,913,32.57,3257,1.378556059,2.610165312,23318
BD30,Dhaka,BD3086,Shariatpur,25,1/1/2025,1/15/2025,26.61,2661,74.3,7430,3.996908758,5.728698872,55307
BD30,Dhaka,BD3093,Tangail,25,1/1/2025,1/15/2025,28.2,2820,54.24,5424,1.50789076,1.461337521,46294
BD40,Khulna,BD4001,Bagerhat,25,1/1/2025,1/15/2025,383.3,38330,898.49,89849,37.4520749,22.67954988,359503
BD40,Khulna,BD4018,Chuadanga,25,1/1/2025,1/15/2025,15.83,1583,21.74,2174,2.391344773,1.702005454,14874
BD40,Khulna,BD4041,Jessore,25,1/1/2025,1/15/2025,302.39,30239,512.43,51243,19.89522975,18.15121081,354564
BD40,Khulna,BD4044,Jhenaidah,25,1/1/2025,1/15/2025,102.65,10265,126.69,12669,8.237027384,5.912894506,74960
BD40,Khulna,BD4047,Khulna,25,1/1/2025,1/15/2025,449.7,44970,881.46,88146,36.21882807,22.3629068,421725
BD40,Khulna,BD4050,Kushtia,25,1/1/2025,1/15/2025,16.17,1617,41.21,4121,1.718693762,2.322421104,32737
BD40,Khulna,BD4055,Magura,25,1/1/2025,1/15/2025,49.1,4910,63.49,6349,6.956760901,5.528778594,42558
BD40,Khulna,BD4057,Meherpur,25,1/1/2025,1/15/2025,3.36,336,4.77,477,0.719640603,0.601444832,3339
BD40,Khulna,BD4065,Narail,25,1/1/2025,1/15/2025,227.29,22729,296.68,29668,34.13767415,27.27330637,158139
BD40,Khulna,BD4087,Satkhira,25,1/1/2025,1/15/2025,336.96,33696,795.87,79587,33.29545696,21.60291451,507777
BD45,Mymensingh,BD4539,Jamalpur,25,1/1/2025,1/15/2025,35.98,3598,57.26,5726,2.486306939,2.501992463,49657
BD45,Mymensingh,BD4561,Mymensingh,25,1/1/2025,1/15/2025,205.17,20517,273.08,27308,7.0139927,5.68048388,237545
BD45,Mymensingh,BD4572,Netrakona,25,1/1/2025,1/15/2025,488.55,48855,594.35,59435,21.47930531,19.14502199,312943
BD45,Mymensingh,BD4589,Sherpur,25,1/1/2025,1/15/2025,30.97,3097,36.12,3612,3.164260514,2.470682209,23414
BD50,Rajshahi,BD5010,Bogra,25,1/1/2025,1/15/2025,12.62,1262,37.77,3777,0.618079734,1.171857434,27634
BD50,Rajshahi,BD5038,Joypurhat,25,1/1/2025,1/15/2025,0.43,43,0.56,56,0.054453586,0.054147477,491
BD50,Rajshahi,BD5064,Naogaon,25,1/1/2025,1/15/2025,99.91,9991,118.61,11861,3.546670942,3.110428423,75397
BD50,Rajshahi,BD5069,Natore,25,1/1/2025,1/15/2025,110.26,11026,146.05,14605,8.515952156,6.954534113,88914
BD50,Rajshahi,BD5070,Nawabganj,25,1/1/2025,1/15/2025,38.41,3841,90.38,9038,4.236971396,4.849931051,72530
BD50,Rajshahi,BD5076,Pabna,25,1/1/2025,1/15/2025,43.33,4333,75.19,7519,2.636926687,2.860765159,62321
BD50,Rajshahi,BD5081,Rajshahi,25,1/1/2025,1/15/2025,97.53,9753,197.26,19726,6.704799049,7.330902956,171110
BD50,Rajshahi,BD5088,Sirajganj,25,1/1/2025,1/15/2025,67.58,6758,154.71,15471,4.110673238,5.623999735,155242
BD55,Rangpur,BD5527,Dinajpur,25,1/1/2025,1/15/2025,2.63,263,6.39,639,0.092499677,0.167297526,15771
BD55,Rangpur,BD5532,Gaibandha,25,1/1/2025,1/15/2025,29.13,2913,84.22,8422,2.11421855,3.499489492,59890
BD55,Rangpur,BD5549,Kurigram,25,1/1/2025,1/15/2025,27.93,2793,92.46,9246,2.159421957,3.642929639,71225
BD55,Rangpur,BD5552,Lalmonirhat,25,1/1/2025,1/15/2025,6.95,695,14.68,1468,0.795944883,1.030134758,14837
BD55,Rangpur,BD5573,Nilphamari,25,1/1/2025,1/15/2025,6.19,619,11.25,1125,0.532471125,0.634025092,8064
BD55,Rangpur,BD5577,Panchagarh,25,1/1/2025,1/15/2025,0.79,79,1.41,141,0.079870631,0.092382998,1240
BD55,Rangpur,BD5585,Rangpur,25,1/1/2025,1/15/2025,6.17,617,12.24,1224,0.363932845,0.468759335,12231
BD55,Rangpur,BD5594,Thakurgaon,25,1/1/2025,1/15/2025,8.28,828,11.99,1199,0.573000537,0.591608969,9908
BD60,Sylhet,BD6036,Habiganj,25,1/1/2025,1/15/2025,591.65,59165,668.67,66867,30.87037386,23.4821744,333138
BD60,Sylhet,BD6058,Maulvibazar,25,1/1/2025,1/15/2025,139.42,13942,193.42,19342,11.14672243,6.542424089,91331
BD60,Sylhet,BD6090,Sunamganj,25,1/1/2025,1/15/2025,764.77,76477,"1,134.37",113437,31.75704678,27.72825575,645142
BD60,Sylhet,BD6091,Sylhet,25,1/1/2025,1/15/2025,378.58,37858,543.99,54399,16.76046848,14.37176024,357972
BD10,Barisal,BD1004,Barguna,24,12/16/2024,12/31/2024,20.37,2037,83.14,8314,2.563151218,5.695683551,38100
BD10,Barisal,BD1006,Barisal,24,12/16/2024,12/31/2024,177.35,17735,396.4,39640,18.67976771,16.38574138,267435
BD10,Barisal,BD1009,Bhola,24,12/16/2024,12/31/2024,38.41,3841,175.48,17548,4.764423111,8.290707818,107302
BD10,Barisal,BD1042,Jhalokati,24,12/16/2024,12/31/2024,13.82,1382,45.79,4579,4.440720707,5.69653675,37454
BD10,Barisal,BD1078,Patuakhali,24,12/16/2024,12/31/2024,60.2,6020,221.26,22126,4.001850064,7.790114465,81309
BD10,Barisal,BD1079,Pirojpur,24,12/16/2024,12/31/2024,51.09,5109,125.38,12538,9.980942058,9.076796205,81993
BD20,Chattogram,BD2003,Bandarban,24,12/16/2024,12/31/2024,0.05,5,4.29,429,0.062468766,0.086323013,419
BD20,Chattogram,BD2012,Brahamanbaria,24,12/16/2024,12/31/2024,162.87,16287,197.43,19743,10.90548261,9.342086521,160942
BD20,Chattogram,BD2013,Chandpur,24,12/16/2024,12/31/2024,24.08,2408,66.23,6623,3.788457433,4.121434235,69217
BD20,Chattogram,BD2015,Chattogram,24,12/16/2024,12/31/2024,36.81,3681,144.12,14412,2.786062856,2.978690311,213701
BD20,Chattogram,BD2019,Comilla,24,12/16/2024,12/31/2024,80.69,8069,133.81,13381,4.37453538,3.957533466,161790
BD20,Chattogram,BD2022,Cox's Bazar,24,12/16/2024,12/31/2024,39,3900,115.81,11581,6.843353875,4.935383544,145621
BD20,Chattogram,BD2030,Feni,24,12/16/2024,12/31/2024,15.61,1561,42.26,4226,3.5147674,4.269932414,33159
BD20,Chattogram,BD2046,Khagrachhari,24,12/16/2024,12/31/2024,3.57,357,7,700,1.664485384,0.225374798,2026
BD20,Chattogram,BD2051,Lakshmipur,24,12/16/2024,12/31/2024,13.67,1367,58.45,5845,2.891488613,4.309279316,67926
BD20,Chattogram,BD2075,Noakhali,24,12/16/2024,12/31/2024,79.53,7953,250.5,25050,6.878004569,8.590308779,167165
BD20,Chattogram,BD2084,Rangamati,24,12/16/2024,12/31/2024,17.97,1797,154.56,15456,8.214114973,2.460232352,38507
BD30,Dhaka,BD3026,Dhaka,24,12/16/2024,12/31/2024,17.17,1717,41.44,4144,2.662224306,2.557474008,211739
BD30,Dhaka,BD3029,Faridpur,24,12/16/2024,12/31/2024,27.55,2755,51.16,5116,2.060366381,2.285619538,38837
BD30,Dhaka,BD3033,Gazipur,24,12/16/2024,12/31/2024,40.3,4030,74.72,7472,5.992486431,3.736847971,104252
BD30,Dhaka,BD3035,Gopalganj,24,12/16/2024,12/31/2024,416.6,41660,524.42,52442,37.76553777,32.53023927,243635
BD30,Dhaka,BD3048,Kishoreganj,24,12/16/2024,12/31/2024,454.75,45475,528.27,52827,22.26169725,18.67756912,311042
BD30,Dhaka,BD3054,Madaripur,24,12/16/2024,12/31/2024,79.78,7978,102.38,10238,11.33488355,8.249653606,54617
BD30,Dhaka,BD3056,Manikganj,24,12/16/2024,12/31/2024,26.23,2623,74.12,7412,3.170626657,4.91085828,48042
BD30,Dhaka,BD3059,Munshiganj,24,12/16/2024,12/31/2024,29.64,2964,53.1,5310,5.323450581,5.196402365,48436
BD30,Dhaka,BD3067,Narayanganj,24,12/16/2024,12/31/2024,9.62,962,32.32,3232,3.180372676,4.187114472,86846
BD30,Dhaka,BD3068,Narsingdi,24,12/16/2024,12/31/2024,24.63,2463,52.2,5220,4.27172864,4.06535016,75504
BD30,Dhaka,BD3082,Rajbari,24,12/16/2024,12/31/2024,25.06,2506,60.67,6067,3.783857047,4.853350747,44071
BD30,Dhaka,BD3086,Shariatpur,24,12/16/2024,12/31/2024,29.01,2901,80.13,8013,4.357396583,6.178205123,61755
BD30,Dhaka,BD3093,Tangail,24,12/16/2024,12/31/2024,29.61,2961,67.71,6771,1.583285298,1.824247115,60978
BD40,Khulna,BD4001,Bagerhat,24,12/16/2024,12/31/2024,451.79,45179,"1,036.55",103655,44.14420276,26.16443971,431358
BD40,Khulna,BD4018,Chuadanga,24,12/16/2024,12/31/2024,13.69,1369,20.61,2061,2.06806759,1.613538749,14183
BD40,Khulna,BD4041,Jessore,24,12/16/2024,12/31/2024,239.85,23985,451.31,45131,15.78051806,15.98622827,310995
BD40,Khulna,BD4044,Jhenaidah,24,12/16/2024,12/31/2024,37.68,3768,50.4,5040,3.023586866,2.352276289,30949
BD40,Khulna,BD4047,Khulna,24,12/16/2024,12/31/2024,469.63,46963,921.84,92184,37.82398983,23.38735961,459455
BD40,Khulna,BD4050,Kushtia,24,12/16/2024,12/31/2024,31.47,3147,67.9,6790,3.34491606,3.82655649,57263
BD40,Khulna,BD4055,Magura,24,12/16/2024,12/31/2024,24.48,2448,39.7,3970,3.468462462,3.457119392,29685
BD40,Khulna,BD4057,Meherpur,24,12/16/2024,12/31/2024,4.76,476,6.7,670,1.019490854,0.84466892,4954
BD40,Khulna,BD4065,Narail,24,12/16/2024,12/31/2024,211.56,21156,281.2,28120,31.775117,25.85025533,152719
BD40,Khulna,BD4087,Satkhira,24,12/16/2024,12/31/2024,355.72,35572,848.56,84856,35.14915702,23.03311991,551501
BD45,Mymensingh,BD4539,Jamalpur,24,12/16/2024,12/31/2024,46.76,4676,89.67,8967,3.231231586,3.9181569,103558
BD45,Mymensingh,BD4561,Mymensingh,24,12/16/2024,12/31/2024,176.74,17674,263.37,26337,6.042077642,5.47850095,247242
BD45,Mymensingh,BD4572,Netrakona,24,12/16/2024,12/31/2024,404.05,40405,508,50800,17.76422743,16.36354197,250635
BD45,Mymensingh,BD4589,Sherpur,24,12/16/2024,12/31/2024,22.26,2226,29.5,2950,2.274344173,2.006252681,22152
BD50,Rajshahi,BD5010,Bogra,24,12/16/2024,12/31/2024,32.48,3248,68.33,6833,1.590747208,2.120016374,55717
BD50,Rajshahi,BD5038,Joypurhat,24,12/16/2024,12/31/2024,0.37,37,0.57,57,0.046855411,0.054003163,564
BD50,Rajshahi,BD5064,Naogaon,24,12/16/2024,12/31/2024,33.81,3381,46.52,4652,1.200209634,1.219940395,27887
BD50,Rajshahi,BD5069,Natore,24,12/16/2024,12/31/2024,63.99,6399,106.89,10689,4.94227987,5.089833285,74127
BD50,Rajshahi,BD5070,Nawabganj,24,12/16/2024,12/31/2024,39.07,3907,100.94,10094,4.309775382,5.416597038,80571
BD50,Rajshahi,BD5076,Pabna,24,12/16/2024,12/31/2024,52.25,5225,102.28,10228,3.17976966,3.891462435,153244
BD50,Rajshahi,BD5081,Rajshahi,24,12/16/2024,12/31/2024,110.7,11070,230.8,23080,7.610184094,8.577372008,197199
BD50,Rajshahi,BD5088,Sirajganj,24,12/16/2024,12/31/2024,60.43,6043,158.89,15889,3.67576182,5.775950604,162907
BD55,Rangpur,BD5527,Dinajpur,24,12/16/2024,12/31/2024,4.04,404,8.62,862,0.142090758,0.223668681,19636
BD55,Rangpur,BD5532,Gaibandha,24,12/16/2024,12/31/2024,37.55,3755,108.75,10875,2.725331498,4.518754242,79525
BD55,Rangpur,BD5549,Kurigram,24,12/16/2024,12/31/2024,40.78,4078,124.91,12491,3.152926151,4.921461618,90764
BD55,Rangpur,BD5552,Lalmonirhat,24,12/16/2024,12/31/2024,11.81,1181,30.24,3024,1.352533678,2.122021463,27743
BD55,Rangpur,BD5573,Nilphamari,24,12/16/2024,12/31/2024,6.7,670,18.8,1880,0.576341928,1.059526375,12385
BD55,Rangpur,BD5577,Panchagarh,24,12/16/2024,12/31/2024,0.13,13,0.28,28,0.013143268,0.018911577,92
BD55,Rangpur,BD5585,Rangpur,24,12/16/2024,12/31/2024,11.14,1114,21.64,2164,0.657084586,0.828754249,18602
BD55,Rangpur,BD5594,Thakurgaon,24,12/16/2024,12/31/2024,5.32,532,6.34,634,0.368159765,0.312827428,3397
BD60,Sylhet,BD6036,Habiganj,24,12/16/2024,12/31/2024,592.77,59277,680.16,68016,30.92881182,23.88567715,344984
BD60,Sylhet,BD6058,Maulvibazar,24,12/16/2024,12/31/2024,170.89,17089,248.17,24817,13.66277002,8.394340742,116414
BD60,Sylhet,BD6090,Sunamganj,24,12/16/2024,12/31/2024,880.63,88063,"1,314.58",131458,36.56812912,32.13326379,753515
BD60,Sylhet,BD6091,Sylhet,24,12/16/2024,12/31/2024,472.69,47269,694.16,69416,20.92690011,18.33912588,501882
BD10,Barisal,BD1004,Barguna,23,1/12/2024,12/15/2024,21.96,2196,86.67,8667,2.763220459,5.937513752,42401
BD10,Barisal,BD1006,Barisal,23,1/12/2024,12/15/2024,175.04,17504,392.09,39209,18.43646202,16.20758158,263085
BD10,Barisal,BD1009,Bhola,23,1/12/2024,12/15/2024,41.49,4149,199.88,19988,5.146470057,9.443507401,130693
BD10,Barisal,BD1042,Jhalokati,23,1/12/2024,12/15/2024,12.64,1264,42.88,4288,4.061556421,5.334516179,33516
BD10,Barisal,BD1078,Patuakhali,23,1/12/2024,12/15/2024,65.19,6519,242.2,24220,4.333564878,8.527369264,90114
BD10,Barisal,BD1079,Pirojpur,23,1/12/2024,12/15/2024,51.09,5109,127.34,12734,9.980942058,9.218689015,81314
BD20,Chattogram,BD2003,Bandarban,23,1/12/2024,12/15/2024,0.19,19,8.65,865,0.237381309,0.17405456,625
BD20,Chattogram,BD2012,Brahamanbaria,23,1/12/2024,12/15/2024,132.26,13226,162.89,16289,8.855892003,7.707706394,126773
BD20,Chattogram,BD2013,Chandpur,23,1/12/2024,12/15/2024,27.49,2749,70.1,7010,4.324945799,4.362260907,65441
BD20,Chattogram,BD2015,Chattogram,23,1/12/2024,12/15/2024,38.64,3864,155.31,15531,2.924571278,3.20996664,237236
BD20,Chattogram,BD2019,Comilla,23,1/12/2024,12/15/2024,73.39,7339,123.4,12340,3.978772481,3.649649725,150613
BD20,Chattogram,BD2022,Cox's Bazar,23,1/12/2024,12/15/2024,41.3,4130,132.14,13214,7.246936283,5.630887148,154272
BD20,Chattogram,BD2030,Feni,23,1/12/2024,12/15/2024,14.81,1481,41.27,4127,3.334638386,4.169903235,31464
BD20,Chattogram,BD2046,Khagrachhari,23,1/12/2024,12/15/2024,3.61,361,11.2,1120,1.68313508,0.359093714,4469
BD20,Chattogram,BD2051,Lakshmipur,23,1/12/2024,12/15/2024,11.96,1196,54.15,5415,2.529788135,3.992423323,61574
BD20,Chattogram,BD2075,Noakhali,23,1/12/2024,12/15/2024,79.86,7986,271.37,27137,6.906544007,9.303252695,205617
BD20,Chattogram,BD2084,Rangamati,23,1/12/2024,12/15/2024,21.11,2111,182.24,18224,9.649413861,2.90083297,42550
BD30,Dhaka,BD3026,Dhaka,23,1/12/2024,12/15/2024,22.72,2272,46.13,4613,3.522756915,2.846812442,138965
BD30,Dhaka,BD3029,Faridpur,23,1/12/2024,12/15/2024,18.03,1803,36.03,3603,1.348399487,1.609673025,26485
BD30,Dhaka,BD3033,Gazipur,23,1/12/2024,12/15/2024,41.69,4169,82.64,8264,6.199175169,4.132937853,122520
BD30,Dhaka,BD3035,Gopalganj,23,1/12/2024,12/15/2024,398.64,39864,502.29,50229,36.13743153,31.15749568,235096
BD30,Dhaka,BD3048,Kishoreganj,23,1/12/2024,12/15/2024,402.76,40276,478.04,47804,19.71659414,16.90163201,283523
BD30,Dhaka,BD3054,Madaripur,23,1/12/2024,12/15/2024,63.8,6380,83.68,8368,9.064496997,6.742830765,46318
BD30,Dhaka,BD3056,Manikganj,23,1/12/2024,12/15/2024,26.76,2676,76.43,7643,3.234691931,5.063908504,45975
BD30,Dhaka,BD3059,Munshiganj,23,1/12/2024,12/15/2024,39.14,3914,64.59,6459,7.029684741,6.320821634,61897
BD30,Dhaka,BD3067,Narayanganj,23,1/12/2024,12/15/2024,9.4,940,30.28,3028,3.10764066,3.922828782,82825
BD30,Dhaka,BD3068,Narsingdi,23,1/12/2024,12/15/2024,22.46,2246,48.31,4831,3.895372524,3.762395905,65630
BD30,Dhaka,BD3082,Rajbari,23,1/12/2024,12/15/2024,13.98,1398,47.2,4720,2.110866781,3.782615988,34784
BD30,Dhaka,BD3086,Shariatpur,23,1/12/2024,12/15/2024,31.96,3196,90.55,9055,4.800496201,6.981610806,75831
BD30,Dhaka,BD3093,Tangail,23,1/12/2024,12/15/2024,33.47,3347,73,7300,1.78968453,1.966770631,72867
BD40,Khulna,BD4001,Bagerhat,23,1/12/2024,12/15/2024,436.32,43632,"1,040.45",104045,42.63263584,26.26288292,423917
BD40,Khulna,BD4018,Chuadanga,23,1/12/2024,12/15/2024,12.61,1261,18.52,1852,1.904918357,1.44991449,12194
BD40,Khulna,BD4041,Jessore,23,1/12/2024,12/15/2024,234.14,23414,442.19,44219,15.40483843,15.66318113,305463
BD40,Khulna,BD4044,Jhenaidah,23,1/12/2024,12/15/2024,23.97,2397,34.23,3423,1.923444193,1.597587647,21307
BD40,Khulna,BD4047,Khulna,23,1/12/2024,12/15/2024,433.71,43371,887.33,88733,34.93099382,22.51183047,421169
BD40,Khulna,BD4050,Kushtia,23,1/12/2024,12/15/2024,31.12,3112,77.1,7710,3.307714896,4.345029534,77589
BD40,Khulna,BD4055,Magura,23,1/12/2024,12/15/2024,23.49,2349,41.54,4154,3.328193759,3.617348603,30484
BD40,Khulna,BD4057,Meherpur,23,1/12/2024,12/15/2024,4.04,404,5.78,578,0.865282154,0.728794786,4033
BD40,Khulna,BD4065,Narail,23,1/12/2024,12/15/2024,205.75,20575,273.84,27384,30.90248782,25.17389401,147550
BD40,Khulna,BD4087,Satkhira,23,1/12/2024,12/15/2024,350.72,35072,836.43,83643,34.6551005,22.70386594,547405
BD45,Mymensingh,BD4539,Jamalpur,23,1/12/2024,12/15/2024,13.51,1351,33.75,3375,0.933574395,1.47471613,24161
BD45,Mymensingh,BD4561,Mymensingh,23,1/12/2024,12/15/2024,132.97,13297,204.2,20420,4.545745525,4.247691644,200564
BD45,Mymensingh,BD4572,Netrakona,23,1/12/2024,12/15/2024,360.47,36047,464.6,46460,15.84821448,14.96555433,217873
BD45,Mymensingh,BD4589,Sherpur,23,1/12/2024,12/15/2024,21.67,2167,26.74,2674,2.214062814,1.81854904,18297
BD50,Rajshahi,BD5010,Bogra,23,1/12/2024,12/15/2024,14.87,1487,47.96,4796,0.7282762,1.488013834,33592
BD50,Rajshahi,BD5038,Joypurhat,23,1/12/2024,12/15/2024,2.54,254,3.18,318,0.321656064,0.301280806,2793
BD50,Rajshahi,BD5064,Naogaon,23,1/12/2024,12/15/2024,39.17,3917,54.47,5447,1.390482442,1.42842118,33353
BD50,Rajshahi,BD5069,Natore,23,1/12/2024,12/15/2024,48.79,4879,84.15,8415,3.768304967,4.00701161,49809
BD50,Rajshahi,BD5070,Nawabganj,23,1/12/2024,12/15/2024,44.59,4459,119.36,11936,4.918681451,6.405042822,97073
BD50,Rajshahi,BD5076,Pabna,23,1/12/2024,12/15/2024,60.59,6059,104.57,10457,3.687315669,3.978590407,81543
BD50,Rajshahi,BD5081,Rajshahi,23,1/12/2024,12/15/2024,118.18,11818,237.59,23759,8.124404302,8.829713239,183497
BD50,Rajshahi,BD5088,Sirajganj,23,1/12/2024,12/15/2024,72.93,7293,190.11,19011,4.436096467,6.910856374,206422
BD55,Rangpur,BD5527,Dinajpur,23,1/12/2024,12/15/2024,8.51,851,12.53,1253,0.299305038,0.325123964,13114
BD55,Rangpur,BD5532,Gaibandha,23,1/12/2024,12/15/2024,37.8,3780,114.83,11483,2.743476182,4.771388962,78466
BD55,Rangpur,BD5549,Kurigram,23,1/12/2024,12/15/2024,54.27,5427,154.67,15467,4.195912266,6.094007433,114938
BD55,Rangpur,BD5552,Lalmonirhat,23,1/12/2024,12/15/2024,17.08,1708,43.57,4357,1.956077496,3.057423119,39681
BD55,Rangpur,BD5573,Nilphamari,23,1/12/2024,12/15/2024,24.57,2457,46.51,4651,2.113540473,2.621200623,32662
BD55,Rangpur,BD5577,Panchagarh,23,1/12/2024,12/15/2024,1.29,129,2.36,236,0.130421663,0.154626862,2119
BD55,Rangpur,BD5585,Rangpur,23,1/12/2024,12/15/2024,14.99,1499,29.71,2971,0.884173963,1.137813713,28256
BD55,Rangpur,BD5594,Thakurgaon,23,1/12/2024,12/15/2024,9.21,921,12.07,1207,0.637359293,0.595556318,6244
BD60,Sylhet,BD6036,Habiganj,23,1/12/2024,12/15/2024,585.97,58597,678.71,67871,30.57400993,23.83475644,353040
BD60,Sylhet,BD6058,Maulvibazar,23,1/12/2024,12/15/2024,190.47,19047,284.16,28416,15.22820414,9.611701113,128447
BD60,Sylhet,BD6090,Sunamganj,23,1/12/2024,12/15/2024,929.63,92963,"1,399.07",139907,38.60285236,34.19851616,787827
BD60,Sylhet,BD6091,Sylhet,23,1/12/2024,12/15/2024,522.81,52281,752.18,75218,23.1458094,19.87196569,482536
BD10,Barisal,BD1004,Barguna,22,11/16/2024,11/30/2024,40.48,4048,123.5,12350,5.093586711,8.460631687,58424
BD10,Barisal,BD1006,Barisal,22,11/16/2024,11/30/2024,180.99,18099,410.15,41015,19.06315849,16.95411662,269123
BD10,Barisal,BD1009,Bhola,22,11/16/2024,11/30/2024,46.25,4625,207.02,20702,5.736906246,9.780843017,134329
BD10,Barisal,BD1042,Jhalokati,22,11/16/2024,11/30/2024,16.5,1650,53.06,5306,5.301873492,6.600966149,36637
BD10,Barisal,BD1078,Patuakhali,22,11/16/2024,11/30/2024,88.96,8896,291.07,29107,5.91369737,10.24798254,112261
BD10,Barisal,BD1079,Pirojpur,22,11/16/2024,11/30/2024,50.4,5040,133.16,13316,9.846143663,9.640023788,87367
BD20,Chattogram,BD2003,Bandarban,22,11/16/2024,11/30/2024,0.11,11,7.02,702,0.137431284,0.141187813,824
BD20,Chattogram,BD2012,Brahamanbaria,22,11/16/2024,11/30/2024,261.78,26178,319.45,31945,17.52831853,15.11588684,289610
BD20,Chattogram,BD2013,Chandpur,22,11/16/2024,11/30/2024,33.43,3343,75.51,7551,5.25947392,4.698920415,74126
BD20,Chattogram,BD2015,Chattogram,22,11/16/2024,11/30/2024,28.96,2896,134.09,13409,2.191914706,2.771389008,193174
BD20,Chattogram,BD2019,Comilla,22,11/16/2024,11/30/2024,105.5,10550,173.12,17312,5.719587094,5.120156891,210841
BD20,Chattogram,BD2022,Cox's Bazar,22,11/16/2024,11/30/2024,45.1,4510,162.84,16284,7.913724609,6.939107486,181152
BD20,Chattogram,BD2030,Feni,22,11/16/2024,11/30/2024,17.34,1734,44.95,4495,3.904296395,4.541728869,32926
BD20,Chattogram,BD2046,Khagrachhari,22,11/16/2024,11/30/2024,7.16,716,18.74,1874,3.338295615,0.600569049,6301
BD20,Chattogram,BD2051,Lakshmipur,22,11/16/2024,11/30/2024,12.63,1263,56.22,5622,2.671507036,4.145042275,64431
BD20,Chattogram,BD2075,Noakhali,22,11/16/2024,11/30/2024,83.76,8376,282.59,28259,7.243828274,9.690759911,189504
BD20,Chattogram,BD2084,Rangamati,22,11/16/2024,11/30/2024,32.08,3208,241.05,24105,14.66381794,3.836950106,57863
BD30,Dhaka,BD3026,Dhaka,22,11/16/2024,11/30/2024,40.92,4092,84.51,8451,6.344683669,5.215543639,466761
BD30,Dhaka,BD3029,Faridpur,22,11/16/2024,11/30/2024,35.44,3544,60.18,6018,2.650431381,2.688596243,46593
BD30,Dhaka,BD3033,Gazipur,22,11/16/2024,11/30/2024,72.21,7221,127.28,12728,10.73740559,6.365444457,184675
BD30,Dhaka,BD3035,Gopalganj,22,11/16/2024,11/30/2024,336.97,33697,426.98,42698,30.54693534,26.48594936,199300
BD30,Dhaka,BD3048,Kishoreganj,22,11/16/2024,11/30/2024,627.56,62756,730.72,73072,30.72138698,25.8354124,433710
BD30,Dhaka,BD3054,Madaripur,22,11/16/2024,11/30/2024,42.15,4215,58.01,5801,5.988535242,4.699624108,31006
BD30,Dhaka,BD3056,Manikganj,22,11/16/2024,11/30/2024,30.93,3093,86.69,8669,3.738752669,5.74369002,54082
BD30,Dhaka,BD3059,Munshiganj,22,11/16/2024,11/30/2024,66.64,6664,100.94,10094,11.96878363,9.878057528,97258
BD30,Dhaka,BD3067,Narayanganj,22,11/16/2024,11/30/2024,15.51,1551,44.84,4484,5.127607089,5.809103123,112757
BD30,Dhaka,BD3068,Narsingdi,22,11/16/2024,11/30/2024,37.38,3738,75.33,7533,6.483037619,5.866720835,108626
BD30,Dhaka,BD3082,Rajbari,22,11/16/2024,11/30/2024,19.18,1918,58.76,5876,2.896024667,4.709036345,45064
BD30,Dhaka,BD3086,Shariatpur,22,11/16/2024,11/30/2024,28.42,2842,81.59,8159,4.268776659,6.290774441,62517
BD30,Dhaka,BD3093,Tangail,22,11/16/2024,11/30/2024,53.26,5326,95.78,9578,2.847881627,2.580510836,78751
BD40,Khulna,BD4001,Bagerhat,22,11/16/2024,11/30/2024,485.37,48537,"1,181.28",118128,47.42528983,29.81769267,477785
BD40,Khulna,BD4018,Chuadanga,22,11/16/2024,11/30/2024,15.03,1503,22.23,2223,2.27049349,1.740367123,15628
BD40,Khulna,BD4041,Jessore,22,11/16/2024,11/30/2024,236.77,23677,443.1,44310,15.57787476,15.695415,304848
BD40,Khulna,BD4044,Jhenaidah,22,11/16/2024,11/30/2024,26.02,2602,36.44,3644,2.087944009,1.700733095,22310
BD40,Khulna,BD4047,Khulna,22,11/16/2024,11/30/2024,420.85,42085,912.45,91245,33.8952497,23.14913247,412575
BD40,Khulna,BD4050,Kushtia,22,11/16/2024,11/30/2024,26.45,2645,74.07,7407,2.811345084,4.174271564,70003
BD40,Khulna,BD4055,Magura,22,11/16/2024,11/30/2024,32.48,3248,52.63,5263,4.601946926,4.583077924,36333
BD40,Khulna,BD4057,Meherpur,22,11/16/2024,11/30/2024,6.52,652,9.52,952,1.396445456,1.200367883,7570
BD40,Khulna,BD4065,Narail,22,11/16/2024,11/30/2024,188.87,18887,250.82,25082,28.36720717,23.05768367,135240
BD40,Khulna,BD4087,Satkhira,22,11/16/2024,11/30/2024,359.9,35990,880.28,88028,35.56218827,23.89412038,574200
BD45,Mymensingh,BD4539,Jamalpur,22,11/16/2024,11/30/2024,16.61,1661,41.41,4141,1.147792058,1.809422073,30983
BD45,Mymensingh,BD4561,Mymensingh,22,11/16/2024,11/30/2024,164.13,16413,240.03,24003,5.610989042,4.992993063,221098
BD45,Mymensingh,BD4572,Netrakona,22,11/16/2024,11/30/2024,440.52,44052,564.84,56484,19.36764624,18.19445481,273924
BD45,Mymensingh,BD4589,Sherpur,22,11/16/2024,11/30/2024,38.25,3825,46.56,4656,3.908071187,3.166478807,32819
BD50,Rajshahi,BD5010,Bogra,22,11/16/2024,11/30/2024,20.14,2014,57.75,5775,0.986380812,1.791759778,45385
BD50,Rajshahi,BD5038,Joypurhat,22,11/16/2024,11/30/2024,0.56,56,1.09,109,0.070916298,0.103372733,3014
BD50,Rajshahi,BD5064,Naogaon,22,11/16/2024,11/30/2024,70.02,7002,98.33,9833,2.485616048,2.57860574,108656
BD50,Rajshahi,BD5069,Natore,22,11/16/2024,11/30/2024,77.7,7770,118.25,11825,6.001174338,5.630767948,68146
BD50,Rajshahi,BD5070,Nawabganj,22,11/16/2024,11/30/2024,43.05,4305,114.75,11475,4.748805483,6.157663068,89208
BD50,Rajshahi,BD5076,Pabna,22,11/16/2024,11/30/2024,114.59,11459,167.55,16755,6.973584792,6.374799872,115223
BD50,Rajshahi,BD5081,Rajshahi,22,11/16/2024,11/30/2024,123.98,12398,253.24,25324,8.523131202,9.411324469,196314
BD50,Rajshahi,BD5088,Sirajganj,22,11/16/2024,11/30/2024,87,8700,221.02,22102,5.291929146,8.034493061,229062
BD55,Rangpur,BD5527,Dinajpur,22,11/16/2024,11/30/2024,10.26,1026,16.6,1660,0.360854253,0.43073087,19074
BD55,Rangpur,BD5532,Gaibandha,22,11/16/2024,11/30/2024,47.11,4711,139.63,13963,3.419184205,5.801872687,99720
BD55,Rangpur,BD5549,Kurigram,22,11/16/2024,11/30/2024,79.78,7978,213.78,21378,6.168230709,8.422945038,164479
BD55,Rangpur,BD5552,Lalmonirhat,22,11/16/2024,11/30/2024,25.29,2529,66.74,6674,2.896323177,4.683323823,58447
BD55,Rangpur,BD5573,Nilphamari,22,11/16/2024,11/30/2024,19.65,1965,44.31,4431,1.690316251,2.497213494,30150
BD55,Rangpur,BD5577,Panchagarh,22,11/16/2024,11/30/2024,1.23,123,2.81,281,0.124355539,0.184110798,3033
BD55,Rangpur,BD5585,Rangpur,22,11/16/2024,11/30/2024,19.76,1976,39.88,3988,1.165528853,1.527297572,38668
BD55,Rangpur,BD5594,Thakurgaon,22,11/16/2024,11/30/2024,6.08,608,7.83,783,0.420754018,0.386346808,3790
BD60,Sylhet,BD6036,Habiganj,22,11/16/2024,11/30/2024,639.8,63980,737.02,73702,33.38268435,25.88247144,382531
BD60,Sylhet,BD6058,Maulvibazar,22,11/16/2024,11/30/2024,222.66,22266,329.62,32962,17.80181621,11.14938387,154601
BD60,Sylhet,BD6090,Sunamganj,22,11/16/2024,11/30/2024,"1,086.45",108645,"1,626.33",162633,45.11479723,39.7536026,939477
BD60,Sylhet,BD6091,Sylhet,22,11/16/2024,11/30/2024,603.81,60381,871.72,87172,26.73183599,23.03011239,563442
BD55,Rangpur,BD5552,Lalmonirhat,21,1/11/2024,11/15/2024,30.81,3081,76.05,7605,3.528498105,5.336631357,63476
BD55,Rangpur,BD5573,Nilphamari,21,1/11/2024,11/15/2024,22.28,2228,47.86,4786,1.916551963,2.697481266,35102
BD55,Rangpur,BD5577,Panchagarh,21,1/11/2024,11/15/2024,3.01,301,5.98,598,0.304317213,0.39174987,9676
BD55,Rangpur,BD5585,Rangpur,21,1/11/2024,11/15/2024,45.16,4516,83.34,8334,2.663728896,3.19169959,96649
BD55,Rangpur,BD5594,Thakurgaon,21,1/11/2024,11/15/2024,10.47,1047,15.03,1503,0.724555027,0.74160824,8429
BD60,Sylhet,BD6036,Habiganj,21,1/11/2024,11/15/2024,681.84,68184,782.56,78256,35.5761949,27.48173299,403169
BD60,Sylhet,BD6058,Maulvibazar,21,1/11/2024,11/15/2024,269.39,26939,394.51,39451,21.53791102,13.34428563,199877
BD60,Sylhet,BD6090,Sunamganj,21,1/11/2024,11/15/2024,"1,170.62",117062,"1,740.98",174098,48.60995346,42.55607844,1005819
BD60,Sylhet,BD6091,Sylhet,21,1/11/2024,11/15/2024,655.14,65514,950.56,95056,29.00431433,25.11299916,636879
BD10,Barisal,BD1004,Barguna,21,1/11/2024,11/15/2024,50.13,5013,134.79,13479,6.307843425,9.234077289,68251
BD10,Barisal,BD1006,Barisal,21,1/11/2024,11/15/2024,179.62,17962,410.6,41060,18.91886031,16.97271799,264964
BD10,Barisal,BD1009,Bhola,21,1/11/2024,11/15/2024,45.17,4517,207.46,20746,5.602941732,9.801631206,126766
BD10,Barisal,BD1042,Jhalokati,21,1/11/2024,11/15/2024,17.59,1759,55.85,5585,5.652118469,6.948058037,41731
BD10,Barisal,BD1078,Patuakhali,21,1/11/2024,11/15/2024,99.08,9908,305.21,30521,6.586433627,10.74582318,118364
BD10,Barisal,BD1079,Pirojpur,21,1/11/2024,11/15/2024,48.22,4822,129.76,12976,9.420258877,9.393883199,85440
BD20,Chattogram,BD2003,Bandarban,21,1/11/2024,11/15/2024,0.2,20,5.48,548,0.249875063,0.110214988,1279
BD20,Chattogram,BD2012,Brahamanbaria,21,1/11/2024,11/15/2024,384.61,38461,456.98,45698,25.75279467,21.62359671,424459
BD20,Chattogram,BD2013,Chandpur,21,1/11/2024,11/15/2024,48.89,4889,101.59,10159,7.691764282,6.321855714,102301
BD20,Chattogram,BD2015,Chattogram,21,1/11/2024,11/15/2024,27.11,2711,125.91,12591,2.05189253,2.602223427,202417
BD20,Chattogram,BD2019,Comilla,21,1/11/2024,11/15/2024,168.36,16836,257.02,25702,9.127485148,7.601563795,316822
BD20,Chattogram,BD2022,Cox's Bazar,21,1/11/2024,11/15/2024,35.9,3590,153.8,15380,6.299394977,6.553885602,169196
BD20,Chattogram,BD2030,Feni,21,1/11/2024,11/15/2024,18.29,1829,47.24,4724,4.1181996,4.772753773,34174
BD20,Chattogram,BD2046,Khagrachhari,21,1/11/2024,11/15/2024,7.62,762,17.74,1774,3.552767121,0.568521608,5199
BD20,Chattogram,BD2051,Lakshmipur,21,1/11/2024,11/15/2024,20.89,2089,67.01,6701,4.418668406,4.940577781,75855
BD20,Chattogram,BD2075,Noakhali,21,1/11/2024,11/15/2024,91.25,9125,297.19,29719,7.891587035,10.1914326,201748
BD20,Chattogram,BD2084,Rangamati,21,1/11/2024,11/15/2024,46.94,4694,277.71,27771,21.45634707,4.420491242,67451
BD30,Dhaka,BD3026,Dhaka,21,1/11/2024,11/15/2024,54.47,5447,102.31,10231,8.445623642,6.314072533,465190
BD30,Dhaka,BD3029,Faridpur,21,1/11/2024,11/15/2024,146.66,14666,195.5,19550,10.96817907,8.734140337,144053
BD30,Dhaka,BD3033,Gazipur,21,1/11/2024,11/15/2024,99.12,9912,168.07,16807,14.73884008,8.405407368,241677
BD30,Dhaka,BD3035,Gopalganj,21,1/11/2024,11/15/2024,343.38,34338,444.35,44435,31.12801335,27.56342592,216755
BD30,Dhaka,BD3048,Kishoreganj,21,1/11/2024,11/15/2024,883.46,88346,"1,015.71",101571,43.24864003,35.91078671,612351
BD30,Dhaka,BD3054,Madaripur,21,1/11/2024,11/15/2024,53.04,5304,75.97,7597,7.535751108,6.121568514,48003
BD30,Dhaka,BD3056,Manikganj,21,1/11/2024,11/15/2024,38.94,3894,98.05,9805,4.706984447,6.496352595,60697
BD30,Dhaka,BD3059,Munshiganj,21,1/11/2024,11/15/2024,75.16,7516,111.84,11184,13.49900626,10.94473899,98682
BD30,Dhaka,BD3067,Narayanganj,21,1/11/2024,11/15/2024,18.67,1867,46.63,4663,6.172303311,6.041000861,110076
BD30,Dhaka,BD3068,Narsingdi,21,1/11/2024,11/15/2024,42.99,4299,83.28,8328,7.45601357,6.485868991,113790
BD30,Dhaka,BD3082,Rajbari,21,1/11/2024,11/15/2024,38.86,3886,83.86,8386,5.867545286,6.708455475,59690
BD30,Dhaka,BD3086,Shariatpur,21,1/11/2024,11/15/2024,32.86,3286,88.5,8850,4.935679135,6.823551146,67919
BD30,Dhaka,BD3093,Tangail,21,1/11/2024,11/15/2024,142.8,14280,211.32,21132,7.635702148,5.693396846,152084
BD40,Khulna,BD4001,Bagerhat,21,1/11/2024,11/15/2024,492.6,49260,"1,175.10",117510,48.13172996,29.66169803,480226
BD40,Khulna,BD4018,Chuadanga,21,1/11/2024,11/15/2024,29.5,2950,41.28,4128,4.456391081,3.231774846,29290
BD40,Khulna,BD4041,Jessore,21,1/11/2024,11/15/2024,305.45,30545,541.99,54199,20.09655718,19.19828025,385109
BD40,Khulna,BD4044,Jhenaidah,21,1/11/2024,11/15/2024,64.96,6496,88.21,8821,5.21263808,4.116950228,55988
BD40,Khulna,BD4047,Khulna,21,1/11/2024,11/15/2024,417.58,41758,925.46,92546,33.63188398,23.4792001,413445
BD40,Khulna,BD4050,Kushtia,21,1/11/2024,11/15/2024,29.93,2993,82.45,8245,3.18123094,4.646532881,76376
BD40,Khulna,BD4055,Magura,21,1/11/2024,11/15/2024,78.96,7896,112.75,11275,11.18749167,9.818393234,73173
BD40,Khulna,BD4057,Meherpur,21,1/11/2024,11/15/2024,12.33,1233,17.18,1718,2.640823999,2.166210109,12772
BD40,Khulna,BD4065,Narail,21,1/11/2024,11/15/2024,204.67,20467,271.45,27145,30.74027792,24.9541832,145830
BD40,Khulna,BD4087,Satkhira,21,1/11/2024,11/15/2024,389.99,38999,"1,007.92",100792,38.5354204,27.35875155,627670
BD45,Mymensingh,BD4539,Jamalpur,21,1/11/2024,11/15/2024,23.02,2302,53.99,5399,1.590738903,2.359108855,48842
BD45,Mymensingh,BD4561,Mymensingh,21,1/11/2024,11/15/2024,189.38,18938,266.87,26687,6.474191829,5.551306332,228415
BD45,Mymensingh,BD4572,Netrakona,21,1/11/2024,11/15/2024,561.84,56184,706.86,70686,24.70153084,22.76915999,361978
BD45,Mymensingh,BD4589,Sherpur,21,1/11/2024,11/15/2024,67.07,6707,81.4,8140,6.852662341,5.535897228,55883
BD50,Rajshahi,BD5010,Bogra,21,1/11/2024,11/15/2024,35.98,3598,86.17,8617,1.762163932,2.673522771,68981
BD50,Rajshahi,BD5038,Joypurhat,21,1/11/2024,11/15/2024,0.92,92,1.41,141,0.116505346,0.132889685,1840
BD50,Rajshahi,BD5064,Naogaon,21,1/11/2024,11/15/2024,126.76,12676,155.92,15592,4.499809915,4.088845795,96088
BD50,Rajshahi,BD5069,Natore,21,1/11/2024,11/15/2024,153.86,15386,218.73,21873,11.88340648,10.41537314,128293
BD50,Rajshahi,BD5070,Nawabganj,21,1/11/2024,11/15/2024,57.98,5798,152.45,15245,6.395719904,8.180703571,120146
BD50,Rajshahi,BD5076,Pabna,21,1/11/2024,11/15/2024,230.72,23072,302.59,30259,14.04088911,11.51255551,219856
BD50,Rajshahi,BD5081,Rajshahi,21,1/11/2024,11/15/2024,137.39,13739,272.41,27241,9.445015291,10.12375177,205574
BD50,Rajshahi,BD5088,Sirajganj,21,1/11/2024,11/15/2024,182.99,18299,343.47,34347,11.13069097,12.48578107,325813
BD55,Rangpur,BD5527,Dinajpur,21,1/11/2024,11/15/2024,37.93,3793,55.94,5594,1.334035263,1.451511136,43444
BD55,Rangpur,BD5532,Gaibandha,21,1/11/2024,11/15/2024,55.2,5520,154.81,15481,4.006346171,6.432628452,111736
BD55,Rangpur,BD5549,Kurigram,21,1/11/2024,11/15/2024,95.11,9511,241.72,24172,7.353477347,9.523782742,187842
BD10,Barisal,BD1004,Barguna,20,10/16/2024,10/31/2024,51.14,5114,136.88,13688,6.434931433,9.377257209,67517
BD10,Barisal,BD1006,Barisal,20,10/16/2024,10/31/2024,170.87,17087,405.75,40575,17.99724786,16.77223654,259209
BD10,Barisal,BD1009,Bhola,20,10/16/2024,10/31/2024,59.74,5974,241.65,24165,7.410222251,11.416968,135892
BD10,Barisal,BD1042,Jhalokati,20,10/16/2024,10/31/2024,17.55,1755,53.88,5388,5.639265442,6.702978819,41297
BD10,Barisal,BD1078,Patuakhali,20,10/16/2024,10/31/2024,167.24,16724,417.95,41795,11.11743197,14.71516922,174579
BD10,Barisal,BD1079,Pirojpur,20,10/16/2024,10/31/2024,95.09,9509,204.92,20492,18.57678176,14.83503811,129000
BD20,Chattogram,BD2003,Bandarban,20,10/16/2024,10/31/2024,0.45,45,7.88,788,0.562218891,0.158560686,1816
BD20,Chattogram,BD2012,Brahamanbaria,20,10/16/2024,10/31/2024,467.35,46735,549.31,54931,31.29291643,25.99251151,527964
BD20,Chattogram,BD2013,Chandpur,20,10/16/2024,10/31/2024,65.24,6524,136.19,13619,10.26407653,8.474983066,140963
BD20,Chattogram,BD2015,Chattogram,20,10/16/2024,10/31/2024,48.84,4884,192.5,19250,3.696585436,3.978460882,258141
BD20,Chattogram,BD2019,Comilla,20,10/16/2024,10/31/2024,324.23,32423,489.14,48914,17.57783624,14.46669098,622883
BD20,Chattogram,BD2022,Cox's Bazar,20,10/16/2024,10/31/2024,51.91,5191,217.59,21759,9.108679478,9.272171444,232782
BD20,Chattogram,BD2030,Feni,20,10/16/2024,10/31/2024,32.8,3280,73.23,7323,7.385289605,7.398576605,68851
BD20,Chattogram,BD2046,Khagrachhari,20,10/16/2024,10/31/2024,8.82,882,20.54,2054,4.112258006,0.658254444,6744
BD20,Chattogram,BD2051,Lakshmipur,20,10/16/2024,10/31/2024,81.42,8142,163.96,16396,17.22201923,12.0886007,173856
BD20,Chattogram,BD2075,Noakhali,20,10/16/2024,10/31/2024,191.46,19146,461.54,46154,16.55806305,15.8227632,332454
BD20,Chattogram,BD2084,Rangamati,20,10/16/2024,10/31/2024,59.37,5937,374.46,37446,27.13811942,5.96052411,89478
BD30,Dhaka,BD3026,Dhaka,20,10/16/2024,10/31/2024,57.4,5740,92.1,9210,8.899922839,5.683961297,244922
BD30,Dhaka,BD3029,Faridpur,20,10/16/2024,10/31/2024,219.77,21977,281.37,28137,16.43581559,12.5704607,206361
BD30,Dhaka,BD3033,Gazipur,20,10/16/2024,10/31/2024,108.51,10851,183.77,18377,16.13510428,9.190585542,281772
BD30,Dhaka,BD3035,Gopalganj,20,10/16/2024,10/31/2024,261.29,26129,337.34,33734,23.6864075,20.92550039,156863
BD30,Dhaka,BD3048,Kishoreganj,20,10/16/2024,10/31/2024,"1,007.08",100708,"1,165.48",116548,49.30029702,41.2059581,730423
BD30,Dhaka,BD3054,Madaripur,20,10/16/2024,10/31/2024,47.15,4715,68.09,6809,6.698919019,5.486607873,40683
BD30,Dhaka,BD3056,Manikganj,20,10/16/2024,10/31/2024,53.54,5354,123.23,12323,6.47180142,8.164666296,76468
BD30,Dhaka,BD3059,Munshiganj,20,10/16/2024,10/31/2024,81.87,8187,117.99,11799,14.70414639,11.5465822,101363
BD30,Dhaka,BD3067,Narayanganj,20,10/16/2024,10/31/2024,18.95,1895,42.51,4251,6.264871331,5.507247408,83889
BD30,Dhaka,BD3068,Narsingdi,20,10/16/2024,10/31/2024,58.11,5811,98.75,9875,10.07836587,7.690676788,130119
BD30,Dhaka,BD3082,Rajbari,20,10/16/2024,10/31/2024,58.69,5869,105.1,10510,8.861714689,8.407568214,71703
BD30,Dhaka,BD3086,Shariatpur,20,10/16/2024,10/31/2024,39.08,3908,97.17,9717,5.869943415,7.492027852,74746
BD30,Dhaka,BD3093,Tangail,20,10/16/2024,10/31/2024,200.25,20025,284.42,28442,10.70762854,7.662861683,205431
BD40,Khulna,BD4001,Bagerhat,20,10/16/2024,10/31/2024,492.66,49266,"1,171.24",117124,48.13759254,29.56426449,476661
BD40,Khulna,BD4018,Chuadanga,20,10/16/2024,10/31/2024,24.35,2435,35.28,3528,3.678410943,2.76204013,25039
BD40,Khulna,BD4041,Jessore,20,10/16/2024,10/31/2024,323.19,32319,567.34,56734,21.26372996,20.09622376,405603
BD40,Khulna,BD4044,Jhenaidah,20,10/16/2024,10/31/2024,74.53,7453,101.21,10121,5.980571368,4.72368816,69890
BD40,Khulna,BD4047,Khulna,20,10/16/2024,10/31/2024,401.85,40185,958.84,95884,32.36499012,24.3260608,420646
BD40,Khulna,BD4050,Kushtia,20,10/16/2024,10/31/2024,26.34,2634,70.48,7048,2.799653289,3.971954365,52142
BD40,Khulna,BD4055,Magura,20,10/16/2024,10/31/2024,110.64,11064,147.04,14704,15.67609015,12.80440391,91967
BD40,Khulna,BD4057,Meherpur,20,10/16/2024,10/31/2024,6.22,622,9.52,952,1.332191831,1.200186287,8287
BD40,Khulna,BD4065,Narail,20,10/16/2024,10/31/2024,199.92,19992,260.54,26054,30.02685475,23.95123556,138160
BD40,Khulna,BD4087,Satkhira,20,10/16/2024,10/31/2024,403.41,40341,"1,079.38",107938,39.8614681,29.29844556,625233
BD45,Mymensingh,BD4539,Jamalpur,20,10/16/2024,10/31/2024,37.33,3733,83.6,8360,2.579595276,3.652926473,70818
BD45,Mymensingh,BD4561,Mymensingh,20,10/16/2024,10/31/2024,408.03,40803,525.42,52542,13.94901516,10.92954387,381441
BD45,Mymensingh,BD4572,Netrakona,20,10/16/2024,10/31/2024,941.24,94124,"1,175.21",117521,41.3820107,37.85550818,668310
BD45,Mymensingh,BD4589,Sherpur,20,10/16/2024,10/31/2024,172.36,17236,207.76,20776,17.61033071,14.12945956,141108
BD50,Rajshahi,BD5010,Bogra,20,10/16/2024,10/31/2024,64.14,6414,138.88,13888,3.141333925,4.308910786,105329
BD50,Rajshahi,BD5038,Joypurhat,20,10/16/2024,10/31/2024,10.8,1080,14.76,1476,1.367671455,1.387515268,9974
BD50,Rajshahi,BD5064,Naogaon,20,10/16/2024,10/31/2024,191.3,19130,237.42,23742,6.790893316,6.226101646,134875
BD50,Rajshahi,BD5069,Natore,20,10/16/2024,10/31/2024,196.76,19676,272.12,27212,15.19679618,12.95767082,157177
BD50,Rajshahi,BD5070,Nawabganj,20,10/16/2024,10/31/2024,74.76,7476,173.23,17323,8.246706106,9.295790617,125593
BD50,Rajshahi,BD5076,Pabna,20,10/16/2024,10/31/2024,336,33600,428.26,42826,20.44789676,16.2938862,311503
BD50,Rajshahi,BD5081,Rajshahi,20,10/16/2024,10/31/2024,165.42,16542,309.24,30924,11.37196615,11.49248925,209333
BD50,Rajshahi,BD5088,Sirajganj,20,10/16/2024,10/31/2024,297.39,29739,497.51,49751,18.08927366,18.08542504,450290
BD55,Rangpur,BD5527,Dinajpur,20,10/16/2024,10/31/2024,43.1,4310,63.53,6353,1.515869229,1.648453745,43406
BD55,Rangpur,BD5532,Gaibandha,20,10/16/2024,10/31/2024,82.02,8202,226.25,22625,5.952907843,9.401086411,159524
BD55,Rangpur,BD5549,Kurigram,20,10/16/2024,10/31/2024,105.25,10525,288.41,28841,8.137456532,11.36337159,214543
BD55,Rangpur,BD5552,Lalmonirhat,20,10/16/2024,10/31/2024,31.29,3129,70.09,7009,3.583469838,4.918402259,57184
BD55,Rangpur,BD5573,Nilphamari,20,10/16/2024,10/31/2024,24.86,2486,50.49,5049,2.138486616,2.845504611,36211
BD55,Rangpur,BD5577,Panchagarh,20,10/16/2024,10/31/2024,10.8,1080,14.13,1413,1.091902292,0.936338348,7518
BD55,Rangpur,BD5585,Rangpur,20,10/16/2024,10/31/2024,47.92,4792,85.62,8562,2.826525436,3.279017505,89986
BD55,Rangpur,BD5594,Thakurgaon,20,10/16/2024,10/31/2024,36.49,3649,48.36,4836,2.525216135,2.386172621,27436
BD60,Sylhet,BD6036,Habiganj,20,10/16/2024,10/31/2024,625.7,62570,719.69,71969,32.64699219,25.27388113,365737
BD60,Sylhet,BD6058,Maulvibazar,20,10/16/2024,10/31/2024,302.57,30257,441.28,44128,24.19067426,14.92627909,229250
BD60,Sylhet,BD6090,Sunamganj,20,10/16/2024,10/31/2024,"1,290.08",129008,"1,931.42",193142,53.57052567,47.21114604,1115007
BD60,Sylhet,BD6091,Sylhet,20,10/16/2024,10/31/2024,658.7,65870,947.48,94748,29.16192241,25.03162814,634564
BD10,Barisal,BD1004,Barguna,19,1/10/2024,10/15/2024,103.79,10379,208.28,20828,13.05986573,14.26866695,105431
BD10,Barisal,BD1006,Barisal,19,1/10/2024,10/15/2024,154.95,15495,361.4,36140,16.32043985,14.93896805,221453
BD10,Barisal,BD1009,Bhola,19,1/10/2024,10/15/2024,97.04,9704,281.33,28133,12.03695961,13.2916847,173810
BD10,Barisal,BD1042,Jhalokati,19,1/10/2024,10/15/2024,22.35,2235,60.53,6053,7.18162864,7.530276687,48516
BD10,Barisal,BD1078,Patuakhali,19,1/10/2024,10/15/2024,250.24,25024,519.18,51918,16.63493289,18.27927157,237428
BD10,Barisal,BD1079,Pirojpur,19,1/10/2024,10/15/2024,105.71,10571,209.49,20949,20.65150489,15.16588002,127859
BD20,Chattogram,BD2003,Bandarban,19,1/10/2024,10/15/2024,0.41,41,5.39,539,0.512243878,0.108425252,1378
BD20,Chattogram,BD2012,Brahamanbaria,19,1/10/2024,10/15/2024,457.61,45761,523.84,52384,30.64074353,24.78730995,479670
BD20,Chattogram,BD2013,Chandpur,19,1/10/2024,10/15/2024,66.66,6666,140.49,14049,10.48748225,8.742568258,144441
BD20,Chattogram,BD2015,Chattogram,19,1/10/2024,10/15/2024,84.39,8439,236.22,23622,6.387281837,4.882036517,303022
BD20,Chattogram,BD2019,Comilla,19,1/10/2024,10/15/2024,396.17,39617,586.81,58681,21.47799828,17.3553562,748080
BD20,Chattogram,BD2022,Cox's Bazar,19,1/10/2024,10/15/2024,72.69,7269,250.27,25027,12.7549588,10.6647656,278541
BD20,Chattogram,BD2030,Feni,19,1/10/2024,10/15/2024,64.94,6494,125.97,12597,14.62197277,12.72700662,132566
BD20,Chattogram,BD2046,Khagrachhari,19,1/10/2024,10/15/2024,9.33,933,21.99,2199,4.350041633,0.704723234,6880
BD20,Chattogram,BD2051,Lakshmipur,19,1/10/2024,10/15/2024,137.35,13735,248.06,24806,29.05237461,18.28920645,265181
BD20,Chattogram,BD2075,Noakhali,19,1/10/2024,10/15/2024,295.12,29512,618.25,61825,25.52290593,21.20143075,449981
BD20,Chattogram,BD2084,Rangamati,19,1/10/2024,10/15/2024,61.94,6194,308.55,30855,28.31287042,4.911391641,70958
BD30,Dhaka,BD3026,Dhaka,19,1/10/2024,10/15/2024,49.47,4947,76.21,7621,7.670369039,4.703308256,130548
BD30,Dhaka,BD3029,Faridpur,19,1/10/2024,10/15/2024,181.18,18118,234.04,23404,13.54980693,10.45576305,173802
BD30,Dhaka,BD3033,Gazipur,19,1/10/2024,10/15/2024,51.09,5109,79.08,7908,7.596926347,3.954897452,109627
BD30,Dhaka,BD3035,Gopalganj,19,1/10/2024,10/15/2024,255.25,25525,324,32400,23.13887066,20.09800832,154160
BD30,Dhaka,BD3048,Kishoreganj,19,1/10/2024,10/15/2024,"1,015.42",101542,"1,171.10",117110,49.70857092,41.40465519,715827
BD30,Dhaka,BD3054,Madaripur,19,1/10/2024,10/15/2024,48.4,4840,68.52,6852,6.876514963,5.52125674,40869
BD30,Dhaka,BD3056,Manikganj,19,1/10/2024,10/15/2024,61.85,6185,132.02,13202,7.47629656,8.747052214,81866
BD30,Dhaka,BD3059,Munshiganj,19,1/10/2024,10/15/2024,71.34,7134,103.74,10374,12.81292053,10.15206745,89796
BD30,Dhaka,BD3067,Narayanganj,19,1/10/2024,10/15/2024,9.14,914,24.55,2455,3.021684642,3.180496915,65232
BD30,Dhaka,BD3068,Narsingdi,19,1/10/2024,10/15/2024,24.11,2411,43.03,4303,4.181541921,3.351188073,46175
BD30,Dhaka,BD3082,Rajbari,19,1/10/2024,10/15/2024,46.59,4659,90.73,9073,7.034712683,7.25802725,72136
BD30,Dhaka,BD3086,Shariatpur,19,1/10/2024,10/15/2024,36.43,3643,89.12,8912,5.471904775,6.871354555,64319
BD30,Dhaka,BD3093,Tangail,19,1/10/2024,10/15/2024,89.27,8927,131.7,13170,4.773383268,3.548269755,95314
BD40,Khulna,BD4001,Bagerhat,19,1/10/2024,10/15/2024,507.45,50745,"1,195.25",119525,49.58271695,30.17032131,473932
BD40,Khulna,BD4018,Chuadanga,19,1/10/2024,10/15/2024,16.11,1611,23.1,2310,2.433642722,1.808478656,15948
BD40,Khulna,BD4041,Jessore,19,1/10/2024,10/15/2024,256.34,25634,436.25,43625,16.86544923,15.45277544,300601
BD40,Khulna,BD4044,Jhenaidah,19,1/10/2024,10/15/2024,67.17,6717,82.67,8267,5.389976906,3.858386525,51242
BD40,Khulna,BD4047,Khulna,19,1/10/2024,10/15/2024,462.03,46203,963.06,96306,37.211886,24.43312347,384947
BD40,Khulna,BD4050,Kushtia,19,1/10/2024,10/15/2024,48.77,4877,84.86,8486,5.183716436,4.782350276,51302
BD40,Khulna,BD4055,Magura,19,1/10/2024,10/15/2024,97.89,9789,131.21,13121,13.86959928,11.42591021,88910
BD40,Khulna,BD4057,Meherpur,19,1/10/2024,10/15/2024,4.24,424,5.69,569,0.908117904,0.717338232,4481
BD40,Khulna,BD4065,Narail,19,1/10/2024,10/15/2024,178.77,17877,228.38,22838,26.85024422,20.99479226,120864
BD40,Khulna,BD4087,Satkhira,19,1/10/2024,10/15/2024,374.53,37453,919.21,91921,37.00779765,24.95082746,570381
BD45,Mymensingh,BD4539,Jamalpur,19,1/10/2024,10/15/2024,31.09,3109,61.52,6152,2.148395851,2.68813441,46042
BD45,Mymensingh,BD4561,Mymensingh,19,1/10/2024,10/15/2024,290.01,29001,353.39,35339,9.914354062,7.351085945,235756
BD45,Mymensingh,BD4572,Netrakona,19,1/10/2024,10/15/2024,903.83,90383,"1,131.67",113167,39.73726438,36.4530109,633453
BD45,Mymensingh,BD4589,Sherpur,19,1/10/2024,10/15/2024,138.06,13806,164.19,16419,14.10583812,11.16632636,109250
BD50,Rajshahi,BD5010,Bogra,19,1/10/2024,10/15/2024,17.05,1705,65.3,6530,0.835044332,2.02600716,39576
BD50,Rajshahi,BD5038,Joypurhat,19,1/10/2024,10/15/2024,1.92,192,2.56,256,0.243141592,0.241274889,1696
BD50,Rajshahi,BD5064,Naogaon,19,1/10/2024,10/15/2024,180.78,18078,220.81,22081,6.417447432,5.790521037,127092
BD50,Rajshahi,BD5069,Natore,19,1/10/2024,10/15/2024,135.94,13594,191.38,19138,10.49935186,9.113034841,110021
BD50,Rajshahi,BD5070,Nawabganj,19,1/10/2024,10/15/2024,114.65,11465,227.03,22703,12.64693493,12.1827821,161120
BD50,Rajshahi,BD5076,Pabna,19,1/10/2024,10/15/2024,236.18,23618,296.97,29697,14.37316743,11.29873297,217305
BD50,Rajshahi,BD5081,Rajshahi,19,1/10/2024,10/15/2024,184.11,18411,342.08,34208,12.65682921,12.71294375,246076
BD50,Rajshahi,BD5088,Sirajganj,19,1/10/2024,10/15/2024,250.79,25079,410.67,41067,15.2547461,14.92862757,382834
BD55,Rangpur,BD5527,Dinajpur,19,1/10/2024,10/15/2024,30.5,3050,46.55,4655,1.072714884,1.207862771,30143
BD55,Rangpur,BD5532,Gaibandha,19,1/10/2024,10/15/2024,67.86,6786,192.69,19269,4.925192956,8.00660924,140251
BD55,Rangpur,BD5549,Kurigram,19,1/10/2024,10/15/2024,78.39,7839,219.28,21928,6.060762162,8.639645373,157032
BD55,Rangpur,BD5552,Lalmonirhat,19,1/10/2024,10/15/2024,28.7,2870,69.52,6952,3.286851529,4.878403839,45137
BD55,Rangpur,BD5573,Nilphamari,19,1/10/2024,10/15/2024,20.11,2011,44.77,4477,1.729885996,2.523322947,30536
BD55,Rangpur,BD5577,Panchagarh,19,1/10/2024,10/15/2024,6.03,603,10.73,1073,0.609645446,0.702922425,7025
BD55,Rangpur,BD5585,Rangpur,19,1/10/2024,10/15/2024,14.96,1496,27.42,2742,0.882404435,1.050112824,22135
BD55,Rangpur,BD5594,Thakurgaon,19,1/10/2024,10/15/2024,34.71,3471,45.94,4594,2.40203486,2.266765307,28507
BD60,Sylhet,BD6036,Habiganj,19,1/10/2024,10/15/2024,510.41,51041,587.28,58728,26.63153473,20.62409408,300157
BD60,Sylhet,BD6058,Maulvibazar,19,1/10/2024,10/15/2024,287.98,28798,416.57,41657,23.02419398,14.09046429,217608
BD60,Sylhet,BD6090,Sunamganj,19,1/10/2024,10/15/2024,"1,335.33",133533,"1,984.48",198448,55.44953029,48.50813137,1158329
BD60,Sylhet,BD6091,Sylhet,19,1/10/2024,10/15/2024,756.04,75604,"1,065.96",106596,33.47135239,28.16177052,684454
BD60,Sylhet,BD6091,Sylhet,18,9/16/2024,9/30/2024,834.68,83468,"1,183.49",118349,36.95289722,31.2668147,777544
BD60,Sylhet,BD6090,Sunamganj,18,9/16/2024,9/30/2024,"1,336.76",133676,"1,996.80",199680,55.50891099,48.80927836,1162324
BD60,Sylhet,BD6058,Maulvibazar,18,9/16/2024,9/30/2024,396.06,39606,553.69,55369,31.66526241,18.72854304,322799
BD60,Sylhet,BD6036,Habiganj,18,9/16/2024,9/30/2024,545.25,54525,633.24,63324,28.44937269,22.23811698,341621
BD55,Rangpur,BD5594,Thakurgaon,18,9/16/2024,9/30/2024,16.39,1639,22.14,2214,1.13423657,1.092428905,13400
BD55,Rangpur,BD5585,Rangpur,18,9/16/2024,9/30/2024,35.27,3527,66.21,6621,2.080374627,2.535666305,65632
BD55,Rangpur,BD5577,Panchagarh,18,9/16/2024,9/30/2024,4.19,419,6,600,0.423617648,0.405185302,3426
BD55,Rangpur,BD5573,Nilphamari,18,9/16/2024,9/30/2024,21.51,2151,47.63,4763,1.850315652,2.684321344,35123
BD55,Rangpur,BD5552,Lalmonirhat,18,9/16/2024,9/30/2024,31.18,3118,77.93,7793,3.570872149,5.468555972,58359
BD55,Rangpur,BD5549,Kurigram,18,9/16/2024,9/30/2024,102.47,10247,272.83,27283,7.922519437,10.74951864,210678
BD55,Rangpur,BD5532,Gaibandha,18,9/16/2024,9/30/2024,58.96,5896,176.11,17611,4.279242214,7.317681007,122633
BD55,Rangpur,BD5527,Dinajpur,18,9/16/2024,9/30/2024,18.27,1827,31.9,3190,0.642573801,0.827729804,22684
BD50,Rajshahi,BD5088,Sirajganj,18,9/16/2024,9/30/2024,268.09,26809,455.28,45528,16.30704925,16.55028505,415579
BD50,Rajshahi,BD5081,Rajshahi,18,9/16/2024,9/30/2024,177.48,17748,341.95,34195,12.20104312,12.70811247,240596
BD50,Rajshahi,BD5076,Pabna,18,9/16/2024,9/30/2024,299.85,29985,384.91,38491,18.24792216,14.6445611,271898
BD50,Rajshahi,BD5070,Nawabganj,18,9/16/2024,9/30/2024,107.53,10753,214.62,21462,11.86153434,11.51684225,145929
BD50,Rajshahi,BD5069,Natore,18,9/16/2024,9/30/2024,187.53,18753,259.4,25940,14.48391536,12.35197637,155378
BD50,Rajshahi,BD5064,Naogaon,18,9/16/2024,9/30/2024,262.3,26230,322.72,32272,9.311298049,8.46300869,191177
BD50,Rajshahi,BD5038,Joypurhat,18,9/16/2024,9/30/2024,19.79,1979,27.53,2753,2.506131305,2.585391312,23523
BD50,Rajshahi,BD5010,Bogra,18,9/16/2024,9/30/2024,41.45,4145,107.33,10733,2.030063785,3.330035964,143522
BD45,Mymensingh,BD4589,Sherpur,18,9/16/2024,9/30/2024,22.39,2239,27.33,2733,2.287626507,1.858674094,18466
BD45,Mymensingh,BD4572,Netrakona,18,9/16/2024,9/30/2024,668.26,66826,839.85,83985,29.3803307,27.05299355,435556
BD45,Mymensingh,BD4561,Mymensingh,18,9/16/2024,9/30/2024,123.49,12349,192.67,19267,4.221659884,4.007848918,183939
BD45,Mymensingh,BD4539,Jamalpur,18,9/16/2024,9/30/2024,71.26,7126,110.14,11014,4.924242147,4.812599543,92204
BD40,Khulna,BD4087,Satkhira,18,9/16/2024,9/30/2024,432.69,43269,"1,008.94",100894,42.75466308,27.3864382,640927
BD40,Khulna,BD4065,Narail,18,9/16/2024,9/30/2024,264.39,26439,340.36,34036,39.70988459,31.28873721,183588
BD40,Khulna,BD4057,Meherpur,18,9/16/2024,9/30/2024,12.56,1256,15.19,1519,2.690085111,1.915292873,11224
BD40,Khulna,BD4055,Magura,18,9/16/2024,9/30/2024,161.87,16187,214.83,21483,22.93464129,18.70763121,139362
BD40,Khulna,BD4050,Kushtia,18,9/16/2024,9/30/2024,74.11,7411,136.28,13628,7.877080686,7.680163747,96763
BD40,Khulna,BD4047,Khulna,18,9/16/2024,9/30/2024,629.64,62964,"1,139.90",113990,50.71119169,28.91960776,515650
BD40,Khulna,BD4044,Jhenaidah,18,9/16/2024,9/30/2024,133.04,13304,166.69,16669,10.67563686,7.77978045,105470
BD40,Khulna,BD4041,Jessore,18,9/16/2024,9/30/2024,408.1,40810,680.94,68094,26.85023731,24.1201442,495569
BD40,Khulna,BD4018,Chuadanga,18,9/16/2024,9/30/2024,49.98,4998,64.13,6413,7.55018394,5.020681222,43724
BD40,Khulna,BD4001,Bagerhat,18,9/16/2024,9/30/2024,538.74,53874,"1,168.76",116876,52.64004913,29.5016647,469536
BD30,Dhaka,BD3093,Tangail,18,9/16/2024,9/30/2024,145.85,14585,217.78,21778,7.798789624,5.867442576,167052
BD30,Dhaka,BD3086,Shariatpur,18,9/16/2024,9/30/2024,44.77,4477,102.14,10214,6.724599966,7.875226148,76895
BD30,Dhaka,BD3082,Rajbari,18,9/16/2024,9/30/2024,105.86,10586,168.97,16897,15.98400267,13.51690581,120614
BD30,Dhaka,BD3068,Narsingdi,18,9/16/2024,9/30/2024,59.05,5905,96.52,9652,10.2413957,7.517003783,104967
BD30,Dhaka,BD3067,Narayanganj,18,9/16/2024,9/30/2024,20.84,2084,46.43,4643,6.889705464,6.0150905,101778
BD30,Dhaka,BD3059,Munshiganj,18,9/16/2024,9/30/2024,89.06,8906,128.83,12883,15.99549625,12.60739203,109778
BD30,Dhaka,BD3056,Manikganj,18,9/16/2024,9/30/2024,85.45,8545,164.05,16405,10.32901441,10.86921615,109062
BD30,Dhaka,BD3054,Madaripur,18,9/16/2024,9/30/2024,37.62,3762,53.64,5364,5.344927539,4.322244769,30604
BD30,Dhaka,BD3048,Kishoreganj,18,9/16/2024,9/30/2024,"1,076.60",107660,"1,254.58",125458,52.70355858,44.35612015,809218
BD30,Dhaka,BD3035,Gopalganj,18,9/16/2024,9/30/2024,272.16,27216,346.44,34644,24.67179251,21.48998149,160720
BD30,Dhaka,BD3033,Gazipur,18,9/16/2024,9/30/2024,97.58,9758,167.01,16701,14.5098468,8.352353567,253336
BD30,Dhaka,BD3029,Faridpur,18,9/16/2024,9/30/2024,245.91,24591,323.79,32379,18.3907331,14.46535428,237849
BD30,Dhaka,BD3026,Dhaka,18,9/16/2024,9/30/2024,69.05,6905,105.3,10530,10.70626606,6.498600701,198948
BD20,Chattogram,BD2084,Rangamati,18,9/16/2024,9/30/2024,73.08,7308,457.51,45751,33.40498176,7.28248514,94755
BD20,Chattogram,BD2075,Noakhali,18,9/16/2024,9/30/2024,431.91,43191,825.34,82534,37.35293541,28.3030956,571459
BD20,Chattogram,BD2051,Lakshmipur,18,9/16/2024,9/30/2024,187.27,18727,319.11,31911,39.6114903,23.52764924,330908
BD20,Chattogram,BD2046,Khagrachhari,18,9/16/2024,9/30/2024,11.84,1184,33.43,3343,5.520310068,1.071345962,9763
BD20,Chattogram,BD2030,Feni,18,9/16/2024,9/30/2024,103.35,10335,198.43,19843,23.27041709,20.04778855,213868
BD20,Chattogram,BD2022,Cox's Bazar,18,9/16/2024,9/30/2024,125.43,12543,315.67,31567,22.00927889,13.45165844,368165
BD20,Chattogram,BD2019,Comilla,18,9/16/2024,9/30/2024,491.18,49118,754.5,75450,26.62887951,22.31491667,955231
BD20,Chattogram,BD2015,Chattogram,18,9/16/2024,9/30/2024,235.89,23589,474.18,47418,17.8539627,9.800034188,519462
BD20,Chattogram,BD2013,Chandpur,18,9/16/2024,9/30/2024,70.45,7045,139.47,13947,11.08375524,8.679094561,135923
BD20,Chattogram,BD2012,Brahamanbaria,18,9/16/2024,9/30/2024,573.86,57386,670.7,67070,38.4246347,31.73650119,672702
BD20,Chattogram,BD2003,Bandarban,18,9/16/2024,9/30/2024,0.02,2,0.94,94,0.024987506,0.0189146,260
BD10,Barisal,BD1079,Pirojpur,18,9/16/2024,9/30/2024,129.69,12969,237.61,23761,25.33623753,17.20160748,136501
BD10,Barisal,BD1078,Patuakhali,18,9/16/2024,9/30/2024,507.4,50740,872.62,87262,33.72987911,30.72317493,407146
BD10,Barisal,BD1042,Jhalokati,18,9/16/2024,9/30/2024,31.39,3139,65.67,6567,10.08641266,8.169721957,40304
BD10,Barisal,BD1009,Bhola,18,9/16/2024,9/30/2024,209.36,20936,448.58,44858,25.96926901,21.19355889,289578
BD10,Barisal,BD1006,Barisal,18,9/16/2024,9/30/2024,149.45,14945,319.22,31922,15.74114059,13.1953995,188545
BD10,Barisal,BD1004,Barguna,18,9/16/2024,9/30/2024,302.61,30261,472.11,47211,38.07732892,32.34290547,223499
BD10,Barisal,BD1004,Barguna,17,1/9/2024,9/15/2024,182.95,18295,287.42,28742,23.02054567,19.69032194,125140
BD10,Barisal,BD1006,Barisal,17,1/9/2024,9/15/2024,172.31,17231,367.02,36702,18.14891894,15.17127851,232774
BD10,Barisal,BD1009,Bhola,17,1/9/2024,9/15/2024,193.58,19358,398.5,39850,24.01189862,18.82748499,244952
BD10,Barisal,BD1042,Jhalokati,17,1/9/2024,9/15/2024,30.8,3080,59.47,5947,9.896830519,7.398406651,39642
BD10,Barisal,BD1078,Patuakhali,17,1/9/2024,9/15/2024,492.9,49290,811.24,81124,32.76597835,28.56211,340429
BD10,Barisal,BD1079,Pirojpur,17,1/9/2024,9/15/2024,109.28,10928,205.6,20560,21.34894007,14.88426623,119808
BD20,Chattogram,BD2003,Bandarban,17,1/9/2024,9/15/2024,0.34,34,2.76,276,0.424787606,0.055536484,886
BD20,Chattogram,BD2012,Brahamanbaria,17,1/9/2024,9/15/2024,773.49,77349,910.61,91061,51.79150087,43.08867653,979155
BD20,Chattogram,BD2013,Chandpur,17,1/9/2024,9/15/2024,145.52,14552,256.73,25673,22.89436568,15.9760805,265782
BD20,Chattogram,BD2015,Chattogram,17,1/9/2024,9/15/2024,275.76,27576,490.29,49029,20.87162981,10.13298486,496596
BD20,Chattogram,BD2019,Comilla,17,1/9/2024,9/15/2024,740.39,74039,"1,181.01",118101,40.1395743,34.92927732,1573555
BD20,Chattogram,BD2022,Cox's Bazar,17,1/9/2024,9/15/2024,139.43,13943,319.86,31986,24.46586746,13.63020708,374354
BD20,Chattogram,BD2030,Feni,17,1/9/2024,9/15/2024,217.18,21718,401.88,40188,48.90052428,40.60275797,464939
BD20,Chattogram,BD2046,Khagrachhari,17,1/9/2024,9/15/2024,13.17,1317,27.48,2748,6.140412465,0.880663686,10962
BD20,Chattogram,BD2051,Lakshmipur,17,1/9/2024,9/15/2024,161.16,16116,267.61,26761,34.0886836,19.73060767,270762
BD20,Chattogram,BD2075,Noakhali,17,1/9/2024,9/15/2024,460.95,46095,823.09,82309,39.86440596,28.22593714,608756
BD60,Sylhet,BD6091,Sylhet,17,1/9/2024,9/15/2024,"1,368.48",136848,"1,893.35",189335,60.58525516,50.02072143,1309089
BD60,Sylhet,BD6090,Sunamganj,17,1/9/2024,9/15/2024,"1,614.62",161462,"2,352.85",235285,67.04703751,57.51247525,1502811
BD60,Sylhet,BD6058,Maulvibazar,17,1/9/2024,9/15/2024,514.13,51413,705.23,70523,41.10503803,23.85437773,445902
BD60,Sylhet,BD6036,Habiganj,17,1/9/2024,9/15/2024,821.53,82153,945.43,94543,42.86476505,33.20160276,605140
BD55,Rangpur,BD5594,Thakurgaon,17,1/9/2024,9/15/2024,13.92,1392,17.83,1783,0.963305251,0.879765464,9799
BD55,Rangpur,BD5585,Rangpur,17,1/9/2024,9/15/2024,34.44,3444,65.5,6550,2.031417697,2.508475199,57002
BD55,Rangpur,BD5577,Panchagarh,17,1/9/2024,9/15/2024,3.27,327,4.77,477,0.330603749,0.317944191,5024
BD55,Rangpur,BD5573,Nilphamari,17,1/9/2024,9/15/2024,25.62,2562,58.66,5866,2.203862715,3.305947722,39958
BD55,Rangpur,BD5552,Lalmonirhat,17,1/9/2024,9/15/2024,33.67,3367,87.8,8780,3.856038014,6.161160199,61225
BD55,Rangpur,BD5549,Kurigram,17,1/9/2024,9/15/2024,161.05,16105,351.91,35191,12.45166151,13.86527546,286498
BD55,Rangpur,BD5532,Gaibandha,17,1/9/2024,9/15/2024,108.89,10889,236.75,23675,7.903098452,9.837379924,192330
BD55,Rangpur,BD5527,Dinajpur,17,1/9/2024,9/15/2024,18.4,1840,28.51,2851,0.647146028,0.739767295,23682
BD50,Rajshahi,BD5088,Sirajganj,17,1/9/2024,9/15/2024,362.46,36246,559.18,55918,22.0472717,20.32724563,517192
BD50,Rajshahi,BD5081,Rajshahi,17,1/9/2024,9/15/2024,132.57,13257,260,26000,9.113659489,9.662550789,177103
BD50,Rajshahi,BD5076,Pabna,17,1/9/2024,9/15/2024,281.14,28114,357.88,35788,17.10929076,13.61615839,264022
BD50,Rajshahi,BD5070,Nawabganj,17,1/9/2024,9/15/2024,100.74,10074,200.12,20012,11.11253576,10.73874975,141947
BD50,Rajshahi,BD5069,Natore,17,1/9/2024,9/15/2024,233.38,23338,309.12,30912,18.02514887,14.71951787,180568
BD50,Rajshahi,BD5064,Naogaon,17,1/9/2024,9/15/2024,255.93,25593,296.11,29611,9.085171597,7.765188099,172327
BD50,Rajshahi,BD5038,Joypurhat,17,1/9/2024,9/15/2024,2.32,232,3.3,330,0.29379609,0.310708866,2771
BD50,Rajshahi,BD5010,Bogra,17,1/9/2024,9/15/2024,168.88,16888,239.71,23971,8.27110186,7.437276819,159277
BD45,Mymensingh,BD4589,Sherpur,17,1/9/2024,9/15/2024,104.81,10481,123.83,12383,10.70862591,8.42150066,84936
BD45,Mymensingh,BD4572,Netrakona,17,1/9/2024,9/15/2024,935.19,93519,"1,158.64",115864,41.11601991,37.32176037,668839
BD45,Mymensingh,BD4561,Mymensingh,17,1/9/2024,9/15/2024,341.9,34190,441.26,44126,11.68827852,9.178924656,340230
BD45,Mymensingh,BD4539,Jamalpur,17,1/9/2024,9/15/2024,83.62,8362,127.76,12776,5.7783487,5.582510601,109646
BD40,Khulna,BD4087,Satkhira,17,1/9/2024,9/15/2024,427.89,42789,910.02,91002,42.28036882,24.70137619,599199
BD40,Khulna,BD4065,Narail,17,1/9/2024,9/15/2024,162.33,16233,206.96,20696,24.38104908,19.02566865,111759
BD40,Khulna,BD4057,Meherpur,17,1/9/2024,9/15/2024,4.18,418,6.67,667,0.895267179,0.841014053,6033
BD40,Khulna,BD4055,Magura,17,1/9/2024,9/15/2024,53,5300,65.84,6584,7.509334578,5.733419162,41001
BD40,Khulna,BD4050,Kushtia,17,1/9/2024,9/15/2024,65.62,6562,121.36,12136,6.974686744,6.839335723,84553
BD40,Khulna,BD4047,Khulna,17,1/9/2024,9/15/2024,611.17,61117,"1,025.36",102536,49.2236183,26.01369332,442777
BD40,Khulna,BD4044,Jhenaidah,17,1/9/2024,9/15/2024,53.02,5302,62.17,6217,4.254526955,2.901607478,39629
BD40,Khulna,BD4041,Jessore,17,1/9/2024,9/15/2024,271.22,27122,433.1,43310,17.84445323,15.34119666,303308
BD40,Khulna,BD4018,Chuadanga,17,1/9/2024,9/15/2024,8.22,822,10.19,1019,1.241746938,0.798058627,7568
BD40,Khulna,BD4001,Bagerhat,17,1/9/2024,9/15/2024,457.05,45705,956.12,95612,44.65815505,24.1342377,380911
BD30,Dhaka,BD3093,Tangail,17,1/9/2024,9/15/2024,126.73,12673,187.53,18753,6.7764183,5.052445157,134191
BD30,Dhaka,BD3086,Shariatpur,17,1/9/2024,9/15/2024,34.83,3483,88.72,8872,5.231579558,6.840513646,66117
BD30,Dhaka,BD3082,Rajbari,17,1/9/2024,9/15/2024,75.03,7503,125.04,12504,11.32892236,10.00268629,90755
BD30,Dhaka,BD3068,Narsingdi,17,1/9/2024,9/15/2024,71.28,7128,112.38,11238,12.36251796,8.752184885,129471
BD30,Dhaka,BD3067,Narayanganj,17,1/9/2024,9/15/2024,16.63,1663,37.37,3737,5.497879168,4.840912104,68301
BD30,Dhaka,BD3059,Munshiganj,17,1/9/2024,9/15/2024,49.14,4914,79.08,7908,8.8257207,7.738822957,72483
BD30,Dhaka,BD3056,Manikganj,17,1/9/2024,9/15/2024,56.77,5677,118.18,11818,6.862236956,7.830075979,72259
BD30,Dhaka,BD3054,Madaripur,17,1/9/2024,9/15/2024,24.61,2461,39.12,3912,3.496508951,3.152455226,25338
BD30,Dhaka,BD3048,Kishoreganj,17,1/9/2024,9/15/2024,"1,093.97",109397,"1,277.42",127742,53.55388443,45.16363643,854073
BD30,Dhaka,BD3035,Gopalganj,17,1/9/2024,9/15/2024,149.57,14957,194.26,19426,13.55878897,12.05012067,88105
BD30,Dhaka,BD3033,Gazipur,17,1/9/2024,9/15/2024,67.79,6779,106.28,10628,10.08016514,5.315179553,169397
BD30,Dhaka,BD3029,Faridpur,17,1/9/2024,9/15/2024,129.44,12944,168.88,16888,9.680356603,7.544867622,126449
BD30,Dhaka,BD3026,Dhaka,17,1/9/2024,9/15/2024,32.53,3253,53.87,5387,5.043806445,3.32459278,160330
BD20,Chattogram,BD2084,Rangamati,17,1/9/2024,9/15/2024,71.89,7189,362.04,36204,32.86103091,5.762826867,78508
BD10,Barisal,BD1004,Barguna,16,8/16/2024,8/31/2024,145.89,14589,218.83,21883,18.35729657,14.99141726,91531
BD10,Barisal,BD1006,Barisal,16,8/16/2024,8/31/2024,124.78,12478,270.93,27093,13.14272013,11.19926567,164192
BD10,Barisal,BD1009,Bhola,16,8/16/2024,8/31/2024,125.62,12562,276.68,27668,15.58205757,13.07199133,174707
BD10,Barisal,BD1042,Jhalokati,16,8/16/2024,8/31/2024,16.43,1643,33.07,3307,5.279380696,4.114710589,22234
BD10,Barisal,BD1078,Patuakhali,16,8/16/2024,8/31/2024,292.22,29222,466.92,46692,19.42559179,16.43930329,193271
BD10,Barisal,BD1079,Pirojpur,16,8/16/2024,8/31/2024,61.4,6140,109.98,10998,11.99510359,7.967057372,63348
BD20,Chattogram,BD2003,Bandarban,16,8/16/2024,8/31/2024,0.28,28,1.76,176,0.349825088,0.035404164,861
BD20,Chattogram,BD2012,Brahamanbaria,16,8/16/2024,8/31/2024,738.84,73884,863.41,86341,49.47139912,40.85524451,919851
BD20,Chattogram,BD2013,Chandpur,16,8/16/2024,8/31/2024,109.92,10992,176.88,17688,17.29349008,11.00708572,166276
BD20,Chattogram,BD2015,Chattogram,16,8/16/2024,8/31/2024,248.77,24877,415.06,41506,18.8288198,8.578181682,400112
BD20,Chattogram,BD2019,Comilla,16,8/16/2024,8/31/2024,673.15,67315,"1,059.81",105981,36.4942185,31.34469429,1385891
BD20,Chattogram,BD2022,Cox's Bazar,16,8/16/2024,8/31/2024,116.27,11627,259.71,25971,20.40196808,11.0670327,297314
BD20,Chattogram,BD2030,Feni,16,8/16/2024,8/31/2024,255.83,25583,479.02,47902,57.60300731,48.39636987,558915
BD20,Chattogram,BD2046,Khagrachhari,16,8/16/2024,8/31/2024,14.93,1493,33.83,3383,6.960999097,1.084164938,14391
BD20,Chattogram,BD2051,Lakshmipur,16,8/16/2024,8/31/2024,154.6,15460,242.79,24279,32.7011075,17.89991318,240654
BD20,Chattogram,BD2075,Noakhali,16,8/16/2024,8/31/2024,424.09,42409,730.51,73051,36.67663721,25.05112362,542082
BD20,Chattogram,BD2084,Rangamati,16,8/16/2024,8/31/2024,57.02,5702,275.75,27575,26.06393076,4.389292643,58723
BD30,Dhaka,BD3026,Dhaka,16,8/16/2024,8/31/2024,28.39,2839,45.09,4509,4.401895634,2.782631108,71404
BD30,Dhaka,BD3029,Faridpur,16,8/16/2024,8/31/2024,113.02,11302,142.11,14211,8.452363282,6.348893521,104410
BD30,Dhaka,BD3033,Gazipur,16,8/16/2024,8/31/2024,65.62,6562,107.1,10710,9.757492795,5.356188654,169518
BD30,Dhaka,BD3035,Gopalganj,16,8/16/2024,8/31/2024,85.61,8561,111.96,11196,7.760700165,6.94497843,51068
BD30,Dhaka,BD3048,Kishoreganj,16,8/16/2024,8/31/2024,"1,177.19",117719,"1,393.09",139309,57.62781174,49.25319024,989393
BD30,Dhaka,BD3054,Madaripur,16,8/16/2024,8/31/2024,15.22,1522,24.3,2430,2.162408218,1.958196881,15589
BD30,Dhaka,BD3056,Manikganj,16,8/16/2024,8/31/2024,72.31,7231,136.53,13653,8.740679131,9.045864557,86601
BD30,Dhaka,BD3059,Munshiganj,16,8/16/2024,8/31/2024,41.79,4179,68.69,6869,7.50563427,6.722050442,62355
BD30,Dhaka,BD3067,Narayanganj,16,8/16/2024,8/31/2024,15.54,1554,33.8,3380,5.137525092,4.378454084,56914
BD30,Dhaka,BD3068,Narsingdi,16,8/16/2024,8/31/2024,93.42,9342,143.86,14386,16.20239097,11.20385582,169493
BD30,Dhaka,BD3082,Rajbari,16,8/16/2024,8/31/2024,93.65,9365,145.35,14535,14.14039156,11.62740285,100354
BD30,Dhaka,BD3086,Shariatpur,16,8/16/2024,8/31/2024,21.93,2193,59.01,5901,3.2939575,4.54980512,38692
BD30,Dhaka,BD3093,Tangail,16,8/16/2024,8/31/2024,152.21,15221,228.07,22807,8.138867114,6.144676408,168574
BD40,Khulna,BD4001,Bagerhat,16,8/16/2024,8/31/2024,315.51,31551,681.1,68110,30.82834373,17.19274486,261154
BD40,Khulna,BD4018,Chuadanga,16,8/16/2024,8/31/2024,23.61,2361,28.18,2818,3.566623506,2.206996282,18736
BD40,Khulna,BD4041,Jessore,16,8/16/2024,8/31/2024,272.03,27203,389.55,38955,17.89774579,13.79857575,267259
BD40,Khulna,BD4044,Jhenaidah,16,8/16/2024,8/31/2024,90.37,9037,106.73,10673,7.251633363,4.98131842,72254
BD40,Khulna,BD4047,Khulna,16,8/16/2024,8/31/2024,548.69,54869,857.78,85778,44.19148048,21.76213803,385998
BD40,Khulna,BD4050,Kushtia,16,8/16/2024,8/31/2024,100.81,10081,161.27,16127,10.71499803,9.088494332,116313
BD40,Khulna,BD4055,Magura,16,8/16/2024,8/31/2024,58.19,5819,68.92,6892,8.244682624,6.001628929,42549
BD40,Khulna,BD4057,Meherpur,16,8/16/2024,8/31/2024,9.54,954,11.98,1198,2.043265284,1.510546979,10563
BD40,Khulna,BD4065,Narail,16,8/16/2024,8/31/2024,127.03,12703,156.67,15667,19.07918847,14.40254884,81348
BD40,Khulna,BD4087,Satkhira,16,8/16/2024,8/31/2024,405.73,40573,764.63,76463,40.09071033,20.75494305,500889
BD45,Mymensingh,BD4539,Jamalpur,16,8/16/2024,8/31/2024,169.09,16909,246.73,24673,11.68453697,10.78093958,201936
BD45,Mymensingh,BD4561,Mymensingh,16,8/16/2024,8/31/2024,636.61,63661,823.77,82377,21.76330795,17.1357539,692401
BD45,Mymensingh,BD4572,Netrakona,16,8/16/2024,8/31/2024,"1,077.59",107759,"1,336.45",133645,47.37669553,43.04932217,794544
BD45,Mymensingh,BD4589,Sherpur,16,8/16/2024,8/31/2024,199.01,19901,242.01,24201,20.33320907,16.45875293,169098
BD50,Rajshahi,BD5010,Bogra,16,8/16/2024,8/31/2024,306.92,30692,415.18,41518,15.03177749,12.88143419,285120
BD50,Rajshahi,BD5038,Joypurhat,16,8/16/2024,8/31/2024,31.43,3143,36.34,3634,3.980177206,3.412754096,23435
BD50,Rajshahi,BD5064,Naogaon,16,8/16/2024,8/31/2024,328.81,32881,378.93,37893,11.67231381,9.937059628,225227
BD50,Rajshahi,BD5069,Natore,16,8/16/2024,8/31/2024,238.69,23869,309.27,30927,18.43526773,14.72666049,173145
BD50,Rajshahi,BD5070,Nawabganj,16,8/16/2024,8/31/2024,96.04,9604,185.1,18510,10.59408313,9.932753237,118988
BD50,Rajshahi,BD5076,Pabna,16,8/16/2024,8/31/2024,308.41,30841,387.1,38710,18.76885667,14.7278834,284890
BD50,Rajshahi,BD5081,Rajshahi,16,8/16/2024,8/31/2024,128.13,12813,238.2,23820,8.808427173,8.852383069,151429
BD50,Rajshahi,BD5088,Sirajganj,16,8/16/2024,8/31/2024,417.86,41786,639.57,63957,25.41707486,23.24957346,619899
BD55,Rangpur,BD5527,Dinajpur,16,8/16/2024,8/31/2024,257.46,25746,290.43,29043,9.055120456,7.535973888,188013
BD55,Rangpur,BD5532,Gaibandha,16,8/16/2024,8/31/2024,190.78,19078,362.11,36211,13.84657106,15.04630895,307709
BD55,Rangpur,BD5549,Kurigram,16,8/16/2024,8/31/2024,164.68,16468,362.6,36260,12.73231679,14.28646211,297915
BD55,Rangpur,BD5552,Lalmonirhat,16,8/16/2024,8/31/2024,28.9,2890,71.84,7184,3.309756418,5.041204427,52170
BD55,Rangpur,BD5573,Nilphamari,16,8/16/2024,8/31/2024,35.78,3578,62.34,6234,3.077837938,3.513344374,44074
BD55,Rangpur,BD5577,Panchagarh,16,8/16/2024,8/31/2024,12.39,1239,15.24,1524,1.252654573,1.004165808,8444
BD55,Rangpur,BD5585,Rangpur,16,8/16/2024,8/31/2024,60.67,6067,90.51,9051,3.578574671,3.466291455,74791
BD55,Rangpur,BD5594,Thakurgaon,16,8/16/2024,8/31/2024,71.49,7149,84.14,8414,4.947319855,4.151624573,44513
BD60,Sylhet,BD6036,Habiganj,16,8/16/2024,8/31/2024,775.7,77570,897.44,89744,40.47350462,31.51629035,577150
BD60,Sylhet,BD6058,Maulvibazar,16,8/16/2024,8/31/2024,594.63,59463,815.14,81514,47.54106698,27.57207927,521165
BD60,Sylhet,BD6090,Sunamganj,16,8/16/2024,8/31/2024,"1,730.43",173043,"2,513.56",251356,71.8560436,61.44083018,1631723
BD60,Sylhet,BD6091,Sylhet,16,8/16/2024,8/31/2024,"1,540.10",154010,"2,124.03",212403,68.18320434,56.11509385,1497599
BD10,Barisal,BD1004,Barguna,15,1/8/2024,8/15/2024,14.5,1450,22.36,2236,1.824530813,1.536055645,8395
BD10,Barisal,BD1006,Barisal,15,1/8/2024,8/15/2024,54.18,5418,113.06,11306,5.706624271,4.67401288,61343
BD10,Barisal,BD1009,Bhola,15,1/8/2024,8/15/2024,59.55,5955,130.48,13048,7.38665442,6.164643014,71099
BD10,Barisal,BD1042,Jhalokati,15,1/8/2024,8/15/2024,4.15,415,10.51,1051,1.333501515,1.308079412,8172
BD10,Barisal,BD1078,Patuakhali,15,1/8/2024,8/15/2024,175.97,17597,256.55,25655,11.69776671,9.03260357,123994
BD10,Barisal,BD1079,Pirojpur,15,1/8/2024,8/15/2024,21.51,2151,39.58,3958,4.202193456,2.868055386,22364
BD20,Chattogram,BD2003,Bandarban,15,1/8/2024,8/15/2024,0.03,3,0.4,40,0.037481259,0.00804489,373
BD20,Chattogram,BD2012,Brahamanbaria,15,1/8/2024,8/15/2024,552.21,55221,621.66,62166,36.97498959,29.41600318,593438
BD20,Chattogram,BD2013,Chandpur,15,1/8/2024,8/15/2024,19.18,1918,41.81,4181,3.017550397,2.601799266,20443
BD20,Chattogram,BD2015,Chattogram,15,1/8/2024,8/15/2024,107.63,10763,164.5,16450,8.146263113,3.399906718,146660
BD20,Chattogram,BD2019,Comilla,15,1/8/2024,8/15/2024,89.29,8929,127.81,12781,4.840776603,3.78007886,157079
BD20,Chattogram,BD2022,Cox's Bazar,15,1/8/2024,8/15/2024,30.72,3072,78.5,7850,5.390457206,3.345123665,84817
BD20,Chattogram,BD2030,Feni,15,1/8/2024,8/15/2024,76.42,7642,121.47,12147,17.20682413,12.27236242,112244
BD20,Chattogram,BD2046,Khagrachhari,15,1/8/2024,8/15/2024,0.82,82,3.63,363,0.382318772,0.116373867,1753
BD20,Chattogram,BD2051,Lakshmipur,15,1/8/2024,8/15/2024,87.66,8766,135.62,13562,18.54190869,9.999195626,133723
BD20,Chattogram,BD2075,Noakhali,15,1/8/2024,8/15/2024,139.1,13910,256.98,25698,12.02980555,8.81252515,142317
BD20,Chattogram,BD2084,Rangamati,15,1/8/2024,8/15/2024,13.1,1310,61.39,6139,5.988030392,0.97718468,15020
BD30,Dhaka,BD3026,Dhaka,15,1/8/2024,8/15/2024,43.56,4356,64.35,6435,6.754018099,3.971367095,125206
BD30,Dhaka,BD3029,Faridpur,15,1/8/2024,8/15/2024,79.69,7969,97.72,9772,5.959731286,4.365729891,72468
BD30,Dhaka,BD3033,Gazipur,15,1/8/2024,8/15/2024,28.35,2835,41.5,4150,4.215558073,2.075460589,63975
BD30,Dhaka,BD3035,Gopalganj,15,1/8/2024,8/15/2024,78.26,7826,101.01,10101,7.094409472,6.265740186,45166
BD30,Dhaka,BD3048,Kishoreganj,15,1/8/2024,8/15/2024,"1,036.02",103602,"1,192.36",119236,50.71701724,42.15631001,758333
BD30,Dhaka,BD3054,Madaripur,15,1/8/2024,8/15/2024,9.99,999,14.41,1441,1.419346787,1.161218809,8926
BD30,Dhaka,BD3056,Manikganj,15,1/8/2024,8/15/2024,75.33,7533,132.6,13260,9.105730313,8.785480409,86708
BD30,Dhaka,BD3059,Munshiganj,15,1/8/2024,8/15/2024,23.81,2381,43.62,4362,4.276361617,4.268683073,39480
BD30,Dhaka,BD3067,Narayanganj,15,1/8/2024,8/15/2024,11.99,1199,24.48,2448,3.963894842,3.171428288,43214
BD30,Dhaka,BD3068,Narsingdi,15,1/8/2024,8/15/2024,67.45,6745,99.94,9994,11.69825809,7.783354311,105022
BD30,Dhaka,BD3082,Rajbari,15,1/8/2024,8/15/2024,19.04,1904,42.25,4225,2.874885801,3.379826423,29925
BD30,Dhaka,BD3086,Shariatpur,15,1/8/2024,8/15/2024,14.61,1461,45.28,4528,2.194469634,3.50292291,27740
BD30,Dhaka,BD3093,Tangail,15,1/8/2024,8/15/2024,299.81,29981,399.75,39975,16.03123152,10.77008986,325749
BD40,Khulna,BD4001,Bagerhat,15,1/8/2024,8/15/2024,184.62,18462,327.98,32798,18.03913923,8.278821991,143953
BD40,Khulna,BD4018,Chuadanga,15,1/8/2024,8/15/2024,37.92,3792,45.5,4550,5.72835084,3.563460994,32835
BD40,Khulna,BD4041,Jessore,15,1/8/2024,8/15/2024,201.29,20129,295.09,29509,13.24352921,10.45262923,216000
BD40,Khulna,BD4044,Jhenaidah,15,1/8/2024,8/15/2024,132.9,13290,165.35,16535,10.66440272,7.717239771,106798
BD40,Khulna,BD4047,Khulna,15,1/8/2024,8/15/2024,252.93,25293,343.68,34368,20.37097661,8.719265545,169128
BD40,Khulna,BD4050,Kushtia,15,1/8/2024,8/15/2024,47.45,4745,79.07,7907,5.043414904,4.456050393,62846
BD40,Khulna,BD4055,Magura,15,1/8/2024,8/15/2024,54.84,5484,62.6,6260,7.770036005,5.454685058,38520
BD40,Khulna,BD4057,Meherpur,15,1/8/2024,8/15/2024,9.23,923,10.7,1070,1.976869871,1.349152978,7982
BD40,Khulna,BD4065,Narail,15,1/8/2024,8/15/2024,102.59,10259,134.03,13403,15.40843852,12.3212716,70187
BD40,Khulna,BD4087,Satkhira,15,1/8/2024,8/15/2024,124.22,12422,197.53,19753,12.27434017,5.361709455,124741
BD45,Mymensingh,BD4539,Jamalpur,15,1/8/2024,8/15/2024,80.42,8042,128.36,12836,5.55722079,5.608727777,99709
BD45,Mymensingh,BD4561,Mymensingh,15,1/8/2024,8/15/2024,202.02,20202,241.82,24182,6.906306016,5.030248743,162009
BD45,Mymensingh,BD4572,Netrakona,15,1/8/2024,8/15/2024,741.14,74114,907.19,90719,32.58453041,29.22212921,490683
BD45,Mymensingh,BD4589,Sherpur,15,1/8/2024,8/15/2024,168.01,16801,194.68,19468,17.1658834,13.23990752,124641
BD50,Rajshahi,BD5010,Bogra,15,1/8/2024,8/15/2024,469.18,46918,581.89,58189,22.97865686,18.05380254,400232
BD50,Rajshahi,BD5038,Joypurhat,15,1/8/2024,8/15/2024,165.06,16506,186.13,18613,20.90257874,17.47979967,126018
BD50,Rajshahi,BD5064,Naogaon,15,1/8/2024,8/15/2024,429.25,42925,469.32,46932,15.23779904,12.30744682,256557
BD50,Rajshahi,BD5069,Natore,15,1/8/2024,8/15/2024,192.11,19211,225.58,22558,14.83765254,10.74155293,123539
BD50,Rajshahi,BD5070,Nawabganj,15,1/8/2024,8/15/2024,32.9,3290,75.79,7579,3.629168418,4.067009011,53869
BD50,Rajshahi,BD5076,Pabna,15,1/8/2024,8/15/2024,221.19,22119,266.83,26683,13.46092347,10.15200498,199342
BD50,Rajshahi,BD5081,Rajshahi,15,1/8/2024,8/15/2024,125.53,12553,191.98,19198,8.629687528,7.134678848,122203
BD50,Rajshahi,BD5088,Sirajganj,15,1/8/2024,8/15/2024,428.43,42843,615.5,61550,26.06001384,22.37458365,579697
BD55,Rangpur,BD5527,Dinajpur,15,1/8/2024,8/15/2024,166.44,16644,187.46,18746,5.853857876,4.864145113,116014
BD55,Rangpur,BD5532,Gaibandha,15,1/8/2024,8/15/2024,130.17,13017,282.26,28226,9.447573932,11.72840066,213023
BD55,Rangpur,BD5549,Kurigram,15,1/8/2024,8/15/2024,162.64,16264,331.25,33125,12.57459316,13.0512702,269628
BD55,Rangpur,BD5552,Lalmonirhat,15,1/8/2024,8/15/2024,75.71,7571,128.16,12816,8.67064562,8.993329056,95573
BD55,Rangpur,BD5573,Nilphamari,15,1/8/2024,8/15/2024,64,6400,95.47,9547,5.505355729,5.380477822,69521
BD55,Rangpur,BD5577,Panchagarh,15,1/8/2024,8/15/2024,40.98,4098,50.7,5070,4.143162584,3.321357589,25617
BD55,Rangpur,BD5585,Rangpur,15,1/8/2024,8/15/2024,77.06,7706,103.01,10301,4.545326589,3.945008096,89495
BD55,Rangpur,BD5594,Thakurgaon,15,1/8/2024,8/15/2024,78.84,7884,88.37,8837,5.455961636,4.360340665,48928
BD60,Sylhet,BD6036,Habiganj,15,1/8/2024,8/15/2024,475.69,47569,550.71,55071,24.81995799,19.33982913,324156
BD60,Sylhet,BD6058,Maulvibazar,15,1/8/2024,8/15/2024,281.54,28154,388.11,38811,22.50931167,13.12820118,215078
BD60,Sylhet,BD6090,Sunamganj,15,1/8/2024,8/15/2024,"1,470.88",147088,"2,103.46",210346,61.07823917,51.41644864,1259139
BD60,Sylhet,BD6091,Sylhet,15,1/8/2024,8/15/2024,"1,154.64",115464,"1,509.95",150995,51.11814497,39.8916145,975464
BD20,Chattogram,BD2015,Chattogram,14,7/16/2024,7/31/2024,158.81,15881,291.74,29174,12.01995768,6.029719063,270486
BD20,Chattogram,BD2019,Comilla,14,7/16/2024,7/31/2024,56.11,5611,87.28,8728,3.041952908,2.581372998,100846
BD20,Chattogram,BD2022,Cox's Bazar,14,7/16/2024,7/31/2024,68.47,6847,176.09,17609,12.01447282,7.50428882,184521
BD20,Chattogram,BD2030,Feni,14,7/16/2024,7/31/2024,77.47,7747,125.72,12572,17.44324347,12.70174861,107791
BD20,Chattogram,BD2046,Khagrachhari,14,7/16/2024,7/31/2024,6.77,677,13.81,1381,3.156461078,0.443204455,5578
BD20,Chattogram,BD2051,Lakshmipur,14,7/16/2024,7/31/2024,70.35,7035,126.3,12630,14.88048456,9.311967971,133951
BD20,Chattogram,BD2075,Noakhali,14,7/16/2024,7/31/2024,215.62,21562,421.03,42103,18.64749585,14.43823435,263785
BD20,Chattogram,BD2084,Rangamati,14,7/16/2024,7/31/2024,16.32,1632,121.03,12103,7.459897405,1.926513467,28356
BD30,Dhaka,BD3026,Dhaka,14,7/16/2024,7/31/2024,64.95,6495,90.51,9051,10.07055729,5.585834278,355711
BD30,Dhaka,BD3029,Faridpur,14,7/16/2024,7/31/2024,122.06,12206,157.84,15784,9.128432687,7.051645579,120754
BD30,Dhaka,BD3033,Gazipur,14,7/16/2024,7/31/2024,48.67,4867,74.22,7422,7.237079767,3.711823734,104441
BD30,Dhaka,BD3035,Gopalganj,14,7/16/2024,7/31/2024,120.69,12069,157.39,15739,10.94076513,9.763041757,75930
BD30,Dhaka,BD3048,Kishoreganj,14,7/16/2024,7/31/2024,"1,187.86",118786,"1,390.24",139024,58.15014777,49.15242748,960127
BD30,Dhaka,BD3054,Madaripur,14,7/16/2024,7/31/2024,31.86,3186,48.44,4844,4.526565428,3.903500285,33836
BD30,Dhaka,BD3056,Manikganj,14,7/16/2024,7/31/2024,233.16,23316,354.26,35426,28.1838853,23.47167639,252479
BD30,Dhaka,BD3059,Munshiganj,14,7/16/2024,7/31/2024,59.41,5941,92.04,9204,10.67024963,9.007097433,87296
BD30,Dhaka,BD3067,Narayanganj,14,7/16/2024,7/31/2024,20.65,2065,37.61,3761,6.826891451,4.872443543,63649
BD30,Dhaka,BD3068,Narsingdi,14,7/16/2024,7/31/2024,88,8800,129.42,12942,15.26236786,10.07926471,143014
BD30,Dhaka,BD3082,Rajbari,14,7/16/2024,7/31/2024,47.09,4709,90.84,9084,7.110208634,7.266826799,67453
BD30,Dhaka,BD3086,Shariatpur,14,7/16/2024,7/31/2024,42.7,4270,88.81,8881,6.413679217,6.847452851,64567
BD30,Dhaka,BD3093,Tangail,14,7/16/2024,7/31/2024,821.71,82171,"1,163.44",116344,43.93790484,31.34547429,1030202
BD40,Khulna,BD4001,Bagerhat,14,7/16/2024,7/31/2024,317.84,31784,649.68,64968,31.05600701,16.39962191,255472
BD40,Khulna,BD4018,Chuadanga,14,7/16/2024,7/31/2024,10.27,1027,13.75,1375,1.551428353,1.076870081,9360
BD40,Khulna,BD4041,Jessore,14,7/16/2024,7/31/2024,150.13,15013,219.32,21932,9.877545032,7.768716811,150707
BD40,Khulna,BD4044,Jhenaidah,14,7/16/2024,7/31/2024,53.48,5348,64.24,6424,4.291439109,2.998218826,45262
BD40,Khulna,BD4047,Khulna,14,7/16/2024,7/31/2024,341.42,34142,619.78,61978,27.49795926,15.72400605,270251
BD40,Khulna,BD4050,Kushtia,14,7/16/2024,7/31/2024,40.94,4094,79.38,7938,4.35147326,4.47352068,66076
BD40,Khulna,BD4055,Magura,14,7/16/2024,7/31/2024,41.66,4166,50.52,5052,5.902620349,4.399298508,31403
BD40,Khulna,BD4057,Meherpur,14,7/16/2024,7/31/2024,2.34,234,3.07,307,0.501178277,0.387034864,2551
BD40,Khulna,BD4065,Narail,14,7/16/2024,7/31/2024,103.01,10301,128.11,12811,15.47152015,11.77705069,64667
BD40,Khulna,BD4087,Satkhira,14,7/16/2024,7/31/2024,247.1,24710,532.4,53240,24.41627319,14.45134468,301798
BD45,Mymensingh,BD4539,Jamalpur,14,7/16/2024,7/31/2024,578.09,57809,798.24,79824,39.94744798,34.87933048,697237
BD20,Chattogram,BD2013,Chandpur,14,7/16/2024,7/31/2024,40.36,4036,71.95,7195,6.349756728,4.477384769,45168
BD20,Chattogram,BD2012,Brahamanbaria,14,7/16/2024,7/31/2024,687.4,68740,782.11,78211,46.02706913,37.00825249,780509
BD20,Chattogram,BD2003,Bandarban,14,7/16/2024,7/31/2024,0.22,22,1.06,106,0.274862569,0.021318957,694
BD10,Barisal,BD1079,Pirojpur,14,7/16/2024,7/31/2024,26.19,2619,53.8,5380,5.116478225,3.897323937,30668
BD10,Barisal,BD1078,Patuakhali,14,7/16/2024,7/31/2024,318.04,31804,509.73,50973,21.14199991,17.9465563,211889
BD10,Barisal,BD1042,Jhalokati,14,7/16/2024,7/31/2024,10.57,1057,21.71,2171,3.396412292,2.701250888,14137
BD45,Mymensingh,BD4561,Mymensingh,14,7/16/2024,7/31/2024,534.02,53402,647.59,64759,18.25614067,13.47092376,468212
BD45,Mymensingh,BD4572,Netrakona,14,7/16/2024,7/31/2024,"1,393.78",139378,"1,734.74",173474,61.27812127,55.87891888,1084126
BD45,Mymensingh,BD4589,Sherpur,14,7/16/2024,7/31/2024,328.58,32858,407.84,40784,33.57160865,27.73661333,269982
BD50,Rajshahi,BD5010,Bogra,14,7/16/2024,7/31/2024,527.43,52743,688.1,68810,25.83152093,21.34908923,482710
BD50,Rajshahi,BD5038,Joypurhat,14,7/16/2024,7/31/2024,297.24,29724,346.38,34638,37.64135771,32.52916246,234721
BD50,Rajshahi,BD5064,Naogaon,14,7/16/2024,7/31/2024,979.04,97904,"1,140.85",114085,34.75460634,29.91764832,626348
BD50,Rajshahi,BD5069,Natore,14,7/16/2024,7/31/2024,356.91,35691,437.5,43750,27.56601201,20.83265097,247690
BD50,Rajshahi,BD5070,Nawabganj,14,7/16/2024,7/31/2024,134.84,13484,215.49,21549,14.87407506,11.5635278,138896
BD50,Rajshahi,BD5076,Pabna,14,7/16/2024,7/31/2024,342.66,34266,453.32,45332,20.85320329,17.24733688,355235
BD50,Rajshahi,BD5081,Rajshahi,14,7/16/2024,7/31/2024,385.69,38569,526.92,52692,26.51465134,19.58227408,334536
BD50,Rajshahi,BD5088,Sirajganj,14,7/16/2024,7/31/2024,848.96,84896,"1,267.88",126788,51.63949618,46.08982473,1390427
BD55,Rangpur,BD5527,Dinajpur,14,7/16/2024,7/31/2024,503.95,50395,576.09,57609,17.72441526,14.94817752,364128
BD55,Rangpur,BD5532,Gaibandha,14,7/16/2024,7/31/2024,316.7,31670,570.15,57015,22.98568537,23.69073776,467311
BD55,Rangpur,BD5549,Kurigram,14,7/16/2024,7/31/2024,573.13,57313,"1,029.76",102976,44.31183337,40.5726068,853515
BD55,Rangpur,BD5552,Lalmonirhat,14,7/16/2024,7/31/2024,182.95,18295,280.67,28067,20.95224694,19.69536256,205752
BD55,Rangpur,BD5573,Nilphamari,14,7/16/2024,7/31/2024,188.51,18851,264.96,26496,16.21585326,14.93255896,203779
BD55,Rangpur,BD5577,Panchagarh,14,7/16/2024,7/31/2024,286.64,28664,374.22,37422,28.97989564,24.51515655,220875
BD55,Rangpur,BD5585,Rangpur,14,7/16/2024,7/31/2024,114.01,11401,150.94,15094,6.724794762,5.780599185,128365
BD55,Rangpur,BD5594,Thakurgaon,14,7/16/2024,7/31/2024,258.02,25802,302.15,30215,17.85574862,14.9086447,169603
BD60,Sylhet,BD6036,Habiganj,14,7/16/2024,7/31/2024,942.11,94211,"1,075.81",107581,49.15623751,37.7802865,685919
BD60,Sylhet,BD6058,Maulvibazar,14,7/16/2024,7/31/2024,471.1,47110,640.5,64050,37.66476069,21.66488796,401833
BD60,Sylhet,BD6090,Sunamganj,14,7/16/2024,7/31/2024,"1,906.29",190629,"2,769.81",276981,79.15862378,67.70454091,1842507
BD60,Sylhet,BD6091,Sylhet,14,7/16/2024,7/31/2024,"1,777.48",177748,"2,458.48",245848,78.69247585,64.95098277,1789961
BD10,Barisal,BD1004,Barguna,14,7/16/2024,7/31/2024,39.27,3927,74.99,7499,4.941332761,5.137350366,30186
BD10,Barisal,BD1006,Barisal,14,7/16/2024,7/31/2024,100.74,10074,214.13,21413,10.61065576,8.851359237,116595
BD10,Barisal,BD1009,Bhola,14,7/16/2024,7/31/2024,110.22,11022,239.39,23939,13.67182284,11.3101923,123448
BD10,Barisal,BD1009,Bhola,13,1/7/2024,7/15/2024,147.96,14796,293.85,29385,18.35313834,13.88320317,148304
BD10,Barisal,BD1042,Jhalokati,13,1/7/2024,7/15/2024,7.58,758,24.54,2454,2.43564855,3.052915743,18405
BD10,Barisal,BD1078,Patuakhali,13,1/7/2024,7/15/2024,297.08,29708,465.44,46544,19.74866473,16.3871955,146874
BD10,Barisal,BD1079,Pirojpur,13,1/7/2024,7/15/2024,4.23,423,11.99,1199,0.826372772,0.870849002,7946
BD20,Chattogram,BD2019,Comilla,13,1/7/2024,7/15/2024,38.12,3812,58.43,5843,2.066641327,1.728112102,71855
BD20,Chattogram,BD2022,Cox's Bazar,13,1/7/2024,7/15/2024,99.41,9941,231.18,23118,17.44353356,9.852015955,249637
BD20,Chattogram,BD2030,Feni,13,1/7/2024,7/15/2024,30.69,3069,59.88,5988,6.910199329,6.050249714,64008
BD20,Chattogram,BD2046,Khagrachhari,13,1/7/2024,7/15/2024,0.39,39,0.89,89,0.181834538,0.028665104,224
BD30,Dhaka,BD3026,Dhaka,13,1/7/2024,7/15/2024,69.44,6944,123.96,12396,10.76673592,7.650204586,173426
BD30,Dhaka,BD3029,Faridpur,13,1/7/2024,7/15/2024,31.39,3139,57.81,5781,2.347546305,2.582714337,70758
BD30,Dhaka,BD3033,Gazipur,13,1/7/2024,7/15/2024,18.48,1848,38,3800,2.747919336,1.900431249,84326
BD30,Dhaka,BD3035,Gopalganj,13,1/7/2024,7/15/2024,6.11,611,8.36,836,0.553882467,0.52314511,3128
BD30,Dhaka,BD3093,Tangail,13,1/7/2024,7/15/2024,509.06,50906,810.44,81044,27.22010179,21.83492589,786503
BD30,Dhaka,BD3086,Shariatpur,13,1/7/2024,7/15/2024,2.38,238,9.18,918,0.35748376,0.714551671,5290
BD30,Dhaka,BD3082,Rajbari,13,1/7/2024,7/15/2024,9.09,909,24.76,2476,1.372516383,1.980698278,19518
BD30,Dhaka,BD3068,Narsingdi,13,1/7/2024,7/15/2024,15.03,1503,26.82,2682,2.606743056,2.088748875,38423
BD30,Dhaka,BD3067,Narayanganj,13,1/7/2024,7/15/2024,7.1,710,22.36,2236,2.347260499,2.896515779,67236
BD30,Dhaka,BD3059,Munshiganj,13,1/7/2024,7/15/2024,2.72,272,6.78,678,0.488521781,0.663495443,5927
BD30,Dhaka,BD3056,Manikganj,13,1/7/2024,7/15/2024,185.96,18596,315.64,31564,22.47844961,20.91288866,254161
BD30,Dhaka,BD3054,Madaripur,13,1/7/2024,7/15/2024,2.66,266,4.37,437,0.37792417,0.352153102,3938
BD30,Dhaka,BD3048,Kishoreganj,13,1/7/2024,7/15/2024,"1,105.96",110596,"1,275.78",127578,54.14083935,45.10565365,828313
BD20,Chattogram,BD2084,Rangamati,13,1/7/2024,7/15/2024,3.98,398,21.54,2154,1.819264196,0.342866232,5125
BD20,Chattogram,BD2075,Noakhali,13,1/7/2024,7/15/2024,97.35,9735,241,24100,8.419134223,8.264528606,134790
BD20,Chattogram,BD2051,Lakshmipur,13,1/7/2024,7/15/2024,9.06,906,38.9,3890,1.916377968,2.868056644,43633
BD20,Chattogram,BD2015,Chattogram,13,1/7/2024,7/15/2024,47.37,4737,101.82,10182,3.585324572,2.104347465,88303
BD20,Chattogram,BD2013,Chandpur,13,1/7/2024,7/15/2024,16.91,1691,32.25,3225,2.660415913,2.019475566,18948
BD20,Chattogram,BD2012,Brahamanbaria,13,1/7/2024,7/15/2024,509.81,50981,599.85,59985,34.13596176,28.38398724,711177
BD20,Chattogram,BD2003,Bandarban,13,1/7/2024,7/15/2024,0.16,16,0.75,75,0.19990005,0.015087002,571
BD10,Barisal,BD1006,Barisal,13,1/7/2024,7/15/2024,28.03,2803,76.12,7612,2.952319644,3.14687653,42516
BD10,Barisal,BD1004,Barguna,13,1/7/2024,7/15/2024,67.51,6751,101.39,10139,8.494763806,6.964955387,36244
BD40,Khulna,BD4001,Bagerhat,13,1/7/2024,7/15/2024,30.38,3038,103.91,10391,2.968416476,2.622960092,27560
BD40,Khulna,BD4018,Chuadanga,13,1/7/2024,7/15/2024,0.45,45,0.89,89,0.067978847,0.069702863,753
BD40,Khulna,BD4041,Jessore,13,1/7/2024,7/15/2024,10.11,1011,14.3,1430,0.665170055,0.508657053,10717
BD40,Khulna,BD4044,Jhenaidah,13,1/7/2024,7/15/2024,2.25,225,3.29,329,0.180548579,0.156891941,2689
BD40,Khulna,BD4047,Khulna,13,1/7/2024,7/15/2024,12.08,1208,140.88,14088,0.972922933,3.574168209,17927
BD40,Khulna,BD4050,Kushtia,13,1/7/2024,7/15/2024,37.04,3704,65.25,6525,3.936946007,3.678815297,46889
BD40,Khulna,BD4055,Magura,13,1/7/2024,7/15/2024,0.29,29,0.71,71,0.041088812,0.062583607,331
BD40,Khulna,BD4057,Meherpur,13,1/7/2024,7/15/2024,8.3,830,15.85,1585,1.777683632,2.000815425,11228
BD40,Khulna,BD4065,Narail,13,1/7/2024,7/15/2024,16,1600,21.11,2111,2.403109624,1.947128941,12382
BD40,Khulna,BD4087,Satkhira,13,1/7/2024,7/15/2024,55.82,5582,203.79,20379,5.515646983,5.531629473,70940
BD45,Mymensingh,BD4539,Jamalpur,13,1/7/2024,7/15/2024,270.56,27056,421.19,42119,18.6963648,18.40402035,405440
BD45,Mymensingh,BD4561,Mymensingh,13,1/7/2024,7/15/2024,295.74,29574,418.37,41837,10.11024127,8.702739274,544373
BD45,Mymensingh,BD4572,Netrakona,13,1/7/2024,7/15/2024,"1,246.39",124639,"1,546.11",154611,54.79805821,49.80282652,952555
BD45,Mymensingh,BD4589,Sherpur,13,1/7/2024,7/15/2024,113.15,11315,139.91,13991,11.56073869,9.515078392,100657
BD50,Rajshahi,BD5010,Bogra,13,1/7/2024,7/15/2024,52.21,5221,111.37,11137,2.557047774,3.455381583,70862
BD50,Rajshahi,BD5038,Joypurhat,13,1/7/2024,7/15/2024,24.03,2403,33.13,3313,3.043068987,3.111297281,27008
BD50,Rajshahi,BD5064,Naogaon,13,1/7/2024,7/15/2024,153.97,15397,174.73,17473,5.465728405,4.582119201,102745
BD50,Rajshahi,BD5069,Natore,13,1/7/2024,7/15/2024,144.97,14497,173.05,17305,11.19678563,8.240206287,102065
BD50,Rajshahi,BD5070,Nawabganj,13,1/7/2024,7/15/2024,7.13,713,12.63,1263,0.786503672,0.677745399,9112
BD50,Rajshahi,BD5076,Pabna,13,1/7/2024,7/15/2024,432.68,43268,624.64,62464,26.33153563,23.7655001,574113
BD50,Rajshahi,BD5081,Rajshahi,13,1/7/2024,7/15/2024,52.57,5257,95.8,9580,3.61397812,3.560278329,87114
BD50,Rajshahi,BD5088,Sirajganj,13,1/7/2024,7/15/2024,551.3,55130,823.21,82321,33.53379929,29.92523316,843998
BD55,Rangpur,BD5527,Dinajpur,13,1/7/2024,7/15/2024,32.25,3225,39.26,3926,1.134264098,1.018826061,26764
BD55,Rangpur,BD5532,Gaibandha,13,1/7/2024,7/15/2024,109.77,10977,268.46,26846,7.966967738,11.15498633,193037
BD55,Rangpur,BD5549,Kurigram,13,1/7/2024,7/15/2024,234.22,23422,458.55,45855,18.10883676,18.06689797,347745
BD55,Rangpur,BD5552,Lalmonirhat,13,1/7/2024,7/15/2024,22.99,2299,41.9,4190,2.632916957,2.941662492,28938
BD55,Rangpur,BD5573,Nilphamari,13,1/7/2024,7/15/2024,5.72,572,11.92,1192,0.492041168,0.679964192,7618
BD55,Rangpur,BD5577,Panchagarh,13,1/7/2024,7/15/2024,62.79,6279,80.84,8084,6.348198601,5.296625221,43227
BD55,Rangpur,BD5585,Rangpur,13,1/7/2024,7/15/2024,9.9,990,13.49,1349,0.583944111,0.516630999,11658
BD55,Rangpur,BD5594,Thakurgaon,13,1/7/2024,7/15/2024,9.47,947,11.52,1152,0.655352064,0.568418292,6056
BD60,Sylhet,BD6036,Habiganj,13,1/7/2024,7/15/2024,"1,094.07",109407,"1,297.06",129706,57.08501637,45.55014214,866565
BD60,Sylhet,BD6058,Maulvibazar,13,1/7/2024,7/15/2024,541.71,54171,740.32,74032,43.31007751,25.04129564,464585
BD60,Sylhet,BD6090,Sunamganj,13,1/7/2024,7/15/2024,"1,857.55",185755,"2,682.84",268284,77.13469703,65.57866804,1754779
BD60,Sylhet,BD6091,Sylhet,13,1/7/2024,7/15/2024,"1,609.07",160907,"2,198.27",219827,71.23663958,58.07645248,1600774