city_name,sector_name,subsector name,longitude,latitude,gas_name,emissions_quantity,emissions_factor,units,year,Type of Emission
Dhaka,buildings,residential-onsite-fuel-usage,90.35663986,23.78322506,CO2,1934583.06,0.0001662796648,t of CO2e_20yr per MJ,2024,Emission
Chittagong,buildings,residential-onsite-fuel-usage,91.92721178,22.42351341,CO2,1036170.921,0.0001442394211,t of CO2e_20yr per MJ,2024,Emission
Mymensingh,buildings,residential-onsite-fuel-usage,90.41626793,24.72212601,CO2,746326.2552,0.0002166457425,t of CO2e_20yr per MJ,2024,Emission
Comilla,buildings,residential-onsite-fuel-usage,91.07641037,23.42176151,CO2,722849.9936,0.0001995084023,t of CO2e_20yr per MJ,2024,Emission
Gazipur,buildings,residential-onsite-fuel-usage,90.4077623,24.09239292,CO2,648636.1543,0.0001349789976,t of CO2e_20yr per MJ,2024,Emission
Sylhet,buildings,residential-onsite-fuel-usage,91.95828109,24.89030552,CO2,636109.5131,0.0002495166816,t of CO2e_20yr per MJ,2024,Emission
Tangail,buildings,residential-onsite-fuel-usage,90.00162472,24.37570572,CO2,529980.9287,0.0002044728322,t of CO2e_20yr per MJ,2024,Emission
Sunamganj,buildings,residential-onsite-fuel-usage,91.39011405,24.88646793,CO2,514000.018,0.0005191481951,t of CO2e_20yr per MJ,2024,Emission
Bogra,buildings,residential-onsite-fuel-usage,89.33140768,24.82984257,CO2,511464.3848,0.0001573579496,t of CO2e_20yr per MJ,2024,Emission
Dinajpur,buildings,residential-onsite-fuel-usage,88.72473914,25.64259434,CO2,488544.465,0.000218692,t of CO2e_20yr per MJ,2024,Emission
Naogaon,buildings,residential-onsite-fuel-usage,88.73828018,24.87316799,CO2,486194.5084,0.0001867924601,t of CO2e_20yr per MJ,2024,Emission
Kishoreganj,buildings,residential-onsite-fuel-usage,90.92785766,24.33687305,CO2,474323.3554,0.0003588849638,t of CO2e_20yr per MJ,2024,Emission
Jessore,buildings,residential-onsite-fuel-usage,89.12588422,23.08486843,CO2,472214.2204,0.0002114619396,t of CO2e_20yr per MJ,2024,Emission
Noakhali,buildings,residential-onsite-fuel-usage,91.11936714,22.81587782,CO2,457822.8823,0.0003451028655,t of CO2e_20yr per MJ,2024,Emission
Brahamanbaria,buildings,residential-onsite-fuel-usage,91.11221975,23.95706463,CO2,443057.0138,0.0002557174432,t of CO2e_20yr per MJ,2024,Emission
Sirajganj,buildings,residential-onsite-fuel-usage,89.52299407,24.39875031,CO2,435547.2636,0.0002490149778,t of CO2e_20yr per MJ,2024,Emission
Rajshahi,buildings,residential-onsite-fuel-usage,88.59755044,24.41521168,CO2,418349.2552,0.0001459815626,t of CO2e_20yr per MJ,2024,Emission
Habiganj,buildings,residential-onsite-fuel-usage,91.43166194,24.3361721,CO2,415119.5641,0.0003336494966,t of CO2e_20yr per MJ,2024,Emission
Netrakona,buildings,residential-onsite-fuel-usage,90.7927876,24.88535595,CO2,413558.0193,0.0003072025554,t of CO2e_20yr per MJ,2024,Emission
Rangpur,buildings,residential-onsite-fuel-usage,89.26262719,25.63304901,CO2,410554.3472,0.0002230096424,t of CO2e_20yr per MJ,2024,Emission
Narayanganj,buildings,residential-onsite-fuel-usage,90.6169717,23.71533775,CO2,396026.4977,0.0001147147285,t of CO2e_20yr per MJ,2024,Emission
Pabna,buildings,residential-onsite-fuel-usage,89.33856711,24.08094883,CO2,391459.7124,0.00022402,t of CO2e_20yr per MJ,2024,Emission
Kurigram,buildings,residential-onsite-fuel-usage,89.64450523,25.80355644,CO2,379054.836,0.0003134059727,t of CO2e_20yr per MJ,2024,Emission
Maulvibazar,buildings,residential-onsite-fuel-usage,91.8826094,24.48686098,CO2,378320.8853,0.0002747520844,t of CO2e_20yr per MJ,2024,Emission
Cox'S Bazar,buildings,residential-onsite-fuel-usage,92.09185387,21.33263111,CO2,355228.9281,0.0001983941415,t of CO2e_20yr per MJ,2024,Emission
Jamalpur,buildings,residential-onsite-fuel-usage,89.77782262,24.99966812,CO2,349306.6485,0.0002874561565,t of CO2e_20yr per MJ,2024,Emission
Satkhira,buildings,residential-onsite-fuel-usage,89.13842168,22.47451782,CO2,336923.4915,0.0003112514702,t of CO2e_20yr per MJ,2024,Emission
Nawabganj,buildings,residential-onsite-fuel-usage,88.2608918,24.69153214,CO2,330571.2224,0.0002031844853,t of CO2e_20yr per MJ,2024,Emission
Gaibandha,buildings,residential-onsite-fuel-usage,89.53627013,25.34347057,CO2,325761.7109,0.0003148741474,t of CO2e_20yr per MJ,2024,Emission
Barisal,buildings,residential-onsite-fuel-usage,90.25002892,22.82380976,CO2,317318.4091,0.0002337706708,t of CO2e_20yr per MJ,2024,Emission
Jhenaidah,buildings,residential-onsite-fuel-usage,89.12274824,23.49500561,CO2,316781.0002,0.0003216295596,t of CO2e_20yr per MJ,2024,Emission
Khulna,buildings,residential-onsite-fuel-usage,89.33178875,22.50158978,CO2,311206.136,0.0001545992274,t of CO2e_20yr per MJ,2024,Emission
Chandpur,buildings,residential-onsite-fuel-usage,90.8076815,23.24472523,CO2,300426.0594,0.0003331226641,t of CO2e_20yr per MJ,2024,Emission
Faridpur,buildings,residential-onsite-fuel-usage,89.87183105,23.4662315,CO2,295705.2511,0.0002477122212,t of CO2e_20yr per MJ,2024,Emission
Narsingdi,buildings,residential-onsite-fuel-usage,90.80575237,24.00730515,CO2,291837.7608,0.0002494397691,t of CO2e_20yr per MJ,2024,Emission
Kushtia,buildings,residential-onsite-fuel-usage,89.02495856,23.94281006,CO2,288623.8223,0.0001842526626,t of CO2e_20yr per MJ,2024,Emission
Natore,buildings,residential-onsite-fuel-usage,89.09054213,24.39326572,CO2,269255.2064,0.0001939098708,t of CO2e_20yr per MJ,2024,Emission
Lakshmipur,buildings,residential-onsite-fuel-usage,90.85837351,22.86313117,CO2,264282.4525,0.0004523888661,t of CO2e_20yr per MJ,2024,Emission
Nilphamari,buildings,residential-onsite-fuel-usage,88.92202762,26.02052784,CO2,257362.2489,0.0002691377986,t of CO2e_20yr per MJ,2024,Emission
Thakurgaon,buildings,residential-onsite-fuel-usage,88.31190151,25.93596554,CO2,255584.5683,0.000226113,t of CO2e_20yr per MJ,2024,Emission
Patuakhali,buildings,residential-onsite-fuel-usage,90.49766675,22.25868681,CO2,249109.0362,0.0003225549132,t of CO2e_20yr per MJ,2024,Emission
Bhola,buildings,residential-onsite-fuel-usage,90.7676299,22.39723759,CO2,248184.0762,0.0005038305878,t of CO2e_20yr per MJ,2024,Emission
Bagerhat,buildings,residential-onsite-fuel-usage,89.74824061,22.40804318,CO2,232938.7883,0.0002444361827,t of CO2e_20yr per MJ,2024,Emission
Lalmonirhat,buildings,residential-onsite-fuel-usage,89.16543289,26.12210465,CO2,217914.4269,0.0003446188084,t of CO2e_20yr per MJ,2024,Emission
Chuadanga,buildings,residential-onsite-fuel-usage,88.82268639,23.60138702,CO2,217751.8593,0.0001925092032,t of CO2e_20yr per MJ,2024,Emission
Sherpur,buildings,residential-onsite-fuel-usage,90.09527706,25.09214115,CO2,213178.3918,0.0003000201294,t of CO2e_20yr per MJ,2024,Emission
Gopalganj,buildings,residential-onsite-fuel-usage,89.86240928,23.10671997,CO2,208517.5373,0.0003093567939,t of CO2e_20yr per MJ,2024,Emission
Feni,buildings,residential-onsite-fuel-usage,91.40197917,23.02090073,CO2,201826.1098,0.0002150041231,t of CO2e_20yr per MJ,2024,Emission
Manikganj,buildings,residential-onsite-fuel-usage,89.94155818,23.83549976,CO2,200850.2207,0.0002382756175,t of CO2e_20yr per MJ,2024,Emission
Panchagarh,buildings,residential-onsite-fuel-usage,88.54636242,26.32021618,CO2,190491.8443,0.0002632829364,t of CO2e_20yr per MJ,2024,Emission
Rangamati,buildings,residential-onsite-fuel-usage,92.22334151,22.79609299,CO2,187457.8396,0.0002111981953,t of CO2e_20yr per MJ,2024,Emission
Madaripur,buildings,residential-onsite-fuel-usage,90.13017483,23.23116398,CO2,174724.0997,0.0002821781392,t of CO2e_20yr per MJ,2024,Emission
Khagrachhari,buildings,residential-onsite-fuel-usage,91.96224023,23.21044445,CO2,174482.1055,0.0002483859735,t of CO2e_20yr per MJ,2024,Emission
Munshiganj,buildings,residential-onsite-fuel-usage,90.43809069,23.52661705,CO2,173898.4069,0.0001941246679,t of CO2e_20yr per MJ,2024,Emission
Shariatpur,buildings,residential-onsite-fuel-usage,90.42202219,23.22814179,CO2,169105.3164,0.0002817182001,t of CO2e_20yr per MJ,2024,Emission
Pirojpur,buildings,residential-onsite-fuel-usage,89.99539264,22.51473236,CO2,164553.9877,0.0004594410476,t of CO2e_20yr per MJ,2024,Emission
Joypurhat,buildings,residential-onsite-fuel-usage,89.09082916,25.06322479,CO2,162200.7002,0.0001964758383,t of CO2e_20yr per MJ,2024,Emission
Rajbari,buildings,residential-onsite-fuel-usage,89.57524755,23.73533821,CO2,158955.2418,0.000296568,t of CO2e_20yr per MJ,2024,Emission
Magura,buildings,residential-onsite-fuel-usage,89.4566823,23.46960831,CO2,146817.1648,0.0003017215305,t of CO2e_20yr per MJ,2024,Emission
Barguna,buildings,residential-onsite-fuel-usage,89.97252105,22.14954083,CO2,141796.4085,0.0003350619632,t of CO2e_20yr per MJ,2024,Emission
Bandarban,buildings,residential-onsite-fuel-usage,92.38619595,21.77005291,CO2,140058.6884,0.0004079276332,t of CO2e_20yr per MJ,2024,Emission
Meherpur,buildings,residential-onsite-fuel-usage,88.70081641,23.78840065,CO2,138981.0581,0.0001915253376,t of CO2e_20yr per MJ,2024,Emission
Narail,buildings,residential-onsite-fuel-usage,89.52866845,23.13234139,CO2,132086.2365,0.000252242,t of CO2e_20yr per MJ,2024,Emission
Dhaka,buildings,non-residential-onsite-fuel-usage,90.35663986,23.78322506,CO2,119975.492,0.0001521066317,t of CO2e_20yr per MJ,2024,Emission
Jhalokati,buildings,residential-onsite-fuel-usage,90.12547576,22.56171608,CO2,89305.3602,0.0003170096214,t of CO2e_20yr per MJ,2024,Emission
Narayanganj,buildings,non-residential-onsite-fuel-usage,90.6169717,23.71533775,CO2,66178.743,9.86E-05,t of CO2e_20yr per MJ,2024,Emission
Gazipur,buildings,non-residential-onsite-fuel-usage,90.4077623,24.09239292,CO2,60165.841,0.0001214959199,t of CO2e_20yr per MJ,2024,Emission
Chittagong,buildings,non-residential-onsite-fuel-usage,91.92721178,22.42351341,CO2,54040.82,9.77E-05,t of CO2e_20yr per MJ,2024,Emission
Dinajpur,buildings,non-residential-onsite-fuel-usage,88.72473914,25.64259434,CO2,20236.5665,0.0001813355717,t of CO2e_20yr per MJ,2024,Emission
Comilla,buildings,non-residential-onsite-fuel-usage,91.07641037,23.42176151,CO2,20192.3095,0.000162833,t of CO2e_20yr per MJ,2024,Emission
Narsingdi,buildings,non-residential-onsite-fuel-usage,90.80575237,24.00730515,CO2,16971.5085,0.0002042416447,t of CO2e_20yr per MJ,2024,Emission
Mymensingh,buildings,non-residential-onsite-fuel-usage,90.41626793,24.72212601,CO2,15556.231,0.0001380777024,t of CO2e_20yr per MJ,2024,Emission
Sylhet,buildings,non-residential-onsite-fuel-usage,91.95828109,24.89030552,CO2,14618.985,0.0002131500197,t of CO2e_20yr per MJ,2024,Emission
Jessore,buildings,non-residential-onsite-fuel-usage,89.12588422,23.08486843,CO2,14507.417,0.0002074192087,t of CO2e_20yr per MJ,2024,Emission
Khulna,buildings,non-residential-onsite-fuel-usage,89.33178875,22.50158978,CO2,11983.0375,0.0001172032548,t of CO2e_20yr per MJ,2024,Emission
Cox'S Bazar,buildings,non-residential-onsite-fuel-usage,92.09185387,21.33263111,CO2,11673.2335,0.0001667249513,t of CO2e_20yr per MJ,2024,Emission
Habiganj,buildings,non-residential-onsite-fuel-usage,91.43166194,24.3361721,CO2,11550.6415,0.0002050864385,t of CO2e_20yr per MJ,2024,Emission
Munshiganj,buildings,non-residential-onsite-fuel-usage,90.43809069,23.52661705,CO2,9886.009,0.0001390682645,t of CO2e_20yr per MJ,2024,Emission
Tangail,buildings,non-residential-onsite-fuel-usage,90.00162472,24.37570572,CO2,8500.578,0.0001320441888,t of CO2e_20yr per MJ,2024,Emission
Sirajganj,buildings,non-residential-onsite-fuel-usage,89.52299407,24.39875031,CO2,7693.814,0.0002412827446,t of CO2e_20yr per MJ,2024,Emission
Bagerhat,buildings,non-residential-onsite-fuel-usage,89.74824061,22.40804318,CO2,6492.008,0.0001468021174,t of CO2e_20yr per MJ,2024,Emission
Panchagarh,buildings,non-residential-onsite-fuel-usage,88.54636242,26.32021618,CO2,6058.9475,0.0002554104382,t of CO2e_20yr per MJ,2024,Emission
Nawabganj,buildings,non-residential-onsite-fuel-usage,88.2608918,24.69153214,CO2,6012.4915,0.0004447866294,t of CO2e_20yr per MJ,2024,Emission
Thakurgaon,buildings,non-residential-onsite-fuel-usage,88.31190151,25.93596554,CO2,5677.5585,0.0001904296952,t of CO2e_20yr per MJ,2024,Emission
Nilphamari,buildings,non-residential-onsite-fuel-usage,88.92202762,26.02052784,CO2,5274.213,0.0002433101293,t of CO2e_20yr per MJ,2024,Emission
Brahamanbaria,buildings,non-residential-onsite-fuel-usage,91.11221975,23.95706463,CO2,5188.8115,0.0002008398089,t of CO2e_20yr per MJ,2024,Emission
Rangpur,buildings,non-residential-onsite-fuel-usage,89.26262719,25.63304901,CO2,5119.713,0.0002134156138,t of CO2e_20yr per MJ,2024,Emission
Satkhira,buildings,non-residential-onsite-fuel-usage,89.13842168,22.47451782,CO2,4812.861,0.0002507857218,t of CO2e_20yr per MJ,2024,Emission
Bogra,buildings,non-residential-onsite-fuel-usage,89.33140768,24.82984257,CO2,4630.8245,0.0001296187186,t of CO2e_20yr per MJ,2024,Emission
Kishoreganj,buildings,non-residential-onsite-fuel-usage,90.92785766,24.33687305,CO2,4528.935,0.0002482668156,t of CO2e_20yr per MJ,2024,Emission
Rajshahi,buildings,non-residential-onsite-fuel-usage,88.59755044,24.41521168,CO2,4524.9405,9.10E-05,t of CO2e_20yr per MJ,2024,Emission
Pabna,buildings,non-residential-onsite-fuel-usage,89.33856711,24.08094883,CO2,4147.956,0.0001706729256,t of CO2e_20yr per MJ,2024,Emission
Jamalpur,buildings,non-residential-onsite-fuel-usage,89.77782262,24.99966812,CO2,4143.4965,0.0002672885478,t of CO2e_20yr per MJ,2024,Emission
Kushtia,buildings,non-residential-onsite-fuel-usage,89.02495856,23.94281006,CO2,3946.9505,0.0001432112744,t of CO2e_20yr per MJ,2024,Emission
Manikganj,buildings,non-residential-onsite-fuel-usage,89.94155818,23.83549976,CO2,3886.2495,0.0001802857934,t of CO2e_20yr per MJ,2024,Emission
Natore,buildings,non-residential-onsite-fuel-usage,89.09054213,24.39326572,CO2,3544.4625,0.0001630716242,t of CO2e_20yr per MJ,2024,Emission
Maulvibazar,buildings,non-residential-onsite-fuel-usage,91.8826094,24.48686098,CO2,3474.6355,0.0003166125529,t of CO2e_20yr per MJ,2024,Emission
Chandpur,buildings,non-residential-onsite-fuel-usage,90.8076815,23.24472523,CO2,3400.745,0.0002858825436,t of CO2e_20yr per MJ,2024,Emission
Kurigram,buildings,non-residential-onsite-fuel-usage,89.64450523,25.80355644,CO2,3308.5395,0.0003224378571,t of CO2e_20yr per MJ,2024,Emission
Lalmonirhat,buildings,non-residential-onsite-fuel-usage,89.16543289,26.12210465,CO2,3304.7535,0.0003448464187,t of CO2e_20yr per MJ,2024,Emission
Lakshmipur,buildings,non-residential-onsite-fuel-usage,90.85837351,22.86313117,CO2,3022.133,0.0003738990951,t of CO2e_20yr per MJ,2024,Emission
Noakhali,buildings,non-residential-onsite-fuel-usage,91.11936714,22.81587782,CO2,2757.059,0.0003271415269,t of CO2e_20yr per MJ,2024,Emission
Feni,buildings,non-residential-onsite-fuel-usage,91.40197917,23.02090073,CO2,2568.4585,0.0001892615215,t of CO2e_20yr per MJ,2024,Emission
Barisal,buildings,non-residential-onsite-fuel-usage,90.25002892,22.82380976,CO2,2461.5255,0.0001161646549,t of CO2e_20yr per MJ,2024,Emission
Narail,buildings,non-residential-onsite-fuel-usage,89.52866845,23.13234139,CO2,1955.1175,0.0002239671264,t of CO2e_20yr per MJ,2024,Emission
Pirojpur,buildings,non-residential-onsite-fuel-usage,89.99539264,22.51473236,CO2,1926.5705,0.00041665,t of CO2e_20yr per MJ,2024,Emission
Netrakona,buildings,non-residential-onsite-fuel-usage,90.7927876,24.88535595,CO2,1682.884,0.0002656452759,t of CO2e_20yr per MJ,2024,Emission
Faridpur,buildings,non-residential-onsite-fuel-usage,89.87183105,23.4662315,CO2,1549.2165,0.0002197821611,t of CO2e_20yr per MJ,2024,Emission
Jhenaidah,buildings,non-residential-onsite-fuel-usage,89.12274824,23.49500561,CO2,1532.7265,0.0003668937974,t of CO2e_20yr per MJ,2024,Emission
Madaripur,buildings,non-residential-onsite-fuel-usage,90.13017483,23.23116398,CO2,1506.1945,0.0002458219944,t of CO2e_20yr per MJ,2024,Emission
Shariatpur,buildings,non-residential-onsite-fuel-usage,90.42202219,23.22814179,CO2,1440.3775,0.0002224194453,t of CO2e_20yr per MJ,2024,Emission
Bhola,buildings,non-residential-onsite-fuel-usage,90.7676299,22.39723759,CO2,1412.2065,0.0003568804338,t of CO2e_20yr per MJ,2024,Emission
Patuakhali,buildings,non-residential-onsite-fuel-usage,90.49766675,22.25868681,CO2,988.875,0.0003097909501,t of CO2e_20yr per MJ,2024,Emission
Jhalokati,buildings,non-residential-onsite-fuel-usage,90.12547576,22.56171608,CO2,877.242,0.0003093525001,t of CO2e_20yr per MJ,2024,Emission
Chuadanga,buildings,non-residential-onsite-fuel-usage,88.82268639,23.60138702,CO2,669.511,0.0001577690778,t of CO2e_20yr per MJ,2024,Emission
Sunamganj,buildings,non-residential-onsite-fuel-usage,91.39011405,24.88646793,CO2,540.0025,0.0005586603206,t of CO2e_20yr per MJ,2024,Emission
Gopalganj,buildings,non-residential-onsite-fuel-usage,89.86240928,23.10671997,CO2,438.9485,0.0003082191234,t of CO2e_20yr per MJ,2024,Emission
Joypurhat,buildings,non-residential-onsite-fuel-usage,89.09082916,25.06322479,CO2,405.7175,0.0002130496638,t of CO2e_20yr per MJ,2024,Emission
Rangamati,buildings,non-residential-onsite-fuel-usage,92.22334151,22.79609299,CO2,386.5135,0.000207049,t of CO2e_20yr per MJ,2024,Emission
Barguna,buildings,non-residential-onsite-fuel-usage,89.97252105,22.14954083,CO2,366.901,0.0002373468479,t of CO2e_20yr per MJ,2024,Emission
Naogaon,buildings,non-residential-onsite-fuel-usage,88.73828018,24.87316799,CO2,217.648,0.0001758610572,t of CO2e_20yr per MJ,2024,Emission
Bandarban,buildings,non-residential-onsite-fuel-usage,92.38619595,21.77005291,CO2,159.701,0.0003903652505,t of CO2e_20yr per MJ,2024,Emission
Magura,buildings,non-residential-onsite-fuel-usage,89.4566823,23.46960831,CO2,158.432,0.000365367,t of CO2e_20yr per MJ,2024,Emission
Gaibandha,buildings,non-residential-onsite-fuel-usage,89.53627013,25.34347057,CO2,141.956,0.0002449147994,t of CO2e_20yr per MJ,2024,Emission
Khagrachhari,buildings,non-residential-onsite-fuel-usage,91.96224023,23.21044445,CO2,132.767,0.0001773221806,t of CO2e_20yr per MJ,2024,Emission
Sherpur,buildings,non-residential-onsite-fuel-usage,90.09527706,25.09214115,CO2,129.0975,0.0003298342918,t of CO2e_20yr per MJ,2024,Emission
Meherpur,buildings,non-residential-onsite-fuel-usage,88.70081641,23.78840065,CO2,112.5105,0.000121872,t of CO2e_20yr per MJ,2024,Emission
Rajbari,buildings,non-residential-onsite-fuel-usage,89.57524755,23.73533821,CO2,58.1495,0.0002820652236,t of CO2e_20yr per MJ,2024,Emission
Dhaka,buildings,residential-onsite-fuel-usage,90.35663986,23.78322506,CO2,1939182.651,0.0001662991778,t of CO2e_20yr per MJ,2025,Emission
Chittagong,buildings,residential-onsite-fuel-usage,91.92721178,22.42351341,CO2,1045440.378,0.0001447023158,t of CO2e_20yr per MJ,2025,Emission
Mymensingh,buildings,residential-onsite-fuel-usage,90.41626793,24.72212601,CO2,760326.2602,0.0002167115086,t of CO2e_20yr per MJ,2025,Emission
Comilla,buildings,residential-onsite-fuel-usage,91.07641037,23.42176151,CO2,733866.5358,0.0001998115538,t of CO2e_20yr per MJ,2025,Emission
Gazipur,buildings,residential-onsite-fuel-usage,90.4077623,24.09239292,CO2,654175.3666,0.0001352260299,t of CO2e_20yr per MJ,2025,Emission
Sylhet,buildings,residential-onsite-fuel-usage,91.95828109,24.89030552,CO2,642530.5856,0.0002506226328,t of CO2e_20yr per MJ,2025,Emission
Tangail,buildings,residential-onsite-fuel-usage,90.00162472,24.37570572,CO2,540874.9539,0.0002043541103,t of CO2e_20yr per MJ,2025,Emission
Sunamganj,buildings,residential-onsite-fuel-usage,91.39011405,24.88646793,CO2,524045.2279,0.0005195501499,t of CO2e_20yr per MJ,2025,Emission
Bogra,buildings,residential-onsite-fuel-usage,89.33140768,24.82984257,CO2,513268.814,0.000157459,t of CO2e_20yr per MJ,2025,Emission
Dinajpur,buildings,residential-onsite-fuel-usage,88.72473914,25.64259434,CO2,491694.5929,0.0002187727796,t of CO2e_20yr per MJ,2025,Emission
Naogaon,buildings,residential-onsite-fuel-usage,88.73828018,24.87316799,CO2,488138.6028,0.0001868027471,t of CO2e_20yr per MJ,2025,Emission
Jessore,buildings,residential-onsite-fuel-usage,89.12588422,23.08486843,CO2,486930.7944,0.0002119685969,t of CO2e_20yr per MJ,2025,Emission
Kishoreganj,buildings,residential-onsite-fuel-usage,90.92785766,24.33687305,CO2,478165.4716,0.0003589480967,t of CO2e_20yr per MJ,2025,Emission
Noakhali,buildings,residential-onsite-fuel-usage,91.11936714,22.81587782,CO2,478114.7934,0.0003450097835,t of CO2e_20yr per MJ,2025,Emission
Brahamanbaria,buildings,residential-onsite-fuel-usage,91.11221975,23.95706463,CO2,447355.651,0.0002556735154,t of CO2e_20yr per MJ,2025,Emission
Sirajganj,buildings,residential-onsite-fuel-usage,89.52299407,24.39875031,CO2,438340.4404,0.0002493499966,t of CO2e_20yr per MJ,2025,Emission
Netrakona,buildings,residential-onsite-fuel-usage,90.7927876,24.88535595,CO2,424910.0003,0.0003066223027,t of CO2e_20yr per MJ,2025,Emission
Habiganj,buildings,residential-onsite-fuel-usage,91.43166194,24.3361721,CO2,421073.7194,0.0003332908286,t of CO2e_20yr per MJ,2025,Emission
Rajshahi,buildings,residential-onsite-fuel-usage,88.59755044,24.41521168,CO2,420257.7719,0.0001461085003,t of CO2e_20yr per MJ,2025,Emission
Rangpur,buildings,residential-onsite-fuel-usage,89.26262719,25.63304901,CO2,414590.2035,0.0002234170526,t of CO2e_20yr per MJ,2025,Emission
Narayanganj,buildings,residential-onsite-fuel-usage,90.6169717,23.71533775,CO2,397356.684,0.0001147676242,t of CO2e_20yr per MJ,2025,Emission
Pabna,buildings,residential-onsite-fuel-usage,89.33856711,24.08094883,CO2,393436.4451,0.0002241485717,t of CO2e_20yr per MJ,2025,Emission
Kurigram,buildings,residential-onsite-fuel-usage,89.64450523,25.80355644,CO2,392602.474,0.0003135662963,t of CO2e_20yr per MJ,2025,Emission
Maulvibazar,buildings,residential-onsite-fuel-usage,91.8826094,24.48686098,CO2,382122.9442,0.0002749663002,t of CO2e_20yr per MJ,2025,Emission
Cox'S Bazar,buildings,residential-onsite-fuel-usage,92.09185387,21.33263111,CO2,361561.7907,0.0001968638622,t of CO2e_20yr per MJ,2025,Emission
Jamalpur,buildings,residential-onsite-fuel-usage,89.77782262,24.99966812,CO2,355062.9756,0.0002877046459,t of CO2e_20yr per MJ,2025,Emission
Satkhira,buildings,residential-onsite-fuel-usage,89.13842168,22.47451782,CO2,350576.0481,0.0003120909109,t of CO2e_20yr per MJ,2025,Emission
Barisal,buildings,residential-onsite-fuel-usage,90.25002892,22.82380976,CO2,333730.8252,0.0002361397502,t of CO2e_20yr per MJ,2025,Emission
Gaibandha,buildings,residential-onsite-fuel-usage,89.53627013,25.34347057,CO2,332924.4042,0.0003154489191,t of CO2e_20yr per MJ,2025,Emission
Nawabganj,buildings,residential-onsite-fuel-usage,88.2608918,24.69153214,CO2,332613.9287,0.0002033204124,t of CO2e_20yr per MJ,2025,Emission
Jhenaidah,buildings,residential-onsite-fuel-usage,89.12274824,23.49500561,CO2,319548.3886,0.0003217684012,t of CO2e_20yr per MJ,2025,Emission
Khulna,buildings,residential-onsite-fuel-usage,89.33178875,22.50158978,CO2,318254.5778,0.0001557463147,t of CO2e_20yr per MJ,2025,Emission
Chandpur,buildings,residential-onsite-fuel-usage,90.8076815,23.24472523,CO2,310583.4101,0.0003338504139,t of CO2e_20yr per MJ,2025,Emission
Faridpur,buildings,residential-onsite-fuel-usage,89.87183105,23.4662315,CO2,302069.3936,0.0002479314201,t of CO2e_20yr per MJ,2025,Emission
Narsingdi,buildings,residential-onsite-fuel-usage,90.80575237,24.00730515,CO2,295375.2661,0.0002498995479,t of CO2e_20yr per MJ,2025,Emission
Kushtia,buildings,residential-onsite-fuel-usage,89.02495856,23.94281006,CO2,290102.4734,0.0001843833833,t of CO2e_20yr per MJ,2025,Emission
Lakshmipur,buildings,residential-onsite-fuel-usage,90.85837351,22.86313117,CO2,279975.9885,0.0004522883235,t of CO2e_20yr per MJ,2025,Emission
Natore,buildings,residential-onsite-fuel-usage,89.09054213,24.39326572,CO2,270115.8193,0.0001939047876,t of CO2e_20yr per MJ,2025,Emission
Nilphamari,buildings,residential-onsite-fuel-usage,88.92202762,26.02052784,CO2,263032.366,0.0002694178957,t of CO2e_20yr per MJ,2025,Emission
Bhola,buildings,residential-onsite-fuel-usage,90.7676299,22.39723759,CO2,260646.8412,0.0005028814288,t of CO2e_20yr per MJ,2025,Emission
Thakurgaon,buildings,residential-onsite-fuel-usage,88.31190151,25.93596554,CO2,259016.572,0.0002260882793,t of CO2e_20yr per MJ,2025,Emission
Patuakhali,buildings,residential-onsite-fuel-usage,90.49766675,22.25868681,CO2,258770.3972,0.0003227814086,t of CO2e_20yr per MJ,2025,Emission
Bagerhat,buildings,residential-onsite-fuel-usage,89.74824061,22.40804318,CO2,242211.8611,0.000244978,t of CO2e_20yr per MJ,2025,Emission
Lalmonirhat,buildings,residential-onsite-fuel-usage,89.16543289,26.12210465,CO2,222469.3391,0.0003445889127,t of CO2e_20yr per MJ,2025,Emission
Sherpur,buildings,residential-onsite-fuel-usage,90.09527706,25.09214115,CO2,219637.8118,0.0003008071925,t of CO2e_20yr per MJ,2025,Emission
Chuadanga,buildings,residential-onsite-fuel-usage,88.82268639,23.60138702,CO2,218599.008,0.0001925006765,t of CO2e_20yr per MJ,2025,Emission
Gopalganj,buildings,residential-onsite-fuel-usage,89.86240928,23.10671997,CO2,214470.2603,0.0003100837181,t of CO2e_20yr per MJ,2025,Emission
Manikganj,buildings,residential-onsite-fuel-usage,89.94155818,23.83549976,CO2,204597.1733,0.0002386433239,t of CO2e_20yr per MJ,2025,Emission
Feni,buildings,residential-onsite-fuel-usage,91.40197917,23.02090073,CO2,204294.684,0.0002153036735,t of CO2e_20yr per MJ,2025,Emission
Panchagarh,buildings,residential-onsite-fuel-usage,88.54636242,26.32021618,CO2,198420.4366,0.0002638159947,t of CO2e_20yr per MJ,2025,Emission
Rangamati,buildings,residential-onsite-fuel-usage,92.22334151,22.79609299,CO2,197245.0097,0.0002110183229,t of CO2e_20yr per MJ,2025,Emission
Khagrachhari,buildings,residential-onsite-fuel-usage,91.96224023,23.21044445,CO2,182572.0643,0.0002487850922,t of CO2e_20yr per MJ,2025,Emission
Madaripur,buildings,residential-onsite-fuel-usage,90.13017483,23.23116398,CO2,180437.188,0.0002821396993,t of CO2e_20yr per MJ,2025,Emission
Shariatpur,buildings,residential-onsite-fuel-usage,90.42202219,23.22814179,CO2,176592.1046,0.0002816133821,t of CO2e_20yr per MJ,2025,Emission
Munshiganj,buildings,residential-onsite-fuel-usage,90.43809069,23.52661705,CO2,176251.6697,0.0001946156289,t of CO2e_20yr per MJ,2025,Emission
Pirojpur,buildings,residential-onsite-fuel-usage,89.99539264,22.51473236,CO2,172150.9088,0.0004602279463,t of CO2e_20yr per MJ,2025,Emission
Joypurhat,buildings,residential-onsite-fuel-usage,89.09082916,25.06322479,CO2,163072.2731,0.0001965226761,t of CO2e_20yr per MJ,2025,Emission
Rajbari,buildings,residential-onsite-fuel-usage,89.57524755,23.73533821,CO2,161987.8461,0.0002965554158,t of CO2e_20yr per MJ,2025,Emission
Magura,buildings,residential-onsite-fuel-usage,89.4566823,23.46960831,CO2,149464.8265,0.0003020790024,t of CO2e_20yr per MJ,2025,Emission
Barguna,buildings,residential-onsite-fuel-usage,89.97252105,22.14954083,CO2,145460.8767,0.0003355428033,t of CO2e_20yr per MJ,2025,Emission
Bandarban,buildings,residential-onsite-fuel-usage,92.38619595,21.77005291,CO2,143533.155,0.0004068112052,t of CO2e_20yr per MJ,2025,Emission
Meherpur,buildings,residential-onsite-fuel-usage,88.70081641,23.78840065,CO2,139232.2482,0.0001915437382,t of CO2e_20yr per MJ,2025,Emission
Narail,buildings,residential-onsite-fuel-usage,89.52866845,23.13234139,CO2,136462.4061,0.000252032,t of CO2e_20yr per MJ,2025,Emission
Dhaka,buildings,non-residential-onsite-fuel-usage,90.35663986,23.78322506,CO2,120969.478,0.0001519618405,t of CO2e_20yr per MJ,2025,Emission
Jhalokati,buildings,residential-onsite-fuel-usage,90.12547576,22.56171608,CO2,93915.91207,0.0003153826267,t of CO2e_20yr per MJ,2025,Emission
Narayanganj,buildings,non-residential-onsite-fuel-usage,90.6169717,23.71533775,CO2,66874.49896,9.86E-05,t of CO2e_20yr per MJ,2025,Emission
Gazipur,buildings,non-residential-onsite-fuel-usage,90.4077623,24.09239292,CO2,60975.81445,0.0001215762054,t of CO2e_20yr per MJ,2025,Emission
Chittagong,buildings,non-residential-onsite-fuel-usage,91.92721178,22.42351341,CO2,54555.54722,9.77E-05,t of CO2e_20yr per MJ,2025,Emission
Comilla,buildings,non-residential-onsite-fuel-usage,91.07641037,23.42176151,CO2,21043.55293,0.0001633902202,t of CO2e_20yr per MJ,2025,Emission
Dinajpur,buildings,non-residential-onsite-fuel-usage,88.72473914,25.64259434,CO2,20481.93876,0.0001816076891,t of CO2e_20yr per MJ,2025,Emission
Narsingdi,buildings,non-residential-onsite-fuel-usage,90.80575237,24.00730515,CO2,17346.44622,0.0002049873942,t of CO2e_20yr per MJ,2025,Emission
Mymensingh,buildings,non-residential-onsite-fuel-usage,90.41626793,24.72212601,CO2,15838.01184,0.0001385285295,t of CO2e_20yr per MJ,2025,Emission
Jessore,buildings,non-residential-onsite-fuel-usage,89.12588422,23.08486843,CO2,15141.75296,0.0002076457852,t of CO2e_20yr per MJ,2025,Emission
Sylhet,buildings,non-residential-onsite-fuel-usage,91.95828109,24.89030552,CO2,14665.32013,0.0002133223393,t of CO2e_20yr per MJ,2025,Emission
Habiganj,buildings,non-residential-onsite-fuel-usage,91.43166194,24.3361721,CO2,12294.29338,0.0002047343668,t of CO2e_20yr per MJ,2025,Emission
Khulna,buildings,non-residential-onsite-fuel-usage,89.33178875,22.50158978,CO2,12157.21638,0.0001176301822,t of CO2e_20yr per MJ,2025,Emission
Cox'S Bazar,buildings,non-residential-onsite-fuel-usage,92.09185387,21.33263111,CO2,11832.77625,0.000166956,t of CO2e_20yr per MJ,2025,Emission
Munshiganj,buildings,non-residential-onsite-fuel-usage,90.43809069,23.52661705,CO2,10337.92119,0.0001399683275,t of CO2e_20yr per MJ,2025,Emission
Tangail,buildings,non-residential-onsite-fuel-usage,90.00162472,24.37570572,CO2,8830.412165,0.0001321016556,t of CO2e_20yr per MJ,2025,Emission
Sirajganj,buildings,non-residential-onsite-fuel-usage,89.52299407,24.39875031,CO2,7714.33652,0.0002413030957,t of CO2e_20yr per MJ,2025,Emission
Bagerhat,buildings,non-residential-onsite-fuel-usage,89.74824061,22.40804318,CO2,6594.930665,0.0001468112802,t of CO2e_20yr per MJ,2025,Emission
Panchagarh,buildings,non-residential-onsite-fuel-usage,88.54636242,26.32021618,CO2,6484.79883,0.0002547680129,t of CO2e_20yr per MJ,2025,Emission
Nawabganj,buildings,non-residential-onsite-fuel-usage,88.2608918,24.69153214,CO2,6058.946925,0.0004437988121,t of CO2e_20yr per MJ,2025,Emission
Thakurgaon,buildings,non-residential-onsite-fuel-usage,88.31190151,25.93596554,CO2,5893.582845,0.0001909210748,t of CO2e_20yr per MJ,2025,Emission
Nilphamari,buildings,non-residential-onsite-fuel-usage,88.92202762,26.02052784,CO2,5396.85907,0.0002439832298,t of CO2e_20yr per MJ,2025,Emission
Brahamanbaria,buildings,non-residential-onsite-fuel-usage,91.11221975,23.95706463,CO2,5278.799785,0.0002013895507,t of CO2e_20yr per MJ,2025,Emission
Rangpur,buildings,non-residential-onsite-fuel-usage,89.26262719,25.63304901,CO2,5222.45721,0.0002137067581,t of CO2e_20yr per MJ,2025,Emission
Satkhira,buildings,non-residential-onsite-fuel-usage,89.13842168,22.47451782,CO2,5049.276075,0.0002514977381,t of CO2e_20yr per MJ,2025,Emission
Bogra,buildings,non-residential-onsite-fuel-usage,89.33140768,24.82984257,CO2,4636.91117,0.000129605,t of CO2e_20yr per MJ,2025,Emission
Kishoreganj,buildings,non-residential-onsite-fuel-usage,90.92785766,24.33687305,CO2,4605.354365,0.0002487146963,t of CO2e_20yr per MJ,2025,Emission
Rajshahi,buildings,non-residential-onsite-fuel-usage,88.59755044,24.41521168,CO2,4540.148135,9.11E-05,t of CO2e_20yr per MJ,2025,Emission
Jamalpur,buildings,non-residential-onsite-fuel-usage,89.77782262,24.99966812,CO2,4270.871295,0.0002665594739,t of CO2e_20yr per MJ,2025,Emission
Pabna,buildings,non-residential-onsite-fuel-usage,89.33856711,24.08094883,CO2,4173.081395,0.0001706374335,t of CO2e_20yr per MJ,2025,Emission
Kushtia,buildings,non-residential-onsite-fuel-usage,89.02495856,23.94281006,CO2,3952.364545,0.0001432317465,t of CO2e_20yr per MJ,2025,Emission
Manikganj,buildings,non-residential-onsite-fuel-usage,89.94155818,23.83549976,CO2,3948.803695,0.0001798172959,t of CO2e_20yr per MJ,2025,Emission
Maulvibazar,buildings,non-residential-onsite-fuel-usage,91.8826094,24.48686098,CO2,3627.439245,0.0003139999791,t of CO2e_20yr per MJ,2025,Emission
Natore,buildings,non-residential-onsite-fuel-usage,89.09054213,24.39326572,CO2,3563.982945,0.0001630688553,t of CO2e_20yr per MJ,2025,Emission
Chandpur,buildings,non-residential-onsite-fuel-usage,90.8076815,23.24472523,CO2,3498.10102,0.0002855899799,t of CO2e_20yr per MJ,2025,Emission
Kurigram,buildings,non-residential-onsite-fuel-usage,89.64450523,25.80355644,CO2,3488.0793,0.0003223235915,t of CO2e_20yr per MJ,2025,Emission
Lalmonirhat,buildings,non-residential-onsite-fuel-usage,89.16543289,26.12210465,CO2,3367.99364,0.0003438481736,t of CO2e_20yr per MJ,2025,Emission
Lakshmipur,buildings,non-residential-onsite-fuel-usage,90.85837351,22.86313117,CO2,3026.407345,0.0003739116025,t of CO2e_20yr per MJ,2025,Emission
Noakhali,buildings,non-residential-onsite-fuel-usage,91.11936714,22.81587782,CO2,2852.256525,0.0003281861595,t of CO2e_20yr per MJ,2025,Emission
Feni,buildings,non-residential-onsite-fuel-usage,91.40197917,23.02090073,CO2,2576.42612,0.000189332,t of CO2e_20yr per MJ,2025,Emission
Barisal,buildings,non-residential-onsite-fuel-usage,90.25002892,22.82380976,CO2,2539.945665,0.0001177508011,t of CO2e_20yr per MJ,2025,Emission
Narail,buildings,non-residential-onsite-fuel-usage,89.52866845,23.13234139,CO2,2068.1464,0.0002244711921,t of CO2e_20yr per MJ,2025,Emission
Pirojpur,buildings,non-residential-onsite-fuel-usage,89.99539264,22.51473236,CO2,1950.337275,0.0004188293104,t of CO2e_20yr per MJ,2025,Emission
Netrakona,buildings,non-residential-onsite-fuel-usage,90.7927876,24.88535595,CO2,1708.30076,0.0002649242363,t of CO2e_20yr per MJ,2025,Emission
Faridpur,buildings,non-residential-onsite-fuel-usage,89.87183105,23.4662315,CO2,1610.1749,0.0002186235479,t of CO2e_20yr per MJ,2025,Emission
Jhenaidah,buildings,non-residential-onsite-fuel-usage,89.12274824,23.49500561,CO2,1571.930305,0.0003663618897,t of CO2e_20yr per MJ,2025,Emission
Shariatpur,buildings,non-residential-onsite-fuel-usage,90.42202219,23.22814179,CO2,1548.028435,0.0002222062918,t of CO2e_20yr per MJ,2025,Emission
Madaripur,buildings,non-residential-onsite-fuel-usage,90.13017483,23.23116398,CO2,1524.99795,0.0002468347785,t of CO2e_20yr per MJ,2025,Emission
Bhola,buildings,non-residential-onsite-fuel-usage,90.7676299,22.39723759,CO2,1522.356485,0.0003555404052,t of CO2e_20yr per MJ,2025,Emission
Patuakhali,buildings,non-residential-onsite-fuel-usage,90.49766675,22.25868681,CO2,1056.3895,0.0003101243967,t of CO2e_20yr per MJ,2025,Emission
Jhalokati,buildings,non-residential-onsite-fuel-usage,90.12547576,22.56171608,CO2,895.12536,0.0003105593198,t of CO2e_20yr per MJ,2025,Emission
Chuadanga,buildings,non-residential-onsite-fuel-usage,88.82268639,23.60138702,CO2,673.0944,0.0001578464489,t of CO2e_20yr per MJ,2025,Emission
Sunamganj,buildings,non-residential-onsite-fuel-usage,91.39011405,24.88646793,CO2,541.913165,0.0005588262716,t of CO2e_20yr per MJ,2025,Emission
Gopalganj,buildings,non-residential-onsite-fuel-usage,89.86240928,23.10671997,CO2,457.921805,0.0003097594484,t of CO2e_20yr per MJ,2025,Emission
Joypurhat,buildings,non-residential-onsite-fuel-usage,89.09082916,25.06322479,CO2,408.14146,0.0002126296773,t of CO2e_20yr per MJ,2025,Emission
Rangamati,buildings,non-residential-onsite-fuel-usage,92.22334151,22.79609299,CO2,397.30768,0.0002086537833,t of CO2e_20yr per MJ,2025,Emission
Barguna,buildings,non-residential-onsite-fuel-usage,89.97252105,22.14954083,CO2,369.842325,0.0002375117211,t of CO2e_20yr per MJ,2025,Emission
Naogaon,buildings,non-residential-onsite-fuel-usage,88.73828018,24.87316799,CO2,218.463855,0.0001764079178,t of CO2e_20yr per MJ,2025,Emission
Magura,buildings,non-residential-onsite-fuel-usage,89.4566823,23.46960831,CO2,169.417685,0.0003674848853,t of CO2e_20yr per MJ,2025,Emission
Bandarban,buildings,non-residential-onsite-fuel-usage,92.38619595,21.77005291,CO2,159.8389,0.0003870293235,t of CO2e_20yr per MJ,2025,Emission
Gaibandha,buildings,non-residential-onsite-fuel-usage,89.53627013,25.34347057,CO2,143.888425,0.0002466315187,t of CO2e_20yr per MJ,2025,Emission
Khagrachhari,buildings,non-residential-onsite-fuel-usage,91.96224023,23.21044445,CO2,137.098225,0.0001792958435,t of CO2e_20yr per MJ,2025,Emission
Sherpur,buildings,non-residential-onsite-fuel-usage,90.09527706,25.09214115,CO2,131.903005,0.000332635,t of CO2e_20yr per MJ,2025,Emission
Meherpur,buildings,non-residential-onsite-fuel-usage,88.70081641,23.78840065,CO2,113.842765,0.0001223747883,t of CO2e_20yr per MJ,2025,Emission
Rajbari,buildings,non-residential-onsite-fuel-usage,89.57524755,23.73533821,CO2,61.35393,0.0002839938828,t of CO2e_20yr per MJ,2025,Emission
Dhaka,buildings,residential-onsite-fuel-usage,90.35663986,23.78322506,CO2,200844.3059,0.0001660769529,t of CO2e_20yr per MJ,2026,Emission
Chittagong,buildings,residential-onsite-fuel-usage,91.92721178,22.42351341,CO2,96292.1153,0.0001468117169,t of CO2e_20yr per MJ,2026,Emission
Mymensingh,buildings,residential-onsite-fuel-usage,90.41626793,24.72212601,CO2,78965.84086,0.0002165855008,t of CO2e_20yr per MJ,2026,Emission
Comilla,buildings,residential-onsite-fuel-usage,91.07641037,23.42176151,CO2,76365.5483,0.000199976,t of CO2e_20yr per MJ,2026,Emission
Gazipur,buildings,residential-onsite-fuel-usage,90.4077623,24.09239292,CO2,68596.59306,0.0001352572709,t of CO2e_20yr per MJ,2026,Emission
Sylhet,buildings,residential-onsite-fuel-usage,91.95828109,24.89030552,CO2,66697.53914,0.0002523232988,t of CO2e_20yr per MJ,2026,Emission
Tangail,buildings,residential-onsite-fuel-usage,90.00162472,24.37570572,CO2,57827.83744,0.0002043597323,t of CO2e_20yr per MJ,2026,Emission
Sunamganj,buildings,residential-onsite-fuel-usage,91.39011405,24.88646793,CO2,55240.39681,0.0005201705946,t of CO2e_20yr per MJ,2026,Emission
Bogra,buildings,residential-onsite-fuel-usage,89.33140768,24.82984257,CO2,55230.39203,0.0001574412302,t of CO2e_20yr per MJ,2026,Emission
Jessore,buildings,residential-onsite-fuel-usage,89.12588422,23.08486843,CO2,53836.06577,0.0002124413624,t of CO2e_20yr per MJ,2026,Emission
Dinajpur,buildings,residential-onsite-fuel-usage,88.72473914,25.64259434,CO2,53824.8583,0.0002190346448,t of CO2e_20yr per MJ,2026,Emission
Naogaon,buildings,residential-onsite-fuel-usage,88.73828018,24.87316799,CO2,53277.25363,0.000186827,t of CO2e_20yr per MJ,2026,Emission
Noakhali,buildings,residential-onsite-fuel-usage,91.11936714,22.81587782,CO2,48677.72576,0.0003420345799,t of CO2e_20yr per MJ,2026,Emission
Kishoreganj,buildings,residential-onsite-fuel-usage,90.92785766,24.33687305,CO2,48100.8235,0.0003579709252,t of CO2e_20yr per MJ,2026,Emission
Sirajganj,buildings,residential-onsite-fuel-usage,89.52299407,24.39875031,CO2,47076.07412,0.0002495063493,t of CO2e_20yr per MJ,2026,Emission
Rajshahi,buildings,residential-onsite-fuel-usage,88.59755044,24.41521168,CO2,45722.03555,0.0001462366049,t of CO2e_20yr per MJ,2026,Emission
Brahamanbaria,buildings,residential-onsite-fuel-usage,91.11221975,23.95706463,CO2,45561.81454,0.000255184,t of CO2e_20yr per MJ,2026,Emission
Rangpur,buildings,residential-onsite-fuel-usage,89.26262719,25.63304901,CO2,44897.35341,0.0002237168161,t of CO2e_20yr per MJ,2026,Emission
Netrakona,buildings,residential-onsite-fuel-usage,90.7927876,24.88535595,CO2,44869.55141,0.0003050016184,t of CO2e_20yr per MJ,2026,Emission
Pabna,buildings,residential-onsite-fuel-usage,89.33856711,24.08094883,CO2,42532.96108,0.0002240419533,t of CO2e_20yr per MJ,2026,Emission
Kurigram,buildings,residential-onsite-fuel-usage,89.64450523,25.80355644,CO2,42293.27871,0.0003136218917,t of CO2e_20yr per MJ,2026,Emission
Habiganj,buildings,residential-onsite-fuel-usage,91.43166194,24.3361721,CO2,42195.79157,0.0003325446105,t of CO2e_20yr per MJ,2026,Emission
Narayanganj,buildings,residential-onsite-fuel-usage,90.6169717,23.71533775,CO2,40743.31467,0.0001147882472,t of CO2e_20yr per MJ,2026,Emission
Jamalpur,buildings,residential-onsite-fuel-usage,89.77782262,24.99966812,CO2,37496.21015,0.0002879821581,t of CO2e_20yr per MJ,2026,Emission
Maulvibazar,buildings,residential-onsite-fuel-usage,91.8826094,24.48686098,CO2,37267.80588,0.0002753378057,t of CO2e_20yr per MJ,2026,Emission
Satkhira,buildings,residential-onsite-fuel-usage,89.13842168,22.47451782,CO2,37141.88315,0.0003125593397,t of CO2e_20yr per MJ,2026,Emission
Nawabganj,buildings,residential-onsite-fuel-usage,88.2608918,24.69153214,CO2,36836.16,0.0002036829494,t of CO2e_20yr per MJ,2026,Emission
Gaibandha,buildings,residential-onsite-fuel-usage,89.53627013,25.34347057,CO2,36049.1185,0.0003156534958,t of CO2e_20yr per MJ,2026,Emission
Barisal,buildings,residential-onsite-fuel-usage,90.25002892,22.82380976,CO2,35272.65367,0.0002365831935,t of CO2e_20yr per MJ,2026,Emission
Jhenaidah,buildings,residential-onsite-fuel-usage,89.12274824,23.49500561,CO2,34758.47529,0.0003219627013,t of CO2e_20yr per MJ,2026,Emission
Khulna,buildings,residential-onsite-fuel-usage,89.33178875,22.50158978,CO2,33387.69016,0.0001562168802,t of CO2e_20yr per MJ,2026,Emission
Cox'S Bazar,buildings,residential-onsite-fuel-usage,92.09185387,21.33263111,CO2,32939.31133,0.0001928226351,t of CO2e_20yr per MJ,2026,Emission
Faridpur,buildings,residential-onsite-fuel-usage,89.87183105,23.4662315,CO2,32156.79977,0.0002483495285,t of CO2e_20yr per MJ,2026,Emission
Chandpur,buildings,residential-onsite-fuel-usage,90.8076815,23.24472523,CO2,31800.46118,0.0003342473165,t of CO2e_20yr per MJ,2026,Emission
Kushtia,buildings,residential-onsite-fuel-usage,89.02495856,23.94281006,CO2,31537.59204,0.0001844904477,t of CO2e_20yr per MJ,2026,Emission
Narsingdi,buildings,residential-onsite-fuel-usage,90.80575237,24.00730515,CO2,30287.62249,0.0002500765699,t of CO2e_20yr per MJ,2026,Emission
Natore,buildings,residential-onsite-fuel-usage,89.09054213,24.39326572,CO2,29292.20984,0.0001939127268,t of CO2e_20yr per MJ,2026,Emission
Nilphamari,buildings,residential-onsite-fuel-usage,88.92202762,26.02052784,CO2,28969.78532,0.0002696461799,t of CO2e_20yr per MJ,2026,Emission
Lakshmipur,buildings,residential-onsite-fuel-usage,90.85837351,22.86313117,CO2,28898.10347,0.0004511302173,t of CO2e_20yr per MJ,2026,Emission
Thakurgaon,buildings,residential-onsite-fuel-usage,88.31190151,25.93596554,CO2,28796.98887,0.0002262143222,t of CO2e_20yr per MJ,2026,Emission
Patuakhali,buildings,residential-onsite-fuel-usage,90.49766675,22.25868681,CO2,26114.39351,0.0003201246719,t of CO2e_20yr per MJ,2026,Emission
Bagerhat,buildings,residential-onsite-fuel-usage,89.74824061,22.40804318,CO2,26067.47955,0.0002456541372,t of CO2e_20yr per MJ,2026,Emission
Bhola,buildings,residential-onsite-fuel-usage,90.7676299,22.39723759,CO2,25064.78804,0.0005006468706,t of CO2e_20yr per MJ,2026,Emission
Lalmonirhat,buildings,residential-onsite-fuel-usage,89.16543289,26.12210465,CO2,24215.25391,0.00034451,t of CO2e_20yr per MJ,2026,Emission
Chuadanga,buildings,residential-onsite-fuel-usage,88.82268639,23.60138702,CO2,23778.37885,0.000192455,t of CO2e_20yr per MJ,2026,Emission
Gopalganj,buildings,residential-onsite-fuel-usage,89.86240928,23.10671997,CO2,23321.96605,0.0003108788202,t of CO2e_20yr per MJ,2026,Emission
Sherpur,buildings,residential-onsite-fuel-usage,90.09527706,25.09214115,CO2,23261.36377,0.0003014792405,t of CO2e_20yr per MJ,2026,Emission
Panchagarh,buildings,residential-onsite-fuel-usage,88.54636242,26.32021618,CO2,22683.52889,0.0002650338894,t of CO2e_20yr per MJ,2026,Emission
Manikganj,buildings,residential-onsite-fuel-usage,89.94155818,23.83549976,CO2,21605.82038,0.0002390740015,t of CO2e_20yr per MJ,2026,Emission
Feni,buildings,residential-onsite-fuel-usage,91.40197917,23.02090073,CO2,20914.76382,0.0002154277487,t of CO2e_20yr per MJ,2026,Emission
Rangamati,buildings,residential-onsite-fuel-usage,92.22334151,22.79609299,CO2,20348.0938,0.0002119965285,t of CO2e_20yr per MJ,2026,Emission
Madaripur,buildings,residential-onsite-fuel-usage,90.13017483,23.23116398,CO2,19223.22806,0.0002825230626,t of CO2e_20yr per MJ,2026,Emission
Pirojpur,buildings,residential-onsite-fuel-usage,89.99539264,22.51473236,CO2,18671.43657,0.0004613666995,t of CO2e_20yr per MJ,2026,Emission
Khagrachhari,buildings,residential-onsite-fuel-usage,91.96224023,23.21044445,CO2,18590.49568,0.0002483613722,t of CO2e_20yr per MJ,2026,Emission
Shariatpur,buildings,residential-onsite-fuel-usage,90.42202219,23.22814179,CO2,18171.98821,0.0002813287113,t of CO2e_20yr per MJ,2026,Emission
Munshiganj,buildings,residential-onsite-fuel-usage,90.43809069,23.52661705,CO2,18044.76604,0.000195257,t of CO2e_20yr per MJ,2026,Emission
Joypurhat,buildings,residential-onsite-fuel-usage,89.09082916,25.06322479,CO2,17703.16129,0.0001965971179,t of CO2e_20yr per MJ,2026,Emission
Rajbari,buildings,residential-onsite-fuel-usage,89.57524755,23.73533821,CO2,17232.26166,0.0002965045506,t of CO2e_20yr per MJ,2026,Emission
Magura,buildings,residential-onsite-fuel-usage,89.4566823,23.46960831,CO2,16277.11738,0.0003024240288,t of CO2e_20yr per MJ,2026,Emission
Meherpur,buildings,residential-onsite-fuel-usage,88.70081641,23.78840065,CO2,15183.82382,0.0001915120526,t of CO2e_20yr per MJ,2026,Emission
Narail,buildings,residential-onsite-fuel-usage,89.52866845,23.13234139,CO2,14967.86687,0.000251884,t of CO2e_20yr per MJ,2026,Emission
Barguna,buildings,residential-onsite-fuel-usage,89.97252105,22.14954083,CO2,14715.63431,0.0003353991424,t of CO2e_20yr per MJ,2026,Emission
Bandarban,buildings,residential-onsite-fuel-usage,92.38619595,21.77005291,CO2,14667.48269,0.0004084720285,t of CO2e_20yr per MJ,2026,Emission
Dhaka,buildings,non-residential-onsite-fuel-usage,90.35663986,23.78322506,CO2,12643.69099,0.0001513733844,t of CO2e_20yr per MJ,2026,Emission
Jhalokati,buildings,residential-onsite-fuel-usage,90.12547576,22.56171608,CO2,10174.83609,0.0003140674113,t of CO2e_20yr per MJ,2026,Emission
Narayanganj,buildings,non-residential-onsite-fuel-usage,90.6169717,23.71533775,CO2,6911.902775,9.86E-05,t of CO2e_20yr per MJ,2026,Emission
Gazipur,buildings,non-residential-onsite-fuel-usage,90.4077623,24.09239292,CO2,6432.68661,0.0001216336321,t of CO2e_20yr per MJ,2026,Emission
Chittagong,buildings,non-residential-onsite-fuel-usage,91.92721178,22.42351341,CO2,4957.74552,9.82E-05,t of CO2e_20yr per MJ,2026,Emission
Dinajpur,buildings,non-residential-onsite-fuel-usage,88.72473914,25.64259434,CO2,2256.108905,0.0001819142628,t of CO2e_20yr per MJ,2026,Emission
Comilla,buildings,non-residential-onsite-fuel-usage,91.07641037,23.42176151,CO2,2247.30241,0.0001638410737,t of CO2e_20yr per MJ,2026,Emission
Narsingdi,buildings,non-residential-onsite-fuel-usage,90.80575237,24.00730515,CO2,1803.41524,0.0002054941978,t of CO2e_20yr per MJ,2026,Emission
Sylhet,buildings,non-residential-onsite-fuel-usage,91.95828109,24.89030552,CO2,1725.277635,0.0002146702766,t of CO2e_20yr per MJ,2026,Emission
Jessore,buildings,non-residential-onsite-fuel-usage,89.12588422,23.08486843,CO2,1693.25562,0.0002078368905,t of CO2e_20yr per MJ,2026,Emission
Mymensingh,buildings,non-residential-onsite-fuel-usage,90.41626793,24.72212601,CO2,1642.98714,0.0001387134682,t of CO2e_20yr per MJ,2026,Emission
Habiganj,buildings,non-residential-onsite-fuel-usage,91.43166194,24.3361721,CO2,1287.97682,0.00020443,t of CO2e_20yr per MJ,2026,Emission
Khulna,buildings,non-residential-onsite-fuel-usage,89.33178875,22.50158978,CO2,1282.824425,0.0001181231572,t of CO2e_20yr per MJ,2026,Emission
Munshiganj,buildings,non-residential-onsite-fuel-usage,90.43809069,23.52661705,CO2,1090.88059,0.0001409269954,t of CO2e_20yr per MJ,2026,Emission
Cox'S Bazar,buildings,non-residential-onsite-fuel-usage,92.09185387,21.33263111,CO2,1056.90868,0.0001671704179,t of CO2e_20yr per MJ,2026,Emission
Tangail,buildings,non-residential-onsite-fuel-usage,90.00162472,24.37570572,CO2,963.153295,0.0001320540779,t of CO2e_20yr per MJ,2026,Emission
Sirajganj,buildings,non-residential-onsite-fuel-usage,89.52299407,24.39875031,CO2,830.864265,0.0002413643819,t of CO2e_20yr per MJ,2026,Emission
Panchagarh,buildings,non-residential-onsite-fuel-usage,88.54636242,26.32021618,CO2,758.099375,0.0002543214143,t of CO2e_20yr per MJ,2026,Emission
Bagerhat,buildings,non-residential-onsite-fuel-usage,89.74824061,22.40804318,CO2,679.9601,0.0001470924808,t of CO2e_20yr per MJ,2026,Emission
Nawabganj,buildings,non-residential-onsite-fuel-usage,88.2608918,24.69153214,CO2,670.36782,0.0004429460503,t of CO2e_20yr per MJ,2026,Emission
Thakurgaon,buildings,non-residential-onsite-fuel-usage,88.31190151,25.93596554,CO2,667.531685,0.0001914051077,t of CO2e_20yr per MJ,2026,Emission
Nilphamari,buildings,non-residential-onsite-fuel-usage,88.92202762,26.02052784,CO2,596.25368,0.0002446132434,t of CO2e_20yr per MJ,2026,Emission
Rangpur,buildings,non-residential-onsite-fuel-usage,89.26262719,25.63304901,CO2,571.07966,0.000214015,t of CO2e_20yr per MJ,2026,Emission
Brahamanbaria,buildings,non-residential-onsite-fuel-usage,91.11221975,23.95706463,CO2,540.136605,0.0002019457811,t of CO2e_20yr per MJ,2026,Emission
Satkhira,buildings,non-residential-onsite-fuel-usage,89.13842168,22.47451782,CO2,539.179785,0.0002524321796,t of CO2e_20yr per MJ,2026,Emission
Bogra,buildings,non-residential-onsite-fuel-usage,89.33140768,24.82984257,CO2,499.243515,0.0001295687573,t of CO2e_20yr per MJ,2026,Emission
Rajshahi,buildings,non-residential-onsite-fuel-usage,88.59755044,24.41521168,CO2,494.837045,9.12E-05,t of CO2e_20yr per MJ,2026,Emission
Kishoreganj,buildings,non-residential-onsite-fuel-usage,90.92785766,24.33687305,CO2,469.93994,0.0002490542972,t of CO2e_20yr per MJ,2026,Emission
Jamalpur,buildings,non-residential-onsite-fuel-usage,89.77782262,24.99966812,CO2,457.87819,0.000266035,t of CO2e_20yr per MJ,2026,Emission
Pabna,buildings,non-residential-onsite-fuel-usage,89.33856711,24.08094883,CO2,453.185835,0.0001704545479,t of CO2e_20yr per MJ,2026,Emission
Kushtia,buildings,non-residential-onsite-fuel-usage,89.02495856,23.94281006,CO2,428.59342,0.0001432470116,t of CO2e_20yr per MJ,2026,Emission
Manikganj,buildings,non-residential-onsite-fuel-usage,89.94155818,23.83549976,CO2,419.944275,0.0001794200206,t of CO2e_20yr per MJ,2026,Emission
Natore,buildings,non-residential-onsite-fuel-usage,89.09054213,24.39326572,CO2,387.019465,0.0001631031704,t of CO2e_20yr per MJ,2026,Emission
Kurigram,buildings,non-residential-onsite-fuel-usage,89.64450523,25.80355644,CO2,381.266435,0.0003216812811,t of CO2e_20yr per MJ,2026,Emission
Maulvibazar,buildings,non-residential-onsite-fuel-usage,91.8826094,24.48686098,CO2,366.250495,0.0003107342851,t of CO2e_20yr per MJ,2026,Emission
Lalmonirhat,buildings,non-residential-onsite-fuel-usage,89.16543289,26.12210465,CO2,362.783285,0.0003426584801,t of CO2e_20yr per MJ,2026,Emission
Chandpur,buildings,non-residential-onsite-fuel-usage,90.8076815,23.24472523,CO2,357.59927,0.0002855237693,t of CO2e_20yr per MJ,2026,Emission
Lakshmipur,buildings,non-residential-onsite-fuel-usage,90.85837351,22.86313117,CO2,294.85045,0.0003740953154,t of CO2e_20yr per MJ,2026,Emission
Noakhali,buildings,non-residential-onsite-fuel-usage,91.11936714,22.81587782,CO2,290.78561,0.0003255588311,t of CO2e_20yr per MJ,2026,Emission
Barisal,buildings,non-residential-onsite-fuel-usage,90.25002892,22.82380976,CO2,266.81224,0.0001190958356,t of CO2e_20yr per MJ,2026,Emission
Feni,buildings,non-residential-onsite-fuel-usage,91.40197917,23.02090073,CO2,262.64724,0.0001894977544,t of CO2e_20yr per MJ,2026,Emission
Narail,buildings,non-residential-onsite-fuel-usage,89.52866845,23.13234139,CO2,231.354755,0.0002249464384,t of CO2e_20yr per MJ,2026,Emission
Pirojpur,buildings,non-residential-onsite-fuel-usage,89.99539264,22.51473236,CO2,205.59276,0.0004212199698,t of CO2e_20yr per MJ,2026,Emission
Netrakona,buildings,non-residential-onsite-fuel-usage,90.7927876,24.88535595,CO2,176.30936,0.0002634941758,t of CO2e_20yr per MJ,2026,Emission
Jhenaidah,buildings,non-residential-onsite-fuel-usage,89.12274824,23.49500561,CO2,173.565315,0.000365915,t of CO2e_20yr per MJ,2026,Emission
Faridpur,buildings,non-residential-onsite-fuel-usage,89.87183105,23.4662315,CO2,173.496925,0.0002179036257,t of CO2e_20yr per MJ,2026,Emission
Shariatpur,buildings,non-residential-onsite-fuel-usage,90.42202219,23.22814179,CO2,168.098655,0.0002220158361,t of CO2e_20yr per MJ,2026,Emission
Madaripur,buildings,non-residential-onsite-fuel-usage,90.13017483,23.23116398,CO2,157.999105,0.0002484318901,t of CO2e_20yr per MJ,2026,Emission
Bhola,buildings,non-residential-onsite-fuel-usage,90.7676299,22.39723759,CO2,148.809275,0.0003545273286,t of CO2e_20yr per MJ,2026,Emission
Patuakhali,buildings,non-residential-onsite-fuel-usage,90.49766675,22.25868681,CO2,108.77102,0.0003091392629,t of CO2e_20yr per MJ,2026,Emission
Jhalokati,buildings,non-residential-onsite-fuel-usage,90.12547576,22.56171608,CO2,94.22796,0.0003122531217,t of CO2e_20yr per MJ,2026,Emission
Chuadanga,buildings,non-residential-onsite-fuel-usage,88.82268639,23.60138702,CO2,73.360265,0.0001577536296,t of CO2e_20yr per MJ,2026,Emission
Sunamganj,buildings,non-residential-onsite-fuel-usage,91.39011405,24.88646793,CO2,58.80375,0.0005662444857,t of CO2e_20yr per MJ,2026,Emission
Gopalganj,buildings,non-residential-onsite-fuel-usage,89.86240928,23.10671997,CO2,50.341815,0.0003113039155,t of CO2e_20yr per MJ,2026,Emission
Joypurhat,buildings,non-residential-onsite-fuel-usage,89.09082916,25.06322479,CO2,44.492205,0.0002125086295,t of CO2e_20yr per MJ,2026,Emission
Rangamati,buildings,non-residential-onsite-fuel-usage,92.22334151,22.79609299,CO2,39.53431,0.0002105479288,t of CO2e_20yr per MJ,2026,Emission
Barguna,buildings,non-residential-onsite-fuel-usage,89.97252105,22.14954083,CO2,37.867385,0.0002379090921,t of CO2e_20yr per MJ,2026,Emission
Naogaon,buildings,non-residential-onsite-fuel-usage,88.73828018,24.87316799,CO2,23.621195,0.0001763235347,t of CO2e_20yr per MJ,2026,Emission
Magura,buildings,non-residential-onsite-fuel-usage,89.4566823,23.46960831,CO2,19.309495,0.0003679500213,t of CO2e_20yr per MJ,2026,Emission
Gaibandha,buildings,non-residential-onsite-fuel-usage,89.53627013,25.34347057,CO2,15.422895,0.0002470397565,t of CO2e_20yr per MJ,2026,Emission
Bandarban,buildings,non-residential-onsite-fuel-usage,92.38619595,21.77005291,CO2,14.666245,0.0003858501451,t of CO2e_20yr per MJ,2026,Emission
Sherpur,buildings,non-residential-onsite-fuel-usage,90.09527706,25.09214115,CO2,13.742905,0.0003338176178,t of CO2e_20yr per MJ,2026,Emission
Khagrachhari,buildings,non-residential-onsite-fuel-usage,91.96224023,23.21044445,CO2,13.67417,0.0001798826475,t of CO2e_20yr per MJ,2026,Emission
Meherpur,buildings,non-residential-onsite-fuel-usage,88.70081641,23.78840065,CO2,12.491925,0.0001223912389,t of CO2e_20yr per MJ,2026,Emission
Rajbari,buildings,non-residential-onsite-fuel-usage,89.57524755,23.73533821,CO2,6.59007,0.0002839511927,t of CO2e_20yr per MJ,2026,Emission
Dhaka,buildings,residential-onsite-fuel-usage,90.35663986,23.78322506,CH4,12458.02622,1.07E-06,t of CH4 per MJ,2024,Emission
Chittagong,buildings,residential-onsite-fuel-usage,91.92721178,22.42351341,CH4,6092.20746,8.48E-07,t of CH4 per MJ,2024,Emission
Comilla,buildings,residential-onsite-fuel-usage,91.07641037,23.42176151,CH4,4497.53914,1.24E-06,t of CH4 per MJ,2024,Emission
Mymensingh,buildings,residential-onsite-fuel-usage,90.41626793,24.72212601,CH4,4420.99694,1.28E-06,t of CH4 per MJ,2024,Emission
Gazipur,buildings,residential-onsite-fuel-usage,90.4077623,24.09239292,CH4,4081.2015,8.49E-07,t of CH4 per MJ,2024,Emission
Sylhet,buildings,residential-onsite-fuel-usage,91.95828109,24.89030552,CH4,3233.40575,1.27E-06,t of CH4 per MJ,2024,Emission
Tangail,buildings,residential-onsite-fuel-usage,90.00162472,24.37570572,CH4,3018.61489,1.16E-06,t of CH4 per MJ,2024,Emission
Bogra,buildings,residential-onsite-fuel-usage,89.33140768,24.82984257,CH4,2758.28416,8.49E-07,t of CH4 per MJ,2024,Emission
Noakhali,buildings,residential-onsite-fuel-usage,91.11936714,22.81587782,CH4,2680.75474,2.02E-06,t of CH4 per MJ,2024,Emission
Narayanganj,buildings,residential-onsite-fuel-usage,90.6169717,23.71533775,CH4,2544.80129,7.37E-07,t of CH4 per MJ,2024,Emission
Kishoreganj,buildings,residential-onsite-fuel-usage,90.92785766,24.33687305,CH4,2502.65137,1.89E-06,t of CH4 per MJ,2024,Emission
Sirajganj,buildings,residential-onsite-fuel-usage,89.52299407,24.39875031,CH4,2438.62092,1.39E-06,t of CH4 per MJ,2024,Emission
Dinajpur,buildings,residential-onsite-fuel-usage,88.72473914,25.64259434,CH4,2423.11338,1.08E-06,t of CH4 per MJ,2024,Emission
Brahamanbaria,buildings,residential-onsite-fuel-usage,91.11221975,23.95706463,CH4,2364.09878,1.36E-06,t of CH4 per MJ,2024,Emission
Rangpur,buildings,residential-onsite-fuel-usage,89.26262719,25.63304901,CH4,2346.78827,1.27E-06,t of CH4 per MJ,2024,Emission
Jessore,buildings,residential-onsite-fuel-usage,89.12588422,23.08486843,CH4,2326.11292,1.04E-06,t of CH4 per MJ,2024,Emission
Sunamganj,buildings,residential-onsite-fuel-usage,91.39011405,24.88646793,CH4,2290.21906,2.31E-06,t of CH4 per MJ,2024,Emission
Rajshahi,buildings,residential-onsite-fuel-usage,88.59755044,24.41521168,CH4,2156.78567,7.53E-07,t of CH4 per MJ,2024,Emission
Naogaon,buildings,residential-onsite-fuel-usage,88.73828018,24.87316799,CH4,2135.27927,8.20E-07,t of CH4 per MJ,2024,Emission
Kurigram,buildings,residential-onsite-fuel-usage,89.64450523,25.80355644,CH4,2029.13832,1.68E-06,t of CH4 per MJ,2024,Emission
Netrakona,buildings,residential-onsite-fuel-usage,90.7927876,24.88535595,CH4,1993.11435,1.48E-06,t of CH4 per MJ,2024,Emission
Pabna,buildings,residential-onsite-fuel-usage,89.33856711,24.08094883,CH4,1977.22107,1.13E-06,t of CH4 per MJ,2024,Emission
Jamalpur,buildings,residential-onsite-fuel-usage,89.77782262,24.99966812,CH4,1942.8432,1.60E-06,t of CH4 per MJ,2024,Emission
Cox'S Bazar,buildings,residential-onsite-fuel-usage,92.09185387,21.33263111,CH4,1922.24589,1.07E-06,t of CH4 per MJ,2024,Emission
Habiganj,buildings,residential-onsite-fuel-usage,91.43166194,24.3361721,CH4,1878.01018,1.51E-06,t of CH4 per MJ,2024,Emission
Gaibandha,buildings,residential-onsite-fuel-usage,89.53627013,25.34347057,CH4,1875.44139,1.81E-06,t of CH4 per MJ,2024,Emission
Chandpur,buildings,residential-onsite-fuel-usage,90.8076815,23.24472523,CH4,1874.35848,2.08E-06,t of CH4 per MJ,2024,Emission
Maulvibazar,buildings,residential-onsite-fuel-usage,91.8826094,24.48686098,CH4,1817.81698,1.32E-06,t of CH4 per MJ,2024,Emission
Narsingdi,buildings,residential-onsite-fuel-usage,90.80575237,24.00730515,CH4,1794.88086,1.53E-06,t of CH4 per MJ,2024,Emission
Barisal,buildings,residential-onsite-fuel-usage,90.25002892,22.82380976,CH4,1665.83388,1.23E-06,t of CH4 per MJ,2024,Emission
Satkhira,buildings,residential-onsite-fuel-usage,89.13842168,22.47451782,CH4,1635.7883,1.51E-06,t of CH4 per MJ,2024,Emission
Faridpur,buildings,residential-onsite-fuel-usage,89.87183105,23.4662315,CH4,1623.8688,1.36E-06,t of CH4 per MJ,2024,Emission
Khulna,buildings,residential-onsite-fuel-usage,89.33178875,22.50158978,CH4,1602.86817,7.96E-07,t of CH4 per MJ,2024,Emission
Lakshmipur,buildings,residential-onsite-fuel-usage,90.85837351,22.86313117,CH4,1547.84422,2.65E-06,t of CH4 per MJ,2024,Emission
Nawabganj,buildings,residential-onsite-fuel-usage,88.2608918,24.69153214,CH4,1524.662,9.37E-07,t of CH4 per MJ,2024,Emission
Nilphamari,buildings,residential-onsite-fuel-usage,88.92202762,26.02052784,CH4,1488.86984,1.56E-06,t of CH4 per MJ,2024,Emission
Kushtia,buildings,residential-onsite-fuel-usage,89.02495856,23.94281006,CH4,1478.66048,9.44E-07,t of CH4 per MJ,2024,Emission
Jhenaidah,buildings,residential-onsite-fuel-usage,89.12274824,23.49500561,CH4,1376.09581,1.40E-06,t of CH4 per MJ,2024,Emission
Bhola,buildings,residential-onsite-fuel-usage,90.7676299,22.39723759,CH4,1325.98817,2.69E-06,t of CH4 per MJ,2024,Emission
Natore,buildings,residential-onsite-fuel-usage,89.09054213,24.39326572,CH4,1303.86488,9.39E-07,t of CH4 per MJ,2024,Emission
Feni,buildings,residential-onsite-fuel-usage,91.40197917,23.02090073,CH4,1207.61396,1.29E-06,t of CH4 per MJ,2024,Emission
Thakurgaon,buildings,residential-onsite-fuel-usage,88.31190151,25.93596554,CH4,1192.89752,1.06E-06,t of CH4 per MJ,2024,Emission
Lalmonirhat,buildings,residential-onsite-fuel-usage,89.16543289,26.12210465,CH4,1170.48777,1.85E-06,t of CH4 per MJ,2024,Emission
Sherpur,buildings,residential-onsite-fuel-usage,90.09527706,25.09214115,CH4,1160.86978,1.63E-06,t of CH4 per MJ,2024,Emission
Manikganj,buildings,residential-onsite-fuel-usage,89.94155818,23.83549976,CH4,1143.46169,1.36E-06,t of CH4 per MJ,2024,Emission
Patuakhali,buildings,residential-onsite-fuel-usage,90.49766675,22.25868681,CH4,1139.53882,1.48E-06,t of CH4 per MJ,2024,Emission
Bagerhat,buildings,residential-onsite-fuel-usage,89.74824061,22.40804318,CH4,1097.40472,1.15E-06,t of CH4 per MJ,2024,Emission
Munshiganj,buildings,residential-onsite-fuel-usage,90.43809069,23.52661705,CH4,1059.85507,1.18E-06,t of CH4 per MJ,2024,Emission
Shariatpur,buildings,residential-onsite-fuel-usage,90.42202219,23.22814179,CH4,1012.69466,1.69E-06,t of CH4 per MJ,2024,Emission
Madaripur,buildings,residential-onsite-fuel-usage,90.13017483,23.23116398,CH4,982.47894,1.59E-06,t of CH4 per MJ,2024,Emission
Gopalganj,buildings,residential-onsite-fuel-usage,89.86240928,23.10671997,CH4,978.29757,1.45E-06,t of CH4 per MJ,2024,Emission
Panchagarh,buildings,residential-onsite-fuel-usage,88.54636242,26.32021618,CH4,936.31308,1.29E-06,t of CH4 per MJ,2024,Emission
Chuadanga,buildings,residential-onsite-fuel-usage,88.82268639,23.60138702,CH4,923.68916,8.17E-07,t of CH4 per MJ,2024,Emission
Rajbari,buildings,residential-onsite-fuel-usage,89.57524755,23.73533821,CH4,877.87537,1.64E-06,t of CH4 per MJ,2024,Emission
Pirojpur,buildings,residential-onsite-fuel-usage,89.99539264,22.51473236,CH4,778.43108,2.17E-06,t of CH4 per MJ,2024,Emission
Dhaka,buildings,non-residential-onsite-fuel-usage,90.35663986,23.78322506,CH4,777.164,9.85E-07,t of CH4 per MJ,2024,Emission
Joypurhat,buildings,residential-onsite-fuel-usage,89.09082916,25.06322479,CH4,761.9058,9.23E-07,t of CH4 per MJ,2024,Emission
Magura,buildings,residential-onsite-fuel-usage,89.4566823,23.46960831,CH4,684.61565,1.41E-06,t of CH4 per MJ,2024,Emission
Barguna,buildings,residential-onsite-fuel-usage,89.97252105,22.14954083,CH4,628.98662,1.49E-06,t of CH4 per MJ,2024,Emission
Khagrachhari,buildings,residential-onsite-fuel-usage,91.96224023,23.21044445,CH4,584.54705,8.32E-07,t of CH4 per MJ,2024,Emission
Narail,buildings,residential-onsite-fuel-usage,89.52866845,23.13234139,CH4,575.27212,1.10E-06,t of CH4 per MJ,2024,Emission
Rangamati,buildings,residential-onsite-fuel-usage,92.22334151,22.79609299,CH4,574.18256,6.47E-07,t of CH4 per MJ,2024,Emission
Meherpur,buildings,residential-onsite-fuel-usage,88.70081641,23.78840065,CH4,568.72574,7.84E-07,t of CH4 per MJ,2024,Emission
Jhalokati,buildings,residential-onsite-fuel-usage,90.12547576,22.56171608,CH4,462.37466,1.64E-06,t of CH4 per MJ,2024,Emission
Narayanganj,buildings,non-residential-onsite-fuel-usage,90.6169717,23.71533775,CH4,423.666,6.31E-07,t of CH4 per MJ,2024,Emission
Gazipur,buildings,non-residential-onsite-fuel-usage,90.4077623,24.09239292,CH4,384.406,7.76E-07,t of CH4 per MJ,2024,Emission
Bandarban,buildings,residential-onsite-fuel-usage,92.38619595,21.77005291,CH4,366.15259,1.07E-06,t of CH4 per MJ,2024,Emission
Chittagong,buildings,non-residential-onsite-fuel-usage,91.92721178,22.42351341,CH4,331.8,6.00E-07,t of CH4 per MJ,2024,Emission
Comilla,buildings,non-residential-onsite-fuel-usage,91.07641037,23.42176151,CH4,128.805,1.04E-06,t of CH4 per MJ,2024,Emission
Dinajpur,buildings,non-residential-onsite-fuel-usage,88.72473914,25.64259434,CH4,108.397,9.71E-07,t of CH4 per MJ,2024,Emission
Narsingdi,buildings,non-residential-onsite-fuel-usage,90.80575237,24.00730515,CH4,106.319,1.28E-06,t of CH4 per MJ,2024,Emission
Mymensingh,buildings,non-residential-onsite-fuel-usage,90.41626793,24.72212601,CH4,96.098,8.53E-07,t of CH4 per MJ,2024,Emission
Jessore,buildings,non-residential-onsite-fuel-usage,89.12588422,23.08486843,CH4,71.232,1.02E-06,t of CH4 per MJ,2024,Emission
Cox'S Bazar,buildings,non-residential-onsite-fuel-usage,92.09185387,21.33263111,CH4,70.343,1.00E-06,t of CH4 per MJ,2024,Emission
Sylhet,buildings,non-residential-onsite-fuel-usage,91.95828109,24.89030552,CH4,67.854,9.89E-07,t of CH4 per MJ,2024,Emission
Khulna,buildings,non-residential-onsite-fuel-usage,89.33178875,22.50158978,CH4,65.335,6.39E-07,t of CH4 per MJ,2024,Emission
Munshiganj,buildings,non-residential-onsite-fuel-usage,90.43809069,23.52661705,CH4,60.96,8.58E-07,t of CH4 per MJ,2024,Emission
Habiganj,buildings,non-residential-onsite-fuel-usage,91.43166194,24.3361721,CH4,52.075,9.25E-07,t of CH4 per MJ,2024,Emission
Tangail,buildings,non-residential-onsite-fuel-usage,90.00162472,24.37570572,CH4,50.998,7.92E-07,t of CH4 per MJ,2024,Emission
Sirajganj,buildings,non-residential-onsite-fuel-usage,89.52299407,24.39875031,CH4,41.924,1.31E-06,t of CH4 per MJ,2024,Emission
Rangpur,buildings,non-residential-onsite-fuel-usage,89.26262719,25.63304901,CH4,30.728,1.28E-06,t of CH4 per MJ,2024,Emission
Brahamanbaria,buildings,non-residential-onsite-fuel-usage,91.11221975,23.95706463,CH4,30.629,1.19E-06,t of CH4 per MJ,2024,Emission
Nilphamari,buildings,non-residential-onsite-fuel-usage,88.92202762,26.02052784,CH4,30.564,1.41E-06,t of CH4 per MJ,2024,Emission
Panchagarh,buildings,non-residential-onsite-fuel-usage,88.54636242,26.32021618,CH4,28.997,1.22E-06,t of CH4 per MJ,2024,Emission
Kishoreganj,buildings,non-residential-onsite-fuel-usage,90.92785766,24.33687305,CH4,28.834,1.58E-06,t of CH4 per MJ,2024,Emission
Thakurgaon,buildings,non-residential-onsite-fuel-usage,88.31190151,25.93596554,CH4,28.185,9.45E-07,t of CH4 per MJ,2024,Emission
Bagerhat,buildings,non-residential-onsite-fuel-usage,89.74824061,22.40804318,CH4,27.278,6.17E-07,t of CH4 per MJ,2024,Emission
Bogra,buildings,non-residential-onsite-fuel-usage,89.33140768,24.82984257,CH4,26.461,7.41E-07,t of CH4 per MJ,2024,Emission
Rajshahi,buildings,non-residential-onsite-fuel-usage,88.59755044,24.41521168,CH4,26.321,5.29E-07,t of CH4 per MJ,2024,Emission
Satkhira,buildings,non-residential-onsite-fuel-usage,89.13842168,22.47451782,CH4,25.548,1.33E-06,t of CH4 per MJ,2024,Emission
Nawabganj,buildings,non-residential-onsite-fuel-usage,88.2608918,24.69153214,CH4,25.479,1.88E-06,t of CH4 per MJ,2024,Emission
Jamalpur,buildings,non-residential-onsite-fuel-usage,89.77782262,24.99966812,CH4,24.335,1.57E-06,t of CH4 per MJ,2024,Emission
Manikganj,buildings,non-residential-onsite-fuel-usage,89.94155818,23.83549976,CH4,23.993,1.11E-06,t of CH4 per MJ,2024,Emission
Pabna,buildings,non-residential-onsite-fuel-usage,89.33856711,24.08094883,CH4,23.474,9.66E-07,t of CH4 per MJ,2024,Emission
Kushtia,buildings,non-residential-onsite-fuel-usage,89.02495856,23.94281006,CH4,21.493,7.80E-07,t of CH4 per MJ,2024,Emission
Chandpur,buildings,non-residential-onsite-fuel-usage,90.8076815,23.24472523,CH4,21.4,1.80E-06,t of CH4 per MJ,2024,Emission
Kurigram,buildings,non-residential-onsite-fuel-usage,89.64450523,25.80355644,CH4,18.849,1.84E-06,t of CH4 per MJ,2024,Emission
Natore,buildings,non-residential-onsite-fuel-usage,89.09054213,24.39326572,CH4,18.403,8.47E-07,t of CH4 per MJ,2024,Emission
Lakshmipur,buildings,non-residential-onsite-fuel-usage,90.85837351,22.86313117,CH4,18.28,2.26E-06,t of CH4 per MJ,2024,Emission
Lalmonirhat,buildings,non-residential-onsite-fuel-usage,89.16543289,26.12210465,CH4,17.771,1.85E-06,t of CH4 per MJ,2024,Emission
Noakhali,buildings,non-residential-onsite-fuel-usage,91.11936714,22.81587782,CH4,16.812,1.99E-06,t of CH4 per MJ,2024,Emission
Feni,buildings,non-residential-onsite-fuel-usage,91.40197917,23.02090073,CH4,15.807,1.16E-06,t of CH4 per MJ,2024,Emission
Maulvibazar,buildings,non-residential-onsite-fuel-usage,91.8826094,24.48686098,CH4,14.997,1.37E-06,t of CH4 per MJ,2024,Emission
Barisal,buildings,non-residential-onsite-fuel-usage,90.25002892,22.82380976,CH4,14.673,6.92E-07,t of CH4 per MJ,2024,Emission
Narail,buildings,non-residential-onsite-fuel-usage,89.52866845,23.13234139,CH4,9.085,1.04E-06,t of CH4 per MJ,2024,Emission
Faridpur,buildings,non-residential-onsite-fuel-usage,89.87183105,23.4662315,CH4,8.805,1.25E-06,t of CH4 per MJ,2024,Emission
Madaripur,buildings,non-residential-onsite-fuel-usage,90.13017483,23.23116398,CH4,8.775,1.43E-06,t of CH4 per MJ,2024,Emission
Shariatpur,buildings,non-residential-onsite-fuel-usage,90.42202219,23.22814179,CH4,8.515,1.31E-06,t of CH4 per MJ,2024,Emission
Netrakona,buildings,non-residential-onsite-fuel-usage,90.7927876,24.88535595,CH4,8.476,1.34E-06,t of CH4 per MJ,2024,Emission
Pirojpur,buildings,non-residential-onsite-fuel-usage,89.99539264,22.51473236,CH4,8.325,1.80E-06,t of CH4 per MJ,2024,Emission
Bhola,buildings,non-residential-onsite-fuel-usage,90.7676299,22.39723759,CH4,8.255,2.09E-06,t of CH4 per MJ,2024,Emission
Jhenaidah,buildings,non-residential-onsite-fuel-usage,89.12274824,23.49500561,CH4,6.749,1.62E-06,t of CH4 per MJ,2024,Emission
Jhalokati,buildings,non-residential-onsite-fuel-usage,90.12547576,22.56171608,CH4,4.516,1.59E-06,t of CH4 per MJ,2024,Emission
Patuakhali,buildings,non-residential-onsite-fuel-usage,90.49766675,22.25868681,CH4,4.46,1.40E-06,t of CH4 per MJ,2024,Emission
Chuadanga,buildings,non-residential-onsite-fuel-usage,88.82268639,23.60138702,CH4,3.11,7.33E-07,t of CH4 per MJ,2024,Emission
Sunamganj,buildings,non-residential-onsite-fuel-usage,91.39011405,24.88646793,CH4,2.497,2.58E-06,t of CH4 per MJ,2024,Emission
Joypurhat,buildings,non-residential-onsite-fuel-usage,89.09082916,25.06322479,CH4,2.021,1.06E-06,t of CH4 per MJ,2024,Emission
Gopalganj,buildings,non-residential-onsite-fuel-usage,89.86240928,23.10671997,CH4,1.957,1.37E-06,t of CH4 per MJ,2024,Emission
Barguna,buildings,non-residential-onsite-fuel-usage,89.97252105,22.14954083,CH4,1.946,1.26E-06,t of CH4 per MJ,2024,Emission
Rangamati,buildings,non-residential-onsite-fuel-usage,92.22334151,22.79609299,CH4,1.571,8.42E-07,t of CH4 per MJ,2024,Emission
Naogaon,buildings,non-residential-onsite-fuel-usage,88.73828018,24.87316799,CH4,0.98,7.92E-07,t of CH4 per MJ,2024,Emission
Gaibandha,buildings,non-residential-onsite-fuel-usage,89.53627013,25.34347057,CH4,0.86,1.48E-06,t of CH4 per MJ,2024,Emission
Magura,buildings,non-residential-onsite-fuel-usage,89.4566823,23.46960831,CH4,0.684,1.58E-06,t of CH4 per MJ,2024,Emission
Sherpur,buildings,non-residential-onsite-fuel-usage,90.09527706,25.09214115,CH4,0.675,1.72E-06,t of CH4 per MJ,2024,Emission
Meherpur,buildings,non-residential-onsite-fuel-usage,88.70081641,23.78840065,CH4,0.541,5.86E-07,t of CH4 per MJ,2024,Emission
Khagrachhari,buildings,non-residential-onsite-fuel-usage,91.96224023,23.21044445,CH4,0.502,6.70E-07,t of CH4 per MJ,2024,Emission
Bandarban,buildings,non-residential-onsite-fuel-usage,92.38619595,21.77005291,CH4,0.466,1.14E-06,t of CH4 per MJ,2024,Emission
Rajbari,buildings,non-residential-onsite-fuel-usage,89.57524755,23.73533821,CH4,0.343,1.66E-06,t of CH4 per MJ,2024,Emission
Dhaka,buildings,residential-onsite-fuel-usage,90.35663986,23.78322506,CH4,12486.65393,1.07E-06,t of CH4 per MJ,2025,Emission
Chittagong,buildings,residential-onsite-fuel-usage,91.92721178,22.42351341,CH4,6138.90629,8.50E-07,t of CH4 per MJ,2025,Emission
Comilla,buildings,residential-onsite-fuel-usage,91.07641037,23.42176151,CH4,4565.41447,1.24E-06,t of CH4 per MJ,2025,Emission
Mymensingh,buildings,residential-onsite-fuel-usage,90.41626793,24.72212601,CH4,4502.35263,1.28E-06,t of CH4 per MJ,2025,Emission
Gazipur,buildings,residential-onsite-fuel-usage,90.4077623,24.09239292,CH4,4114.97845,8.51E-07,t of CH4 per MJ,2025,Emission
Sylhet,buildings,residential-onsite-fuel-usage,91.95828109,24.89030552,CH4,3263.64108,1.27E-06,t of CH4 per MJ,2025,Emission
Tangail,buildings,residential-onsite-fuel-usage,90.00162472,24.37570572,CH4,3078.34962,1.16E-06,t of CH4 per MJ,2025,Emission
Noakhali,buildings,residential-onsite-fuel-usage,91.11936714,22.81587782,CH4,2796.71705,2.02E-06,t of CH4 per MJ,2025,Emission
Bogra,buildings,residential-onsite-fuel-usage,89.33140768,24.82984257,CH4,2767.76895,8.49E-07,t of CH4 per MJ,2025,Emission
Narayanganj,buildings,residential-onsite-fuel-usage,90.6169717,23.71533775,CH4,2553.16453,7.37E-07,t of CH4 per MJ,2025,Emission
Kishoreganj,buildings,residential-onsite-fuel-usage,90.92785766,24.33687305,CH4,2524.12761,1.89E-06,t of CH4 per MJ,2025,Emission
Sirajganj,buildings,residential-onsite-fuel-usage,89.52299407,24.39875031,CH4,2452.46191,1.40E-06,t of CH4 per MJ,2025,Emission
Dinajpur,buildings,residential-onsite-fuel-usage,88.72473914,25.64259434,CH4,2438.87289,1.09E-06,t of CH4 per MJ,2025,Emission
Jessore,buildings,residential-onsite-fuel-usage,89.12588422,23.08486843,CH4,2397.48399,1.04E-06,t of CH4 per MJ,2025,Emission
Brahamanbaria,buildings,residential-onsite-fuel-usage,91.11221975,23.95706463,CH4,2388.05339,1.36E-06,t of CH4 per MJ,2025,Emission
Rangpur,buildings,residential-onsite-fuel-usage,89.26262719,25.63304901,CH4,2370.07837,1.28E-06,t of CH4 per MJ,2025,Emission
Sunamganj,buildings,residential-onsite-fuel-usage,91.39011405,24.88646793,CH4,2335.32455,2.32E-06,t of CH4 per MJ,2025,Emission
Rajshahi,buildings,residential-onsite-fuel-usage,88.59755044,24.41521168,CH4,2165.364,7.53E-07,t of CH4 per MJ,2025,Emission
Naogaon,buildings,residential-onsite-fuel-usage,88.73828018,24.87316799,CH4,2143.59129,8.20E-07,t of CH4 per MJ,2025,Emission
Kurigram,buildings,residential-onsite-fuel-usage,89.64450523,25.80355644,CH4,2101.56705,1.68E-06,t of CH4 per MJ,2025,Emission
Netrakona,buildings,residential-onsite-fuel-usage,90.7927876,24.88535595,CH4,2050.45825,1.48E-06,t of CH4 per MJ,2025,Emission
Pabna,buildings,residential-onsite-fuel-usage,89.33856711,24.08094883,CH4,1986.95147,1.13E-06,t of CH4 per MJ,2025,Emission
Jamalpur,buildings,residential-onsite-fuel-usage,89.77782262,24.99966812,CH4,1973.47497,1.60E-06,t of CH4 per MJ,2025,Emission
Cox'S Bazar,buildings,residential-onsite-fuel-usage,92.09185387,21.33263111,CH4,1955.6422,1.06E-06,t of CH4 per MJ,2025,Emission
Chandpur,buildings,residential-onsite-fuel-usage,90.8076815,23.24472523,CH4,1937.69099,2.08E-06,t of CH4 per MJ,2025,Emission
Gaibandha,buildings,residential-onsite-fuel-usage,89.53627013,25.34347057,CH4,1915.8398,1.82E-06,t of CH4 per MJ,2025,Emission
Habiganj,buildings,residential-onsite-fuel-usage,91.43166194,24.3361721,CH4,1905.65645,1.51E-06,t of CH4 per MJ,2025,Emission
Maulvibazar,buildings,residential-onsite-fuel-usage,91.8826094,24.48686098,CH4,1835.33842,1.32E-06,t of CH4 per MJ,2025,Emission
Narsingdi,buildings,residential-onsite-fuel-usage,90.80575237,24.00730515,CH4,1816.89931,1.54E-06,t of CH4 per MJ,2025,Emission
Barisal,buildings,residential-onsite-fuel-usage,90.25002892,22.82380976,CH4,1749.85389,1.24E-06,t of CH4 per MJ,2025,Emission
Satkhira,buildings,residential-onsite-fuel-usage,89.13842168,22.47451782,CH4,1701.61611,1.51E-06,t of CH4 per MJ,2025,Emission
Faridpur,buildings,residential-onsite-fuel-usage,89.87183105,23.4662315,CH4,1658.43206,1.36E-06,t of CH4 per MJ,2025,Emission
Lakshmipur,buildings,residential-onsite-fuel-usage,90.85837351,22.86313117,CH4,1639.93604,2.65E-06,t of CH4 per MJ,2025,Emission
Khulna,buildings,residential-onsite-fuel-usage,89.33178875,22.50158978,CH4,1635.74018,8.00E-07,t of CH4 per MJ,2025,Emission
Nawabganj,buildings,residential-onsite-fuel-usage,88.2608918,24.69153214,CH4,1533.14376,9.37E-07,t of CH4 per MJ,2025,Emission
Nilphamari,buildings,residential-onsite-fuel-usage,88.92202762,26.02052784,CH4,1521.00728,1.56E-06,t of CH4 per MJ,2025,Emission
Kushtia,buildings,residential-onsite-fuel-usage,89.02495856,23.94281006,CH4,1485.93151,9.44E-07,t of CH4 per MJ,2025,Emission
Bhola,buildings,residential-onsite-fuel-usage,90.7676299,22.39723759,CH4,1393.76656,2.69E-06,t of CH4 per MJ,2025,Emission
Jhenaidah,buildings,residential-onsite-fuel-usage,89.12274824,23.49500561,CH4,1387.62998,1.40E-06,t of CH4 per MJ,2025,Emission
Natore,buildings,residential-onsite-fuel-usage,89.09054213,24.39326572,CH4,1307.97631,9.39E-07,t of CH4 per MJ,2025,Emission
Feni,buildings,residential-onsite-fuel-usage,91.40197917,23.02090073,CH4,1222.31231,1.29E-06,t of CH4 per MJ,2025,Emission
Thakurgaon,buildings,residential-onsite-fuel-usage,88.31190151,25.93596554,CH4,1209.06976,1.06E-06,t of CH4 per MJ,2025,Emission
Lalmonirhat,buildings,residential-onsite-fuel-usage,89.16543289,26.12210465,CH4,1194.77469,1.85E-06,t of CH4 per MJ,2025,Emission
Sherpur,buildings,residential-onsite-fuel-usage,90.09527706,25.09214115,CH4,1194.40059,1.64E-06,t of CH4 per MJ,2025,Emission
Patuakhali,buildings,residential-onsite-fuel-usage,90.49766675,22.25868681,CH4,1185.20593,1.48E-06,t of CH4 per MJ,2025,Emission
Manikganj,buildings,residential-onsite-fuel-usage,89.94155818,23.83549976,CH4,1164.11088,1.36E-06,t of CH4 per MJ,2025,Emission
Bagerhat,buildings,residential-onsite-fuel-usage,89.74824061,22.40804318,CH4,1141.25726,1.15E-06,t of CH4 per MJ,2025,Emission
Munshiganj,buildings,residential-onsite-fuel-usage,90.43809069,23.52661705,CH4,1073.90865,1.19E-06,t of CH4 per MJ,2025,Emission
Shariatpur,buildings,residential-onsite-fuel-usage,90.42202219,23.22814179,CH4,1057.54031,1.69E-06,t of CH4 per MJ,2025,Emission
Madaripur,buildings,residential-onsite-fuel-usage,90.13017483,23.23116398,CH4,1014.62003,1.59E-06,t of CH4 per MJ,2025,Emission
Gopalganj,buildings,residential-onsite-fuel-usage,89.86240928,23.10671997,CH4,1005.09067,1.45E-06,t of CH4 per MJ,2025,Emission
Panchagarh,buildings,residential-onsite-fuel-usage,88.54636242,26.32021618,CH4,974.43625,1.30E-06,t of CH4 per MJ,2025,Emission
Chuadanga,buildings,residential-onsite-fuel-usage,88.82268639,23.60138702,CH4,927.27898,8.17E-07,t of CH4 per MJ,2025,Emission
Rajbari,buildings,residential-onsite-fuel-usage,89.57524755,23.73533821,CH4,894.84853,1.64E-06,t of CH4 per MJ,2025,Emission
Pirojpur,buildings,residential-onsite-fuel-usage,89.99539264,22.51473236,CH4,814.39533,2.18E-06,t of CH4 per MJ,2025,Emission
Dhaka,buildings,non-residential-onsite-fuel-usage,90.35663986,23.78322506,CH4,783.4889,9.84E-07,t of CH4 per MJ,2025,Emission
Joypurhat,buildings,residential-onsite-fuel-usage,89.09082916,25.06322479,CH4,766.03278,9.23E-07,t of CH4 per MJ,2025,Emission
Magura,buildings,residential-onsite-fuel-usage,89.4566823,23.46960831,CH4,696.46787,1.41E-06,t of CH4 per MJ,2025,Emission
Barguna,buildings,residential-onsite-fuel-usage,89.97252105,22.14954083,CH4,645.13982,1.49E-06,t of CH4 per MJ,2025,Emission
Khagrachhari,buildings,residential-onsite-fuel-usage,91.96224023,23.21044445,CH4,611.09659,8.33E-07,t of CH4 per MJ,2025,Emission
Rangamati,buildings,residential-onsite-fuel-usage,92.22334151,22.79609299,CH4,603.24243,6.45E-07,t of CH4 per MJ,2025,Emission
Narail,buildings,residential-onsite-fuel-usage,89.52866845,23.13234139,CH4,594.2514,1.10E-06,t of CH4 per MJ,2025,Emission
Meherpur,buildings,residential-onsite-fuel-usage,88.70081641,23.78840065,CH4,569.7198,7.84E-07,t of CH4 per MJ,2025,Emission
Jhalokati,buildings,residential-onsite-fuel-usage,90.12547576,22.56171608,CH4,486.5099,1.63E-06,t of CH4 per MJ,2025,Emission
Narayanganj,buildings,non-residential-onsite-fuel-usage,90.6169717,23.71533775,CH4,428.11233,6.31E-07,t of CH4 per MJ,2025,Emission
Gazipur,buildings,non-residential-onsite-fuel-usage,90.4077623,24.09239292,CH4,389.57745,7.77E-07,t of CH4 per MJ,2025,Emission
Bandarban,buildings,residential-onsite-fuel-usage,92.38619595,21.77005291,CH4,376.03712,1.07E-06,t of CH4 per MJ,2025,Emission
Chittagong,buildings,non-residential-onsite-fuel-usage,91.92721178,22.42351341,CH4,334.90785,6.00E-07,t of CH4 per MJ,2025,Emission
Comilla,buildings,non-residential-onsite-fuel-usage,91.07641037,23.42176151,CH4,134.21756,1.04E-06,t of CH4 per MJ,2025,Emission
Dinajpur,buildings,non-residential-onsite-fuel-usage,88.72473914,25.64259434,CH4,109.69357,9.73E-07,t of CH4 per MJ,2025,Emission
Narsingdi,buildings,non-residential-onsite-fuel-usage,90.80575237,24.00730515,CH4,108.67132,1.28E-06,t of CH4 per MJ,2025,Emission
Mymensingh,buildings,non-residential-onsite-fuel-usage,90.41626793,24.72212601,CH4,97.87201,8.56E-07,t of CH4 per MJ,2025,Emission
Jessore,buildings,non-residential-onsite-fuel-usage,89.12588422,23.08486843,CH4,74.32747,1.02E-06,t of CH4 per MJ,2025,Emission
Cox'S Bazar,buildings,non-residential-onsite-fuel-usage,92.09185387,21.33263111,CH4,71.22313,1.00E-06,t of CH4 per MJ,2025,Emission
Sylhet,buildings,non-residential-onsite-fuel-usage,91.95828109,24.89030552,CH4,68.08072,9.90E-07,t of CH4 per MJ,2025,Emission
Khulna,buildings,non-residential-onsite-fuel-usage,89.33178875,22.50158978,CH4,66.15032,6.40E-07,t of CH4 per MJ,2025,Emission
Munshiganj,buildings,non-residential-onsite-fuel-usage,90.43809069,23.52661705,CH4,63.71684,8.63E-07,t of CH4 per MJ,2025,Emission
Habiganj,buildings,non-residential-onsite-fuel-usage,91.43166194,24.3361721,CH4,55.43603,9.23E-07,t of CH4 per MJ,2025,Emission
Tangail,buildings,non-residential-onsite-fuel-usage,90.00162472,24.37570572,CH4,52.95911,7.92E-07,t of CH4 per MJ,2025,Emission
Sirajganj,buildings,non-residential-onsite-fuel-usage,89.52299407,24.39875031,CH4,42.0396,1.31E-06,t of CH4 per MJ,2025,Emission
Rangpur,buildings,non-residential-onsite-fuel-usage,89.26262719,25.63304901,CH4,31.32804,1.28E-06,t of CH4 per MJ,2025,Emission
Nilphamari,buildings,non-residential-onsite-fuel-usage,88.92202762,26.02052784,CH4,31.29052,1.41E-06,t of CH4 per MJ,2025,Emission
Brahamanbaria,buildings,non-residential-onsite-fuel-usage,91.11221975,23.95706463,CH4,31.16685,1.19E-06,t of CH4 per MJ,2025,Emission
Panchagarh,buildings,non-residential-onsite-fuel-usage,88.54636242,26.32021618,CH4,31.07304,1.22E-06,t of CH4 per MJ,2025,Emission
Kishoreganj,buildings,non-residential-onsite-fuel-usage,90.92785766,24.33687305,CH4,29.31867,1.58E-06,t of CH4 per MJ,2025,Emission
Thakurgaon,buildings,non-residential-onsite-fuel-usage,88.31190151,25.93596554,CH4,29.15791,9.45E-07,t of CH4 per MJ,2025,Emission
Bagerhat,buildings,non-residential-onsite-fuel-usage,89.74824061,22.40804318,CH4,27.77233,6.18E-07,t of CH4 per MJ,2025,Emission
Satkhira,buildings,non-residential-onsite-fuel-usage,89.13842168,22.47451782,CH4,26.79071,1.33E-06,t of CH4 per MJ,2025,Emission
Bogra,buildings,non-residential-onsite-fuel-usage,89.33140768,24.82984257,CH4,26.4934,7.41E-07,t of CH4 per MJ,2025,Emission
Rajshahi,buildings,non-residential-onsite-fuel-usage,88.59755044,24.41521168,CH4,26.38515,5.29E-07,t of CH4 per MJ,2025,Emission
Nawabganj,buildings,non-residential-onsite-fuel-usage,88.2608918,24.69153214,CH4,25.68477,1.88E-06,t of CH4 per MJ,2025,Emission
Jamalpur,buildings,non-residential-onsite-fuel-usage,89.77782262,24.99966812,CH4,25.08107,1.57E-06,t of CH4 per MJ,2025,Emission
Manikganj,buildings,non-residential-onsite-fuel-usage,89.94155818,23.83549976,CH4,24.37211,1.11E-06,t of CH4 per MJ,2025,Emission
Pabna,buildings,non-residential-onsite-fuel-usage,89.33856711,24.08094883,CH4,23.60863,9.65E-07,t of CH4 per MJ,2025,Emission
Chandpur,buildings,non-residential-onsite-fuel-usage,90.8076815,23.24472523,CH4,22.01606,1.80E-06,t of CH4 per MJ,2025,Emission
Kushtia,buildings,non-residential-onsite-fuel-usage,89.02495856,23.94281006,CH4,21.52053,7.80E-07,t of CH4 per MJ,2025,Emission
Kurigram,buildings,non-residential-onsite-fuel-usage,89.64450523,25.80355644,CH4,19.88414,1.84E-06,t of CH4 per MJ,2025,Emission
Natore,buildings,non-residential-onsite-fuel-usage,89.09054213,24.39326572,CH4,18.50799,8.47E-07,t of CH4 per MJ,2025,Emission
Lakshmipur,buildings,non-residential-onsite-fuel-usage,90.85837351,22.86313117,CH4,18.30609,2.26E-06,t of CH4 per MJ,2025,Emission
Lalmonirhat,buildings,non-residential-onsite-fuel-usage,89.16543289,26.12210465,CH4,18.12078,1.85E-06,t of CH4 per MJ,2025,Emission
Noakhali,buildings,non-residential-onsite-fuel-usage,91.11936714,22.81587782,CH4,17.34905,2.00E-06,t of CH4 per MJ,2025,Emission
Feni,buildings,non-residential-onsite-fuel-usage,91.40197917,23.02090073,CH4,15.85598,1.17E-06,t of CH4 per MJ,2025,Emission
Maulvibazar,buildings,non-residential-onsite-fuel-usage,91.8826094,24.48686098,CH4,15.57691,1.35E-06,t of CH4 per MJ,2025,Emission
Barisal,buildings,non-residential-onsite-fuel-usage,90.25002892,22.82380976,CH4,15.10657,7.00E-07,t of CH4 per MJ,2025,Emission
Narail,buildings,non-residential-onsite-fuel-usage,89.52866845,23.13234139,CH4,9.62706,1.04E-06,t of CH4 per MJ,2025,Emission
Faridpur,buildings,non-residential-onsite-fuel-usage,89.87183105,23.4662315,CH4,9.14736,1.24E-06,t of CH4 per MJ,2025,Emission
Shariatpur,buildings,non-residential-onsite-fuel-usage,90.42202219,23.22814179,CH4,9.14609,1.31E-06,t of CH4 per MJ,2025,Emission
Bhola,buildings,non-residential-onsite-fuel-usage,90.7676299,22.39723759,CH4,8.90037,2.08E-06,t of CH4 per MJ,2025,Emission
Madaripur,buildings,non-residential-onsite-fuel-usage,90.13017483,23.23116398,CH4,8.85094,1.43E-06,t of CH4 per MJ,2025,Emission
Netrakona,buildings,non-residential-onsite-fuel-usage,90.7927876,24.88535595,CH4,8.6206,1.34E-06,t of CH4 per MJ,2025,Emission
Pirojpur,buildings,non-residential-onsite-fuel-usage,89.99539264,22.51473236,CH4,8.43121,1.81E-06,t of CH4 per MJ,2025,Emission
Jhenaidah,buildings,non-residential-onsite-fuel-usage,89.12274824,23.49500561,CH4,6.92001,1.61E-06,t of CH4 per MJ,2025,Emission
Patuakhali,buildings,non-residential-onsite-fuel-usage,90.49766675,22.25868681,CH4,4.744,1.39E-06,t of CH4 per MJ,2025,Emission
Jhalokati,buildings,non-residential-onsite-fuel-usage,90.12547576,22.56171608,CH4,4.61378,1.60E-06,t of CH4 per MJ,2025,Emission
Chuadanga,buildings,non-residential-onsite-fuel-usage,88.82268639,23.60138702,CH4,3.12896,7.34E-07,t of CH4 per MJ,2025,Emission
Sunamganj,buildings,non-residential-onsite-fuel-usage,91.39011405,24.88646793,CH4,2.50385,2.58E-06,t of CH4 per MJ,2025,Emission
Joypurhat,buildings,non-residential-onsite-fuel-usage,89.09082916,25.06322479,CH4,2.03686,1.06E-06,t of CH4 per MJ,2025,Emission
Gopalganj,buildings,non-residential-onsite-fuel-usage,89.86240928,23.10671997,CH4,2.02905,1.37E-06,t of CH4 per MJ,2025,Emission
Barguna,buildings,non-residential-onsite-fuel-usage,89.97252105,22.14954083,CH4,1.95911,1.26E-06,t of CH4 per MJ,2025,Emission
Rangamati,buildings,non-residential-onsite-fuel-usage,92.22334151,22.79609299,CH4,1.61316,8.47E-07,t of CH4 per MJ,2025,Emission
Naogaon,buildings,non-residential-onsite-fuel-usage,88.73828018,24.87316799,CH4,0.97993,7.91E-07,t of CH4 per MJ,2025,Emission
Gaibandha,buildings,non-residential-onsite-fuel-usage,89.53627013,25.34347057,CH4,0.86927,1.49E-06,t of CH4 per MJ,2025,Emission
Magura,buildings,non-residential-onsite-fuel-usage,89.4566823,23.46960831,CH4,0.72645,1.58E-06,t of CH4 per MJ,2025,Emission
Sherpur,buildings,non-residential-onsite-fuel-usage,90.09527706,25.09214115,CH4,0.68549,1.73E-06,t of CH4 per MJ,2025,Emission
Meherpur,buildings,non-residential-onsite-fuel-usage,88.70081641,23.78840065,CH4,0.54733,5.88E-07,t of CH4 per MJ,2025,Emission
Khagrachhari,buildings,non-residential-onsite-fuel-usage,91.96224023,23.21044445,CH4,0.51931,6.79E-07,t of CH4 per MJ,2025,Emission
Bandarban,buildings,non-residential-onsite-fuel-usage,92.38619595,21.77005291,CH4,0.46652,1.13E-06,t of CH4 per MJ,2025,Emission
Rajbari,buildings,non-residential-onsite-fuel-usage,89.57524755,23.73533821,CH4,0.36116,1.67E-06,t of CH4 per MJ,2025,Emission
Dhaka,buildings,residential-onsite-fuel-usage,90.35663986,23.78322506,CH4,1293.16525,1.07E-06,t of CH4 per MJ,2026,Emission
Chittagong,buildings,residential-onsite-fuel-usage,91.92721178,22.42351341,CH4,562.69507,8.58E-07,t of CH4 per MJ,2026,Emission
Comilla,buildings,residential-onsite-fuel-usage,91.07641037,23.42176151,CH4,474.99135,1.24E-06,t of CH4 per MJ,2026,Emission
Mymensingh,buildings,residential-onsite-fuel-usage,90.41626793,24.72212601,CH4,467.3598,1.28E-06,t of CH4 per MJ,2026,Emission
Gazipur,buildings,residential-onsite-fuel-usage,90.4077623,24.09239292,CH4,431.4479,8.51E-07,t of CH4 per MJ,2026,Emission
Sylhet,buildings,residential-onsite-fuel-usage,91.95828109,24.89030552,CH4,337.78965,1.28E-06,t of CH4 per MJ,2026,Emission
Tangail,buildings,residential-onsite-fuel-usage,90.00162472,24.37570572,CH4,328.85117,1.16E-06,t of CH4 per MJ,2026,Emission
Bogra,buildings,residential-onsite-fuel-usage,89.33140768,24.82984257,CH4,297.73176,8.49E-07,t of CH4 per MJ,2026,Emission
Noakhali,buildings,residential-onsite-fuel-usage,91.11936714,22.81587782,CH4,285.6779,2.01E-06,t of CH4 per MJ,2026,Emission
Dinajpur,buildings,residential-onsite-fuel-usage,88.72473914,25.64259434,CH4,266.88931,1.09E-06,t of CH4 per MJ,2026,Emission
Jessore,buildings,residential-onsite-fuel-usage,89.12588422,23.08486843,CH4,264.9168,1.05E-06,t of CH4 per MJ,2026,Emission
Sirajganj,buildings,residential-onsite-fuel-usage,89.52299407,24.39875031,CH4,263.12095,1.39E-06,t of CH4 per MJ,2026,Emission
Narayanganj,buildings,residential-onsite-fuel-usage,90.6169717,23.71533775,CH4,261.76772,7.37E-07,t of CH4 per MJ,2026,Emission
Rangpur,buildings,residential-onsite-fuel-usage,89.26262719,25.63304901,CH4,256.63562,1.28E-06,t of CH4 per MJ,2026,Emission
Kishoreganj,buildings,residential-onsite-fuel-usage,90.92785766,24.33687305,CH4,254.38975,1.89E-06,t of CH4 per MJ,2026,Emission
Sunamganj,buildings,residential-onsite-fuel-usage,91.39011405,24.88646793,CH4,247.26115,2.33E-06,t of CH4 per MJ,2026,Emission
Brahamanbaria,buildings,residential-onsite-fuel-usage,91.11221975,23.95706463,CH4,243.61577,1.36E-06,t of CH4 per MJ,2026,Emission
Rajshahi,buildings,residential-onsite-fuel-usage,88.59755044,24.41521168,CH4,235.32431,7.53E-07,t of CH4 per MJ,2026,Emission
Naogaon,buildings,residential-onsite-fuel-usage,88.73828018,24.87316799,CH4,233.7767,8.20E-07,t of CH4 per MJ,2026,Emission
Kurigram,buildings,residential-onsite-fuel-usage,89.64450523,25.80355644,CH4,226.50167,1.68E-06,t of CH4 per MJ,2026,Emission
Netrakona,buildings,residential-onsite-fuel-usage,90.7927876,24.88535595,CH4,217.18481,1.48E-06,t of CH4 per MJ,2026,Emission
Pabna,buildings,residential-onsite-fuel-usage,89.33856711,24.08094883,CH4,214.77615,1.13E-06,t of CH4 per MJ,2026,Emission
Jamalpur,buildings,residential-onsite-fuel-usage,89.77782262,24.99966812,CH4,208.31638,1.60E-06,t of CH4 per MJ,2026,Emission
Gaibandha,buildings,residential-onsite-fuel-usage,89.53627013,25.34347057,CH4,207.3836,1.82E-06,t of CH4 per MJ,2026,Emission
Chandpur,buildings,residential-onsite-fuel-usage,90.8076815,23.24472523,CH4,198.35178,2.08E-06,t of CH4 per MJ,2026,Emission
Habiganj,buildings,residential-onsite-fuel-usage,91.43166194,24.3361721,CH4,191.11639,1.51E-06,t of CH4 per MJ,2026,Emission
Narsingdi,buildings,residential-onsite-fuel-usage,90.80575237,24.00730515,CH4,186.31309,1.54E-06,t of CH4 per MJ,2026,Emission
Barisal,buildings,residential-onsite-fuel-usage,90.25002892,22.82380976,CH4,184.92941,1.24E-06,t of CH4 per MJ,2026,Emission
Satkhira,buildings,residential-onsite-fuel-usage,89.13842168,22.47451782,CH4,180.18816,1.52E-06,t of CH4 per MJ,2026,Emission
Maulvibazar,buildings,residential-onsite-fuel-usage,91.8826094,24.48686098,CH4,178.90123,1.32E-06,t of CH4 per MJ,2026,Emission
Cox'S Bazar,buildings,residential-onsite-fuel-usage,92.09185387,21.33263111,CH4,177.65433,1.04E-06,t of CH4 per MJ,2026,Emission
Faridpur,buildings,residential-onsite-fuel-usage,89.87183105,23.4662315,CH4,176.46383,1.36E-06,t of CH4 per MJ,2026,Emission
Khulna,buildings,residential-onsite-fuel-usage,89.33178875,22.50158978,CH4,171.28569,8.01E-07,t of CH4 per MJ,2026,Emission
Nawabganj,buildings,residential-onsite-fuel-usage,88.2608918,24.69153214,CH4,169.67532,9.38E-07,t of CH4 per MJ,2026,Emission
Lakshmipur,buildings,residential-onsite-fuel-usage,90.85837351,22.86313117,CH4,169.37127,2.64E-06,t of CH4 per MJ,2026,Emission
Nilphamari,buildings,residential-onsite-fuel-usage,88.92202762,26.02052784,CH4,167.45449,1.56E-06,t of CH4 per MJ,2026,Emission
Kushtia,buildings,residential-onsite-fuel-usage,89.02495856,23.94281006,CH4,161.50221,9.45E-07,t of CH4 per MJ,2026,Emission
Jhenaidah,buildings,residential-onsite-fuel-usage,89.12274824,23.49500561,CH4,150.8692,1.40E-06,t of CH4 per MJ,2026,Emission
Natore,buildings,residential-onsite-fuel-usage,89.09054213,24.39326572,CH4,141.82328,9.39E-07,t of CH4 per MJ,2026,Emission
Thakurgaon,buildings,residential-onsite-fuel-usage,88.31190151,25.93596554,CH4,134.39457,1.06E-06,t of CH4 per MJ,2026,Emission
Bhola,buildings,residential-onsite-fuel-usage,90.7676299,22.39723759,CH4,134.34317,2.68E-06,t of CH4 per MJ,2026,Emission
Lalmonirhat,buildings,residential-onsite-fuel-usage,89.16543289,26.12210465,CH4,130.01869,1.85E-06,t of CH4 per MJ,2026,Emission
Sherpur,buildings,residential-onsite-fuel-usage,90.09527706,25.09214115,CH4,126.34172,1.64E-06,t of CH4 per MJ,2026,Emission
Feni,buildings,residential-onsite-fuel-usage,91.40197917,23.02090073,CH4,125.17349,1.29E-06,t of CH4 per MJ,2026,Emission
Bagerhat,buildings,residential-onsite-fuel-usage,89.74824061,22.40804318,CH4,122.93511,1.16E-06,t of CH4 per MJ,2026,Emission
Manikganj,buildings,residential-onsite-fuel-usage,89.94155818,23.83549976,CH4,122.8745,1.36E-06,t of CH4 per MJ,2026,Emission
Patuakhali,buildings,residential-onsite-fuel-usage,90.49766675,22.25868681,CH4,120.66986,1.48E-06,t of CH4 per MJ,2026,Emission
Panchagarh,buildings,residential-onsite-fuel-usage,88.54636242,26.32021618,CH4,111.17861,1.30E-06,t of CH4 per MJ,2026,Emission
Munshiganj,buildings,residential-onsite-fuel-usage,90.43809069,23.52661705,CH4,109.89456,1.19E-06,t of CH4 per MJ,2026,Emission
Gopalganj,buildings,residential-onsite-fuel-usage,89.86240928,23.10671997,CH4,109.14293,1.45E-06,t of CH4 per MJ,2026,Emission
Shariatpur,buildings,residential-onsite-fuel-usage,90.42202219,23.22814179,CH4,108.8385,1.68E-06,t of CH4 per MJ,2026,Emission
Madaripur,buildings,residential-onsite-fuel-usage,90.13017483,23.23116398,CH4,108.0265,1.59E-06,t of CH4 per MJ,2026,Emission
Chuadanga,buildings,residential-onsite-fuel-usage,88.82268639,23.60138702,CH4,100.87335,8.16E-07,t of CH4 per MJ,2026,Emission
Rajbari,buildings,residential-onsite-fuel-usage,89.57524755,23.73533821,CH4,95.0776,1.64E-06,t of CH4 per MJ,2026,Emission
Pirojpur,buildings,residential-onsite-fuel-usage,89.99539264,22.51473236,CH4,88.33385,2.18E-06,t of CH4 per MJ,2026,Emission
Joypurhat,buildings,residential-onsite-fuel-usage,89.09082916,25.06322479,CH4,83.17011,9.24E-07,t of CH4 per MJ,2026,Emission
Dhaka,buildings,non-residential-onsite-fuel-usage,90.35663986,23.78322506,CH4,81.87583,9.80E-07,t of CH4 per MJ,2026,Emission
Magura,buildings,residential-onsite-fuel-usage,89.4566823,23.46960831,CH4,75.79082,1.41E-06,t of CH4 per MJ,2026,Emission
Barguna,buildings,residential-onsite-fuel-usage,89.97252105,22.14954083,CH4,65.5022,1.49E-06,t of CH4 per MJ,2026,Emission
Narail,buildings,residential-onsite-fuel-usage,89.52866845,23.13234139,CH4,65.17741,1.10E-06,t of CH4 per MJ,2026,Emission
Khagrachhari,buildings,residential-onsite-fuel-usage,91.96224023,23.21044445,CH4,62.2041,8.31E-07,t of CH4 per MJ,2026,Emission
Meherpur,buildings,residential-onsite-fuel-usage,88.70081641,23.78840065,CH4,62.12233,7.84E-07,t of CH4 per MJ,2026,Emission
Rangamati,buildings,residential-onsite-fuel-usage,92.22334151,22.79609299,CH4,62.00528,6.46E-07,t of CH4 per MJ,2026,Emission
Jhalokati,buildings,residential-onsite-fuel-usage,90.12547576,22.56171608,CH4,52.72852,1.63E-06,t of CH4 per MJ,2026,Emission
Narayanganj,buildings,non-residential-onsite-fuel-usage,90.6169717,23.71533775,CH4,44.25209,6.31E-07,t of CH4 per MJ,2026,Emission
Gazipur,buildings,non-residential-onsite-fuel-usage,90.4077623,24.09239292,CH4,41.10328,7.77E-07,t of CH4 per MJ,2026,Emission
Bandarban,buildings,residential-onsite-fuel-usage,92.38619595,21.77005291,CH4,38.31919,1.07E-06,t of CH4 per MJ,2026,Emission
Chittagong,buildings,non-residential-onsite-fuel-usage,91.92721178,22.42351341,CH4,30.40986,6.02E-07,t of CH4 per MJ,2026,Emission
Comilla,buildings,non-residential-onsite-fuel-usage,91.07641037,23.42176151,CH4,14.33168,1.04E-06,t of CH4 per MJ,2026,Emission
Dinajpur,buildings,non-residential-onsite-fuel-usage,88.72473914,25.64259434,CH4,12.07845,9.74E-07,t of CH4 per MJ,2026,Emission
Narsingdi,buildings,non-residential-onsite-fuel-usage,90.80575237,24.00730515,CH4,11.29842,1.29E-06,t of CH4 per MJ,2026,Emission
Mymensingh,buildings,non-residential-onsite-fuel-usage,90.41626793,24.72212601,CH4,10.15672,8.58E-07,t of CH4 per MJ,2026,Emission
Jessore,buildings,non-residential-onsite-fuel-usage,89.12588422,23.08486843,CH4,8.30968,1.02E-06,t of CH4 per MJ,2026,Emission
Sylhet,buildings,non-residential-onsite-fuel-usage,91.95828109,24.89030552,CH4,7.96247,9.91E-07,t of CH4 per MJ,2026,Emission
Khulna,buildings,non-residential-onsite-fuel-usage,89.33178875,22.50158978,CH4,6.96519,6.41E-07,t of CH4 per MJ,2026,Emission
Munshiganj,buildings,non-residential-onsite-fuel-usage,90.43809069,23.52661705,CH4,6.72004,8.68E-07,t of CH4 per MJ,2026,Emission
Cox'S Bazar,buildings,non-residential-onsite-fuel-usage,92.09185387,21.33263111,CH4,6.35564,1.01E-06,t of CH4 per MJ,2026,Emission
Habiganj,buildings,non-residential-onsite-fuel-usage,91.43166194,24.3361721,CH4,5.80872,9.22E-07,t of CH4 per MJ,2026,Emission
Tangail,buildings,non-residential-onsite-fuel-usage,90.00162472,24.37570572,CH4,5.77507,7.92E-07,t of CH4 per MJ,2026,Emission
Sirajganj,buildings,non-residential-onsite-fuel-usage,89.52299407,24.39875031,CH4,4.52753,1.32E-06,t of CH4 per MJ,2026,Emission
Panchagarh,buildings,non-residential-onsite-fuel-usage,88.54636242,26.32021618,CH4,3.63509,1.22E-06,t of CH4 per MJ,2026,Emission
Nilphamari,buildings,non-residential-onsite-fuel-usage,88.92202762,26.02052784,CH4,3.45902,1.42E-06,t of CH4 per MJ,2026,Emission
Rangpur,buildings,non-residential-onsite-fuel-usage,89.26262719,25.63304901,CH4,3.42364,1.28E-06,t of CH4 per MJ,2026,Emission
Thakurgaon,buildings,non-residential-onsite-fuel-usage,88.31190151,25.93596554,CH4,3.29169,9.44E-07,t of CH4 per MJ,2026,Emission
Brahamanbaria,buildings,non-residential-onsite-fuel-usage,91.11221975,23.95706463,CH4,3.19029,1.19E-06,t of CH4 per MJ,2026,Emission
Kishoreganj,buildings,non-residential-onsite-fuel-usage,90.92785766,24.33687305,CH4,2.9917,1.59E-06,t of CH4 per MJ,2026,Emission
Bagerhat,buildings,non-residential-onsite-fuel-usage,89.74824061,22.40804318,CH4,2.8792,6.23E-07,t of CH4 per MJ,2026,Emission
Rajshahi,buildings,non-residential-onsite-fuel-usage,88.59755044,24.41521168,CH4,2.87309,5.30E-07,t of CH4 per MJ,2026,Emission
Satkhira,buildings,non-residential-onsite-fuel-usage,89.13842168,22.47451782,CH4,2.85595,1.34E-06,t of CH4 per MJ,2026,Emission
Bogra,buildings,non-residential-onsite-fuel-usage,89.33140768,24.82984257,CH4,2.85269,7.40E-07,t of CH4 per MJ,2026,Emission
Nawabganj,buildings,non-residential-onsite-fuel-usage,88.2608918,24.69153214,CH4,2.84248,1.88E-06,t of CH4 per MJ,2026,Emission
Jamalpur,buildings,non-residential-onsite-fuel-usage,89.77782262,24.99966812,CH4,2.68872,1.56E-06,t of CH4 per MJ,2026,Emission
Manikganj,buildings,non-residential-onsite-fuel-usage,89.94155818,23.83549976,CH4,2.59143,1.11E-06,t of CH4 per MJ,2026,Emission
Pabna,buildings,non-residential-onsite-fuel-usage,89.33856711,24.08094883,CH4,2.56305,9.64E-07,t of CH4 per MJ,2026,Emission
Kushtia,buildings,non-residential-onsite-fuel-usage,89.02495856,23.94281006,CH4,2.33356,7.80E-07,t of CH4 per MJ,2026,Emission
Chandpur,buildings,non-residential-onsite-fuel-usage,90.8076815,23.24472523,CH4,2.2511,1.80E-06,t of CH4 per MJ,2026,Emission
Kurigram,buildings,non-residential-onsite-fuel-usage,89.64450523,25.80355644,CH4,2.17435,1.83E-06,t of CH4 per MJ,2026,Emission
Natore,buildings,non-residential-onsite-fuel-usage,89.09054213,24.39326572,CH4,2.00967,8.47E-07,t of CH4 per MJ,2026,Emission
Lalmonirhat,buildings,non-residential-onsite-fuel-usage,89.16543289,26.12210465,CH4,1.95391,1.85E-06,t of CH4 per MJ,2026,Emission
Lakshmipur,buildings,non-residential-onsite-fuel-usage,90.85837351,22.86313117,CH4,1.78252,2.26E-06,t of CH4 per MJ,2026,Emission
Noakhali,buildings,non-residential-onsite-fuel-usage,91.11936714,22.81587782,CH4,1.77246,1.98E-06,t of CH4 per MJ,2026,Emission
Feni,buildings,non-residential-onsite-fuel-usage,91.40197917,23.02090073,CH4,1.6169,1.17E-06,t of CH4 per MJ,2026,Emission
Barisal,buildings,non-residential-onsite-fuel-usage,90.25002892,22.82380976,CH4,1.58706,7.08E-07,t of CH4 per MJ,2026,Emission
Maulvibazar,buildings,non-residential-onsite-fuel-usage,91.8826094,24.48686098,CH4,1.56351,1.33E-06,t of CH4 per MJ,2026,Emission
Narail,buildings,non-residential-onsite-fuel-usage,89.52866845,23.13234139,CH4,1.07867,1.05E-06,t of CH4 per MJ,2026,Emission
Shariatpur,buildings,non-residential-onsite-fuel-usage,90.42202219,23.22814179,CH4,0.99297,1.31E-06,t of CH4 per MJ,2026,Emission
Faridpur,buildings,non-residential-onsite-fuel-usage,89.87183105,23.4662315,CH4,0.98441,1.24E-06,t of CH4 per MJ,2026,Emission
Madaripur,buildings,non-residential-onsite-fuel-usage,90.13017483,23.23116398,CH4,0.91201,1.43E-06,t of CH4 per MJ,2026,Emission
Netrakona,buildings,non-residential-onsite-fuel-usage,90.7927876,24.88535595,CH4,0.89258,1.33E-06,t of CH4 per MJ,2026,Emission
Pirojpur,buildings,non-residential-onsite-fuel-usage,89.99539264,22.51473236,CH4,0.88918,1.82E-06,t of CH4 per MJ,2026,Emission
Bhola,buildings,non-residential-onsite-fuel-usage,90.7676299,22.39723759,CH4,0.87013,2.07E-06,t of CH4 per MJ,2026,Emission
Jhenaidah,buildings,non-residential-onsite-fuel-usage,89.12274824,23.49500561,CH4,0.76387,1.61E-06,t of CH4 per MJ,2026,Emission
Patuakhali,buildings,non-residential-onsite-fuel-usage,90.49766675,22.25868681,CH4,0.4888,1.39E-06,t of CH4 per MJ,2026,Emission
Jhalokati,buildings,non-residential-onsite-fuel-usage,90.12547576,22.56171608,CH4,0.4861,1.61E-06,t of CH4 per MJ,2026,Emission
Chuadanga,buildings,non-residential-onsite-fuel-usage,88.82268639,23.60138702,CH4,0.34131,7.34E-07,t of CH4 per MJ,2026,Emission
Sunamganj,buildings,non-residential-onsite-fuel-usage,91.39011405,24.88646793,CH4,0.2715,2.61E-06,t of CH4 per MJ,2026,Emission
Joypurhat,buildings,non-residential-onsite-fuel-usage,89.09082916,25.06322479,CH4,0.22209,1.06E-06,t of CH4 per MJ,2026,Emission
Gopalganj,buildings,non-residential-onsite-fuel-usage,89.86240928,23.10671997,CH4,0.22155,1.37E-06,t of CH4 per MJ,2026,Emission
Barguna,buildings,non-residential-onsite-fuel-usage,89.97252105,22.14954083,CH4,0.20033,1.26E-06,t of CH4 per MJ,2026,Emission
Rangamati,buildings,non-residential-onsite-fuel-usage,92.22334151,22.79609299,CH4,0.16038,8.54E-07,t of CH4 per MJ,2026,Emission
Naogaon,buildings,non-residential-onsite-fuel-usage,88.73828018,24.87316799,CH4,0.10599,7.91E-07,t of CH4 per MJ,2026,Emission
Gaibandha,buildings,non-residential-onsite-fuel-usage,89.53627013,25.34347057,CH4,0.09319,1.49E-06,t of CH4 per MJ,2026,Emission
Magura,buildings,non-residential-onsite-fuel-usage,89.4566823,23.46960831,CH4,0.08259,1.57E-06,t of CH4 per MJ,2026,Emission
Sherpur,buildings,non-residential-onsite-fuel-usage,90.09527706,25.09214115,CH4,0.07155,1.74E-06,t of CH4 per MJ,2026,Emission
Meherpur,buildings,non-residential-onsite-fuel-usage,88.70081641,23.78840065,CH4,0.06005,5.88E-07,t of CH4 per MJ,2026,Emission
Khagrachhari,buildings,non-residential-onsite-fuel-usage,91.96224023,23.21044445,CH4,0.05158,6.79E-07,t of CH4 per MJ,2026,Emission
Bandarban,buildings,non-residential-onsite-fuel-usage,92.38619595,21.77005291,CH4,0.04251,1.12E-06,t of CH4 per MJ,2026,Emission
Rajbari,buildings,non-residential-onsite-fuel-usage,89.57524755,23.73533821,CH4,0.03878,1.67E-06,t of CH4 per MJ,2026,Emission
Khulna,transportation,domestic-shipping,89.584159,22.791662,CH4,0.178903149,0,t of CH4 per Nautical miles (nmi),2026,Emission
Dhaka,buildings,residential-onsite-fuel-usage,90.35663986,23.78322506,pm2_5,16914.96477,1.45E-06,t of PM2_5 per MJ,2024,Emission
Chittagong,buildings,residential-onsite-fuel-usage,91.92721178,22.42351341,pm2_5,10428.4841,1.45E-06,t of PM2_5 per MJ,2024,Emission
Gazipur,buildings,residential-onsite-fuel-usage,90.4077623,24.09239292,pm2_5,6986.49267,1.45E-06,t of PM2_5 per MJ,2024,Emission
Comilla,buildings,residential-onsite-fuel-usage,91.07641037,23.42176151,pm2_5,5296.53866,1.46E-06,t of PM2_5 per MJ,2024,Emission
Mymensingh,buildings,residential-onsite-fuel-usage,90.41626793,24.72212601,pm2_5,5019.44385,1.46E-06,t of PM2_5 per MJ,2024,Emission
Narayanganj,buildings,residential-onsite-fuel-usage,90.6169717,23.71533775,pm2_5,5019.12704,1.45E-06,t of PM2_5 per MJ,2024,Emission
Rajshahi,buildings,residential-onsite-fuel-usage,88.59755044,24.41521168,pm2_5,4140.27356,1.44E-06,t of PM2_5 per MJ,2024,Emission
Tangail,buildings,residential-onsite-fuel-usage,90.00162472,24.37570572,pm2_5,3768.38351,1.45E-06,t of PM2_5 per MJ,2024,Emission
Sylhet,buildings,residential-onsite-fuel-usage,91.95828109,24.89030552,pm2_5,3741.01155,1.47E-06,t of PM2_5 per MJ,2024,Emission
Naogaon,buildings,residential-onsite-fuel-usage,88.73828018,24.87316799,pm2_5,3734.45059,1.43E-06,t of PM2_5 per MJ,2024,Emission
Jessore,buildings,residential-onsite-fuel-usage,89.12588422,23.08486843,pm2_5,3272.75147,1.47E-06,t of PM2_5 per MJ,2024,Emission
Dinajpur,buildings,residential-onsite-fuel-usage,88.72473914,25.64259434,pm2_5,3256.06841,1.46E-06,t of PM2_5 per MJ,2024,Emission
Khulna,buildings,residential-onsite-fuel-usage,89.33178875,22.50158978,pm2_5,2926.6441,1.45E-06,t of PM2_5 per MJ,2024,Emission
Rangpur,buildings,residential-onsite-fuel-usage,89.26262719,25.63304901,pm2_5,2659.30878,1.44E-06,t of PM2_5 per MJ,2024,Emission
Cox'S Bazar,buildings,residential-onsite-fuel-usage,92.09185387,21.33263111,pm2_5,2606.0409,1.46E-06,t of PM2_5 per MJ,2024,Emission
Brahamanbaria,buildings,residential-onsite-fuel-usage,91.11221975,23.95706463,pm2_5,2543.76021,1.47E-06,t of PM2_5 per MJ,2024,Emission
Sirajganj,buildings,residential-onsite-fuel-usage,89.52299407,24.39875031,pm2_5,2542.95165,1.45E-06,t of PM2_5 per MJ,2024,Emission
Pabna,buildings,residential-onsite-fuel-usage,89.33856711,24.08094883,pm2_5,2540.54523,1.45E-06,t of PM2_5 per MJ,2024,Emission
Nawabganj,buildings,residential-onsite-fuel-usage,88.2608918,24.69153214,pm2_5,2395.95548,1.47E-06,t of PM2_5 per MJ,2024,Emission
Kushtia,buildings,residential-onsite-fuel-usage,89.02495856,23.94281006,pm2_5,2266.21477,1.45E-06,t of PM2_5 per MJ,2024,Emission
Maulvibazar,buildings,residential-onsite-fuel-usage,91.8826094,24.48686098,pm2_5,2010.35423,1.46E-06,t of PM2_5 per MJ,2024,Emission
Natore,buildings,residential-onsite-fuel-usage,89.09054213,24.39326572,pm2_5,1985.5451,1.43E-06,t of PM2_5 per MJ,2024,Emission
Barisal,buildings,residential-onsite-fuel-usage,90.25002892,22.82380976,pm2_5,1973.49181,1.45E-06,t of PM2_5 per MJ,2024,Emission
Netrakona,buildings,residential-onsite-fuel-usage,90.7927876,24.88535595,pm2_5,1970.54846,1.46E-06,t of PM2_5 per MJ,2024,Emission
Noakhali,buildings,residential-onsite-fuel-usage,91.11936714,22.81587782,pm2_5,1928.18003,1.45E-06,t of PM2_5 per MJ,2024,Emission
Kishoreganj,buildings,residential-onsite-fuel-usage,90.92785766,24.33687305,pm2_5,1921.53208,1.45E-06,t of PM2_5 per MJ,2024,Emission
Kurigram,buildings,residential-onsite-fuel-usage,89.64450523,25.80355644,pm2_5,1840.84643,1.52E-06,t of PM2_5 per MJ,2024,Emission
Habiganj,buildings,residential-onsite-fuel-usage,91.43166194,24.3361721,pm2_5,1774.74414,1.43E-06,t of PM2_5 per MJ,2024,Emission
Jamalpur,buildings,residential-onsite-fuel-usage,89.77782262,24.99966812,pm2_5,1770.40547,1.46E-06,t of PM2_5 per MJ,2024,Emission
Faridpur,buildings,residential-onsite-fuel-usage,89.87183105,23.4662315,pm2_5,1735.57912,1.45E-06,t of PM2_5 per MJ,2024,Emission
Narsingdi,buildings,residential-onsite-fuel-usage,90.80575237,24.00730515,pm2_5,1700.99877,1.45E-06,t of PM2_5 per MJ,2024,Emission
Chuadanga,buildings,residential-onsite-fuel-usage,88.82268639,23.60138702,pm2_5,1675.0509,1.48E-06,t of PM2_5 per MJ,2024,Emission
Thakurgaon,buildings,residential-onsite-fuel-usage,88.31190151,25.93596554,pm2_5,1667.21446,1.47E-06,t of PM2_5 per MJ,2024,Emission
Satkhira,buildings,residential-onsite-fuel-usage,89.13842168,22.47451782,pm2_5,1597.44697,1.48E-06,t of PM2_5 per MJ,2024,Emission
Gaibandha,buildings,residential-onsite-fuel-usage,89.53627013,25.34347057,pm2_5,1504.1623,1.45E-06,t of PM2_5 per MJ,2024,Emission
Sunamganj,buildings,residential-onsite-fuel-usage,91.39011405,24.88646793,pm2_5,1462.26382,1.48E-06,t of PM2_5 per MJ,2024,Emission
Jhenaidah,buildings,residential-onsite-fuel-usage,89.12274824,23.49500561,pm2_5,1436.33033,1.46E-06,t of PM2_5 per MJ,2024,Emission
Nilphamari,buildings,residential-onsite-fuel-usage,88.92202762,26.02052784,pm2_5,1399.52553,1.46E-06,t of PM2_5 per MJ,2024,Emission
Feni,buildings,residential-onsite-fuel-usage,91.40197917,23.02090073,pm2_5,1389.66029,1.48E-06,t of PM2_5 per MJ,2024,Emission
Bagerhat,buildings,residential-onsite-fuel-usage,89.74824061,22.40804318,pm2_5,1385.50389,1.45E-06,t of PM2_5 per MJ,2024,Emission
Chandpur,buildings,residential-onsite-fuel-usage,90.8076815,23.24472523,pm2_5,1311.19333,1.45E-06,t of PM2_5 per MJ,2024,Emission
Munshiganj,buildings,residential-onsite-fuel-usage,90.43809069,23.52661705,pm2_5,1302.39718,1.45E-06,t of PM2_5 per MJ,2024,Emission
Rangamati,buildings,residential-onsite-fuel-usage,92.22334151,22.79609299,pm2_5,1292.49852,1.46E-06,t of PM2_5 per MJ,2024,Emission
Manikganj,buildings,residential-onsite-fuel-usage,89.94155818,23.83549976,pm2_5,1225.52285,1.45E-06,t of PM2_5 per MJ,2024,Emission
Joypurhat,buildings,residential-onsite-fuel-usage,89.09082916,25.06322479,pm2_5,1171.48201,1.42E-06,t of PM2_5 per MJ,2024,Emission
Dhaka,buildings,non-residential-onsite-fuel-usage,90.35663986,23.78322506,pm2_5,1144.134,1.45E-06,t of PM2_5 per MJ,2024,Emission
Patuakhali,buildings,residential-onsite-fuel-usage,90.49766675,22.25868681,pm2_5,1115.27457,1.44E-06,t of PM2_5 per MJ,2024,Emission
Panchagarh,buildings,residential-onsite-fuel-usage,88.54636242,26.32021618,pm2_5,1095.54051,1.51E-06,t of PM2_5 per MJ,2024,Emission
Meherpur,buildings,residential-onsite-fuel-usage,88.70081641,23.78840065,pm2_5,1046.56176,1.44E-06,t of PM2_5 per MJ,2024,Emission
Sherpur,buildings,residential-onsite-fuel-usage,90.09527706,25.09214115,pm2_5,1035.82178,1.46E-06,t of PM2_5 per MJ,2024,Emission
Khagrachhari,buildings,residential-onsite-fuel-usage,91.96224023,23.21044445,pm2_5,1022.52101,1.46E-06,t of PM2_5 per MJ,2024,Emission
Lalmonirhat,buildings,residential-onsite-fuel-usage,89.16543289,26.12210465,pm2_5,981.60543,1.55E-06,t of PM2_5 per MJ,2024,Emission
Gopalganj,buildings,residential-onsite-fuel-usage,89.86240928,23.10671997,pm2_5,979.98088,1.45E-06,t of PM2_5 per MJ,2024,Emission
Narayanganj,buildings,non-residential-onsite-fuel-usage,90.6169717,23.71533775,pm2_5,973.867,1.45E-06,t of PM2_5 per MJ,2024,Emission
Madaripur,buildings,residential-onsite-fuel-usage,90.13017483,23.23116398,pm2_5,900.25244,1.45E-06,t of PM2_5 per MJ,2024,Emission
Shariatpur,buildings,residential-onsite-fuel-usage,90.42202219,23.22814179,pm2_5,872.7246,1.45E-06,t of PM2_5 per MJ,2024,Emission
Lakshmipur,buildings,residential-onsite-fuel-usage,90.85837351,22.86313117,pm2_5,849.35201,1.45E-06,t of PM2_5 per MJ,2024,Emission
Chittagong,buildings,non-residential-onsite-fuel-usage,91.92721178,22.42351341,pm2_5,802.023,1.45E-06,t of PM2_5 per MJ,2024,Emission
Rajbari,buildings,residential-onsite-fuel-usage,89.57524755,23.73533821,pm2_5,779.26592,1.45E-06,t of PM2_5 per MJ,2024,Emission
Narail,buildings,residential-onsite-fuel-usage,89.52866845,23.13234139,pm2_5,761.32664,1.45E-06,t of PM2_5 per MJ,2024,Emission
Gazipur,buildings,non-residential-onsite-fuel-usage,90.4077623,24.09239292,pm2_5,718.321,1.45E-06,t of PM2_5 per MJ,2024,Emission
Bhola,buildings,residential-onsite-fuel-usage,90.7676299,22.39723759,pm2_5,710.97554,1.44E-06,t of PM2_5 per MJ,2024,Emission
Magura,buildings,residential-onsite-fuel-usage,89.4566823,23.46960831,pm2_5,707.47068,1.45E-06,t of PM2_5 per MJ,2024,Emission
Barguna,buildings,residential-onsite-fuel-usage,89.97252105,22.14954083,pm2_5,607.22368,1.43E-06,t of PM2_5 per MJ,2024,Emission
Pirojpur,buildings,residential-onsite-fuel-usage,89.99539264,22.51473236,pm2_5,520.7376,1.45E-06,t of PM2_5 per MJ,2024,Emission
Bandarban,buildings,residential-onsite-fuel-usage,92.38619595,21.77005291,pm2_5,494.85586,1.44E-06,t of PM2_5 per MJ,2024,Emission
Jhalokati,buildings,residential-onsite-fuel-usage,90.12547576,22.56171608,pm2_5,409.58491,1.45E-06,t of PM2_5 per MJ,2024,Emission
Comilla,buildings,non-residential-onsite-fuel-usage,91.07641037,23.42176151,pm2_5,179.948,1.45E-06,t of PM2_5 per MJ,2024,Emission
Mymensingh,buildings,non-residential-onsite-fuel-usage,90.41626793,24.72212601,pm2_5,163.428,1.45E-06,t of PM2_5 per MJ,2024,Emission
Dinajpur,buildings,non-residential-onsite-fuel-usage,88.72473914,25.64259434,pm2_5,162.23,1.45E-06,t of PM2_5 per MJ,2024,Emission
Khulna,buildings,non-residential-onsite-fuel-usage,89.33178875,22.50158978,pm2_5,148.308,1.45E-06,t of PM2_5 per MJ,2024,Emission
Sylhet,buildings,non-residential-onsite-fuel-usage,91.95828109,24.89030552,pm2_5,130.575,1.90E-06,t of PM2_5 per MJ,2024,Emission
Narsingdi,buildings,non-residential-onsite-fuel-usage,90.80575237,24.00730515,pm2_5,120.538,1.45E-06,t of PM2_5 per MJ,2024,Emission
Munshiganj,buildings,non-residential-onsite-fuel-usage,90.43809069,23.52661705,pm2_5,103.119,1.45E-06,t of PM2_5 per MJ,2024,Emission
Jessore,buildings,non-residential-onsite-fuel-usage,89.12588422,23.08486843,pm2_5,101.631,1.45E-06,t of PM2_5 per MJ,2024,Emission
Cox'S Bazar,buildings,non-residential-onsite-fuel-usage,92.09185387,21.33263111,pm2_5,101.563,1.45E-06,t of PM2_5 per MJ,2024,Emission
Tangail,buildings,non-residential-onsite-fuel-usage,90.00162472,24.37570572,pm2_5,93.381,1.45E-06,t of PM2_5 per MJ,2024,Emission
Rajshahi,buildings,non-residential-onsite-fuel-usage,88.59755044,24.41521168,pm2_5,72.16,1.45E-06,t of PM2_5 per MJ,2024,Emission
Bagerhat,buildings,non-residential-onsite-fuel-usage,89.74824061,22.40804318,pm2_5,64.148,1.45E-06,t of PM2_5 per MJ,2024,Emission
Habiganj,buildings,non-residential-onsite-fuel-usage,91.43166194,24.3361721,pm2_5,59.127,1.05E-06,t of PM2_5 per MJ,2024,Emission
Bogra,buildings,non-residential-onsite-fuel-usage,89.33140768,24.82984257,pm2_5,51.823,1.45E-06,t of PM2_5 per MJ,2024,Emission
Sirajganj,buildings,non-residential-onsite-fuel-usage,89.52299407,24.39875031,pm2_5,46.255,1.45E-06,t of PM2_5 per MJ,2024,Emission
Thakurgaon,buildings,non-residential-onsite-fuel-usage,88.31190151,25.93596554,pm2_5,43.248,1.45E-06,t of PM2_5 per MJ,2024,Emission
Kushtia,buildings,non-residential-onsite-fuel-usage,89.02495856,23.94281006,pm2_5,39.981,1.45E-06,t of PM2_5 per MJ,2024,Emission
Brahamanbaria,buildings,non-residential-onsite-fuel-usage,91.11221975,23.95706463,pm2_5,37.477,1.45E-06,t of PM2_5 per MJ,2024,Emission
Pabna,buildings,non-residential-onsite-fuel-usage,89.33856711,24.08094883,pm2_5,35.253,1.45E-06,t of PM2_5 per MJ,2024,Emission
Panchagarh,buildings,non-residential-onsite-fuel-usage,88.54636242,26.32021618,pm2_5,34.775,1.47E-06,t of PM2_5 per MJ,2024,Emission
Rangpur,buildings,non-residential-onsite-fuel-usage,89.26262719,25.63304901,pm2_5,34.52,1.44E-06,t of PM2_5 per MJ,2024,Emission
Natore,buildings,non-residential-onsite-fuel-usage,89.09054213,24.39326572,pm2_5,31.529,1.45E-06,t of PM2_5 per MJ,2024,Emission
Nilphamari,buildings,non-residential-onsite-fuel-usage,88.92202762,26.02052784,pm2_5,31.444,1.45E-06,t of PM2_5 per MJ,2024,Emission
Manikganj,buildings,non-residential-onsite-fuel-usage,89.94155818,23.83549976,pm2_5,31.271,1.45E-06,t of PM2_5 per MJ,2024,Emission
Barisal,buildings,non-residential-onsite-fuel-usage,90.25002892,22.82380976,pm2_5,30.739,1.45E-06,t of PM2_5 per MJ,2024,Emission
Nawabganj,buildings,non-residential-onsite-fuel-usage,88.2608918,24.69153214,pm2_5,29.126,2.15E-06,t of PM2_5 per MJ,2024,Emission
Satkhira,buildings,non-residential-onsite-fuel-usage,89.13842168,22.47451782,pm2_5,28.258,1.47E-06,t of PM2_5 per MJ,2024,Emission
Kishoreganj,buildings,non-residential-onsite-fuel-usage,90.92785766,24.33687305,pm2_5,26.465,1.45E-06,t of PM2_5 per MJ,2024,Emission
Jamalpur,buildings,non-residential-onsite-fuel-usage,89.77782262,24.99966812,pm2_5,22.488,1.45E-06,t of PM2_5 per MJ,2024,Emission
Feni,buildings,non-residential-onsite-fuel-usage,91.40197917,23.02090073,pm2_5,19.702,1.45E-06,t of PM2_5 per MJ,2024,Emission
Chandpur,buildings,non-residential-onsite-fuel-usage,90.8076815,23.24472523,pm2_5,17.254,1.45E-06,t of PM2_5 per MJ,2024,Emission
Lalmonirhat,buildings,non-residential-onsite-fuel-usage,89.16543289,26.12210465,pm2_5,16.379,1.71E-06,t of PM2_5 per MJ,2024,Emission
Maulvibazar,buildings,non-residential-onsite-fuel-usage,91.8826094,24.48686098,pm2_5,15.816,1.44E-06,t of PM2_5 per MJ,2024,Emission
Kurigram,buildings,non-residential-onsite-fuel-usage,89.64450523,25.80355644,pm2_5,14.995,1.46E-06,t of PM2_5 per MJ,2024,Emission
Narail,buildings,non-residential-onsite-fuel-usage,89.52866845,23.13234139,pm2_5,12.66,1.45E-06,t of PM2_5 per MJ,2024,Emission
Noakhali,buildings,non-residential-onsite-fuel-usage,91.11936714,22.81587782,pm2_5,12.227,1.45E-06,t of PM2_5 per MJ,2024,Emission
Lakshmipur,buildings,non-residential-onsite-fuel-usage,90.85837351,22.86313117,pm2_5,11.722,1.45E-06,t of PM2_5 per MJ,2024,Emission
Faridpur,buildings,non-residential-onsite-fuel-usage,89.87183105,23.4662315,pm2_5,10.229,1.45E-06,t of PM2_5 per MJ,2024,Emission
Shariatpur,buildings,non-residential-onsite-fuel-usage,90.42202219,23.22814179,pm2_5,9.394,1.45E-06,t of PM2_5 per MJ,2024,Emission
Netrakona,buildings,non-residential-onsite-fuel-usage,90.7927876,24.88535595,pm2_5,9.192,1.45E-06,t of PM2_5 per MJ,2024,Emission
Madaripur,buildings,non-residential-onsite-fuel-usage,90.13017483,23.23116398,pm2_5,8.888,1.45E-06,t of PM2_5 per MJ,2024,Emission
Pirojpur,buildings,non-residential-onsite-fuel-usage,89.99539264,22.51473236,pm2_5,6.71,1.45E-06,t of PM2_5 per MJ,2024,Emission
Chuadanga,buildings,non-residential-onsite-fuel-usage,88.82268639,23.60138702,pm2_5,6.155,1.45E-06,t of PM2_5 per MJ,2024,Emission
Jhenaidah,buildings,non-residential-onsite-fuel-usage,89.12274824,23.49500561,pm2_5,6.061,1.45E-06,t of PM2_5 per MJ,2024,Emission
Bhola,buildings,non-residential-onsite-fuel-usage,90.7676299,22.39723759,pm2_5,5.739,1.45E-06,t of PM2_5 per MJ,2024,Emission
Patuakhali,buildings,non-residential-onsite-fuel-usage,90.49766675,22.25868681,pm2_5,4.632,1.45E-06,t of PM2_5 per MJ,2024,Emission
Jhalokati,buildings,non-residential-onsite-fuel-usage,90.12547576,22.56171608,pm2_5,4.116,1.45E-06,t of PM2_5 per MJ,2024,Emission
Joypurhat,buildings,non-residential-onsite-fuel-usage,89.09082916,25.06322479,pm2_5,2.746,1.44E-06,t of PM2_5 per MJ,2024,Emission
Rangamati,buildings,non-residential-onsite-fuel-usage,92.22334151,22.79609299,pm2_5,2.707,1.45E-06,t of PM2_5 per MJ,2024,Emission
Barguna,buildings,non-residential-onsite-fuel-usage,89.97252105,22.14954083,pm2_5,2.24,1.45E-06,t of PM2_5 per MJ,2024,Emission
Gopalganj,buildings,non-residential-onsite-fuel-usage,89.86240928,23.10671997,pm2_5,2.068,1.45E-06,t of PM2_5 per MJ,2024,Emission
Naogaon,buildings,non-residential-onsite-fuel-usage,88.73828018,24.87316799,pm2_5,1.792,1.45E-06,t of PM2_5 per MJ,2024,Emission
Sunamganj,buildings,non-residential-onsite-fuel-usage,91.39011405,24.88646793,pm2_5,1.402,1.45E-06,t of PM2_5 per MJ,2024,Emission
Meherpur,buildings,non-residential-onsite-fuel-usage,88.70081641,23.78840065,pm2_5,1.283,1.39E-06,t of PM2_5 per MJ,2024,Emission
Khagrachhari,buildings,non-residential-onsite-fuel-usage,91.96224023,23.21044445,pm2_5,1.088,1.45E-06,t of PM2_5 per MJ,2024,Emission
Gaibandha,buildings,non-residential-onsite-fuel-usage,89.53627013,25.34347057,pm2_5,0.84,1.45E-06,t of PM2_5 per MJ,2024,Emission
Magura,buildings,non-residential-onsite-fuel-usage,89.4566823,23.46960831,pm2_5,0.631,1.46E-06,t of PM2_5 per MJ,2024,Emission
Bandarban,buildings,non-residential-onsite-fuel-usage,92.38619595,21.77005291,pm2_5,0.595,1.45E-06,t of PM2_5 per MJ,2024,Emission
Sherpur,buildings,non-residential-onsite-fuel-usage,90.09527706,25.09214115,pm2_5,0.568,1.45E-06,t of PM2_5 per MJ,2024,Emission
Rajbari,buildings,non-residential-onsite-fuel-usage,89.57524755,23.73533821,pm2_5,0.299,1.45E-06,t of PM2_5 per MJ,2024,Emission
Dhaka,buildings,residential-onsite-fuel-usage,90.35663986,23.78322506,pm2_5,16953.19192,1.45E-06,t of PM2_5 per MJ,2025,Emission
Chittagong,buildings,residential-onsite-fuel-usage,91.92721178,22.42351341,pm2_5,10488.06976,1.45E-06,t of PM2_5 per MJ,2025,Emission
Gazipur,buildings,residential-onsite-fuel-usage,90.4077623,24.09239292,pm2_5,7033.28431,1.45E-06,t of PM2_5 per MJ,2025,Emission
Comilla,buildings,residential-onsite-fuel-usage,91.07641037,23.42176151,pm2_5,5369.28119,1.46E-06,t of PM2_5 per MJ,2025,Emission
Mymensingh,buildings,residential-onsite-fuel-usage,90.41626793,24.72212601,pm2_5,5112.45087,1.46E-06,t of PM2_5 per MJ,2025,Emission
Narayanganj,buildings,residential-onsite-fuel-usage,90.6169717,23.71533775,pm2_5,5033.66447,1.45E-06,t of PM2_5 per MJ,2025,Emission
Bogra,buildings,residential-onsite-fuel-usage,89.33140768,24.82984257,pm2_5,4736.81756,1.45E-06,t of PM2_5 per MJ,2025,Emission
Rajshahi,buildings,residential-onsite-fuel-usage,88.59755044,24.41521168,pm2_5,4155.59758,1.44E-06,t of PM2_5 per MJ,2025,Emission
Tangail,buildings,residential-onsite-fuel-usage,90.00162472,24.37570572,pm2_5,3848.07974,1.45E-06,t of PM2_5 per MJ,2025,Emission
Sylhet,buildings,residential-onsite-fuel-usage,91.95828109,24.89030552,pm2_5,3762.53051,1.47E-06,t of PM2_5 per MJ,2025,Emission
Naogaon,buildings,residential-onsite-fuel-usage,88.73828018,24.87316799,pm2_5,3749.185,1.43E-06,t of PM2_5 per MJ,2025,Emission
Jessore,buildings,residential-onsite-fuel-usage,89.12588422,23.08486843,pm2_5,3366.5548,1.47E-06,t of PM2_5 per MJ,2025,Emission
Dinajpur,buildings,residential-onsite-fuel-usage,88.72473914,25.64259434,pm2_5,3275.77849,1.46E-06,t of PM2_5 per MJ,2025,Emission
Khulna,buildings,residential-onsite-fuel-usage,89.33178875,22.50158978,pm2_5,2970.8868,1.45E-06,t of PM2_5 per MJ,2025,Emission
Rangpur,buildings,residential-onsite-fuel-usage,89.26262719,25.63304901,pm2_5,2680.55107,1.44E-06,t of PM2_5 per MJ,2025,Emission
Cox'S Bazar,buildings,residential-onsite-fuel-usage,92.09185387,21.33263111,pm2_5,2673.17837,1.46E-06,t of PM2_5 per MJ,2025,Emission
Brahamanbaria,buildings,residential-onsite-fuel-usage,91.11221975,23.95706463,pm2_5,2569.42862,1.47E-06,t of PM2_5 per MJ,2025,Emission
Sirajganj,buildings,residential-onsite-fuel-usage,89.52299407,24.39875031,pm2_5,2555.82113,1.45E-06,t of PM2_5 per MJ,2025,Emission
Pabna,buildings,residential-onsite-fuel-usage,89.33856711,24.08094883,pm2_5,2551.91259,1.45E-06,t of PM2_5 per MJ,2025,Emission
Nawabganj,buildings,residential-onsite-fuel-usage,88.2608918,24.69153214,pm2_5,2409.14802,1.47E-06,t of PM2_5 per MJ,2025,Emission
Kushtia,buildings,residential-onsite-fuel-usage,89.02495856,23.94281006,pm2_5,2276.10876,1.45E-06,t of PM2_5 per MJ,2025,Emission
Barisal,buildings,residential-onsite-fuel-usage,90.25002892,22.82380976,pm2_5,2054.74255,1.45E-06,t of PM2_5 per MJ,2025,Emission
Maulvibazar,buildings,residential-onsite-fuel-usage,91.8826094,24.48686098,pm2_5,2029.49707,1.46E-06,t of PM2_5 per MJ,2025,Emission
Netrakona,buildings,residential-onsite-fuel-usage,90.7927876,24.88535595,pm2_5,2028.9683,1.46E-06,t of PM2_5 per MJ,2025,Emission
Noakhali,buildings,residential-onsite-fuel-usage,91.11936714,22.81587782,pm2_5,2014.19158,1.45E-06,t of PM2_5 per MJ,2025,Emission
Natore,buildings,residential-onsite-fuel-usage,89.09054213,24.39326572,pm2_5,1991.98209,1.43E-06,t of PM2_5 per MJ,2025,Emission
Kishoreganj,buildings,residential-onsite-fuel-usage,90.92785766,24.33687305,pm2_5,1936.75631,1.45E-06,t of PM2_5 per MJ,2025,Emission
Kurigram,buildings,residential-onsite-fuel-usage,89.64450523,25.80355644,pm2_5,1905.97201,1.52E-06,t of PM2_5 per MJ,2025,Emission
Habiganj,buildings,residential-onsite-fuel-usage,91.43166194,24.3361721,pm2_5,1801.81343,1.43E-06,t of PM2_5 per MJ,2025,Emission
Jamalpur,buildings,residential-onsite-fuel-usage,89.77782262,24.99966812,pm2_5,1798.03792,1.46E-06,t of PM2_5 per MJ,2025,Emission
Faridpur,buildings,residential-onsite-fuel-usage,89.87183105,23.4662315,pm2_5,1771.36493,1.45E-06,t of PM2_5 per MJ,2025,Emission
Narsingdi,buildings,residential-onsite-fuel-usage,90.80575237,24.00730515,pm2_5,1718.45006,1.45E-06,t of PM2_5 per MJ,2025,Emission
Thakurgaon,buildings,residential-onsite-fuel-usage,88.31190151,25.93596554,pm2_5,1689.71944,1.47E-06,t of PM2_5 per MJ,2025,Emission
Chuadanga,buildings,residential-onsite-fuel-usage,88.82268639,23.60138702,pm2_5,1681.57239,1.48E-06,t of PM2_5 per MJ,2025,Emission
Satkhira,buildings,residential-onsite-fuel-usage,89.13842168,22.47451782,pm2_5,1657.80871,1.48E-06,t of PM2_5 per MJ,2025,Emission
Gaibandha,buildings,residential-onsite-fuel-usage,89.53627013,25.34347057,pm2_5,1534.43448,1.45E-06,t of PM2_5 per MJ,2025,Emission
Sunamganj,buildings,residential-onsite-fuel-usage,91.39011405,24.88646793,pm2_5,1490.257,1.48E-06,t of PM2_5 per MJ,2025,Emission
Jhenaidah,buildings,residential-onsite-fuel-usage,89.12274824,23.49500561,pm2_5,1448.17961,1.46E-06,t of PM2_5 per MJ,2025,Emission
Bagerhat,buildings,residential-onsite-fuel-usage,89.74824061,22.40804318,pm2_5,1437.4758,1.45E-06,t of PM2_5 per MJ,2025,Emission
Nilphamari,buildings,residential-onsite-fuel-usage,88.92202762,26.02052784,pm2_5,1429.1225,1.46E-06,t of PM2_5 per MJ,2025,Emission
Feni,buildings,residential-onsite-fuel-usage,91.40197917,23.02090073,pm2_5,1404.7547,1.48E-06,t of PM2_5 per MJ,2025,Emission
Rangamati,buildings,residential-onsite-fuel-usage,92.22334151,22.79609299,pm2_5,1361.0061,1.46E-06,t of PM2_5 per MJ,2025,Emission
Chandpur,buildings,residential-onsite-fuel-usage,90.8076815,23.24472523,pm2_5,1352.57002,1.45E-06,t of PM2_5 per MJ,2025,Emission
Munshiganj,buildings,residential-onsite-fuel-usage,90.43809069,23.52661705,pm2_5,1316.6916,1.45E-06,t of PM2_5 per MJ,2025,Emission
Manikganj,buildings,residential-onsite-fuel-usage,89.94155818,23.83549976,pm2_5,1246.46211,1.45E-06,t of PM2_5 per MJ,2025,Emission
Joypurhat,buildings,residential-onsite-fuel-usage,89.09082916,25.06322479,pm2_5,1177.47843,1.42E-06,t of PM2_5 per MJ,2025,Emission
Patuakhali,buildings,residential-onsite-fuel-usage,90.49766675,22.25868681,pm2_5,1157.9412,1.44E-06,t of PM2_5 per MJ,2025,Emission
Dhaka,buildings,non-residential-onsite-fuel-usage,90.35663986,23.78322506,pm2_5,1154.71242,1.45E-06,t of PM2_5 per MJ,2025,Emission
Panchagarh,buildings,residential-onsite-fuel-usage,88.54636242,26.32021618,pm2_5,1139.04007,1.51E-06,t of PM2_5 per MJ,2025,Emission
Khagrachhari,buildings,residential-onsite-fuel-usage,91.96224023,23.21044445,pm2_5,1067.85043,1.46E-06,t of PM2_5 per MJ,2025,Emission
Sherpur,buildings,residential-onsite-fuel-usage,90.09527706,25.09214115,pm2_5,1064.4749,1.46E-06,t of PM2_5 per MJ,2025,Emission
Meherpur,buildings,residential-onsite-fuel-usage,88.70081641,23.78840065,pm2_5,1048.28306,1.44E-06,t of PM2_5 per MJ,2025,Emission
Gopalganj,buildings,residential-onsite-fuel-usage,89.86240928,23.10671997,pm2_5,1005.5943,1.45E-06,t of PM2_5 per MJ,2025,Emission
Lalmonirhat,buildings,residential-onsite-fuel-usage,89.16543289,26.12210465,pm2_5,1002.37579,1.55E-06,t of PM2_5 per MJ,2025,Emission
Narayanganj,buildings,non-residential-onsite-fuel-usage,90.6169717,23.71533775,pm2_5,983.63487,1.45E-06,t of PM2_5 per MJ,2025,Emission
Madaripur,buildings,residential-onsite-fuel-usage,90.13017483,23.23116398,pm2_5,929.81553,1.45E-06,t of PM2_5 per MJ,2025,Emission
Shariatpur,buildings,residential-onsite-fuel-usage,90.42202219,23.22814179,pm2_5,911.70201,1.45E-06,t of PM2_5 per MJ,2025,Emission
Lakshmipur,buildings,residential-onsite-fuel-usage,90.85837351,22.86313117,pm2_5,899.98811,1.45E-06,t of PM2_5 per MJ,2025,Emission
Chittagong,buildings,non-residential-onsite-fuel-usage,91.92721178,22.42351341,pm2_5,810.15321,1.45E-06,t of PM2_5 per MJ,2025,Emission
Rajbari,buildings,residential-onsite-fuel-usage,89.57524755,23.73533821,pm2_5,794.16786,1.45E-06,t of PM2_5 per MJ,2025,Emission
Narail,buildings,residential-onsite-fuel-usage,89.52866845,23.13234139,pm2_5,787.2037,1.45E-06,t of PM2_5 per MJ,2025,Emission
Bhola,buildings,residential-onsite-fuel-usage,90.7676299,22.39723759,pm2_5,748.17078,1.44E-06,t of PM2_5 per MJ,2025,Emission
Gazipur,buildings,non-residential-onsite-fuel-usage,90.4077623,24.09239292,pm2_5,727.50969,1.45E-06,t of PM2_5 per MJ,2025,Emission
Magura,buildings,residential-onsite-fuel-usage,89.4566823,23.46960831,pm2_5,719.37701,1.45E-06,t of PM2_5 per MJ,2025,Emission
Barguna,buildings,residential-onsite-fuel-usage,89.97252105,22.14954083,pm2_5,621.98288,1.43E-06,t of PM2_5 per MJ,2025,Emission
Pirojpur,buildings,residential-onsite-fuel-usage,89.99539264,22.51473236,pm2_5,543.8471,1.45E-06,t of PM2_5 per MJ,2025,Emission
Bandarban,buildings,residential-onsite-fuel-usage,92.38619595,21.77005291,pm2_5,508.54456,1.44E-06,t of PM2_5 per MJ,2025,Emission
Jhalokati,buildings,residential-onsite-fuel-usage,90.12547576,22.56171608,pm2_5,432.95236,1.45E-06,t of PM2_5 per MJ,2025,Emission
Comilla,buildings,non-residential-onsite-fuel-usage,91.07641037,23.42176151,pm2_5,186.8879,1.45E-06,t of PM2_5 per MJ,2025,Emission
Mymensingh,buildings,non-residential-onsite-fuel-usage,90.41626793,24.72212601,pm2_5,165.84665,1.45E-06,t of PM2_5 per MJ,2025,Emission
Dinajpur,buildings,non-residential-onsite-fuel-usage,88.72473914,25.64259434,pm2_5,163.95104,1.45E-06,t of PM2_5 per MJ,2025,Emission
Khulna,buildings,non-residential-onsite-fuel-usage,89.33178875,22.50158978,pm2_5,149.91537,1.45E-06,t of PM2_5 per MJ,2025,Emission
Sylhet,buildings,non-residential-onsite-fuel-usage,91.95828109,24.89030552,pm2_5,130.81227,1.90E-06,t of PM2_5 per MJ,2025,Emission
Narsingdi,buildings,non-residential-onsite-fuel-usage,90.80575237,24.00730515,pm2_5,122.75252,1.45E-06,t of PM2_5 per MJ,2025,Emission
Munshiganj,buildings,non-residential-onsite-fuel-usage,90.43809069,23.52661705,pm2_5,107.1393,1.45E-06,t of PM2_5 per MJ,2025,Emission
Jessore,buildings,non-residential-onsite-fuel-usage,89.12588422,23.08486843,pm2_5,105.95437,1.45E-06,t of PM2_5 per MJ,2025,Emission
Cox'S Bazar,buildings,non-residential-onsite-fuel-usage,92.09185387,21.33263111,pm2_5,102.80909,1.45E-06,t of PM2_5 per MJ,2025,Emission
Tangail,buildings,non-residential-onsite-fuel-usage,90.00162472,24.37570572,pm2_5,96.96138,1.45E-06,t of PM2_5 per MJ,2025,Emission
Rajshahi,buildings,non-residential-onsite-fuel-usage,88.59755044,24.41521168,pm2_5,72.30284,1.45E-06,t of PM2_5 per MJ,2025,Emission
Bagerhat,buildings,non-residential-onsite-fuel-usage,89.74824061,22.40804318,pm2_5,65.16235,1.45E-06,t of PM2_5 per MJ,2025,Emission
Habiganj,buildings,non-residential-onsite-fuel-usage,91.43166194,24.3361721,pm2_5,63.35239,1.05E-06,t of PM2_5 per MJ,2025,Emission
Bogra,buildings,non-residential-onsite-fuel-usage,89.33140768,24.82984257,pm2_5,51.89648,1.45E-06,t of PM2_5 per MJ,2025,Emission
Sirajganj,buildings,non-residential-onsite-fuel-usage,89.52299407,24.39875031,pm2_5,46.37609,1.45E-06,t of PM2_5 per MJ,2025,Emission
Thakurgaon,buildings,non-residential-onsite-fuel-usage,88.31190151,25.93596554,pm2_5,44.77836,1.45E-06,t of PM2_5 per MJ,2025,Emission
Kushtia,buildings,non-residential-onsite-fuel-usage,89.02495856,23.94281006,pm2_5,40.02796,1.45E-06,t of PM2_5 per MJ,2025,Emission
Brahamanbaria,buildings,non-residential-onsite-fuel-usage,91.11221975,23.95706463,pm2_5,38.02343,1.45E-06,t of PM2_5 per MJ,2025,Emission
Panchagarh,buildings,non-residential-onsite-fuel-usage,88.54636242,26.32021618,pm2_5,37.29101,1.47E-06,t of PM2_5 per MJ,2025,Emission
Pabna,buildings,non-residential-onsite-fuel-usage,89.33856711,24.08094883,pm2_5,35.47593,1.45E-06,t of PM2_5 per MJ,2025,Emission
Rangpur,buildings,non-residential-onsite-fuel-usage,89.26262719,25.63304901,pm2_5,35.16716,1.44E-06,t of PM2_5 per MJ,2025,Emission
Nilphamari,buildings,non-residential-onsite-fuel-usage,88.92202762,26.02052784,pm2_5,32.08451,1.45E-06,t of PM2_5 per MJ,2025,Emission
Manikganj,buildings,non-residential-onsite-fuel-usage,89.94155818,23.83549976,pm2_5,31.85736,1.45E-06,t of PM2_5 per MJ,2025,Emission
Natore,buildings,non-residential-onsite-fuel-usage,89.09054213,24.39326572,pm2_5,31.70256,1.45E-06,t of PM2_5 per MJ,2025,Emission
Barisal,buildings,non-residential-onsite-fuel-usage,90.25002892,22.82380976,pm2_5,31.29174,1.45E-06,t of PM2_5 per MJ,2025,Emission
Satkhira,buildings,non-residential-onsite-fuel-usage,89.13842168,22.47451782,pm2_5,29.56454,1.47E-06,t of PM2_5 per MJ,2025,Emission
Nawabganj,buildings,non-residential-onsite-fuel-usage,88.2608918,24.69153214,pm2_5,29.36273,2.15E-06,t of PM2_5 per MJ,2025,Emission
Kishoreganj,buildings,non-residential-onsite-fuel-usage,90.92785766,24.33687305,pm2_5,26.86097,1.45E-06,t of PM2_5 per MJ,2025,Emission
Jamalpur,buildings,non-residential-onsite-fuel-usage,89.77782262,24.99966812,pm2_5,23.24174,1.45E-06,t of PM2_5 per MJ,2025,Emission
Feni,buildings,non-residential-onsite-fuel-usage,91.40197917,23.02090073,pm2_5,19.75708,1.45E-06,t of PM2_5 per MJ,2025,Emission
Chandpur,buildings,non-residential-onsite-fuel-usage,90.8076815,23.24472523,pm2_5,17.7675,1.45E-06,t of PM2_5 per MJ,2025,Emission
Lalmonirhat,buildings,non-residential-onsite-fuel-usage,89.16543289,26.12210465,pm2_5,16.71076,1.71E-06,t of PM2_5 per MJ,2025,Emission
Maulvibazar,buildings,non-residential-onsite-fuel-usage,91.8826094,24.48686098,pm2_5,16.65528,1.44E-06,t of PM2_5 per MJ,2025,Emission
Kurigram,buildings,non-residential-onsite-fuel-usage,89.64450523,25.80355644,pm2_5,15.81587,1.46E-06,t of PM2_5 per MJ,2025,Emission
Narail,buildings,non-residential-onsite-fuel-usage,89.52866845,23.13234139,pm2_5,13.36486,1.45E-06,t of PM2_5 per MJ,2025,Emission
Noakhali,buildings,non-residential-onsite-fuel-usage,91.11936714,22.81587782,pm2_5,12.60932,1.45E-06,t of PM2_5 per MJ,2025,Emission
Lakshmipur,buildings,non-residential-onsite-fuel-usage,90.85837351,22.86313117,pm2_5,11.74047,1.45E-06,t of PM2_5 per MJ,2025,Emission
Faridpur,buildings,non-residential-onsite-fuel-usage,89.87183105,23.4662315,pm2_5,10.68371,1.45E-06,t of PM2_5 per MJ,2025,Emission
Shariatpur,buildings,non-residential-onsite-fuel-usage,90.42202219,23.22814179,pm2_5,10.10598,1.45E-06,t of PM2_5 per MJ,2025,Emission
Netrakona,buildings,non-residential-onsite-fuel-usage,90.7927876,24.88535595,pm2_5,9.35515,1.45E-06,t of PM2_5 per MJ,2025,Emission
Madaripur,buildings,non-residential-onsite-fuel-usage,90.13017483,23.23116398,pm2_5,8.96342,1.45E-06,t of PM2_5 per MJ,2025,Emission
Pirojpur,buildings,non-residential-onsite-fuel-usage,89.99539264,22.51473236,pm2_5,6.75517,1.45E-06,t of PM2_5 per MJ,2025,Emission
Jhenaidah,buildings,non-residential-onsite-fuel-usage,89.12274824,23.49500561,pm2_5,6.22576,1.45E-06,t of PM2_5 per MJ,2025,Emission
Bhola,buildings,non-residential-onsite-fuel-usage,90.7676299,22.39723759,pm2_5,6.21069,1.45E-06,t of PM2_5 per MJ,2025,Emission
Chuadanga,buildings,non-residential-onsite-fuel-usage,88.82268639,23.60138702,pm2_5,6.18571,1.45E-06,t of PM2_5 per MJ,2025,Emission
Patuakhali,buildings,non-residential-onsite-fuel-usage,90.49766675,22.25868681,pm2_5,4.94344,1.45E-06,t of PM2_5 per MJ,2025,Emission
Jhalokati,buildings,non-residential-onsite-fuel-usage,90.12547576,22.56171608,pm2_5,4.18065,1.45E-06,t of PM2_5 per MJ,2025,Emission
Joypurhat,buildings,non-residential-onsite-fuel-usage,89.09082916,25.06322479,pm2_5,2.77069,1.44E-06,t of PM2_5 per MJ,2025,Emission
Rangamati,buildings,non-residential-onsite-fuel-usage,92.22334151,22.79609299,pm2_5,2.7626,1.45E-06,t of PM2_5 per MJ,2025,Emission
Barguna,buildings,non-residential-onsite-fuel-usage,89.97252105,22.14954083,pm2_5,2.25781,1.45E-06,t of PM2_5 per MJ,2025,Emission
Gopalganj,buildings,non-residential-onsite-fuel-usage,89.86240928,23.10671997,pm2_5,2.14489,1.45E-06,t of PM2_5 per MJ,2025,Emission
Naogaon,buildings,non-residential-onsite-fuel-usage,88.73828018,24.87316799,pm2_5,1.79313,1.45E-06,t of PM2_5 per MJ,2025,Emission
Sunamganj,buildings,non-residential-onsite-fuel-usage,91.39011405,24.88646793,pm2_5,1.40763,1.45E-06,t of PM2_5 per MJ,2025,Emission
Meherpur,buildings,non-residential-onsite-fuel-usage,88.70081641,23.78840065,pm2_5,1.28625,1.38E-06,t of PM2_5 per MJ,2025,Emission
Khagrachhari,buildings,non-residential-onsite-fuel-usage,91.96224023,23.21044445,pm2_5,1.109,1.45E-06,t of PM2_5 per MJ,2025,Emission
Gaibandha,buildings,non-residential-onsite-fuel-usage,89.53627013,25.34347057,pm2_5,0.8458,1.45E-06,t of PM2_5 per MJ,2025,Emission
Magura,buildings,non-residential-onsite-fuel-usage,89.4566823,23.46960831,pm2_5,0.66895,1.45E-06,t of PM2_5 per MJ,2025,Emission
Bandarban,buildings,non-residential-onsite-fuel-usage,92.38619595,21.77005291,pm2_5,0.59935,1.45E-06,t of PM2_5 per MJ,2025,Emission
Sherpur,buildings,non-residential-onsite-fuel-usage,90.09527706,25.09214115,pm2_5,0.5755,1.45E-06,t of PM2_5 per MJ,2025,Emission
Rajbari,buildings,non-residential-onsite-fuel-usage,89.57524755,23.73533821,pm2_5,0.31393,1.45E-06,t of PM2_5 per MJ,2025,Emission
Dhaka,buildings,residential-onsite-fuel-usage,90.35663986,23.78322506,pm2_5,1758.21924,1.45E-06,t of PM2_5 per MJ,2026,Emission
Chittagong,buildings,residential-onsite-fuel-usage,91.92721178,22.42351341,pm2_5,952.15784,1.45E-06,t of PM2_5 per MJ,2026,Emission
Gazipur,buildings,residential-onsite-fuel-usage,90.4077623,24.09239292,pm2_5,737.33734,1.45E-06,t of PM2_5 per MJ,2026,Emission
Comilla,buildings,residential-onsite-fuel-usage,91.07641037,23.42176151,pm2_5,558.30092,1.46E-06,t of PM2_5 per MJ,2026,Emission
Mymensingh,buildings,residential-onsite-fuel-usage,90.41626793,24.72212601,pm2_5,531.35299,1.46E-06,t of PM2_5 per MJ,2026,Emission
Narayanganj,buildings,residential-onsite-fuel-usage,90.6169717,23.71533775,pm2_5,516.03845,1.45E-06,t of PM2_5 per MJ,2026,Emission
Bogra,buildings,residential-onsite-fuel-usage,89.33140768,24.82984257,pm2_5,509.76079,1.45E-06,t of PM2_5 per MJ,2026,Emission
Rajshahi,buildings,residential-onsite-fuel-usage,88.59755044,24.41521168,pm2_5,451.73385,1.44E-06,t of PM2_5 per MJ,2026,Emission
Tangail,buildings,residential-onsite-fuel-usage,90.00162472,24.37570572,pm2_5,411.40757,1.45E-06,t of PM2_5 per MJ,2026,Emission
Naogaon,buildings,residential-onsite-fuel-usage,88.73828018,24.87316799,pm2_5,409.21175,1.43E-06,t of PM2_5 per MJ,2026,Emission
Sylhet,buildings,residential-onsite-fuel-usage,91.95828109,24.89030552,pm2_5,388.26249,1.47E-06,t of PM2_5 per MJ,2026,Emission
Jessore,buildings,residential-onsite-fuel-usage,89.12588422,23.08486843,pm2_5,371.38333,1.47E-06,t of PM2_5 per MJ,2026,Emission
Dinajpur,buildings,residential-onsite-fuel-usage,88.72473914,25.64259434,pm2_5,358.17507,1.46E-06,t of PM2_5 per MJ,2026,Emission
Khulna,buildings,residential-onsite-fuel-usage,89.33178875,22.50158978,pm2_5,310.7332,1.45E-06,t of PM2_5 per MJ,2026,Emission
Rangpur,buildings,residential-onsite-fuel-usage,89.26262719,25.63304901,pm2_5,289.89244,1.44E-06,t of PM2_5 per MJ,2026,Emission
Pabna,buildings,residential-onsite-fuel-usage,89.33856711,24.08094883,pm2_5,276.00909,1.45E-06,t of PM2_5 per MJ,2026,Emission
Sirajganj,buildings,residential-onsite-fuel-usage,89.52299407,24.39875031,pm2_5,274.31331,1.45E-06,t of PM2_5 per MJ,2026,Emission
Nawabganj,buildings,residential-onsite-fuel-usage,88.2608918,24.69153214,pm2_5,266.34192,1.47E-06,t of PM2_5 per MJ,2026,Emission
Brahamanbaria,buildings,residential-onsite-fuel-usage,91.11221975,23.95706463,pm2_5,262.28328,1.47E-06,t of PM2_5 per MJ,2026,Emission
Cox'S Bazar,buildings,residential-onsite-fuel-usage,92.09185387,21.33263111,pm2_5,248.64829,1.46E-06,t of PM2_5 per MJ,2026,Emission
Kushtia,buildings,residential-onsite-fuel-usage,89.02495856,23.94281006,pm2_5,247.2833,1.45E-06,t of PM2_5 per MJ,2026,Emission
Barisal,buildings,residential-onsite-fuel-usage,90.25002892,22.82380976,pm2_5,216.76266,1.45E-06,t of PM2_5 per MJ,2026,Emission
Natore,buildings,residential-onsite-fuel-usage,89.09054213,24.39326572,pm2_5,216.01765,1.43E-06,t of PM2_5 per MJ,2026,Emission
Netrakona,buildings,residential-onsite-fuel-usage,90.7927876,24.88535595,pm2_5,215.52192,1.47E-06,t of PM2_5 per MJ,2026,Emission
Noakhali,buildings,residential-onsite-fuel-usage,91.11936714,22.81587782,pm2_5,206.86076,1.45E-06,t of PM2_5 per MJ,2026,Emission
Kurigram,buildings,residential-onsite-fuel-usage,89.64450523,25.80355644,pm2_5,205.36725,1.52E-06,t of PM2_5 per MJ,2026,Emission
Maulvibazar,buildings,residential-onsite-fuel-usage,91.8826094,24.48686098,pm2_5,197.68154,1.46E-06,t of PM2_5 per MJ,2026,Emission
Kishoreganj,buildings,residential-onsite-fuel-usage,90.92785766,24.33687305,pm2_5,195.35889,1.45E-06,t of PM2_5 per MJ,2026,Emission
Jamalpur,buildings,residential-onsite-fuel-usage,89.77782262,24.99966812,pm2_5,189.69853,1.46E-06,t of PM2_5 per MJ,2026,Emission
Faridpur,buildings,residential-onsite-fuel-usage,89.87183105,23.4662315,pm2_5,188.25324,1.45E-06,t of PM2_5 per MJ,2026,Emission
Thakurgaon,buildings,residential-onsite-fuel-usage,88.31190151,25.93596554,pm2_5,187.7687,1.48E-06,t of PM2_5 per MJ,2026,Emission
Chuadanga,buildings,residential-onsite-fuel-usage,88.82268639,23.60138702,pm2_5,182.94946,1.48E-06,t of PM2_5 per MJ,2026,Emission
Habiganj,buildings,residential-onsite-fuel-usage,91.43166194,24.3361721,pm2_5,180.92591,1.43E-06,t of PM2_5 per MJ,2026,Emission
Narsingdi,buildings,residential-onsite-fuel-usage,90.80575237,24.00730515,pm2_5,176.08423,1.45E-06,t of PM2_5 per MJ,2026,Emission
Satkhira,buildings,residential-onsite-fuel-usage,89.13842168,22.47451782,pm2_5,175.40118,1.48E-06,t of PM2_5 per MJ,2026,Emission
Gaibandha,buildings,residential-onsite-fuel-usage,89.53627013,25.34347057,pm2_5,166.04119,1.45E-06,t of PM2_5 per MJ,2026,Emission
Jhenaidah,buildings,residential-onsite-fuel-usage,89.12274824,23.49500561,pm2_5,157.42258,1.46E-06,t of PM2_5 per MJ,2026,Emission
Nilphamari,buildings,residential-onsite-fuel-usage,88.92202762,26.02052784,pm2_5,157.29189,1.46E-06,t of PM2_5 per MJ,2026,Emission
Sunamganj,buildings,residential-onsite-fuel-usage,91.39011405,24.88646793,pm2_5,157.28511,1.48E-06,t of PM2_5 per MJ,2026,Emission
Bagerhat,buildings,residential-onsite-fuel-usage,89.74824061,22.40804318,pm2_5,154.27909,1.45E-06,t of PM2_5 per MJ,2026,Emission
Feni,buildings,residential-onsite-fuel-usage,91.40197917,23.02090073,pm2_5,143.75663,1.48E-06,t of PM2_5 per MJ,2026,Emission
Rangamati,buildings,residential-onsite-fuel-usage,92.22334151,22.79609299,pm2_5,139.81217,1.46E-06,t of PM2_5 per MJ,2026,Emission
Chandpur,buildings,residential-onsite-fuel-usage,90.8076815,23.24472523,pm2_5,138.32449,1.45E-06,t of PM2_5 per MJ,2026,Emission
Munshiganj,buildings,residential-onsite-fuel-usage,90.43809069,23.52661705,pm2_5,134.36128,1.45E-06,t of PM2_5 per MJ,2026,Emission
Manikganj,buildings,residential-onsite-fuel-usage,89.94155818,23.83549976,pm2_5,131.39145,1.45E-06,t of PM2_5 per MJ,2026,Emission
Panchagarh,buildings,residential-onsite-fuel-usage,88.54636242,26.32021618,pm2_5,129.68101,1.52E-06,t of PM2_5 per MJ,2026,Emission
Joypurhat,buildings,residential-onsite-fuel-usage,89.09082916,25.06322479,pm2_5,127.77352,1.42E-06,t of PM2_5 per MJ,2026,Emission
Dhaka,buildings,non-residential-onsite-fuel-usage,90.35663986,23.78322506,pm2_5,121.15938,1.45E-06,t of PM2_5 per MJ,2026,Emission
Patuakhali,buildings,residential-onsite-fuel-usage,90.49766675,22.25868681,pm2_5,117.84591,1.44E-06,t of PM2_5 per MJ,2026,Emission
Meherpur,buildings,residential-onsite-fuel-usage,88.70081641,23.78840065,pm2_5,114.34225,1.44E-06,t of PM2_5 per MJ,2026,Emission
Sherpur,buildings,residential-onsite-fuel-usage,90.09527706,25.09214115,pm2_5,112.49203,1.46E-06,t of PM2_5 per MJ,2026,Emission
Lalmonirhat,buildings,residential-onsite-fuel-usage,89.16543289,26.12210465,pm2_5,109.15103,1.55E-06,t of PM2_5 per MJ,2026,Emission
Gopalganj,buildings,residential-onsite-fuel-usage,89.86240928,23.10671997,pm2_5,109.07087,1.45E-06,t of PM2_5 per MJ,2026,Emission
Khagrachhari,buildings,residential-onsite-fuel-usage,91.96224023,23.21044445,pm2_5,108.91268,1.46E-06,t of PM2_5 per MJ,2026,Emission
Narayanganj,buildings,non-residential-onsite-fuel-usage,90.6169717,23.71533775,pm2_5,101.6467,1.45E-06,t of PM2_5 per MJ,2026,Emission
Madaripur,buildings,residential-onsite-fuel-usage,90.13017483,23.23116398,pm2_5,98.92532,1.45E-06,t of PM2_5 per MJ,2026,Emission
Shariatpur,buildings,residential-onsite-fuel-usage,90.42202219,23.22814179,pm2_5,93.91246,1.45E-06,t of PM2_5 per MJ,2026,Emission
Lakshmipur,buildings,residential-onsite-fuel-usage,90.85837351,22.86313117,pm2_5,93.13198,1.45E-06,t of PM2_5 per MJ,2026,Emission
Narail,buildings,residential-onsite-fuel-usage,89.52866845,23.13234139,pm2_5,86.39502,1.45E-06,t of PM2_5 per MJ,2026,Emission
Rajbari,buildings,residential-onsite-fuel-usage,89.57524755,23.73533821,pm2_5,84.49807,1.45E-06,t of PM2_5 per MJ,2026,Emission
Magura,buildings,residential-onsite-fuel-usage,89.4566823,23.46960831,pm2_5,78.25271,1.45E-06,t of PM2_5 per MJ,2026,Emission
Gazipur,buildings,non-residential-onsite-fuel-usage,90.4077623,24.09239292,pm2_5,76.71291,1.45E-06,t of PM2_5 per MJ,2026,Emission
Chittagong,buildings,non-residential-onsite-fuel-usage,91.92721178,22.42351341,pm2_5,73.24875,1.45E-06,t of PM2_5 per MJ,2026,Emission
Bhola,buildings,residential-onsite-fuel-usage,90.7676299,22.39723759,pm2_5,72.27946,1.44E-06,t of PM2_5 per MJ,2026,Emission
Barguna,buildings,residential-onsite-fuel-usage,89.97252105,22.14954083,pm2_5,62.97324,1.44E-06,t of PM2_5 per MJ,2026,Emission
Pirojpur,buildings,residential-onsite-fuel-usage,89.99539264,22.51473236,pm2_5,58.83992,1.45E-06,t of PM2_5 per MJ,2026,Emission
Bandarban,buildings,residential-onsite-fuel-usage,92.38619595,21.77005291,pm2_5,51.7483,1.44E-06,t of PM2_5 per MJ,2026,Emission
Jhalokati,buildings,residential-onsite-fuel-usage,90.12547576,22.56171608,pm2_5,47.10242,1.45E-06,t of PM2_5 per MJ,2026,Emission
Comilla,buildings,non-residential-onsite-fuel-usage,91.07641037,23.42176151,pm2_5,19.90296,1.45E-06,t of PM2_5 per MJ,2026,Emission
Dinajpur,buildings,non-residential-onsite-fuel-usage,88.72473914,25.64259434,pm2_5,18.02874,1.45E-06,t of PM2_5 per MJ,2026,Emission
Mymensingh,buildings,non-residential-onsite-fuel-usage,90.41626793,24.72212601,pm2_5,17.18149,1.45E-06,t of PM2_5 per MJ,2026,Emission
Khulna,buildings,non-residential-onsite-fuel-usage,89.33178875,22.50158978,pm2_5,15.75295,1.45E-06,t of PM2_5 per MJ,2026,Emission
Sylhet,buildings,non-residential-onsite-fuel-usage,91.95828109,24.89030552,pm2_5,15.41319,1.92E-06,t of PM2_5 per MJ,2026,Emission
Narsingdi,buildings,non-residential-onsite-fuel-usage,90.80575237,24.00730515,pm2_5,12.73042,1.45E-06,t of PM2_5 per MJ,2026,Emission
Jessore,buildings,non-residential-onsite-fuel-usage,89.12588422,23.08486843,pm2_5,11.83735,1.45E-06,t of PM2_5 per MJ,2026,Emission
Munshiganj,buildings,non-residential-onsite-fuel-usage,90.43809069,23.52661705,pm2_5,11.22866,1.45E-06,t of PM2_5 per MJ,2026,Emission
Tangail,buildings,non-residential-onsite-fuel-usage,90.00162472,24.37570572,pm2_5,10.57962,1.45E-06,t of PM2_5 per MJ,2026,Emission
Cox'S Bazar,buildings,non-residential-onsite-fuel-usage,92.09185387,21.33263111,pm2_5,9.17121,1.45E-06,t of PM2_5 per MJ,2026,Emission
Rajshahi,buildings,non-residential-onsite-fuel-usage,88.59755044,24.41521168,pm2_5,7.87092,1.45E-06,t of PM2_5 per MJ,2026,Emission
Bagerhat,buildings,non-residential-onsite-fuel-usage,89.74824061,22.40804318,pm2_5,6.70563,1.45E-06,t of PM2_5 per MJ,2026,Emission
Habiganj,buildings,non-residential-onsite-fuel-usage,91.43166194,24.3361721,pm2_5,6.67345,1.06E-06,t of PM2_5 per MJ,2026,Emission
Bogra,buildings,non-residential-onsite-fuel-usage,89.33140768,24.82984257,pm2_5,5.58912,1.45E-06,t of PM2_5 per MJ,2026,Emission
Thakurgaon,buildings,non-residential-onsite-fuel-usage,88.31190151,25.93596554,pm2_5,5.05894,1.45E-06,t of PM2_5 per MJ,2026,Emission
Sirajganj,buildings,non-residential-onsite-fuel-usage,89.52299407,24.39875031,pm2_5,4.99361,1.45E-06,t of PM2_5 per MJ,2026,Emission
Panchagarh,buildings,non-residential-onsite-fuel-usage,88.54636242,26.32021618,pm2_5,4.3651,1.46E-06,t of PM2_5 per MJ,2026,Emission
Kushtia,buildings,non-residential-onsite-fuel-usage,89.02495856,23.94281006,pm2_5,4.34016,1.45E-06,t of PM2_5 per MJ,2026,Emission
Brahamanbaria,buildings,non-residential-onsite-fuel-usage,91.11221975,23.95706463,pm2_5,3.87991,1.45E-06,t of PM2_5 per MJ,2026,Emission
Pabna,buildings,non-residential-onsite-fuel-usage,89.33856711,24.08094883,pm2_5,3.85674,1.45E-06,t of PM2_5 per MJ,2026,Emission
Rangpur,buildings,non-residential-onsite-fuel-usage,89.26262719,25.63304901,pm2_5,3.84024,1.44E-06,t of PM2_5 per MJ,2026,Emission
Nilphamari,buildings,non-residential-onsite-fuel-usage,88.92202762,26.02052784,pm2_5,3.53561,1.45E-06,t of PM2_5 per MJ,2026,Emission
Natore,buildings,non-residential-onsite-fuel-usage,89.09054213,24.39326572,pm2_5,3.44191,1.45E-06,t of PM2_5 per MJ,2026,Emission
Manikganj,buildings,non-residential-onsite-fuel-usage,89.94155818,23.83549976,pm2_5,3.39544,1.45E-06,t of PM2_5 per MJ,2026,Emission
Barisal,buildings,non-residential-onsite-fuel-usage,90.25002892,22.82380976,pm2_5,3.24996,1.45E-06,t of PM2_5 per MJ,2026,Emission
Nawabganj,buildings,non-residential-onsite-fuel-usage,88.2608918,24.69153214,pm2_5,3.24936,2.15E-06,t of PM2_5 per MJ,2026,Emission
Satkhira,buildings,non-residential-onsite-fuel-usage,89.13842168,22.47451782,pm2_5,3.14488,1.47E-06,t of PM2_5 per MJ,2026,Emission
Kishoreganj,buildings,non-residential-onsite-fuel-usage,90.92785766,24.33687305,pm2_5,2.73721,1.45E-06,t of PM2_5 per MJ,2026,Emission
Jamalpur,buildings,non-residential-onsite-fuel-usage,89.77782262,24.99966812,pm2_5,2.49664,1.45E-06,t of PM2_5 per MJ,2026,Emission
Feni,buildings,non-residential-onsite-fuel-usage,91.40197917,23.02090073,pm2_5,2.01234,1.45E-06,t of PM2_5 per MJ,2026,Emission
Chandpur,buildings,non-residential-onsite-fuel-usage,90.8076815,23.24472523,pm2_5,1.81674,1.45E-06,t of PM2_5 per MJ,2026,Emission
Lalmonirhat,buildings,non-residential-onsite-fuel-usage,89.16543289,26.12210465,pm2_5,1.80084,1.70E-06,t of PM2_5 per MJ,2026,Emission
Kurigram,buildings,non-residential-onsite-fuel-usage,89.64450523,25.80355644,pm2_5,1.73241,1.46E-06,t of PM2_5 per MJ,2026,Emission
Maulvibazar,buildings,non-residential-onsite-fuel-usage,91.8826094,24.48686098,pm2_5,1.69972,1.44E-06,t of PM2_5 per MJ,2026,Emission
Narail,buildings,non-residential-onsite-fuel-usage,89.52866845,23.13234139,pm2_5,1.49189,1.45E-06,t of PM2_5 per MJ,2026,Emission
Noakhali,buildings,non-residential-onsite-fuel-usage,91.11936714,22.81587782,pm2_5,1.29587,1.45E-06,t of PM2_5 per MJ,2026,Emission
Faridpur,buildings,non-residential-onsite-fuel-usage,89.87183105,23.4662315,pm2_5,1.15498,1.45E-06,t of PM2_5 per MJ,2026,Emission
Lakshmipur,buildings,non-residential-onsite-fuel-usage,90.85837351,22.86313117,pm2_5,1.14326,1.45E-06,t of PM2_5 per MJ,2026,Emission
Shariatpur,buildings,non-residential-onsite-fuel-usage,90.42202219,23.22814179,pm2_5,1.09834,1.45E-06,t of PM2_5 per MJ,2026,Emission
Netrakona,buildings,non-residential-onsite-fuel-usage,90.7927876,24.88535595,pm2_5,0.97075,1.45E-06,t of PM2_5 per MJ,2026,Emission
Madaripur,buildings,non-residential-onsite-fuel-usage,90.13017483,23.23116398,pm2_5,0.92271,1.45E-06,t of PM2_5 per MJ,2026,Emission
Pirojpur,buildings,non-residential-onsite-fuel-usage,89.99539264,22.51473236,pm2_5,0.70804,1.45E-06,t of PM2_5 per MJ,2026,Emission
Jhenaidah,buildings,non-residential-onsite-fuel-usage,89.12274824,23.49500561,pm2_5,0.68825,1.45E-06,t of PM2_5 per MJ,2026,Emission
Chuadanga,buildings,non-residential-onsite-fuel-usage,88.82268639,23.60138702,pm2_5,0.67457,1.45E-06,t of PM2_5 per MJ,2026,Emission
Bhola,buildings,non-residential-onsite-fuel-usage,90.7676299,22.39723759,pm2_5,0.60883,1.45E-06,t of PM2_5 per MJ,2026,Emission
Patuakhali,buildings,non-residential-onsite-fuel-usage,90.49766675,22.25868681,pm2_5,0.51061,1.45E-06,t of PM2_5 per MJ,2026,Emission
Jhalokati,buildings,non-residential-onsite-fuel-usage,90.12547576,22.56171608,pm2_5,0.4377,1.45E-06,t of PM2_5 per MJ,2026,Emission
Joypurhat,buildings,non-residential-onsite-fuel-usage,89.09082916,25.06322479,pm2_5,0.30223,1.44E-06,t of PM2_5 per MJ,2026,Emission
Rangamati,buildings,non-residential-onsite-fuel-usage,92.22334151,22.79609299,pm2_5,0.27241,1.45E-06,t of PM2_5 per MJ,2026,Emission
Gopalganj,buildings,non-residential-onsite-fuel-usage,89.86240928,23.10671997,pm2_5,0.23463,1.45E-06,t of PM2_5 per MJ,2026,Emission
Barguna,buildings,non-residential-onsite-fuel-usage,89.97252105,22.14954083,pm2_5,0.23075,1.45E-06,t of PM2_5 per MJ,2026,Emission
Naogaon,buildings,non-residential-onsite-fuel-usage,88.73828018,24.87316799,pm2_5,0.19398,1.45E-06,t of PM2_5 per MJ,2026,Emission
Sunamganj,buildings,non-residential-onsite-fuel-usage,91.39011405,24.88646793,pm2_5,0.15073,1.45E-06,t of PM2_5 per MJ,2026,Emission
Meherpur,buildings,non-residential-onsite-fuel-usage,88.70081641,23.78840065,pm2_5,0.14053,1.38E-06,t of PM2_5 per MJ,2026,Emission
Khagrachhari,buildings,non-residential-onsite-fuel-usage,91.96224023,23.21044445,pm2_5,0.11025,1.45E-06,t of PM2_5 per MJ,2026,Emission
Gaibandha,buildings,non-residential-onsite-fuel-usage,89.53627013,25.34347057,pm2_5,0.09051,1.45E-06,t of PM2_5 per MJ,2026,Emission
Magura,buildings,non-residential-onsite-fuel-usage,89.4566823,23.46960831,pm2_5,0.07615,1.45E-06,t of PM2_5 per MJ,2026,Emission
Sherpur,buildings,non-residential-onsite-fuel-usage,90.09527706,25.09214115,pm2_5,0.05974,1.45E-06,t of PM2_5 per MJ,2026,Emission
Bandarban,buildings,non-residential-onsite-fuel-usage,92.38619595,21.77005291,pm2_5,0.05516,1.45E-06,t of PM2_5 per MJ,2026,Emission
Rajbari,buildings,non-residential-onsite-fuel-usage,89.57524755,23.73533821,pm2_5,0.03372,1.45E-06,t of PM2_5 per MJ,2026,Emission